<?xml version="1.0" encoding="UTF-8"?>
<kml xmlns="http://www.opengis.net/kml/2.2"><Document><name>NSTT 2026 - Bathroom Stops</name>
  <description>Research-backed bathroom stop planning layer. It does not change runner geometry. Priorities are official public beach restrooms, grocery backups, coffee-chain backups, then fast-food or branded-gas backups. Confirm access, hours, closures, and any customer-only policy on race day.</description>
  <Style id="beachRestroom"><IconStyle><color>ff00aa00</color><scale>1.15</scale><Icon><href>http://maps.google.com/mapfiles/kml/paddle/grn-circle.png</href></Icon></IconStyle></Style>
  <Style id="placesRestroom"><IconStyle><color>ff00aa00</color><scale>1.05</scale><Icon><href>http://maps.google.com/mapfiles/kml/paddle/grn-circle.png</href></Icon></IconStyle></Style>
  <Style id="groceryBackup"><IconStyle><color>ff00aa00</color><Icon><href>http://maps.google.com/mapfiles/kml/paddle/grn-circle.png</href></Icon></IconStyle></Style>
  <Style id="coffeeBackup"><IconStyle><color>ffff0000</color><Icon><href>http://maps.google.com/mapfiles/kml/paddle/blu-circle.png</href></Icon></IconStyle></Style>
  <Style id="businessBackup"><IconStyle><color>ff808080</color><Icon><href>http://maps.google.com/mapfiles/kml/paddle/wht-circle.png</href></Icon></IconStyle></Style>
  <Folder><name>Bathroom stops — priority order</name>
    <Placemark><name>Bathroom</name>
      <description><![CDATA[Priority 1: Places-listed public restroom.<br/>Address: Santa Monica, CA 90401, USA<br/>Approximate runner mile: 0.1.<br/>Nearest runner geometry: approximately 0.15 mi straight-line (not a walking detour).<br/>Verification: Google Places lists this as a public restroom (operational); confirm access and hours on race day.<br/>Source: <a href="https://maps.google.com/?cid=5174633843398322339&g_mp=Cilnb29nbGUubWFwcy5wbGFjZXMudjEuUGxhY2VzLlNlYXJjaE5lYXJieRACGAQgAA">official / current listing</a>]]></description>
      <styleUrl>#placesRestroom</styleUrl>
      <Point><coordinates>-118.49384920000001,34.0132514,0</coordinates></Point>
    </Placemark>
    <Placemark><name>Bathroom</name>
      <description><![CDATA[Priority 1: Places-listed public restroom.<br/>Address: Santa Monica, CA 90401, USA<br/>Approximate runner mile: 0.1.<br/>Nearest runner geometry: approximately 0.15 mi straight-line (not a walking detour).<br/>Verification: Google Places lists this as a public restroom (operational); confirm access and hours on race day.<br/>Source: <a href="https://maps.google.com/?cid=7899689162060615603&g_mp=Cilnb29nbGUubWFwcy5wbGFjZXMudjEuUGxhY2VzLlNlYXJjaE5lYXJieRACGAQgAA">official / current listing</a>]]></description>
      <styleUrl>#placesRestroom</styleUrl>
      <Point><coordinates>-118.493815,34.01329,0</coordinates></Point>
    </Placemark>
    <Placemark><name>Bathroom</name>
      <description><![CDATA[Priority 1: Places-listed public restroom.<br/>Address: Santa Monica, CA 90401, USA<br/>Approximate runner mile: 0.1.<br/>Nearest runner geometry: approximately 0.18 mi straight-line (not a walking detour).<br/>Verification: Google Places lists this as a public restroom (operational); confirm access and hours on race day.<br/>Source: <a href="https://maps.google.com/?cid=3576859492228979570&g_mp=Cilnb29nbGUubWFwcy5wbGFjZXMudjEuUGxhY2VzLlNlYXJjaE5lYXJieRACGAQgAA">official / current listing</a>]]></description>
      <styleUrl>#placesRestroom</styleUrl>
      <Point><coordinates>-118.49332459999998,34.0135833,0</coordinates></Point>
    </Placemark>
    <Placemark><name>Bathroom</name>
      <description><![CDATA[Priority 1: Places-listed public restroom.<br/>Address: Santa Monica, CA 90401, USA<br/>Approximate runner mile: 0.1.<br/>Nearest runner geometry: approximately 0.18 mi straight-line (not a walking detour).<br/>Verification: Google Places lists this as a public restroom (operational); confirm access and hours on race day.<br/>Source: <a href="https://maps.google.com/?cid=5780181407032714929&g_mp=Cilnb29nbGUubWFwcy5wbGFjZXMudjEuUGxhY2VzLlNlYXJjaE5lYXJieRACGAQgAA">official / current listing</a>]]></description>
      <styleUrl>#placesRestroom</styleUrl>
      <Point><coordinates>-118.4932904,34.0136019,0</coordinates></Point>
    </Placemark>
    <Placemark><name>Bathroom</name>
      <description><![CDATA[Priority 1: Places-listed public restroom.<br/>Address: 1301 Ocean Ave, Santa Monica, CA 90401, USA<br/>Approximate runner mile: 0.1.<br/>Nearest runner geometry: approximately 0.35 mi straight-line (not a walking detour).<br/>Verification: Google Places lists this as a public restroom (operational); confirm access and hours on race day.<br/>Source: <a href="https://maps.google.com/?cid=1049544466965676107&g_mp=Cilnb29nbGUubWFwcy5wbGFjZXMudjEuUGxhY2VzLlNlYXJjaE5lYXJieRACGAQgAA">official / current listing</a>]]></description>
      <styleUrl>#placesRestroom</styleUrl>
      <Point><coordinates>-118.49899239999998,34.015225099999995,0</coordinates></Point>
    </Placemark>
    <Placemark><name>Bathroom</name>
      <description><![CDATA[Priority 1: Places-listed public restroom.<br/>Address: Los Angeles, CA 90292, USA<br/>Approximate runner mile: 3.8.<br/>Nearest runner geometry: approximately 0.39 mi straight-line (not a walking detour).<br/>Verification: Google Places lists this as a public restroom (operational); confirm access and hours on race day.<br/>Source: <a href="https://maps.google.com/?cid=835972671034263768&g_mp=Cilnb29nbGUubWFwcy5wbGFjZXMudjEuUGxhY2VzLlNlYXJjaE5lYXJieRACGAQgAA">official / current listing</a>]]></description>
      <styleUrl>#placesRestroom</styleUrl>
      <Point><coordinates>-118.4416548,33.986758,0</coordinates></Point>
    </Placemark>
    <Placemark><name>Bathroom</name>
      <description><![CDATA[Priority 1: Places-listed public restroom.<br/>Address: 13450 Maxella Ave, Marina Del Rey, CA 90292, USA<br/>Approximate runner mile: 3.8.<br/>Nearest runner geometry: approximately 0.44 mi straight-line (not a walking detour).<br/>Verification: Google Places lists this as a public restroom (operational); confirm access and hours on race day.<br/>Source: <a href="https://maps.google.com/?cid=247302618433159852&g_mp=Cilnb29nbGUubWFwcy5wbGFjZXMudjEuUGxhY2VzLlNlYXJjaE5lYXJieRACGAQgAA">official / current listing</a>]]></description>
      <styleUrl>#placesRestroom</styleUrl>
      <Point><coordinates>-118.44138389999999,33.9861484,0</coordinates></Point>
    </Placemark>
    <Placemark><name>Bathroom</name>
      <description><![CDATA[Priority 1: Places-listed public restroom.<br/>Address: Los Angeles, CA 90292, USA<br/>Approximate runner mile: 3.8.<br/>Nearest runner geometry: approximately 0.38 mi straight-line (not a walking detour).<br/>Verification: Google Places lists this as a public restroom (operational); confirm access and hours on race day.<br/>Source: <a href="https://maps.google.com/?cid=7804574194632724593&g_mp=Cilnb29nbGUubWFwcy5wbGFjZXMudjEuUGxhY2VzLlNlYXJjaE5lYXJieRACGAQgAA">official / current listing</a>]]></description>
      <styleUrl>#placesRestroom</styleUrl>
      <Point><coordinates>-118.4412213,33.987226899999996,0</coordinates></Point>
    </Placemark>
    <Placemark><name>Bathroom</name>
      <description><![CDATA[Priority 1: Places-listed public restroom.<br/>Address: US-PLV-H17, Bluff Creek Dr, Playa Vista, CA 90094, USA<br/>Approximate runner mile: 7.2.<br/>Nearest runner geometry: approximately 0.65 mi straight-line (not a walking detour).<br/>Verification: Google Places lists this as a public restroom (operational); confirm access and hours on race day.<br/>Source: <a href="https://maps.google.com/?cid=14595210981242475093&g_mp=Cilnb29nbGUubWFwcy5wbGFjZXMudjEuUGxhY2VzLlNlYXJjaE5lYXJieRACGAQgAA">official / current listing</a>]]></description>
      <styleUrl>#placesRestroom</styleUrl>
      <Point><coordinates>-118.40678299999999,33.976945199999996,0</coordinates></Point>
    </Placemark>
    <Placemark><name>Bathroom</name>
      <description><![CDATA[Priority 1: Places-listed public restroom.<br/>Address: US-PLV-H17, Bluff Creek Dr, Playa Vista, CA 90094, USA<br/>Approximate runner mile: 7.2.<br/>Nearest runner geometry: approximately 0.69 mi straight-line (not a walking detour).<br/>Verification: Google Places lists this as a public restroom (operational); confirm access and hours on race day.<br/>Source: <a href="https://maps.google.com/?cid=10816658157778584621&g_mp=Cilnb29nbGUubWFwcy5wbGFjZXMudjEuUGxhY2VzLlNlYXJjaE5lYXJieRACGAQgAA">official / current listing</a>]]></description>
      <styleUrl>#placesRestroom</styleUrl>
      <Point><coordinates>-118.4073478,33.976708599999995,0</coordinates></Point>
    </Placemark>
    <Placemark><name>Bathroom</name>
      <description><![CDATA[Priority 1: Places-listed public restroom.<br/>Address: Los Angeles, CA 90045, USA<br/>Approximate runner mile: 7.7.<br/>Nearest runner geometry: approximately 0.17 mi straight-line (not a walking detour).<br/>Verification: Google Places lists this as a public restroom (operational); confirm access and hours on race day.<br/>Source: <a href="https://maps.google.com/?cid=7952564982080246547&g_mp=Cilnb29nbGUubWFwcy5wbGFjZXMudjEuUGxhY2VzLlNlYXJjaE5lYXJieRACGAQgAA">official / current listing</a>]]></description>
      <styleUrl>#placesRestroom</styleUrl>
      <Point><coordinates>-118.3912642,33.9775922,0</coordinates></Point>
    </Placemark>
    <Placemark><name>Bathroom</name>
      <description><![CDATA[Priority 1: Places-listed public restroom.<br/>Address: Los Angeles, CA 90045, USA<br/>Approximate runner mile: 7.7.<br/>Nearest runner geometry: approximately 0.17 mi straight-line (not a walking detour).<br/>Verification: Google Places lists this as a public restroom (operational); confirm access and hours on race day.<br/>Source: <a href="https://maps.google.com/?cid=12466718006587936497&g_mp=Cilnb29nbGUubWFwcy5wbGFjZXMudjEuUGxhY2VzLlNlYXJjaE5lYXJieRACGAQgAA">official / current listing</a>]]></description>
      <styleUrl>#placesRestroom</styleUrl>
      <Point><coordinates>-118.391173,33.977655,0</coordinates></Point>
    </Placemark>
    <Placemark><name>Bathroom</name>
      <description><![CDATA[Priority 1: Places-listed public restroom.<br/>Address: Los Angeles, CA 90045, USA<br/>Approximate runner mile: 7.7.<br/>Nearest runner geometry: approximately 0.18 mi straight-line (not a walking detour).<br/>Verification: Google Places lists this as a public restroom (operational); confirm access and hours on race day.<br/>Source: <a href="https://maps.google.com/?cid=7892875014135304392&g_mp=Cilnb29nbGUubWFwcy5wbGFjZXMudjEuUGxhY2VzLlNlYXJjaE5lYXJieRACGAQgAA">official / current listing</a>]]></description>
      <styleUrl>#placesRestroom</styleUrl>
      <Point><coordinates>-118.39105880000001,33.9777437,0</coordinates></Point>
    </Placemark>
    <Placemark><name>Bathroom</name>
      <description><![CDATA[Priority 1: Places-listed public restroom.<br/>Address: Culver City, CA 90230, USA<br/>Approximate runner mile: 7.4.<br/>Nearest runner geometry: approximately 0.37 mi straight-line (not a walking detour).<br/>Verification: Google Places lists this as a public restroom (operational); confirm access and hours on race day.<br/>Source: <a href="https://maps.google.com/?cid=9990307815337555835&g_mp=Cilnb29nbGUubWFwcy5wbGFjZXMudjEuUGxhY2VzLlNlYXJjaE5lYXJieRACGAQgAA">official / current listing</a>]]></description>
      <styleUrl>#placesRestroom</styleUrl>
      <Point><coordinates>-118.3921087,33.9860249,0</coordinates></Point>
    </Placemark>
    <Placemark><name>Bathroom</name>
      <description><![CDATA[Priority 1: Places-listed public restroom.<br/>Address: Culver City, CA 90230, USA<br/>Approximate runner mile: 7.4.<br/>Nearest runner geometry: approximately 0.37 mi straight-line (not a walking detour).<br/>Verification: Google Places lists this as a public restroom (operational); confirm access and hours on race day.<br/>Source: <a href="https://maps.google.com/?cid=5847149724611729854&g_mp=Cilnb29nbGUubWFwcy5wbGFjZXMudjEuUGxhY2VzLlNlYXJjaE5lYXJieRACGAQgAA">official / current listing</a>]]></description>
      <styleUrl>#placesRestroom</styleUrl>
      <Point><coordinates>-118.3920716,33.9860217,0</coordinates></Point>
    </Placemark>
    <Placemark><name>Bathroom</name>
      <description><![CDATA[Priority 1: Places-listed public restroom.<br/>Address: Culver City, CA 90230, USA<br/>Approximate runner mile: 7.4.<br/>Nearest runner geometry: approximately 0.37 mi straight-line (not a walking detour).<br/>Verification: Google Places lists this as a public restroom (operational); confirm access and hours on race day.<br/>Source: <a href="https://maps.google.com/?cid=6489670882981613775&g_mp=Cilnb29nbGUubWFwcy5wbGFjZXMudjEuUGxhY2VzLlNlYXJjaE5lYXJieRACGAQgAA">official / current listing</a>]]></description>
      <styleUrl>#placesRestroom</styleUrl>
      <Point><coordinates>-118.3921543,33.986073499999996,0</coordinates></Point>
    </Placemark>
    <Placemark><name>Bathroom</name>
      <description><![CDATA[Priority 1: Places-listed public restroom.<br/>Address: Culver City, CA 90230, USA<br/>Approximate runner mile: 7.4.<br/>Nearest runner geometry: approximately 0.37 mi straight-line (not a walking detour).<br/>Verification: Google Places lists this as a public restroom (operational); confirm access and hours on race day.<br/>Source: <a href="https://maps.google.com/?cid=11744831127802473275&g_mp=Cilnb29nbGUubWFwcy5wbGFjZXMudjEuUGxhY2VzLlNlYXJjaE5lYXJieRACGAQgAA">official / current listing</a>]]></description>
      <styleUrl>#placesRestroom</styleUrl>
      <Point><coordinates>-118.39215999999998,33.986097099999995,0</coordinates></Point>
    </Placemark>
    <Placemark><name>Bathroom</name>
      <description><![CDATA[Priority 1: Places-listed public restroom.<br/>Address: Inglewood, CA 90301, USA<br/>Approximate runner mile: 10.0.<br/>Nearest runner geometry: approximately 0.26 mi straight-line (not a walking detour).<br/>Verification: Google Places lists this as a public restroom (operational); confirm access and hours on race day.<br/>Source: <a href="https://maps.google.com/?cid=4414785732301903117&g_mp=Cilnb29nbGUubWFwcy5wbGFjZXMudjEuUGxhY2VzLlNlYXJjaE5lYXJieRACGAQgAA">official / current listing</a>]]></description>
      <styleUrl>#placesRestroom</styleUrl>
      <Point><coordinates>-118.3703231,33.958007099999996,0</coordinates></Point>
    </Placemark>
    <Placemark><name>Bathroom</name>
      <description><![CDATA[Priority 1: Places-listed public restroom.<br/>Address: Inglewood, CA 90305, USA<br/>Approximate runner mile: 12.4.<br/>Nearest runner geometry: approximately 0.82 mi straight-line (not a walking detour).<br/>Verification: Google Places lists this as a public restroom (operational); confirm access and hours on race day.<br/>Source: <a href="https://maps.google.com/?cid=2819008742955960558&g_mp=Cilnb29nbGUubWFwcy5wbGFjZXMudjEuUGxhY2VzLlNlYXJjaE5lYXJieRACGAQgAA">official / current listing</a>]]></description>
      <styleUrl>#placesRestroom</styleUrl>
      <Point><coordinates>-118.32959749999999,33.9482466,0</coordinates></Point>
    </Placemark>
    <Placemark><name>Bathroom</name>
      <description><![CDATA[Priority 1: Places-listed public restroom.<br/>Address: 6400 Alondra Blvd, Paramount, CA 90723, USA<br/>Approximate runner mile: 26.6.<br/>Nearest runner geometry: approximately 0.09 mi straight-line (not a walking detour).<br/>Verification: Google Places lists this as a public restroom (operational); confirm access and hours on race day.<br/>Source: <a href="https://maps.google.com/?cid=12115548299092735267&g_mp=Cilnb29nbGUubWFwcy5wbGFjZXMudjEuUGxhY2VzLlNlYXJjaE5lYXJieRACGAQgAA">official / current listing</a>]]></description>
      <styleUrl>#placesRestroom</styleUrl>
      <Point><coordinates>-118.18555839999999,33.887018399999995,0</coordinates></Point>
    </Placemark>
    <Placemark><name>Bathroom</name>
      <description><![CDATA[Priority 1: Places-listed public restroom.<br/>Address: 3706 W Balboa Blvd, Newport Beach, CA 92663, USA<br/>Approximate runner mile: 54.3.<br/>Nearest runner geometry: approximately 0.28 mi straight-line (not a walking detour).<br/>Verification: Google Places lists this as a public restroom (operational); confirm access and hours on race day.<br/>Source: <a href="https://maps.google.com/?cid=18305621766188059190&g_mp=Cilnb29nbGUubWFwcy5wbGFjZXMudjEuUGxhY2VzLlNlYXJjaE5lYXJieRACGAQgAA">official / current listing</a>]]></description>
      <styleUrl>#placesRestroom</styleUrl>
      <Point><coordinates>-117.9346963,33.6174724,0</coordinates></Point>
    </Placemark>
    <Placemark><name>Bathroom</name>
      <description><![CDATA[Priority 1: Places-listed public restroom.<br/>Address: 901 Newport Center Dr, Newport Beach, CA 92660, USA<br/>Approximate runner mile: 57.4.<br/>Nearest runner geometry: approximately 0.47 mi straight-line (not a walking detour).<br/>Verification: Google Places lists this as a public restroom (operational); confirm access and hours on race day.<br/>Source: <a href="https://maps.google.com/?cid=9843731777525041775&g_mp=Cilnb29nbGUubWFwcy5wbGFjZXMudjEuUGxhY2VzLlNlYXJjaE5lYXJieRACGAQgAA">official / current listing</a>]]></description>
      <styleUrl>#placesRestroom</styleUrl>
      <Point><coordinates>-117.8778845,33.615809299999995,0</coordinates></Point>
    </Placemark>
    <Placemark><name>Bathroom</name>
      <description><![CDATA[Priority 1: Places-listed public restroom.<br/>Address: 850 San Clemente Dr, Newport Beach, CA 92660, USA<br/>Approximate runner mile: 57.3.<br/>Nearest runner geometry: approximately 0.81 mi straight-line (not a walking detour).<br/>Verification: Google Places lists this as a public restroom (operational); confirm access and hours on race day.<br/>Source: <a href="https://maps.google.com/?cid=17066340719967444071&g_mp=Cilnb29nbGUubWFwcy5wbGFjZXMudjEuUGxhY2VzLlNlYXJjaE5lYXJieRACGAQgAA">official / current listing</a>]]></description>
      <styleUrl>#placesRestroom</styleUrl>
      <Point><coordinates>-117.878142,33.621765599999996,0</coordinates></Point>
    </Placemark>
    <Placemark><name>Bathroom</name>
      <description><![CDATA[Priority 1: Places-listed public restroom.<br/>Address: Laguna Beach, CA 92651, USA<br/>Approximate runner mile: 65.1.<br/>Nearest runner geometry: approximately 0.56 mi straight-line (not a walking detour).<br/>Verification: Google Places lists this as a public restroom (operational); confirm access and hours on race day.<br/>Source: <a href="https://maps.google.com/?cid=11525656724586413778&g_mp=Cilnb29nbGUubWFwcy5wbGFjZXMudjEuUGxhY2VzLlNlYXJjaE5lYXJieRACGAQgAA">official / current listing</a>]]></description>
      <styleUrl>#placesRestroom</styleUrl>
      <Point><coordinates>-117.7797315,33.549499,0</coordinates></Point>
    </Placemark>
    <Placemark><name>Bathroom</name>
      <description><![CDATA[Priority 1: Places-listed public restroom.<br/>Address: Laguna Beach, CA 92651, USA<br/>Approximate runner mile: 65.1.<br/>Nearest runner geometry: approximately 0.56 mi straight-line (not a walking detour).<br/>Verification: Google Places lists this as a public restroom (operational); confirm access and hours on race day.<br/>Source: <a href="https://maps.google.com/?cid=17770029441052119669&g_mp=Cilnb29nbGUubWFwcy5wbGFjZXMudjEuUGxhY2VzLlNlYXJjaE5lYXJieRACGAQgAA">official / current listing</a>]]></description>
      <styleUrl>#placesRestroom</styleUrl>
      <Point><coordinates>-117.7796399,33.5494102,0</coordinates></Point>
    </Placemark>
    <Placemark><name>Bathroom</name>
      <description><![CDATA[Priority 1: Places-listed public restroom.<br/>Address: South Campus 793, Laguna Beach, CA 92651, USA<br/>Approximate runner mile: 65.1.<br/>Nearest runner geometry: approximately 0.58 mi straight-line (not a walking detour).<br/>Verification: Google Places lists this as a public restroom (operational); confirm access and hours on race day.<br/>Source: <a href="https://maps.google.com/?cid=1499655691973233727&g_mp=Cilnb29nbGUubWFwcy5wbGFjZXMudjEuUGxhY2VzLlNlYXJjaE5lYXJieRACGAQgAA">official / current listing</a>]]></description>
      <styleUrl>#placesRestroom</styleUrl>
      <Point><coordinates>-117.7796828,33.5498008,0</coordinates></Point>
    </Placemark>
    <Placemark><name>Bathroom</name>
      <description><![CDATA[Priority 1: Places-listed public restroom.<br/>Address: South Campus 793, Laguna Beach, CA 92651, USA<br/>Approximate runner mile: 65.1.<br/>Nearest runner geometry: approximately 0.58 mi straight-line (not a walking detour).<br/>Verification: Google Places lists this as a public restroom (operational); confirm access and hours on race day.<br/>Source: <a href="https://maps.google.com/?cid=18383315311708413568&g_mp=Cilnb29nbGUubWFwcy5wbGFjZXMudjEuUGxhY2VzLlNlYXJjaE5lYXJieRACGAQgAA">official / current listing</a>]]></description>
      <styleUrl>#placesRestroom</styleUrl>
      <Point><coordinates>-117.7796628,33.549788,0</coordinates></Point>
    </Placemark>
    <Placemark><name>Bathroom</name>
      <description><![CDATA[Priority 1: Places-listed public restroom.<br/>Address: Laguna Beach, CA 92651, USA<br/>Approximate runner mile: 65.1.<br/>Nearest runner geometry: approximately 0.55 mi straight-line (not a walking detour).<br/>Verification: Google Places lists this as a public restroom (operational); confirm access and hours on race day.<br/>Source: <a href="https://maps.google.com/?cid=679948236950251187&g_mp=Cilnb29nbGUubWFwcy5wbGFjZXMudjEuUGxhY2VzLlNlYXJjaE5lYXJieRACGAQgAA">official / current listing</a>]]></description>
      <styleUrl>#placesRestroom</styleUrl>
      <Point><coordinates>-117.77957830000001,33.5493558,0</coordinates></Point>
    </Placemark>
    <Placemark><name>Bathroom</name>
      <description><![CDATA[Priority 1: Places-listed public restroom.<br/>Address: Laguna Beach, CA 92651, USA<br/>Approximate runner mile: 65.1.<br/>Nearest runner geometry: approximately 0.55 mi straight-line (not a walking detour).<br/>Verification: Google Places lists this as a public restroom (operational); confirm access and hours on race day.<br/>Source: <a href="https://maps.google.com/?cid=17710930674971087829&g_mp=Cilnb29nbGUubWFwcy5wbGFjZXMudjEuUGxhY2VzLlNlYXJjaE5lYXJieRACGAQgAA">official / current listing</a>]]></description>
      <styleUrl>#placesRestroom</styleUrl>
      <Point><coordinates>-117.77948809999998,33.549262999999996,0</coordinates></Point>
    </Placemark>
    <Placemark><name>Bathroom</name>
      <description><![CDATA[Priority 1: Places-listed public restroom.<br/>Address: Laguna Beach, CA 92651, USA<br/>Approximate runner mile: 65.1.<br/>Nearest runner geometry: approximately 0.56 mi straight-line (not a walking detour).<br/>Verification: Google Places lists this as a public restroom (operational); confirm access and hours on race day.<br/>Source: <a href="https://maps.google.com/?cid=6641332886728042543&g_mp=Cilnb29nbGUubWFwcy5wbGFjZXMudjEuUGxhY2VzLlNlYXJjaE5lYXJieRACGAQgAA">official / current listing</a>]]></description>
      <styleUrl>#placesRestroom</styleUrl>
      <Point><coordinates>-117.7794509,33.54933,0</coordinates></Point>
    </Placemark>
    <Placemark><name>Bathroom</name>
      <description><![CDATA[Priority 1: Places-listed public restroom.<br/>Address: Laguna Beach, CA 92651, USA<br/>Approximate runner mile: 65.1.<br/>Nearest runner geometry: approximately 0.56 mi straight-line (not a walking detour).<br/>Verification: Google Places lists this as a public restroom (operational); confirm access and hours on race day.<br/>Source: <a href="https://maps.google.com/?cid=1559462619246366377&g_mp=Cilnb29nbGUubWFwcy5wbGFjZXMudjEuUGxhY2VzLlNlYXJjaE5lYXJieRACGAQgAA">official / current listing</a>]]></description>
      <styleUrl>#placesRestroom</styleUrl>
      <Point><coordinates>-117.7794309,33.5493071,0</coordinates></Point>
    </Placemark>
    <Placemark><name>Bathroom</name>
      <description><![CDATA[Priority 1: Places-listed public restroom.<br/>Address: Oceanside, CA 92054, USA<br/>Approximate runner mile: 82.2.<br/>Nearest runner geometry: approximately 0.03 mi straight-line (not a walking detour).<br/>Verification: Google Places lists this as a public restroom (operational); confirm access and hours on race day.<br/>Source: <a href="https://maps.google.com/?cid=15980101669465952389&g_mp=Cilnb29nbGUubWFwcy5wbGFjZXMudjEuUGxhY2VzLlNlYXJjaE5lYXJieRACGAQgAA">official / current listing</a>]]></description>
      <styleUrl>#placesRestroom</styleUrl>
      <Point><coordinates>-117.38021819999999,33.1974508,0</coordinates></Point>
    </Placemark>
    <Placemark><name>Bathroom</name>
      <description><![CDATA[Priority 1: Places-listed public restroom.<br/>Address: Oceanside, CA 92054, USA<br/>Approximate runner mile: 82.5.<br/>Nearest runner geometry: approximately 0.01 mi straight-line (not a walking detour).<br/>Verification: Google Places lists this as a public restroom (operational); confirm access and hours on race day.<br/>Source: <a href="https://maps.google.com/?cid=3602479677312439525&g_mp=Cilnb29nbGUubWFwcy5wbGFjZXMudjEuUGxhY2VzLlNlYXJjaE5lYXJieRACGAQgAA">official / current listing</a>]]></description>
      <styleUrl>#placesRestroom</styleUrl>
      <Point><coordinates>-117.3781985,33.1939831,0</coordinates></Point>
    </Placemark>
    <Placemark><name>Bathroom</name>
      <description><![CDATA[Priority 1: Places-listed public restroom.<br/>Address: Oceanside, CA 92054, USA<br/>Approximate runner mile: 82.3.<br/>Nearest runner geometry: approximately 0.01 mi straight-line (not a walking detour).<br/>Verification: Google Places lists this as a public restroom (operational); confirm access and hours on race day.<br/>Source: <a href="https://maps.google.com/?cid=10647066867607074313&g_mp=Cilnb29nbGUubWFwcy5wbGFjZXMudjEuUGxhY2VzLlNlYXJjaE5lYXJieRACGAQgAA">official / current listing</a>]]></description>
      <styleUrl>#placesRestroom</styleUrl>
      <Point><coordinates>-117.380244,33.1963565,0</coordinates></Point>
    </Placemark>
    <Placemark><name>Bathroom</name>
      <description><![CDATA[Priority 1: Places-listed public restroom.<br/>Address: S Coast Hwy, Oceanside, CA 92054, USA<br/>Approximate runner mile: 84.2.<br/>Nearest runner geometry: approximately 0.02 mi straight-line (not a walking detour).<br/>Verification: Google Places lists this as a public restroom (operational); confirm access and hours on race day.<br/>Source: <a href="https://maps.google.com/?cid=8537149591025542697&g_mp=Cilnb29nbGUubWFwcy5wbGFjZXMudjEuUGxhY2VzLlNlYXJjaE5lYXJieRACGAQgAA">official / current listing</a>]]></description>
      <styleUrl>#placesRestroom</styleUrl>
      <Point><coordinates>-117.36151849999999,33.1737914,0</coordinates></Point>
    </Placemark>
    <Placemark><name>Bathroom</name>
      <description><![CDATA[Priority 1: Places-listed public restroom.<br/>Address: 1902 S Coast Hwy, Oceanside, CA 92054, USA<br/>Approximate runner mile: 84.2.<br/>Nearest runner geometry: approximately 0.03 mi straight-line (not a walking detour).<br/>Verification: Google Places lists this as a public restroom (operational); confirm access and hours on race day.<br/>Source: <a href="https://maps.google.com/?cid=10607015964530560702&g_mp=Cilnb29nbGUubWFwcy5wbGFjZXMudjEuUGxhY2VzLlNlYXJjaE5lYXJieRACGAQgAA">official / current listing</a>]]></description>
      <styleUrl>#placesRestroom</styleUrl>
      <Point><coordinates>-117.36045979999999,33.17376060000001,0</coordinates></Point>
    </Placemark>
    <Placemark><name>Bathroom</name>
      <description><![CDATA[Priority 1: Places-listed public restroom.<br/>Address: Carlsbad, CA 92008, USA<br/>Approximate runner mile: 85.4.<br/>Nearest runner geometry: approximately 0.15 mi straight-line (not a walking detour).<br/>Verification: Google Places lists this as a public restroom (operational); confirm access and hours on race day.<br/>Source: <a href="https://maps.google.com/?cid=13665826133635812297&g_mp=Cilnb29nbGUubWFwcy5wbGFjZXMudjEuUGxhY2VzLlNlYXJjaE5lYXJieRACGAQgAA">official / current listing</a>]]></description>
      <styleUrl>#placesRestroom</styleUrl>
      <Point><coordinates>-117.34967169999999,33.1602482,0</coordinates></Point>
    </Placemark>
    <Placemark><name>Bathroom</name>
      <description><![CDATA[Priority 1: Places-listed public restroom.<br/>Address: Carlsbad, CA 92008, USA<br/>Approximate runner mile: 85.4.<br/>Nearest runner geometry: approximately 0.15 mi straight-line (not a walking detour).<br/>Verification: Google Places lists this as a public restroom (operational); confirm access and hours on race day.<br/>Source: <a href="https://maps.google.com/?cid=1629435637789804531&g_mp=Cilnb29nbGUubWFwcy5wbGFjZXMudjEuUGxhY2VzLlNlYXJjaE5lYXJieRACGAQgAA">official / current listing</a>]]></description>
      <styleUrl>#placesRestroom</styleUrl>
      <Point><coordinates>-117.3496215,33.1601929,0</coordinates></Point>
    </Placemark>
    <Placemark><name>Bathroom</name>
      <description><![CDATA[Priority 1: Places-listed public restroom.<br/>Address: Carlsbad, CA 92008, USA<br/>Approximate runner mile: 85.8.<br/>Nearest runner geometry: approximately 0.05 mi straight-line (not a walking detour).<br/>Verification: Google Places lists this as a public restroom (operational); confirm access and hours on race day.<br/>Source: <a href="https://maps.google.com/?cid=7775782030335275841&g_mp=Cilnb29nbGUubWFwcy5wbGFjZXMudjEuUGxhY2VzLlNlYXJjaE5lYXJieRACGAQgAA">official / current listing</a>]]></description>
      <styleUrl>#placesRestroom</styleUrl>
      <Point><coordinates>-117.35008490000001,33.1550745,0</coordinates></Point>
    </Placemark>
    <Placemark><name>Bathroom</name>
      <description><![CDATA[Priority 1: Places-listed public restroom.<br/>Address: Carlsbad, CA 92008, USA<br/>Approximate runner mile: 85.8.<br/>Nearest runner geometry: approximately 0.05 mi straight-line (not a walking detour).<br/>Verification: Google Places lists this as a public restroom (operational); confirm access and hours on race day.<br/>Source: <a href="https://maps.google.com/?cid=9760543404016453151&g_mp=Cilnb29nbGUubWFwcy5wbGFjZXMudjEuUGxhY2VzLlNlYXJjaE5lYXJieRACGAQgAA">official / current listing</a>]]></description>
      <styleUrl>#placesRestroom</styleUrl>
      <Point><coordinates>-117.3500619,33.155090099999995,0</coordinates></Point>
    </Placemark>
    <Placemark><name>Bathroom</name>
      <description><![CDATA[Priority 1: Places-listed public restroom.<br/>Address: Carlsbad, CA 92008, USA<br/>Approximate runner mile: 85.8.<br/>Nearest runner geometry: approximately 0.03 mi straight-line (not a walking detour).<br/>Verification: Google Places lists this as a public restroom (operational); confirm access and hours on race day.<br/>Source: <a href="https://maps.google.com/?cid=7727152490125774298&g_mp=Cilnb29nbGUubWFwcy5wbGFjZXMudjEuUGxhY2VzLlNlYXJjaE5lYXJieRACGAQgAA">official / current listing</a>]]></description>
      <styleUrl>#placesRestroom</styleUrl>
      <Point><coordinates>-117.35021969999998,33.1547355,0</coordinates></Point>
    </Placemark>
    <Placemark><name>Bathroom</name>
      <description><![CDATA[Priority 1: Places-listed public restroom.<br/>Address: Carlsbad, CA 92008, USA<br/>Approximate runner mile: 88.3.<br/>Nearest runner geometry: approximately 0.47 mi straight-line (not a walking detour).<br/>Verification: Google Places lists this as a public restroom (operational); confirm access and hours on race day.<br/>Source: <a href="https://maps.google.com/?cid=14020882389666889323&g_mp=Cilnb29nbGUubWFwcy5wbGFjZXMudjEuUGxhY2VzLlNlYXJjaE5lYXJieRACGAQgAA">official / current listing</a>]]></description>
      <styleUrl>#placesRestroom</styleUrl>
      <Point><coordinates>-117.3211666,33.1279872,0</coordinates></Point>
    </Placemark>
    <Placemark><name>Bathroom</name>
      <description><![CDATA[Priority 1: Places-listed public restroom.<br/>Address: Carlsbad, CA 92008, USA<br/>Approximate runner mile: 88.3.<br/>Nearest runner geometry: approximately 0.47 mi straight-line (not a walking detour).<br/>Verification: Google Places lists this as a public restroom (operational); confirm access and hours on race day.<br/>Source: <a href="https://maps.google.com/?cid=16745368358203795870&g_mp=Cilnb29nbGUubWFwcy5wbGFjZXMudjEuUGxhY2VzLlNlYXJjaE5lYXJieRACGAQgAA">official / current listing</a>]]></description>
      <styleUrl>#placesRestroom</styleUrl>
      <Point><coordinates>-117.3206443,33.1268259,0</coordinates></Point>
    </Placemark>
    <Placemark><name>Bathroom</name>
      <description><![CDATA[Priority 1: Places-listed public restroom.<br/>Address: Carlsbad, CA 92008, USA<br/>Approximate runner mile: 88.3.<br/>Nearest runner geometry: approximately 0.44 mi straight-line (not a walking detour).<br/>Verification: Google Places lists this as a public restroom (operational); confirm access and hours on race day.<br/>Source: <a href="https://maps.google.com/?cid=16551105321579081711&g_mp=Cilnb29nbGUubWFwcy5wbGFjZXMudjEuUGxhY2VzLlNlYXJjaE5lYXJieRACGAQgAA">official / current listing</a>]]></description>
      <styleUrl>#placesRestroom</styleUrl>
      <Point><coordinates>-117.3205353,33.1255059,0</coordinates></Point>
    </Placemark>
    <Placemark><name>Bathroom</name>
      <description><![CDATA[Priority 1: Places-listed public restroom.<br/>Address: 2PF7+8V, Encinitas, CA 92007, USA<br/>Approximate runner mile: 95.8.<br/>Nearest runner geometry: approximately 0.03 mi straight-line (not a walking detour).<br/>Verification: Google Places lists this as a public restroom (operational); confirm access and hours on race day.<br/>Source: <a href="https://maps.google.com/?cid=11283629048561433229&g_mp=Cilnb29nbGUubWFwcy5wbGFjZXMudjEuUGxhY2VzLlNlYXJjaE5lYXJieRACGAQgAA">official / current listing</a>]]></description>
      <styleUrl>#placesRestroom</styleUrl>
      <Point><coordinates>-117.28530300000001,33.023314,0</coordinates></Point>
    </Placemark>
    <Placemark><name>Bathroom</name>
      <description><![CDATA[Priority 1: Places-listed public restroom.<br/>Address: Lifeguard Hut Tower, 2050 S Coast Hwy 101, Cardiff, CA 92007, USA<br/>Approximate runner mile: 95.9.<br/>Nearest runner geometry: approximately 0.04 mi straight-line (not a walking detour).<br/>Verification: Google Places lists this as a public restroom (operational); confirm access and hours on race day.<br/>Source: <a href="https://maps.google.com/?cid=2545058559919561526&g_mp=Cilnb29nbGUubWFwcy5wbGFjZXMudjEuUGxhY2VzLlNlYXJjaE5lYXJieRACGAQgAA">official / current listing</a>]]></description>
      <styleUrl>#placesRestroom</styleUrl>
      <Point><coordinates>-117.28483729999999,33.0221811,0</coordinates></Point>
    </Placemark>
    <Placemark><name>Bathroom</name>
      <description><![CDATA[Priority 1: Places-listed public restroom.<br/>Address: 2050 S Coast Hwy 101, Cardiff, CA 92007, USA<br/>Approximate runner mile: 96.0.<br/>Nearest runner geometry: approximately 0.05 mi straight-line (not a walking detour).<br/>Verification: Google Places lists this as a public restroom (operational); confirm access and hours on race day.<br/>Source: <a href="https://maps.google.com/?cid=4343939380166963073&g_mp=Cilnb29nbGUubWFwcy5wbGFjZXMudjEuUGxhY2VzLlNlYXJjaE5lYXJieRACGAQgAA">official / current listing</a>]]></description>
      <styleUrl>#placesRestroom</styleUrl>
      <Point><coordinates>-117.2841979,33.0208647,0</coordinates></Point>
    </Placemark>
    <Placemark><name>Bathroom</name>
      <description><![CDATA[Priority 1: Places-listed public restroom.<br/>Address: Del Mar, CA 92014, USA<br/>Approximate runner mile: 100.4.<br/>Nearest runner geometry: approximately 0.03 mi straight-line (not a walking detour).<br/>Verification: Google Places lists this as a public restroom (operational); confirm access and hours on race day.<br/>Source: <a href="https://maps.google.com/?cid=16171586419246801431&g_mp=Cilnb29nbGUubWFwcy5wbGFjZXMudjEuUGxhY2VzLlNlYXJjaE5lYXJieRACGAQgAA">official / current listing</a>]]></description>
      <styleUrl>#placesRestroom</styleUrl>
      <Point><coordinates>-117.2649651,32.960409399999996,0</coordinates></Point>
    </Placemark>
    <Placemark><name>Bathroom</name>
      <description><![CDATA[Priority 1: Places-listed public restroom.<br/>Address: Del Mar, CA 92014, USA<br/>Approximate runner mile: 100.4.<br/>Nearest runner geometry: approximately 0.03 mi straight-line (not a walking detour).<br/>Verification: Google Places lists this as a public restroom (operational); confirm access and hours on race day.<br/>Source: <a href="https://maps.google.com/?cid=6603307839668791567&g_mp=Cilnb29nbGUubWFwcy5wbGFjZXMudjEuUGxhY2VzLlNlYXJjaE5lYXJieRACGAQgAA">official / current listing</a>]]></description>
      <styleUrl>#placesRestroom</styleUrl>
      <Point><coordinates>-117.26496789999999,32.960258599999996,0</coordinates></Point>
    </Placemark>
    <Placemark><name>Bathroom</name>
      <description><![CDATA[Priority 1: Places-listed public restroom.<br/>Address: San Diego, CA 92093, USA<br/>Approximate runner mile: 105.9.<br/>Nearest runner geometry: approximately 0.16 mi straight-line (not a walking detour).<br/>Verification: Google Places lists this as a public restroom (operational); confirm access and hours on race day.<br/>Source: <a href="https://maps.google.com/?cid=2406999223877101379&g_mp=Cilnb29nbGUubWFwcy5wbGFjZXMudjEuUGxhY2VzLlNlYXJjaE5lYXJieRACGAQgAA">official / current listing</a>]]></description>
      <styleUrl>#placesRestroom</styleUrl>
      <Point><coordinates>-117.2410699,32.8870657,0</coordinates></Point>
    </Placemark>
    <Placemark><name>Bathroom</name>
      <description><![CDATA[Priority 1: Places-listed public restroom.<br/>Address: San Diego, CA 92093, USA<br/>Approximate runner mile: 105.9.<br/>Nearest runner geometry: approximately 0.16 mi straight-line (not a walking detour).<br/>Verification: Google Places lists this as a public restroom (operational); confirm access and hours on race day.<br/>Source: <a href="https://maps.google.com/?cid=16047569570659960576&g_mp=Cilnb29nbGUubWFwcy5wbGFjZXMudjEuUGxhY2VzLlNlYXJjaE5lYXJieRACGAQgAA">official / current listing</a>]]></description>
      <styleUrl>#placesRestroom</styleUrl>
      <Point><coordinates>-117.2410756,32.887059199999996,0</coordinates></Point>
    </Placemark>
    <Placemark><name>Bathroom</name>
      <description><![CDATA[Priority 1: Places-listed public restroom.<br/>Address: San Diego, CA 92093, USA<br/>Approximate runner mile: 105.9.<br/>Nearest runner geometry: approximately 0.16 mi straight-line (not a walking detour).<br/>Verification: Google Places lists this as a public restroom (operational); confirm access and hours on race day.<br/>Source: <a href="https://maps.google.com/?cid=5434962127402797311&g_mp=Cilnb29nbGUubWFwcy5wbGFjZXMudjEuUGxhY2VzLlNlYXJjaE5lYXJieRACGAQgAA">official / current listing</a>]]></description>
      <styleUrl>#placesRestroom</styleUrl>
      <Point><coordinates>-117.2410756,32.887059199999996,0</coordinates></Point>
    </Placemark>
    <Placemark><name>Bathroom</name>
      <description><![CDATA[Priority 1: Places-listed public restroom.<br/>Address: San Diego, CA 92093, USA<br/>Approximate runner mile: 105.9.<br/>Nearest runner geometry: approximately 0.16 mi straight-line (not a walking detour).<br/>Verification: Google Places lists this as a public restroom (operational); confirm access and hours on race day.<br/>Source: <a href="https://maps.google.com/?cid=2084449735387248300&g_mp=Cilnb29nbGUubWFwcy5wbGFjZXMudjEuUGxhY2VzLlNlYXJjaE5lYXJieRACGAQgAA">official / current listing</a>]]></description>
      <styleUrl>#placesRestroom</styleUrl>
      <Point><coordinates>-117.2410756,32.8870389,0</coordinates></Point>
    </Placemark>
    <Placemark><name>Bathroom</name>
      <description><![CDATA[Priority 1: Places-listed public restroom.<br/>Address: San Diego, CA 92093, USA<br/>Approximate runner mile: 105.9.<br/>Nearest runner geometry: approximately 0.16 mi straight-line (not a walking detour).<br/>Verification: Google Places lists this as a public restroom (operational); confirm access and hours on race day.<br/>Source: <a href="https://maps.google.com/?cid=10773839127525245331&g_mp=Cilnb29nbGUubWFwcy5wbGFjZXMudjEuUGxhY2VzLlNlYXJjaE5lYXJieRACGAQgAA">official / current listing</a>]]></description>
      <styleUrl>#placesRestroom</styleUrl>
      <Point><coordinates>-117.2410699,32.8870351,0</coordinates></Point>
    </Placemark>
    <Placemark><name>Bathroom</name>
      <description><![CDATA[Priority 1: Places-listed public restroom.<br/>Address: San Diego, CA 92093, USA<br/>Approximate runner mile: 106.0.<br/>Nearest runner geometry: approximately 0.16 mi straight-line (not a walking detour).<br/>Verification: Google Places lists this as a public restroom (operational); confirm access and hours on race day.<br/>Source: <a href="https://maps.google.com/?cid=4669719981279789906&g_mp=Cilnb29nbGUubWFwcy5wbGFjZXMudjEuUGxhY2VzLlNlYXJjaE5lYXJieRACGAQgAA">official / current listing</a>]]></description>
      <styleUrl>#placesRestroom</styleUrl>
      <Point><coordinates>-117.24113880000002,32.886519899999996,0</coordinates></Point>
    </Placemark>
    <Placemark><name>Bathroom</name>
      <description><![CDATA[Priority 1: Places-listed public restroom.<br/>Address: San Diego, CA 92093, USA<br/>Approximate runner mile: 106.0.<br/>Nearest runner geometry: approximately 0.17 mi straight-line (not a walking detour).<br/>Verification: Google Places lists this as a public restroom (operational); confirm access and hours on race day.<br/>Source: <a href="https://maps.google.com/?cid=12224130445137953041&g_mp=Cilnb29nbGUubWFwcy5wbGFjZXMudjEuUGxhY2VzLlNlYXJjaE5lYXJieRACGAQgAA">official / current listing</a>]]></description>
      <styleUrl>#placesRestroom</styleUrl>
      <Point><coordinates>-117.2411158,32.8865049,0</coordinates></Point>
    </Placemark>
    <Placemark><name>Bathroom</name>
      <description><![CDATA[Priority 1: Places-listed public restroom.<br/>Address: San Diego, CA 92093, USA<br/>Approximate runner mile: 106.0.<br/>Nearest runner geometry: approximately 0.17 mi straight-line (not a walking detour).<br/>Verification: Google Places lists this as a public restroom (operational); confirm access and hours on race day.<br/>Source: <a href="https://maps.google.com/?cid=2627449693690033687&g_mp=Cilnb29nbGUubWFwcy5wbGFjZXMudjEuUGxhY2VzLlNlYXJjaE5lYXJieRACGAQgAA">official / current listing</a>]]></description>
      <styleUrl>#placesRestroom</styleUrl>
      <Point><coordinates>-117.2411216,32.8864985,0</coordinates></Point>
    </Placemark>
    <Placemark><name>Bathroom</name>
      <description><![CDATA[Priority 1: Places-listed public restroom.<br/>Address: San Diego, CA 92093, USA<br/>Approximate runner mile: 106.0.<br/>Nearest runner geometry: approximately 0.16 mi straight-line (not a walking detour).<br/>Verification: Google Places lists this as a public restroom (operational); confirm access and hours on race day.<br/>Source: <a href="https://maps.google.com/?cid=1596193162934892231&g_mp=Cilnb29nbGUubWFwcy5wbGFjZXMudjEuUGxhY2VzLlNlYXJjaE5lYXJieRACGAQgAA">official / current listing</a>]]></description>
      <styleUrl>#placesRestroom</styleUrl>
      <Point><coordinates>-117.24113880000002,32.8864792,0</coordinates></Point>
    </Placemark>
    <Placemark><name>Bathroom</name>
      <description><![CDATA[Priority 1: Places-listed public restroom.<br/>Address: San Diego, CA 92093, USA<br/>Approximate runner mile: 106.0.<br/>Nearest runner geometry: approximately 0.17 mi straight-line (not a walking detour).<br/>Verification: Google Places lists this as a public restroom (operational); confirm access and hours on race day.<br/>Source: <a href="https://maps.google.com/?cid=16115677610912723189&g_mp=Cilnb29nbGUubWFwcy5wbGFjZXMudjEuUGxhY2VzLlNlYXJjaE5lYXJieRACGAQgAA">official / current listing</a>]]></description>
      <styleUrl>#placesRestroom</styleUrl>
      <Point><coordinates>-117.2411216,32.8864781,0</coordinates></Point>
    </Placemark>
    <Placemark><name>Bathroom</name>
      <description><![CDATA[Priority 1: Places-listed public restroom.<br/>Address: San Diego, CA 92161, USA<br/>Approximate runner mile: 106.8.<br/>Nearest runner geometry: approximately 0.42 mi straight-line (not a walking detour).<br/>Verification: Google Places lists this as a public restroom (operational); confirm access and hours on race day.<br/>Source: <a href="https://maps.google.com/?cid=17165739017733763916&g_mp=Cilnb29nbGUubWFwcy5wbGFjZXMudjEuUGxhY2VzLlNlYXJjaE5lYXJieRACGAQgAA">official / current listing</a>]]></description>
      <styleUrl>#placesRestroom</styleUrl>
      <Point><coordinates>-117.23662580000001,32.8755808,0</coordinates></Point>
    </Placemark>
    <Placemark><name>Bathroom</name>
      <description><![CDATA[Priority 1: Places-listed public restroom.<br/>Address: 2300 Expedition Way, La Jolla, CA 92037, USA<br/>Approximate runner mile: 107.9.<br/>Nearest runner geometry: approximately 0.10 mi straight-line (not a walking detour).<br/>Verification: Google Places lists this as a public restroom (operational); confirm access and hours on race day.<br/>Source: <a href="https://maps.google.com/?cid=16422468144108984866&g_mp=Cilnb29nbGUubWFwcy5wbGFjZXMudjEuUGxhY2VzLlNlYXJjaE5lYXJieRACGAQgAA">official / current listing</a>]]></description>
      <styleUrl>#placesRestroom</styleUrl>
      <Point><coordinates>-117.25054910000001,32.8656562,0</coordinates></Point>
    </Placemark>
    <Placemark><name>Bathroom</name>
      <description><![CDATA[Priority 1: Places-listed public restroom.<br/>Address: San Diego, CA 92037, USA<br/>Approximate runner mile: 110.5.<br/>Nearest runner geometry: approximately 0.16 mi straight-line (not a walking detour).<br/>Verification: Google Places lists this as a public restroom (operational); confirm access and hours on race day.<br/>Source: <a href="https://maps.google.com/?cid=12703906167353453521&g_mp=Cilnb29nbGUubWFwcy5wbGFjZXMudjEuUGxhY2VzLlNlYXJjaE5lYXJieRACGAQgAA">official / current listing</a>]]></description>
      <styleUrl>#placesRestroom</styleUrl>
      <Point><coordinates>-117.2762055,32.8409028,0</coordinates></Point>
    </Placemark>
    <Placemark><name>Bathroom</name>
      <description><![CDATA[Priority 1: Places-listed public restroom.<br/>Address: San Diego, CA 92037, USA<br/>Approximate runner mile: 110.5.<br/>Nearest runner geometry: approximately 0.16 mi straight-line (not a walking detour).<br/>Verification: Google Places lists this as a public restroom (operational); confirm access and hours on race day.<br/>Source: <a href="https://maps.google.com/?cid=10790133986923988567&g_mp=Cilnb29nbGUubWFwcy5wbGFjZXMudjEuUGxhY2VzLlNlYXJjaE5lYXJieRACGAQgAA">official / current listing</a>]]></description>
      <styleUrl>#placesRestroom</styleUrl>
      <Point><coordinates>-117.27621699999999,32.8409002,0</coordinates></Point>
    </Placemark>
    <Placemark><name>Bathrooms</name>
      <description><![CDATA[Priority 1: Places-listed public restroom.<br/>Address: San Clemente, CA 92672, USA<br/>Approximate runner mile: 77.6.<br/>Nearest runner geometry: approximately 0.58 mi straight-line (not a walking detour).<br/>Verification: Google Places lists this as a public restroom (operational); confirm access and hours on race day.<br/>Source: <a href="https://maps.google.com/?cid=218824128781013876&g_mp=Cilnb29nbGUubWFwcy5wbGFjZXMudjEuUGxhY2VzLlNlYXJjaE5lYXJieRACGAQgAA">official / current listing</a>]]></description>
      <styleUrl>#placesRestroom</styleUrl>
      <Point><coordinates>-117.62749009999999,33.440929499999996,0</coordinates></Point>
    </Placemark>
    <Placemark><name>Baños públicos</name>
      <description><![CDATA[Priority 1: Places-listed public restroom.<br/>Address: 1 W 98th St, Los Angeles, CA 90047, USA<br/>Approximate runner mile: 13.6.<br/>Nearest runner geometry: approximately 0.92 mi straight-line (not a walking detour).<br/>Verification: Google Places lists this as a public restroom (operational); confirm access and hours on race day.<br/>Source: <a href="https://maps.google.com/?cid=13737798254617733985&g_mp=Cilnb29nbGUubWFwcy5wbGFjZXMudjEuUGxhY2VzLlNlYXJjaE5lYXJieRACGAQgAA">official / current listing</a>]]></description>
      <styleUrl>#placesRestroom</styleUrl>
      <Point><coordinates>-118.3117334,33.9467123,0</coordinates></Point>
    </Placemark>
    <Placemark><name>Beach Restroom</name>
      <description><![CDATA[Priority 1: Places-listed public restroom.<br/>Address: Venice, Los Angeles, CA 90291, USA<br/>Approximate runner mile: 2.0.<br/>Nearest runner geometry: approximately 0.31 mi straight-line (not a walking detour).<br/>Verification: Google Places lists this as a public restroom (operational); confirm access and hours on race day.<br/>Source: <a href="https://maps.google.com/?cid=3819576679513205007&g_mp=Cilnb29nbGUubWFwcy5wbGFjZXMudjEuUGxhY2VzLlNlYXJjaE5lYXJieRACGAQgAA">official / current listing</a>]]></description>
      <styleUrl>#placesRestroom</styleUrl>
      <Point><coordinates>-118.4753643,33.988020500000005,0</coordinates></Point>
    </Placemark>
    <Placemark><name>Beach Restroom</name>
      <description><![CDATA[Priority 1: Places-listed public restroom.<br/>Address: 615 Avenida Victoria, San Clemente, CA 92672, USA<br/>Approximate runner mile: 79.0.<br/>Nearest runner geometry: approximately 0.66 mi straight-line (not a walking detour).<br/>Verification: Google Places lists this as a public restroom (operational); confirm access and hours on race day.<br/>Source: <a href="https://maps.google.com/?cid=4654939905553699201&g_mp=Cilnb29nbGUubWFwcy5wbGFjZXMudjEuUGxhY2VzLlNlYXJjaE5lYXJieRACGAQgAA">official / current listing</a>]]></description>
      <styleUrl>#placesRestroom</styleUrl>
      <Point><coordinates>-117.61979149999999,33.419379899999996,0</coordinates></Point>
    </Placemark>
    <Placemark><name>Beach Restrooms &amp; Showers</name>
      <description><![CDATA[Priority 1: Places-listed public restroom.<br/>Address: 8300 La Vereda, La Jolla, CA 92037, USA<br/>Approximate runner mile: 108.4.<br/>Nearest runner geometry: approximately 0.15 mi straight-line (not a walking detour).<br/>Verification: Google Places lists this as a public restroom (operational); confirm access and hours on race day.<br/>Source: <a href="https://maps.google.com/?cid=6415823298151754540&g_mp=Cilnb29nbGUubWFwcy5wbGFjZXMudjEuUGxhY2VzLlNlYXJjaE5lYXJieRACGAQgAA">official / current listing</a>]]></description>
      <styleUrl>#placesRestroom</styleUrl>
      <Point><coordinates>-117.25614099999999,32.858694799999995,0</coordinates></Point>
    </Placemark>
    <Placemark><name>Beach Shower Stand</name>
      <description><![CDATA[Priority 1: Places-listed public restroom.<br/>Address: Playa Del Rey, CA 90291, USA<br/>Approximate runner mile: 2.3.<br/>Nearest runner geometry: approximately 0.58 mi straight-line (not a walking detour).<br/>Verification: Google Places lists this as a public restroom (operational); confirm access and hours on race day.<br/>Source: <a href="https://maps.google.com/?cid=17584412142972278251&g_mp=Cilnb29nbGUubWFwcy5wbGFjZXMudjEuUGxhY2VzLlNlYXJjaE5lYXJieRACGAQgAA">official / current listing</a>]]></description>
      <styleUrl>#placesRestroom</styleUrl>
      <Point><coordinates>-118.4715339,33.9834135,0</coordinates></Point>
    </Placemark>
    <Placemark><name>Beach Shower Stand</name>
      <description><![CDATA[Priority 1: Places-listed public restroom.<br/>Address: 98 S 71st Pl, Long Beach, CA 90803, USA<br/>Approximate runner mile: 40.8.<br/>Nearest runner geometry: approximately 0.69 mi straight-line (not a walking detour).<br/>Verification: Google Places lists this as a public restroom (closed temporarily); confirm access and hours on race day.<br/>Source: <a href="https://maps.google.com/?cid=16160493687104552649&g_mp=Cilnb29nbGUubWFwcy5wbGFjZXMudjEuUGxhY2VzLlNlYXJjaE5lYXJieRACGAQgAA">official / current listing</a>]]></description>
      <styleUrl>#placesRestroom</styleUrl>
      <Point><coordinates>-118.11764029999998,33.7451649,0</coordinates></Point>
    </Placemark>
    <Placemark><name>Beach Shower Stand</name>
      <description><![CDATA[Priority 1: Places-listed public restroom.<br/>Address: 103 Pacific Coast Hwy, Huntington Beach, CA 92648, USA<br/>Approximate runner mile: 49.8.<br/>Nearest runner geometry: approximately 0.03 mi straight-line (not a walking detour).<br/>Verification: Google Places lists this as a public restroom (operational); confirm access and hours on race day.<br/>Source: <a href="https://maps.google.com/?cid=13465506825269670594&g_mp=Cilnb29nbGUubWFwcy5wbGFjZXMudjEuUGxhY2VzLlNlYXJjaE5lYXJieRACGAQgAA">official / current listing</a>]]></description>
      <styleUrl>#placesRestroom</styleUrl>
      <Point><coordinates>-118.0003259,33.6552369,0</coordinates></Point>
    </Placemark>
    <Placemark><name>Beach Shower Stand</name>
      <description><![CDATA[Priority 1: Places-listed public restroom.<br/>Address: 21351 CA-1, Huntington Beach, CA 92648, USA<br/>Approximate runner mile: 50.1.<br/>Nearest runner geometry: approximately 0.04 mi straight-line (not a walking detour).<br/>Verification: Google Places lists this as a public restroom (closed temporarily); confirm access and hours on race day.<br/>Source: <a href="https://maps.google.com/?cid=5173745709160424983&g_mp=Cilnb29nbGUubWFwcy5wbGFjZXMudjEuUGxhY2VzLlNlYXJjaE5lYXJieRACGAQgAA">official / current listing</a>]]></description>
      <styleUrl>#placesRestroom</styleUrl>
      <Point><coordinates>-117.99492099999998,33.651939899999995,0</coordinates></Point>
    </Placemark>
    <Placemark><name>Beach Shower Stand</name>
      <description><![CDATA[Priority 1: Places-listed public restroom.<br/>Address: 21301E Pacific Coast Hwy, Huntington Beach, CA 92648, USA<br/>Approximate runner mile: 50.3.<br/>Nearest runner geometry: approximately 0.04 mi straight-line (not a walking detour).<br/>Verification: Google Places lists this as a public restroom (operational); confirm access and hours on race day.<br/>Source: <a href="https://maps.google.com/?cid=12434578174389774630&g_mp=Cilnb29nbGUubWFwcy5wbGFjZXMudjEuUGxhY2VzLlNlYXJjaE5lYXJieRACGAQgAA">official / current listing</a>]]></description>
      <styleUrl>#placesRestroom</styleUrl>
      <Point><coordinates>-117.99263320000001,33.6504968,0</coordinates></Point>
    </Placemark>
    <Placemark><name>Bolsa Chica State Beach — Seapoint-area restrooms</name>
      <description><![CDATA[Priority 1: Official beach restroom.<br/>Address: Pacific Coast Hwy near Seapoint St, Huntington Beach, CA 92649<br/>Approximate runner mile: 46.6.<br/>Nearest runner geometry: approximately 0.07 mi straight-line (not a walking detour).<br/>Verification: California State Parks lists restrooms and drinking water within each lot along the trail.<br/>Source: <a href="https://www.parks.ca.gov/AccessibleFeatures/Details/642">official / current listing</a>]]></description>
      <styleUrl>#beachRestroom</styleUrl>
      <Point><coordinates>-118.038,33.6874,0</coordinates></Point>
    </Placemark>
    <Placemark><name>Bolsa Chica State Beach — Warner-area restrooms</name>
      <description><![CDATA[Priority 1: Official beach restroom.<br/>Address: 17851 Pacific Coast Hwy, Huntington Beach, CA 92649<br/>Approximate runner mile: 45.2.<br/>Nearest runner geometry: approximately 0.13 mi straight-line (not a walking detour).<br/>Verification: California State Parks lists restrooms and drinking water within each lot along the trail.<br/>Source: <a href="https://www.parks.ca.gov/AccessibleFeatures/Details/642">official / current listing</a>]]></description>
      <styleUrl>#beachRestroom</styleUrl>
      <Point><coordinates>-118.0525,33.7042,0</coordinates></Point>
    </Placemark>
    <Placemark><name>Campgound Token-Operated Showers</name>
      <description><![CDATA[Priority 1: Places-listed public restroom.<br/>Address: 800 Cristianitos Rd, San Clemente, CA 92672, USA<br/>Approximate runner mile: 80.7.<br/>Nearest runner geometry: approximately 0.78 mi straight-line (not a walking detour).<br/>Verification: Google Places lists this as a public restroom (operational); confirm access and hours on race day.<br/>Source: <a href="https://maps.google.com/?cid=15550152825507593805&g_mp=Cilnb29nbGUubWFwcy5wbGFjZXMudjEuUGxhY2VzLlNlYXJjaE5lYXJieRACGAQgAA">official / current listing</a>]]></description>
      <styleUrl>#placesRestroom</styleUrl>
      <Point><coordinates>-117.5848743,33.4071163,0</coordinates></Point>
    </Placemark>
    <Placemark><name>Capistrano Beach public restroom area</name>
      <description><![CDATA[Priority 1: Official beach restroom.<br/>Address: Capistrano Beach Park, Dana Point, CA 92624<br/>Approximate runner mile: 74.5.<br/>Nearest runner geometry: approximately 0.02 mi straight-line (not a walking detour).<br/>Verification: City park listing identifies restroom facilities; confirm beach access before race day.<br/>Source: <a href="https://www.danapoint.org/department/general-services/parks/parks-trails/capistrano-beach-park">official / current listing</a>]]></description>
      <styleUrl>#beachRestroom</styleUrl>
      <Point><coordinates>-117.6718,33.4582,0</coordinates></Point>
    </Placemark>
    <Placemark><name>Cardiff State Beach public restrooms</name>
      <description><![CDATA[Priority 1: Official beach restroom.<br/>Address: 2488 Highway 101, Cardiff-by-the-Sea, CA 92007<br/>Approximate runner mile: 96.1.<br/>Nearest runner geometry: approximately 0.06 mi straight-line (not a walking detour).<br/>Verification: California State Parks lists facilities at Cardiff State Beach; confirm the accessible beach entry.<br/>Source: <a href="https://www.parks.ca.gov/?page_id=660">official / current listing</a>]]></description>
      <styleUrl>#beachRestroom</styleUrl>
      <Point><coordinates>-117.2817,33.0201,0</coordinates></Point>
    </Placemark>
    <Placemark><name>Carlsbad State Beach — Tamarack restroom/shower</name>
      <description><![CDATA[Priority 1: Official beach restroom.<br/>Address: Tamarack Ave beach access, Carlsbad, CA 92008<br/>Approximate runner mile: 85.5.<br/>Nearest runner geometry: approximately 0.03 mi straight-line (not a walking detour).<br/>Verification: City of Carlsbad lists public restrooms and showers at the seawall path.<br/>Source: <a href="https://www.carlsbadca.gov/residents/about-carlsbad/beaches/about-carlsbad-beaches">official / current listing</a>]]></description>
      <styleUrl>#beachRestroom</styleUrl>
      <Point><coordinates>-117.3506,33.1583,0</coordinates></Point>
    </Placemark>
    <Placemark><name>Circle K</name>
      <description><![CDATA[Priority 1: Places-listed public restroom.<br/>Address: 16408 Orange St, Paramount, CA 90723, USA<br/>Approximate runner mile: 26.7.<br/>Nearest runner geometry: approximately 0.58 mi straight-line (not a walking detour).<br/>Verification: Google Places lists this as a public restroom (operational); confirm access and hours on race day.<br/>Source: <a href="https://maps.google.com/?cid=15800453806961329323&g_mp=Cilnb29nbGUubWFwcy5wbGFjZXMudjEuUGxhY2VzLlNlYXJjaE5lYXJieRACGAQgAA">official / current listing</a>]]></description>
      <styleUrl>#placesRestroom</styleUrl>
      <Point><coordinates>-118.17717999999999,33.8852274,0</coordinates></Point>
    </Placemark>
    <Placemark><name>Circle K</name>
      <description><![CDATA[Priority 1: Places-listed public restroom.<br/>Address: 6401 E Pacific Coast Hwy, Long Beach, CA 90803, USA<br/>Approximate runner mile: 40.0.<br/>Nearest runner geometry: approximately 0.04 mi straight-line (not a walking detour).<br/>Verification: Google Places lists this as a public restroom (operational); confirm access and hours on race day.<br/>Source: <a href="https://maps.google.com/?cid=6156416860337603385&g_mp=Cilnb29nbGUubWFwcy5wbGFjZXMudjEuUGxhY2VzLlNlYXJjaE5lYXJieRACGAQgAA">official / current listing</a>]]></description>
      <styleUrl>#placesRestroom</styleUrl>
      <Point><coordinates>-118.1104491,33.7578622,0</coordinates></Point>
    </Placemark>
    <Placemark><name>Circle K</name>
      <description><![CDATA[Priority 1: Places-listed public restroom.<br/>Address: 17222 Pacific Coast Hwy, Huntington Beach, CA 92649, USA<br/>Approximate runner mile: 44.4.<br/>Nearest runner geometry: approximately 0.04 mi straight-line (not a walking detour).<br/>Verification: Google Places lists this as a public restroom (operational); confirm access and hours on race day.<br/>Source: <a href="https://maps.google.com/?cid=5890113699535735752&g_mp=Cilnb29nbGUubWFwcy5wbGFjZXMudjEuUGxhY2VzLlNlYXJjaE5lYXJieRACGAQgAA">official / current listing</a>]]></description>
      <styleUrl>#placesRestroom</styleUrl>
      <Point><coordinates>-118.0629959,33.712131500000005,0</coordinates></Point>
    </Placemark>
    <Placemark><name>Circle K</name>
      <description><![CDATA[Priority 1: Places-listed public restroom.<br/>Address: 600 Avenida Pico, San Clemente, CA 92673, USA<br/>Approximate runner mile: 77.9.<br/>Nearest runner geometry: approximately 0.48 mi straight-line (not a walking detour).<br/>Verification: Google Places lists this as a public restroom (operational); confirm access and hours on race day.<br/>Source: <a href="https://maps.google.com/?cid=11242468096892777005&g_mp=Cilnb29nbGUubWFwcy5wbGFjZXMudjEuUGxhY2VzLlNlYXJjaE5lYXJieRACGAQgAA">official / current listing</a>]]></description>
      <styleUrl>#placesRestroom</styleUrl>
      <Point><coordinates>-117.62085099999999,33.4390046,0</coordinates></Point>
    </Placemark>
    <Placemark><name>Circle K | Car Wash</name>
      <description><![CDATA[Priority 1: Places-listed public restroom.<br/>Address: 6401 E Pacific Coast Hwy, Long Beach, CA 90803, USA<br/>Approximate runner mile: 40.0.<br/>Nearest runner geometry: approximately 0.04 mi straight-line (not a walking detour).<br/>Verification: Google Places lists this as a public restroom (operational); confirm access and hours on race day.<br/>Source: <a href="https://maps.google.com/?cid=15064835125483468187&g_mp=Cilnb29nbGUubWFwcy5wbGFjZXMudjEuUGxhY2VzLlNlYXJjaE5lYXJieRACGAQgAA">official / current listing</a>]]></description>
      <styleUrl>#placesRestroom</styleUrl>
      <Point><coordinates>-118.11039009999999,33.757768899999995,0</coordinates></Point>
    </Placemark>
    <Placemark><name>Civic Center Public Bathroom</name>
      <description><![CDATA[Priority 1: Places-listed public restroom.<br/>Address: 11th St, Del Mar, CA 92014, USA<br/>Approximate runner mile: 100.9.<br/>Nearest runner geometry: approximately 0.03 mi straight-line (not a walking detour).<br/>Verification: Google Places lists this as a public restroom (operational); confirm access and hours on race day.<br/>Source: <a href="https://maps.google.com/?cid=5775191061252880231&g_mp=Cilnb29nbGUubWFwcy5wbGFjZXMudjEuUGxhY2VzLlNlYXJjaE5lYXJieRACGAQgAA">official / current listing</a>]]></description>
      <styleUrl>#placesRestroom</styleUrl>
      <Point><coordinates>-117.26389519999998,32.9547045,0</coordinates></Point>
    </Placemark>
    <Placemark><name>Crystal Cove Restroom #5</name>
      <description><![CDATA[Priority 1: Places-listed public restroom.<br/>Address: Coast-Reef Point, Newport Beach, CA 92657, USA<br/>Approximate runner mile: 61.9.<br/>Nearest runner geometry: approximately 0.05 mi straight-line (not a walking detour).<br/>Verification: Google Places lists this as a public restroom (operational); confirm access and hours on race day.<br/>Source: <a href="https://maps.google.com/?cid=14977356287886618251&g_mp=Cilnb29nbGUubWFwcy5wbGFjZXMudjEuUGxhY2VzLlNlYXJjaE5lYXJieRACGAQgAA">official / current listing</a>]]></description>
      <styleUrl>#placesRestroom</styleUrl>
      <Point><coordinates>-117.83,33.565703,0</coordinates></Point>
    </Placemark>
    <Placemark><name>Crystal Cove Restroom #6</name>
      <description><![CDATA[Priority 1: Places-listed public restroom.<br/>Address: 7408 N Coast Hwy, Newport Beach, CA 92657, USA<br/>Approximate runner mile: 61.9.<br/>Nearest runner geometry: approximately 0.01 mi straight-line (not a walking detour).<br/>Verification: Google Places lists this as a public restroom (operational); confirm access and hours on race day.<br/>Source: <a href="https://maps.google.com/?cid=13320195517038189996&g_mp=Cilnb29nbGUubWFwcy5wbGFjZXMudjEuUGxhY2VzLlNlYXJjaE5lYXJieRACGAQgAA">official / current listing</a>]]></description>
      <styleUrl>#placesRestroom</styleUrl>
      <Point><coordinates>-117.828617,33.5655408,0</coordinates></Point>
    </Placemark>
    <Placemark><name>Culver Slauson Recreation Center Public Restrooms</name>
      <description><![CDATA[Priority 1: Places-listed public restroom.<br/>Address: Los Angeles, CA 90230, USA<br/>Approximate runner mile: 6.4.<br/>Nearest runner geometry: approximately 0.24 mi straight-line (not a walking detour).<br/>Verification: Google Places lists this as a public restroom (operational); confirm access and hours on race day.<br/>Source: <a href="https://maps.google.com/?cid=3801029355980496345&g_mp=Cilnb29nbGUubWFwcy5wbGFjZXMudjEuUGxhY2VzLlNlYXJjaE5lYXJieRACGAQgAA">official / current listing</a>]]></description>
      <styleUrl>#placesRestroom</styleUrl>
      <Point><coordinates>-118.40609649999999,33.993756,0</coordinates></Point>
    </Placemark>
    <Placemark><name>Del Mar Dog Beach North, portable toilet</name>
      <description><![CDATA[Priority 1: Places-listed public restroom.<br/>Address: Dog Bch, 3902 29th St, Del Mar, CA 92014, USA<br/>Approximate runner mile: 99.1.<br/>Nearest runner geometry: approximately 0.01 mi straight-line (not a walking detour).<br/>Verification: Google Places lists this as a public restroom (operational); confirm access and hours on race day.<br/>Source: <a href="https://maps.google.com/?cid=12480518980911335037&g_mp=Cilnb29nbGUubWFwcy5wbGFjZXMudjEuUGxhY2VzLlNlYXJjaE5lYXJieRACGAQgAA">official / current listing</a>]]></description>
      <styleUrl>#placesRestroom</styleUrl>
      <Point><coordinates>-117.2695919,32.9779829,0</coordinates></Point>
    </Placemark>
    <Placemark><name>Doheny State Beach — North Day-Use restrooms</name>
      <description><![CDATA[Priority 1: Official beach restroom.<br/>Address: 25300 Dana Point Harbor Dr, Dana Point, CA 92629<br/>Approximate runner mile: 73.6.<br/>Nearest runner geometry: approximately 0.25 mi straight-line (not a walking detour).<br/>Verification: California State Parks lists accessible restrooms and outdoor rinsing showers in the day-use area.<br/>Source: <a href="https://www.parks.ca.gov/AccessibleFeatures/Details/645">official / current listing</a>]]></description>
      <styleUrl>#beachRestroom</styleUrl>
      <Point><coordinates>-117.6854,33.4606,0</coordinates></Point>
    </Placemark>
    <Placemark><name>Edward Vincent Jr Park Public Restrooms 2</name>
      <description><![CDATA[Priority 1: Places-listed public restroom.<br/>Address: 700 Warren Ln, Inglewood, CA 90302, USA<br/>Approximate runner mile: 11.2.<br/>Nearest runner geometry: approximately 0.77 mi straight-line (not a walking detour).<br/>Verification: Google Places lists this as a public restroom (operational); confirm access and hours on race day.<br/>Source: <a href="https://maps.google.com/?cid=1797230262068981023&g_mp=Cilnb29nbGUubWFwcy5wbGFjZXMudjEuUGxhY2VzLlNlYXJjaE5lYXJieRACGAQgAA">official / current listing</a>]]></description>
      <styleUrl>#placesRestroom</styleUrl>
      <Point><coordinates>-118.34421149999999,33.972372299999996,0</coordinates></Point>
    </Placemark>
    <Placemark><name>Edward Vincent Jr Park Public Restrooms 3</name>
      <description><![CDATA[Priority 1: Places-listed public restroom.<br/>Address: Inglewood, CA 90302, USA<br/>Approximate runner mile: 11.2.<br/>Nearest runner geometry: approximately 0.92 mi straight-line (not a walking detour).<br/>Verification: Google Places lists this as a public restroom (operational); confirm access and hours on race day.<br/>Source: <a href="https://maps.google.com/?cid=2028711956107703583&g_mp=Cilnb29nbGUubWFwcy5wbGFjZXMudjEuUGxhY2VzLlNlYXJjaE5lYXJieRACGAQgAA">official / current listing</a>]]></description>
      <styleUrl>#placesRestroom</styleUrl>
      <Point><coordinates>-118.3432744,33.9743687,0</coordinates></Point>
    </Placemark>
    <Placemark><name>El Marino Park - Bathrooms</name>
      <description><![CDATA[Priority 1: Places-listed public restroom.<br/>Address: 5301 Berryman Ave, Culver City, CA 90230, USA<br/>Approximate runner mile: 6.7.<br/>Nearest runner geometry: approximately 0.40 mi straight-line (not a walking detour).<br/>Verification: Google Places lists this as a public restroom (operational); confirm access and hours on race day.<br/>Source: <a href="https://maps.google.com/?cid=15350967096396005768&g_mp=Cilnb29nbGUubWFwcy5wbGFjZXMudjEuUGxhY2VzLlNlYXJjaE5lYXJieRACGAQgAA">official / current listing</a>]]></description>
      <styleUrl>#placesRestroom</styleUrl>
      <Point><coordinates>-118.3998631,33.9927251,0</coordinates></Point>
    </Placemark>
    <Placemark><name>Family Room</name>
      <description><![CDATA[Priority 1: Places-listed public restroom.<br/>Address: Santa Monica, CA 90401, USA<br/>Approximate runner mile: 0.1.<br/>Nearest runner geometry: approximately 0.17 mi straight-line (not a walking detour).<br/>Verification: Google Places lists this as a public restroom (operational); confirm access and hours on race day.<br/>Source: <a href="https://maps.google.com/?cid=2020264779460274897&g_mp=Cilnb29nbGUubWFwcy5wbGFjZXMudjEuUGxhY2VzLlNlYXJjaE5lYXJieRACGAQgAA">official / current listing</a>]]></description>
      <styleUrl>#placesRestroom</styleUrl>
      <Point><coordinates>-118.49460189999999,34.0138016,0</coordinates></Point>
    </Placemark>
    <Placemark><name>Family lounge</name>
      <description><![CDATA[Priority 1: Places-listed public restroom.<br/>Address: 5610 Paseo Del Norte Ste 117, Carlsbad, CA 92008, USA<br/>Approximate runner mile: 88.3.<br/>Nearest runner geometry: approximately 0.47 mi straight-line (not a walking detour).<br/>Verification: Google Places lists this as a public restroom (operational); confirm access and hours on race day.<br/>Source: <a href="https://maps.google.com/?cid=10418657262252545228&g_mp=Cilnb29nbGUubWFwcy5wbGFjZXMudjEuUGxhY2VzLlNlYXJjaE5lYXJieRACGAQgAA">official / current listing</a>]]></description>
      <styleUrl>#placesRestroom</styleUrl>
      <Point><coordinates>-117.32053239999999,33.1268019,0</coordinates></Point>
    </Placemark>
    <Placemark><name>Female Bathroom</name>
      <description><![CDATA[Priority 1: Places-listed public restroom.<br/>Address: Santa Monica, CA 90401, USA<br/>Approximate runner mile: 0.2.<br/>Nearest runner geometry: approximately 0.06 mi straight-line (not a walking detour).<br/>Verification: Google Places lists this as a public restroom (operational); confirm access and hours on race day.<br/>Source: <a href="https://maps.google.com/?cid=9827224638161594029&g_mp=Cilnb29nbGUubWFwcy5wbGFjZXMudjEuUGxhY2VzLlNlYXJjaE5lYXJieRACGAQgAA">official / current listing</a>]]></description>
      <styleUrl>#placesRestroom</styleUrl>
      <Point><coordinates>-118.49400310000001,34.011778299999996,0</coordinates></Point>
    </Placemark>
    <Placemark><name>Female Bathroom</name>
      <description><![CDATA[Priority 1: Places-listed public restroom.<br/>Address: 1520 2nd St, Santa Monica, CA 90401, USA<br/>Approximate runner mile: 0.1.<br/>Nearest runner geometry: approximately 0.11 mi straight-line (not a walking detour).<br/>Verification: Google Places lists this as a public restroom (operational); confirm access and hours on race day.<br/>Source: <a href="https://maps.google.com/?cid=5950607673834456670&g_mp=Cilnb29nbGUubWFwcy5wbGFjZXMudjEuUGxhY2VzLlNlYXJjaE5lYXJieRACGAQgAA">official / current listing</a>]]></description>
      <styleUrl>#placesRestroom</styleUrl>
      <Point><coordinates>-118.49512650000001,34.0129799,0</coordinates></Point>
    </Placemark>
    <Placemark><name>Female Bathroom</name>
      <description><![CDATA[Priority 1: Places-listed public restroom.<br/>Address: 1415 Ocean Ave, Santa Monica, CA 90401, USA<br/>Approximate runner mile: 0.1.<br/>Nearest runner geometry: approximately 0.22 mi straight-line (not a walking detour).<br/>Verification: Google Places lists this as a public restroom (operational); confirm access and hours on race day.<br/>Source: <a href="https://maps.google.com/?cid=12422984975547163172&g_mp=Cilnb29nbGUubWFwcy5wbGFjZXMudjEuUGxhY2VzLlNlYXJjaE5lYXJieRACGAQgAA">official / current listing</a>]]></description>
      <styleUrl>#placesRestroom</styleUrl>
      <Point><coordinates>-118.4972109,34.013906399999996,0</coordinates></Point>
    </Placemark>
    <Placemark><name>Female Bathroom</name>
      <description><![CDATA[Priority 1: Places-listed public restroom.<br/>Address: 1401 Ocean Ave, Santa Monica, CA 90401, USA<br/>Approximate runner mile: 0.1.<br/>Nearest runner geometry: approximately 0.24 mi straight-line (not a walking detour).<br/>Verification: Google Places lists this as a public restroom (operational); confirm access and hours on race day.<br/>Source: <a href="https://maps.google.com/?cid=10121315398187084775&g_mp=Cilnb29nbGUubWFwcy5wbGFjZXMudjEuUGxhY2VzLlNlYXJjaE5lYXJieRACGAQgAA">official / current listing</a>]]></description>
      <styleUrl>#placesRestroom</styleUrl>
      <Point><coordinates>-118.4974928,34.0141584,0</coordinates></Point>
    </Placemark>
    <Placemark><name>Female Bathroom</name>
      <description><![CDATA[Priority 1: Places-listed public restroom.<br/>Address: 1301 Ocean Ave Ste 700, Santa Monica, CA 90401, USA<br/>Approximate runner mile: 0.1.<br/>Nearest runner geometry: approximately 0.37 mi straight-line (not a walking detour).<br/>Verification: Google Places lists this as a public restroom (operational); confirm access and hours on race day.<br/>Source: <a href="https://maps.google.com/?cid=11694269817624156115&g_mp=Cilnb29nbGUubWFwcy5wbGFjZXMudjEuUGxhY2VzLlNlYXJjaE5lYXJieRACGAQgAA">official / current listing</a>]]></description>
      <styleUrl>#placesRestroom</styleUrl>
      <Point><coordinates>-118.49918629999999,34.0153762,0</coordinates></Point>
    </Placemark>
    <Placemark><name>Female Bathroom</name>
      <description><![CDATA[Priority 1: Places-listed public restroom.<br/>Address: US-PLV-H17, Bluff Creek Dr, Playa Vista, CA 90094, USA<br/>Approximate runner mile: 7.2.<br/>Nearest runner geometry: approximately 0.69 mi straight-line (not a walking detour).<br/>Verification: Google Places lists this as a public restroom (operational); confirm access and hours on race day.<br/>Source: <a href="https://maps.google.com/?cid=274084319250570505&g_mp=Cilnb29nbGUubWFwcy5wbGFjZXMudjEuUGxhY2VzLlNlYXJjaE5lYXJieRACGAQgAA">official / current listing</a>]]></description>
      <styleUrl>#placesRestroom</styleUrl>
      <Point><coordinates>-118.4075075,33.9766986,0</coordinates></Point>
    </Placemark>
    <Placemark><name>Female Bathroom</name>
      <description><![CDATA[Priority 1: Places-listed public restroom.<br/>Address: 6000 Sepulveda Blvd, Culver City, CA 90230, USA<br/>Approximate runner mile: 7.2.<br/>Nearest runner geometry: approximately 0.23 mi straight-line (not a walking detour).<br/>Verification: Google Places lists this as a public restroom (operational); confirm access and hours on race day.<br/>Source: <a href="https://maps.google.com/?cid=8230403394443989232&g_mp=Cilnb29nbGUubWFwcy5wbGFjZXMudjEuUGxhY2VzLlNlYXJjaE5lYXJieRACGAQgAA">official / current listing</a>]]></description>
      <styleUrl>#placesRestroom</styleUrl>
      <Point><coordinates>-118.3950466,33.9853559,0</coordinates></Point>
    </Placemark>
    <Placemark><name>Female Bathroom</name>
      <description><![CDATA[Priority 1: Places-listed public restroom.<br/>Address: Culver City, CA 90230, USA<br/>Approximate runner mile: 7.3.<br/>Nearest runner geometry: approximately 0.19 mi straight-line (not a walking detour).<br/>Verification: Google Places lists this as a public restroom (operational); confirm access and hours on race day.<br/>Source: <a href="https://maps.google.com/?cid=3310097239033222709&g_mp=Cilnb29nbGUubWFwcy5wbGFjZXMudjEuUGxhY2VzLlNlYXJjaE5lYXJieRACGAQgAA">official / current listing</a>]]></description>
      <styleUrl>#placesRestroom</styleUrl>
      <Point><coordinates>-118.39493300000001,33.984562,0</coordinates></Point>
    </Placemark>
    <Placemark><name>Female Bathroom</name>
      <description><![CDATA[Priority 1: Places-listed public restroom.<br/>Address: Culver City, CA 90230, USA<br/>Approximate runner mile: 7.3.<br/>Nearest runner geometry: approximately 0.26 mi straight-line (not a walking detour).<br/>Verification: Google Places lists this as a public restroom (operational); confirm access and hours on race day.<br/>Source: <a href="https://maps.google.com/?cid=17941988435019241502&g_mp=Cilnb29nbGUubWFwcy5wbGFjZXMudjEuUGxhY2VzLlNlYXJjaE5lYXJieRACGAQgAA">official / current listing</a>]]></description>
      <styleUrl>#placesRestroom</styleUrl>
      <Point><coordinates>-118.3941114,33.985248,0</coordinates></Point>
    </Placemark>
    <Placemark><name>Female Bathroom</name>
      <description><![CDATA[Priority 1: Places-listed public restroom.<br/>Address: Culver City, CA 90230, USA<br/>Approximate runner mile: 7.3.<br/>Nearest runner geometry: approximately 0.27 mi straight-line (not a walking detour).<br/>Verification: Google Places lists this as a public restroom (operational); confirm access and hours on race day.<br/>Source: <a href="https://maps.google.com/?cid=5570882294761321173&g_mp=Cilnb29nbGUubWFwcy5wbGFjZXMudjEuUGxhY2VzLlNlYXJjaE5lYXJieRACGAQgAA">official / current listing</a>]]></description>
      <styleUrl>#placesRestroom</styleUrl>
      <Point><coordinates>-118.3938204,33.9853559,0</coordinates></Point>
    </Placemark>
    <Placemark><name>Female Bathroom</name>
      <description><![CDATA[Priority 1: Places-listed public restroom.<br/>Address: Los Angeles, CA 90045, USA<br/>Approximate runner mile: 7.6.<br/>Nearest runner geometry: approximately 0.07 mi straight-line (not a walking detour).<br/>Verification: Google Places lists this as a public restroom (operational); confirm access and hours on race day.<br/>Source: <a href="https://maps.google.com/?cid=17414759731074997269&g_mp=Cilnb29nbGUubWFwcy5wbGFjZXMudjEuUGxhY2VzLlNlYXJjaE5lYXJieRACGAQgAA">official / current listing</a>]]></description>
      <styleUrl>#placesRestroom</styleUrl>
      <Point><coordinates>-118.39311289999999,33.9786699,0</coordinates></Point>
    </Placemark>
    <Placemark><name>Female Bathroom</name>
      <description><![CDATA[Priority 1: Places-listed public restroom.<br/>Address: Los Angeles, CA 90003, USA<br/>Approximate runner mile: 15.6.<br/>Nearest runner geometry: approximately 1.00 mi straight-line (not a walking detour).<br/>Verification: Google Places lists this as a public restroom (operational); confirm access and hours on race day.<br/>Source: <a href="https://maps.google.com/?cid=8433172998994313092&g_mp=Cilnb29nbGUubWFwcy5wbGFjZXMudjEuUGxhY2VzLlNlYXJjaE5lYXJieRACGAQgAA">official / current listing</a>]]></description>
      <styleUrl>#placesRestroom</styleUrl>
      <Point><coordinates>-118.27452579999998,33.9743777,0</coordinates></Point>
    </Placemark>
    <Placemark><name>Female Bathroom</name>
      <description><![CDATA[Priority 1: Places-listed public restroom.<br/>Address: Signal Hill, CA 90755, USA<br/>Approximate runner mile: 35.5.<br/>Nearest runner geometry: approximately 0.48 mi straight-line (not a walking detour).<br/>Verification: Google Places lists this as a public restroom (operational); confirm access and hours on race day.<br/>Source: <a href="https://maps.google.com/?cid=12544628898821053898&g_mp=Cilnb29nbGUubWFwcy5wbGFjZXMudjEuUGxhY2VzLlNlYXJjaE5lYXJieRACGAQgAA">official / current listing</a>]]></description>
      <styleUrl>#placesRestroom</styleUrl>
      <Point><coordinates>-118.1695739,33.7967128,0</coordinates></Point>
    </Placemark>
    <Placemark><name>Female Bathroom</name>
      <description><![CDATA[Priority 1: Places-listed public restroom.<br/>Address: Huntington Beach, CA 92649, USA<br/>Approximate runner mile: 43.6.<br/>Nearest runner geometry: approximately 0.02 mi straight-line (not a walking detour).<br/>Verification: Google Places lists this as a public restroom (operational); confirm access and hours on race day.<br/>Source: <a href="https://maps.google.com/?cid=16462674091597073163&g_mp=Cilnb29nbGUubWFwcy5wbGFjZXMudjEuUGxhY2VzLlNlYXJjaE5lYXJieRACGAQgAA">official / current listing</a>]]></description>
      <styleUrl>#placesRestroom</styleUrl>
      <Point><coordinates>-118.07323590000001,33.7206459,0</coordinates></Point>
    </Placemark>
    <Placemark><name>Female Bathroom</name>
      <description><![CDATA[Priority 1: Places-listed public restroom.<br/>Address: North Wing Guestrooms, Dana Point, CA 92629, USA<br/>Approximate runner mile: 70.7.<br/>Nearest runner geometry: approximately 0.28 mi straight-line (not a walking detour).<br/>Verification: Google Places lists this as a public restroom (operational); confirm access and hours on race day.<br/>Source: <a href="https://maps.google.com/?cid=8289197075749660216&g_mp=Cilnb29nbGUubWFwcy5wbGFjZXMudjEuUGxhY2VzLlNlYXJjaE5lYXJieRACGAQgAA">official / current listing</a>]]></description>
      <styleUrl>#placesRestroom</styleUrl>
      <Point><coordinates>-117.71595190000001,33.4825869,0</coordinates></Point>
    </Placemark>
    <Placemark><name>Female Bathroom</name>
      <description><![CDATA[Priority 1: Places-listed public restroom.<br/>Address: Dana Point, CA 92629, USA<br/>Approximate runner mile: 70.7.<br/>Nearest runner geometry: approximately 0.28 mi straight-line (not a walking detour).<br/>Verification: Google Places lists this as a public restroom (operational); confirm access and hours on race day.<br/>Source: <a href="https://maps.google.com/?cid=2454988626911254456&g_mp=Cilnb29nbGUubWFwcy5wbGFjZXMudjEuUGxhY2VzLlNlYXJjaE5lYXJieRACGAQgAA">official / current listing</a>]]></description>
      <styleUrl>#placesRestroom</styleUrl>
      <Point><coordinates>-117.71592899999999,33.4824511,0</coordinates></Point>
    </Placemark>
    <Placemark><name>Female Bathroom</name>
      <description><![CDATA[Priority 1: Places-listed public restroom.<br/>Address: Dana Point, CA 92629, USA<br/>Approximate runner mile: 70.8.<br/>Nearest runner geometry: approximately 0.25 mi straight-line (not a walking detour).<br/>Verification: Google Places lists this as a public restroom (operational); confirm access and hours on race day.<br/>Source: <a href="https://maps.google.com/?cid=5918905240489315718&g_mp=Cilnb29nbGUubWFwcy5wbGFjZXMudjEuUGxhY2VzLlNlYXJjaE5lYXJieRACGAQgAA">official / current listing</a>]]></description>
      <styleUrl>#placesRestroom</styleUrl>
      <Point><coordinates>-117.7161122,33.482063499999995,0</coordinates></Point>
    </Placemark>
    <Placemark><name>Female Bathroom</name>
      <description><![CDATA[Priority 1: Places-listed public restroom.<br/>Address: Dana Point, CA 92629, USA<br/>Approximate runner mile: 70.8.<br/>Nearest runner geometry: approximately 0.26 mi straight-line (not a walking detour).<br/>Verification: Google Places lists this as a public restroom (operational); confirm access and hours on race day.<br/>Source: <a href="https://maps.google.com/?cid=17630191971274047943&g_mp=Cilnb29nbGUubWFwcy5wbGFjZXMudjEuUGxhY2VzLlNlYXJjaE5lYXJieRACGAQgAA">official / current listing</a>]]></description>
      <styleUrl>#placesRestroom</styleUrl>
      <Point><coordinates>-117.7157915,33.4816967,0</coordinates></Point>
    </Placemark>
    <Placemark><name>Female Bathroom</name>
      <description><![CDATA[Priority 1: Places-listed public restroom.<br/>Address: Dana Point, CA 92629, USA<br/>Approximate runner mile: 70.8.<br/>Nearest runner geometry: approximately 0.26 mi straight-line (not a walking detour).<br/>Verification: Google Places lists this as a public restroom (operational); confirm access and hours on race day.<br/>Source: <a href="https://maps.google.com/?cid=15808464618016297411&g_mp=Cilnb29nbGUubWFwcy5wbGFjZXMudjEuUGxhY2VzLlNlYXJjaE5lYXJieRACGAQgAA">official / current listing</a>]]></description>
      <styleUrl>#placesRestroom</styleUrl>
      <Point><coordinates>-117.7157743,33.4816958,0</coordinates></Point>
    </Placemark>
    <Placemark><name>Female Bathroom</name>
      <description><![CDATA[Priority 1: Places-listed public restroom.<br/>Address: Oceanside, CA 92054, USA<br/>Approximate runner mile: 81.7.<br/>Nearest runner geometry: approximately 0.03 mi straight-line (not a walking detour).<br/>Verification: Google Places lists this as a public restroom (operational); confirm access and hours on race day.<br/>Source: <a href="https://maps.google.com/?cid=17801826452123005601&g_mp=Cilnb29nbGUubWFwcy5wbGFjZXMudjEuUGxhY2VzLlNlYXJjaE5lYXJieRACGAQgAA">official / current listing</a>]]></description>
      <styleUrl>#placesRestroom</styleUrl>
      <Point><coordinates>-117.3839218,33.2031792,0</coordinates></Point>
    </Placemark>
    <Placemark><name>Female Bathroom</name>
      <description><![CDATA[Priority 1: Places-listed public restroom.<br/>Address: Oceanside, CA 92054, USA<br/>Approximate runner mile: 81.8.<br/>Nearest runner geometry: approximately 0.03 mi straight-line (not a walking detour).<br/>Verification: Google Places lists this as a public restroom (operational); confirm access and hours on race day.<br/>Source: <a href="https://maps.google.com/?cid=4496891899043431240&g_mp=Cilnb29nbGUubWFwcy5wbGFjZXMudjEuUGxhY2VzLlNlYXJjaE5lYXJieRACGAQgAA">official / current listing</a>]]></description>
      <styleUrl>#placesRestroom</styleUrl>
      <Point><coordinates>-117.38395050000001,33.2026398,0</coordinates></Point>
    </Placemark>
    <Placemark><name>Female Bathroom</name>
      <description><![CDATA[Priority 1: Places-listed public restroom.<br/>Address: Oceanside, CA 92054, USA<br/>Approximate runner mile: 82.2.<br/>Nearest runner geometry: approximately 0.02 mi straight-line (not a walking detour).<br/>Verification: Google Places lists this as a public restroom (operational); confirm access and hours on race day.<br/>Source: <a href="https://maps.google.com/?cid=10780573331077309424&g_mp=Cilnb29nbGUubWFwcy5wbGFjZXMudjEuUGxhY2VzLlNlYXJjaE5lYXJieRACGAQgAA">official / current listing</a>]]></description>
      <styleUrl>#placesRestroom</styleUrl>
      <Point><coordinates>-117.38058540000002,33.1976021,0</coordinates></Point>
    </Placemark>
    <Placemark><name>Female Bathroom</name>
      <description><![CDATA[Priority 1: Places-listed public restroom.<br/>Address: Oceanside, CA 92054, USA<br/>Approximate runner mile: 82.2.<br/>Nearest runner geometry: approximately 0.04 mi straight-line (not a walking detour).<br/>Verification: Google Places lists this as a public restroom (operational); confirm access and hours on race day.<br/>Source: <a href="https://maps.google.com/?cid=14003569650481413071&g_mp=Cilnb29nbGUubWFwcy5wbGFjZXMudjEuUGxhY2VzLlNlYXJjaE5lYXJieRACGAQgAA">official / current listing</a>]]></description>
      <styleUrl>#placesRestroom</styleUrl>
      <Point><coordinates>-117.3802096,33.197693799999996,0</coordinates></Point>
    </Placemark>
    <Placemark><name>Female Bathroom</name>
      <description><![CDATA[Priority 1: Places-listed public restroom.<br/>Address: Oceanside, CA 92054, USA<br/>Approximate runner mile: 82.2.<br/>Nearest runner geometry: approximately 0.03 mi straight-line (not a walking detour).<br/>Verification: Google Places lists this as a public restroom (operational); confirm access and hours on race day.<br/>Source: <a href="https://maps.google.com/?cid=9064338039529815341&g_mp=Cilnb29nbGUubWFwcy5wbGFjZXMudjEuUGxhY2VzLlNlYXJjaE5lYXJieRACGAQgAA">official / current listing</a>]]></description>
      <styleUrl>#placesRestroom</styleUrl>
      <Point><coordinates>-117.38038169999999,33.197551499999996,0</coordinates></Point>
    </Placemark>
    <Placemark><name>Female Bathroom</name>
      <description><![CDATA[Priority 1: Places-listed public restroom.<br/>Address: 704 Pier View Wy, Oceanside, CA 92054, USA<br/>Approximate runner mile: 82.2.<br/>Nearest runner geometry: approximately 0.14 mi straight-line (not a walking detour).<br/>Verification: Google Places lists this as a public restroom (operational); confirm access and hours on race day.<br/>Source: <a href="https://maps.google.com/?cid=4659709545902532972&g_mp=Cilnb29nbGUubWFwcy5wbGFjZXMudjEuUGxhY2VzLlNlYXJjaE5lYXJieRACGAQgAA">official / current listing</a>]]></description>
      <styleUrl>#placesRestroom</styleUrl>
      <Point><coordinates>-117.37866619999998,33.19819700000001,0</coordinates></Point>
    </Placemark>
    <Placemark><name>Female Bathroom</name>
      <description><![CDATA[Priority 1: Places-listed public restroom.<br/>Address: 704 Pier View Wy, Oceanside, CA 92054, USA<br/>Approximate runner mile: 82.2.<br/>Nearest runner geometry: approximately 0.13 mi straight-line (not a walking detour).<br/>Verification: Google Places lists this as a public restroom (operational); confirm access and hours on race day.<br/>Source: <a href="https://maps.google.com/?cid=15595242248369752405&g_mp=Cilnb29nbGUubWFwcy5wbGFjZXMudjEuUGxhY2VzLlNlYXJjaE5lYXJieRACGAQgAA">official / current listing</a>]]></description>
      <styleUrl>#placesRestroom</styleUrl>
      <Point><coordinates>-117.37878669999999,33.198041599999996,0</coordinates></Point>
    </Placemark>
    <Placemark><name>Female Bathroom</name>
      <description><![CDATA[Priority 1: Places-listed public restroom.<br/>Address: Oceanside, CA 92054, USA<br/>Approximate runner mile: 82.4.<br/>Nearest runner geometry: approximately 0.02 mi straight-line (not a walking detour).<br/>Verification: Google Places lists this as a public restroom (operational); confirm access and hours on race day.<br/>Source: <a href="https://maps.google.com/?cid=7450645917665250764&g_mp=Cilnb29nbGUubWFwcy5wbGFjZXMudjEuUGxhY2VzLlNlYXJjaE5lYXJieRACGAQgAA">official / current listing</a>]]></description>
      <styleUrl>#placesRestroom</styleUrl>
      <Point><coordinates>-117.37962440000001,33.195468600000005,0</coordinates></Point>
    </Placemark>
    <Placemark><name>Female Bathroom</name>
      <description><![CDATA[Priority 1: Places-listed public restroom.<br/>Address: Oceanside, CA 92054, USA<br/>Approximate runner mile: 82.3.<br/>Nearest runner geometry: approximately 0.01 mi straight-line (not a walking detour).<br/>Verification: Google Places lists this as a public restroom (operational); confirm access and hours on race day.<br/>Source: <a href="https://maps.google.com/?cid=4864724923290726398&g_mp=Cilnb29nbGUubWFwcy5wbGFjZXMudjEuUGxhY2VzLlNlYXJjaE5lYXJieRACGAQgAA">official / current listing</a>]]></description>
      <styleUrl>#placesRestroom</styleUrl>
      <Point><coordinates>-117.38026980000001,33.1964493,0</coordinates></Point>
    </Placemark>
    <Placemark><name>Female Bathroom</name>
      <description><![CDATA[Priority 1: Places-listed public restroom.<br/>Address: 312 Pier View Wy, Oceanside, CA 92054, USA<br/>Approximate runner mile: 82.2.<br/>Nearest runner geometry: approximately 0.07 mi straight-line (not a walking detour).<br/>Verification: Google Places lists this as a public restroom (operational); confirm access and hours on race day.<br/>Source: <a href="https://maps.google.com/?cid=5733574379584922981&g_mp=Cilnb29nbGUubWFwcy5wbGFjZXMudjEuUGxhY2VzLlNlYXJjaE5lYXJieRACGAQgAA">official / current listing</a>]]></description>
      <styleUrl>#placesRestroom</styleUrl>
      <Point><coordinates>-117.38152919999999,33.1963457,0</coordinates></Point>
    </Placemark>
    <Placemark><name>Female Bathroom</name>
      <description><![CDATA[Priority 1: Places-listed public restroom.<br/>Address: 1404 Marshall St, Oceanside, CA 92054, USA<br/>Approximate runner mile: 83.6.<br/>Nearest runner geometry: approximately 0.31 mi straight-line (not a walking detour).<br/>Verification: Google Places lists this as a public restroom (operational); confirm access and hours on race day.<br/>Source: <a href="https://maps.google.com/?cid=1817815491171464074&g_mp=Cilnb29nbGUubWFwcy5wbGFjZXMudjEuUGxhY2VzLlNlYXJjaE5lYXJieRACGAQgAA">official / current listing</a>]]></description>
      <styleUrl>#placesRestroom</styleUrl>
      <Point><coordinates>-117.3629673,33.1837161,0</coordinates></Point>
    </Placemark>
    <Placemark><name>Female Bathroom</name>
      <description><![CDATA[Priority 1: Places-listed public restroom.<br/>Address: 5625 Paseo Del Norte, Carlsbad, CA 92008, USA<br/>Approximate runner mile: 88.3.<br/>Nearest runner geometry: approximately 0.32 mi straight-line (not a walking detour).<br/>Verification: Google Places lists this as a public restroom (operational); confirm access and hours on race day.<br/>Source: <a href="https://maps.google.com/?cid=4595504116290336627&g_mp=Cilnb29nbGUubWFwcy5wbGFjZXMudjEuUGxhY2VzLlNlYXJjaE5lYXJieRACGAQgAA">official / current listing</a>]]></description>
      <styleUrl>#placesRestroom</styleUrl>
      <Point><coordinates>-117.32250379999999,33.1244362,0</coordinates></Point>
    </Placemark>
    <Placemark><name>Female Bathroom</name>
      <description><![CDATA[Priority 1: Places-listed public restroom.<br/>Address: 5790 Armada Dr, Carlsbad, CA 92008, USA<br/>Approximate runner mile: 88.3.<br/>Nearest runner geometry: approximately 0.67 mi straight-line (not a walking detour).<br/>Verification: Google Places lists this as a public restroom (operational); confirm access and hours on race day.<br/>Source: <a href="https://maps.google.com/?cid=17466075629183263764&g_mp=Cilnb29nbGUubWFwcy5wbGFjZXMudjEuUGxhY2VzLlNlYXJjaE5lYXJieRACGAQgAA">official / current listing</a>]]></description>
      <styleUrl>#placesRestroom</styleUrl>
      <Point><coordinates>-117.31712609999998,33.127276800000004,0</coordinates></Point>
    </Placemark>
    <Placemark><name>Female Bathroom</name>
      <description><![CDATA[Priority 1: Places-listed public restroom.<br/>Address: Carlsbad, CA 92008, USA<br/>Approximate runner mile: 88.3.<br/>Nearest runner geometry: approximately 0.84 mi straight-line (not a walking detour).<br/>Verification: Google Places lists this as a public restroom (operational); confirm access and hours on race day.<br/>Source: <a href="https://maps.google.com/?cid=9511653077232036386&g_mp=Cilnb29nbGUubWFwcy5wbGFjZXMudjEuUGxhY2VzLlNlYXJjaE5lYXJieRACGAQgAA">official / current listing</a>]]></description>
      <styleUrl>#placesRestroom</styleUrl>
      <Point><coordinates>-117.31380890000001,33.1265515,0</coordinates></Point>
    </Placemark>
    <Placemark><name>Female Bathroom</name>
      <description><![CDATA[Priority 1: Places-listed public restroom.<br/>Address: Carlsbad, CA 92008, USA<br/>Approximate runner mile: 88.3.<br/>Nearest runner geometry: approximately 0.86 mi straight-line (not a walking detour).<br/>Verification: Google Places lists this as a public restroom (operational); confirm access and hours on race day.<br/>Source: <a href="https://maps.google.com/?cid=12285208416481213233&g_mp=Cilnb29nbGUubWFwcy5wbGFjZXMudjEuUGxhY2VzLlNlYXJjaE5lYXJieRACGAQgAA">official / current listing</a>]]></description>
      <styleUrl>#placesRestroom</styleUrl>
      <Point><coordinates>-117.31395419999998,33.1281697,0</coordinates></Point>
    </Placemark>
    <Placemark><name>Female Bathroom</name>
      <description><![CDATA[Priority 1: Places-listed public restroom.<br/>Address: Carlsbad, CA 92008, USA<br/>Approximate runner mile: 88.5.<br/>Nearest runner geometry: approximately 0.94 mi straight-line (not a walking detour).<br/>Verification: Google Places lists this as a public restroom (operational); confirm access and hours on race day.<br/>Source: <a href="https://maps.google.com/?cid=5246996375178440298&g_mp=Cilnb29nbGUubWFwcy5wbGFjZXMudjEuUGxhY2VzLlNlYXJjaE5lYXJieRACGAQgAA">official / current listing</a>]]></description>
      <styleUrl>#placesRestroom</styleUrl>
      <Point><coordinates>-117.31179360000002,33.1262158,0</coordinates></Point>
    </Placemark>
    <Placemark><name>Female Bathroom</name>
      <description><![CDATA[Priority 1: Places-listed public restroom.<br/>Address: Carlsbad, CA 92008, USA<br/>Approximate runner mile: 88.3.<br/>Nearest runner geometry: approximately 0.87 mi straight-line (not a walking detour).<br/>Verification: Google Places lists this as a public restroom (operational); confirm access and hours on race day.<br/>Source: <a href="https://maps.google.com/?cid=2037812106405000489&g_mp=Cilnb29nbGUubWFwcy5wbGFjZXMudjEuUGxhY2VzLlNlYXJjaE5lYXJieRACGAQgAA">official / current listing</a>]]></description>
      <styleUrl>#placesRestroom</styleUrl>
      <Point><coordinates>-117.3140497,33.1287962,0</coordinates></Point>
    </Placemark>
    <Placemark><name>Female Bathroom</name>
      <description><![CDATA[Priority 1: Places-listed public restroom.<br/>Address: San Diego, CA 92161, USA<br/>Approximate runner mile: 106.8.<br/>Nearest runner geometry: approximately 0.40 mi straight-line (not a walking detour).<br/>Verification: Google Places lists this as a public restroom (operational); confirm access and hours on race day.<br/>Source: <a href="https://maps.google.com/?cid=1767679851727795851&g_mp=Cilnb29nbGUubWFwcy5wbGFjZXMudjEuUGxhY2VzLlNlYXJjaE5lYXJieRACGAQgAA">official / current listing</a>]]></description>
      <styleUrl>#placesRestroom</styleUrl>
      <Point><coordinates>-117.2369244,32.8751542,0</coordinates></Point>
    </Placemark>
    <Placemark><name>Female Bathroom</name>
      <description><![CDATA[Priority 1: Places-listed public restroom.<br/>Address: San Diego, CA 92161, USA<br/>Approximate runner mile: 106.8.<br/>Nearest runner geometry: approximately 0.40 mi straight-line (not a walking detour).<br/>Verification: Google Places lists this as a public restroom (operational); confirm access and hours on race day.<br/>Source: <a href="https://maps.google.com/?cid=4565508895018729340&g_mp=Cilnb29nbGUubWFwcy5wbGFjZXMudjEuUGxhY2VzLlNlYXJjaE5lYXJieRACGAQgAA">official / current listing</a>]]></description>
      <styleUrl>#placesRestroom</styleUrl>
      <Point><coordinates>-117.2369244,32.8751542,0</coordinates></Point>
    </Placemark>
    <Placemark><name>Female Bathroom</name>
      <description><![CDATA[Priority 1: Places-listed public restroom.<br/>Address: San Diego, CA 92037, USA<br/>Approximate runner mile: 107.1.<br/>Nearest runner geometry: approximately 0.91 mi straight-line (not a walking detour).<br/>Verification: Google Places lists this as a public restroom (operational); confirm access and hours on race day.<br/>Source: <a href="https://maps.google.com/?cid=16069827348352885674&g_mp=Cilnb29nbGUubWFwcy5wbGFjZXMudjEuUGxhY2VzLlNlYXJjaE5lYXJieRACGAQgAA">official / current listing</a>]]></description>
      <styleUrl>#placesRestroom</styleUrl>
      <Point><coordinates>-117.2318487,32.8658834,0</coordinates></Point>
    </Placemark>
    <Placemark><name>Female Bathroom</name>
      <description><![CDATA[Priority 1: Places-listed public restroom.<br/>Address: San Diego, CA 92037, USA<br/>Approximate runner mile: 110.5.<br/>Nearest runner geometry: approximately 0.15 mi straight-line (not a walking detour).<br/>Verification: Google Places lists this as a public restroom (operational); confirm access and hours on race day.<br/>Source: <a href="https://maps.google.com/?cid=2962958434955890135&g_mp=Cilnb29nbGUubWFwcy5wbGFjZXMudjEuUGxhY2VzLlNlYXJjaE5lYXJieRACGAQgAA">official / current listing</a>]]></description>
      <styleUrl>#placesRestroom</styleUrl>
      <Point><coordinates>-117.2762055,32.8407704,0</coordinates></Point>
    </Placemark>
    <Placemark><name>Fletcher Cove public restrooms</name>
      <description><![CDATA[Priority 1: Official beach restroom.<br/>Address: 111 S Sierra Ave, Solana Beach, CA 92075<br/>Approximate runner mile: 98.0.<br/>Nearest runner geometry: approximately 0.16 mi straight-line (not a walking detour).<br/>Verification: City of Solana Beach identifies public facilities at Fletcher Cove; confirm hours and access.<br/>Source: <a href="https://www.cityofsolanabeach.org/enjoy-sb/beaches-parks/fletcher-cove">official / current listing</a>]]></description>
      <styleUrl>#beachRestroom</styleUrl>
      <Point><coordinates>-117.2746,32.9929,0</coordinates></Point>
    </Placemark>
    <Placemark><name>Glen Alla Park Public Restrooms</name>
      <description><![CDATA[Priority 1: Places-listed public restroom.<br/>Address: Marina Del Rey, CA 90292, USA<br/>Approximate runner mile: 4.2.<br/>Nearest runner geometry: approximately 0.82 mi straight-line (not a walking detour).<br/>Verification: Google Places lists this as a public restroom (operational); confirm access and hours on race day.<br/>Source: <a href="https://maps.google.com/?cid=9900144583228533398&g_mp=Cilnb29nbGUubWFwcy5wbGFjZXMudjEuUGxhY2VzLlNlYXJjaE5lYXJieRACGAQgAA">official / current listing</a>]]></description>
      <styleUrl>#placesRestroom</styleUrl>
      <Point><coordinates>-118.4315528,33.9846308,0</coordinates></Point>
    </Placemark>
    <Placemark><name>Huntington Beach public restrooms</name>
      <description><![CDATA[Priority 1: Places-listed public restroom.<br/>Address: 19913 Pacific Coast Hwy, Huntington Beach, CA 92648, USA<br/>Approximate runner mile: 47.7.<br/>Nearest runner geometry: approximately 0.01 mi straight-line (not a walking detour).<br/>Verification: Google Places lists this as a public restroom (operational); confirm access and hours on race day.<br/>Source: <a href="https://maps.google.com/?cid=2134682086668278786&g_mp=Cilnb29nbGUubWFwcy5wbGFjZXMudjEuUGxhY2VzLlNlYXJjaE5lYXJieRACGAQgAA">official / current listing</a>]]></description>
      <styleUrl>#placesRestroom</styleUrl>
      <Point><coordinates>-118.0274086,33.6756271,0</coordinates></Point>
    </Placemark>
    <Placemark><name>Huntington State Beach — Magnolia-area restrooms</name>
      <description><![CDATA[Priority 1: Official beach restroom.<br/>Address: Huntington State Beach near Magnolia St and Pacific Coast Hwy, Huntington Beach, CA 92646<br/>Approximate runner mile: 48.7.<br/>Nearest runner geometry: approximately 0.14 mi straight-line (not a walking detour).<br/>Verification: California State Parks lists restrooms and drinking fountains along the beach bike trail.<br/>Source: <a href="https://www.parks.ca.gov/AccessibleFeatures/Details/643">official / current listing</a>]]></description>
      <styleUrl>#beachRestroom</styleUrl>
      <Point><coordinates>-118.0128,33.6675,0</coordinates></Point>
    </Placemark>
    <Placemark><name>Huntington State Beach — southern trail restrooms</name>
      <description><![CDATA[Priority 1: Official beach restroom.<br/>Address: Huntington State Beach near Brookhurst St, Huntington Beach, CA 92646<br/>Approximate runner mile: 50.4.<br/>Nearest runner geometry: approximately 0.06 mi straight-line (not a walking detour).<br/>Verification: California State Parks lists restrooms and drinking fountains along the beach bike trail.<br/>Source: <a href="https://www.parks.ca.gov/AccessibleFeatures/Details/643">official / current listing</a>]]></description>
      <styleUrl>#beachRestroom</styleUrl>
      <Point><coordinates>-117.9916,33.6495,0</coordinates></Point>
    </Placemark>
    <Placemark><name>Jesse Owens Park Public Restrooms</name>
      <description><![CDATA[Priority 1: Places-listed public restroom.<br/>Address: Los Angeles, CA 90047, USA<br/>Approximate runner mile: 13.6.<br/>Nearest runner geometry: approximately 0.95 mi straight-line (not a walking detour).<br/>Verification: Google Places lists this as a public restroom (operational); confirm access and hours on race day.<br/>Source: <a href="https://maps.google.com/?cid=17501362540695441083&g_mp=Cilnb29nbGUubWFwcy5wbGFjZXMudjEuUGxhY2VzLlNlYXJjaE5lYXJieRACGAQgAA">official / current listing</a>]]></description>
      <styleUrl>#placesRestroom</styleUrl>
      <Point><coordinates>-118.30970409999999,33.946151,0</coordinates></Point>
    </Placemark>
    <Placemark><name>Kellogg Park / La Jolla Shores restrooms</name>
      <description><![CDATA[Priority 1: Official beach restroom.<br/>Address: 8300 Camino del Oro, La Jolla, CA 92037<br/>Approximate runner mile: 108.5.<br/>Nearest runner geometry: approximately 0.15 mi straight-line (not a walking detour).<br/>Verification: City of San Diego lists several restrooms with showers; published park hours are 4 a.m.–10 p.m.<br/>Source: <a href="https://www.sandiego.gov/park-and-recreation/parks/regional/shoreline/kelloggpark">official / current listing</a>]]></description>
      <styleUrl>#beachRestroom</styleUrl>
      <Point><coordinates>-117.2562,32.8578,0</coordinates></Point>
    </Placemark>
    <Placemark><name>La Jolla Cove public restrooms and showers</name>
      <description><![CDATA[Priority 1: Official beach restroom.<br/>Address: 1100 Coast Blvd, La Jolla, CA 92037<br/>Approximate runner mile: 109.8.<br/>Nearest runner geometry: approximately 0.38 mi straight-line (not a walking detour).<br/>Verification: City of San Diego lists restrooms and showers at La Jolla Cove.<br/>Source: <a href="https://www.sandiego.gov/lifeguards/beaches/cove">official / current listing</a>]]></description>
      <styleUrl>#beachRestroom</styleUrl>
      <Point><coordinates>-117.2723,32.8508,0</coordinates></Point>
    </Placemark>
    <Placemark><name>Lagoon Public Restrooms</name>
      <description><![CDATA[Priority 1: Places-listed public restroom.<br/>Address: 5059 E Colorado St, Long Beach, CA 90814, USA<br/>Approximate runner mile: 38.4.<br/>Nearest runner geometry: approximately 0.69 mi straight-line (not a walking detour).<br/>Verification: Google Places lists this as a public restroom (operational); confirm access and hours on race day.<br/>Source: <a href="https://maps.google.com/?cid=11256733437078492894&g_mp=Cilnb29nbGUubWFwcy5wbGFjZXMudjEuUGxhY2VzLlNlYXJjaE5lYXJieRACGAQgAA">official / current listing</a>]]></description>
      <styleUrl>#placesRestroom</styleUrl>
      <Point><coordinates>-118.1338674,33.770041899999995,0</coordinates></Point>
    </Placemark>
    <Placemark><name>Laguna Beach — Aliso Creek Beach restrooms</name>
      <description><![CDATA[Priority 1: Official beach restroom.<br/>Address: 31106 S Coast Hwy, Laguna Beach, CA 92651<br/>Approximate runner mile: 67.8.<br/>Nearest runner geometry: approximately 0.16 mi straight-line (not a walking detour).<br/>Verification: City of Laguna Beach lists Aliso Creek Beach public restrooms and outdoor showers.<br/>Source: <a href="https://www.lagunabeachcity.net/government/departments/marine-safety/visiting-our-beaches">official / current listing</a>]]></description>
      <styleUrl>#beachRestroom</styleUrl>
      <Point><coordinates>-117.7548,33.5097,0</coordinates></Point>
    </Placemark>
    <Placemark><name>Laguna Beach — Main Beach public restrooms</name>
      <description><![CDATA[Priority 1: Official beach restroom.<br/>Address: Main Beach, Laguna Beach, CA 92651<br/>Approximate runner mile: 65.0.<br/>Nearest runner geometry: approximately 0.04 mi straight-line (not a walking detour).<br/>Verification: City of Laguna Beach lists Main Beach public restrooms and outdoor showers.<br/>Source: <a href="https://www.lagunabeachcity.net/government/departments/marine-safety/visiting-our-beaches">official / current listing</a>]]></description>
      <styleUrl>#beachRestroom</styleUrl>
      <Point><coordinates>-117.7838,33.5426,0</coordinates></Point>
    </Placemark>
    <Placemark><name>Ltldonkeefarm</name>
      <description><![CDATA[Priority 1: Places-listed public restroom.<br/>Address: 7920 Glider Ave, Los Angeles, CA 90045, USA<br/>Approximate runner mile: 8.6.<br/>Nearest runner geometry: approximately 0.22 mi straight-line (not a walking detour).<br/>Verification: Google Places lists this as a public restroom (operational); confirm access and hours on race day.<br/>Source: <a href="https://maps.google.com/?cid=11336579657688013282&g_mp=Cilnb29nbGUubWFwcy5wbGFjZXMudjEuUGxhY2VzLlNlYXJjaE5lYXJieRACGAQgAA">official / current listing</a>]]></description>
      <styleUrl>#placesRestroom</styleUrl>
      <Point><coordinates>-118.3882484,33.9656337,0</coordinates></Point>
    </Placemark>
    <Placemark><name>Male Bathroom</name>
      <description><![CDATA[Priority 1: Places-listed public restroom.<br/>Address: Santa Monica, CA 90401, USA<br/>Approximate runner mile: 0.2.<br/>Nearest runner geometry: approximately 0.06 mi straight-line (not a walking detour).<br/>Verification: Google Places lists this as a public restroom (operational); confirm access and hours on race day.<br/>Source: <a href="https://maps.google.com/?cid=4161956732023081482&g_mp=Cilnb29nbGUubWFwcy5wbGFjZXMudjEuUGxhY2VzLlNlYXJjaE5lYXJieRACGAQgAA">official / current listing</a>]]></description>
      <styleUrl>#placesRestroom</styleUrl>
      <Point><coordinates>-118.4940355,34.0117611,0</coordinates></Point>
    </Placemark>
    <Placemark><name>Male Bathroom</name>
      <description><![CDATA[Priority 1: Places-listed public restroom.<br/>Address: 1520 2nd St, Santa Monica, CA 90401, USA<br/>Approximate runner mile: 0.1.<br/>Nearest runner geometry: approximately 0.11 mi straight-line (not a walking detour).<br/>Verification: Google Places lists this as a public restroom (operational); confirm access and hours on race day.<br/>Source: <a href="https://maps.google.com/?cid=14671191542107605944&g_mp=Cilnb29nbGUubWFwcy5wbGFjZXMudjEuUGxhY2VzLlNlYXJjaE5lYXJieRACGAQgAA">official / current listing</a>]]></description>
      <styleUrl>#placesRestroom</styleUrl>
      <Point><coordinates>-118.4951036,34.012995599999996,0</coordinates></Point>
    </Placemark>
    <Placemark><name>Male Bathroom</name>
      <description><![CDATA[Priority 1: Places-listed public restroom.<br/>Address: 1415 Ocean Ave, Santa Monica, CA 90401, USA<br/>Approximate runner mile: 0.1.<br/>Nearest runner geometry: approximately 0.22 mi straight-line (not a walking detour).<br/>Verification: Google Places lists this as a public restroom (operational); confirm access and hours on race day.<br/>Source: <a href="https://maps.google.com/?cid=4330286638780400529&g_mp=Cilnb29nbGUubWFwcy5wbGFjZXMudjEuUGxhY2VzLlNlYXJjaE5lYXJieRACGAQgAA">official / current listing</a>]]></description>
      <styleUrl>#placesRestroom</styleUrl>
      <Point><coordinates>-118.4971824,34.0138586,0</coordinates></Point>
    </Placemark>
    <Placemark><name>Male Bathroom</name>
      <description><![CDATA[Priority 1: Places-listed public restroom.<br/>Address: 1401 Ocean Ave, Santa Monica, CA 90401, USA<br/>Approximate runner mile: 0.1.<br/>Nearest runner geometry: approximately 0.24 mi straight-line (not a walking detour).<br/>Verification: Google Places lists this as a public restroom (operational); confirm access and hours on race day.<br/>Source: <a href="https://maps.google.com/?cid=12279600808744438957&g_mp=Cilnb29nbGUubWFwcy5wbGFjZXMudjEuUGxhY2VzLlNlYXJjaE5lYXJieRACGAQgAA">official / current listing</a>]]></description>
      <styleUrl>#placesRestroom</styleUrl>
      <Point><coordinates>-118.49744720000001,34.0141499,0</coordinates></Point>
    </Placemark>
    <Placemark><name>Male Bathroom</name>
      <description><![CDATA[Priority 1: Places-listed public restroom.<br/>Address: 1301 Ocean Ave Ste 700, Santa Monica, CA 90401, USA<br/>Approximate runner mile: 0.1.<br/>Nearest runner geometry: approximately 0.37 mi straight-line (not a walking detour).<br/>Verification: Google Places lists this as a public restroom (operational); confirm access and hours on race day.<br/>Source: <a href="https://maps.google.com/?cid=2140053513537555416&g_mp=Cilnb29nbGUubWFwcy5wbGFjZXMudjEuUGxhY2VzLlNlYXJjaE5lYXJieRACGAQgAA">official / current listing</a>]]></description>
      <styleUrl>#placesRestroom</styleUrl>
      <Point><coordinates>-118.4991749,34.0153491,0</coordinates></Point>
    </Placemark>
    <Placemark><name>Male Bathroom</name>
      <description><![CDATA[Priority 1: Places-listed public restroom.<br/>Address: US-PLV-H17, Bluff Creek Dr, Playa Vista, CA 90094, USA<br/>Approximate runner mile: 7.2.<br/>Nearest runner geometry: approximately 0.69 mi straight-line (not a walking detour).<br/>Verification: Google Places lists this as a public restroom (operational); confirm access and hours on race day.<br/>Source: <a href="https://maps.google.com/?cid=6552975264628673570&g_mp=Cilnb29nbGUubWFwcy5wbGFjZXMudjEuUGxhY2VzLlNlYXJjaE5lYXJieRACGAQgAA">official / current listing</a>]]></description>
      <styleUrl>#placesRestroom</styleUrl>
      <Point><coordinates>-118.4074904,33.9766678,0</coordinates></Point>
    </Placemark>
    <Placemark><name>Male Bathroom</name>
      <description><![CDATA[Priority 1: Places-listed public restroom.<br/>Address: 6000 Sepulveda Blvd, Culver City, CA 90230, USA<br/>Approximate runner mile: 7.2.<br/>Nearest runner geometry: approximately 0.23 mi straight-line (not a walking detour).<br/>Verification: Google Places lists this as a public restroom (operational); confirm access and hours on race day.<br/>Source: <a href="https://maps.google.com/?cid=6541249919335611068&g_mp=Cilnb29nbGUubWFwcy5wbGFjZXMudjEuUGxhY2VzLlNlYXJjaE5lYXJieRACGAQgAA">official / current listing</a>]]></description>
      <styleUrl>#placesRestroom</styleUrl>
      <Point><coordinates>-118.3950163,33.9853601,0</coordinates></Point>
    </Placemark>
    <Placemark><name>Male Bathroom</name>
      <description><![CDATA[Priority 1: Places-listed public restroom.<br/>Address: Culver City, CA 90230, USA<br/>Approximate runner mile: 7.3.<br/>Nearest runner geometry: approximately 0.19 mi straight-line (not a walking detour).<br/>Verification: Google Places lists this as a public restroom (operational); confirm access and hours on race day.<br/>Source: <a href="https://maps.google.com/?cid=16239286268779736458&g_mp=Cilnb29nbGUubWFwcy5wbGFjZXMudjEuUGxhY2VzLlNlYXJjaE5lYXJieRACGAQgAA">official / current listing</a>]]></description>
      <styleUrl>#placesRestroom</styleUrl>
      <Point><coordinates>-118.3948987,33.984590499999996,0</coordinates></Point>
    </Placemark>
    <Placemark><name>Male Bathroom</name>
      <description><![CDATA[Priority 1: Places-listed public restroom.<br/>Address: Culver City, CA 90230, USA<br/>Approximate runner mile: 7.3.<br/>Nearest runner geometry: approximately 0.26 mi straight-line (not a walking detour).<br/>Verification: Google Places lists this as a public restroom (operational); confirm access and hours on race day.<br/>Source: <a href="https://maps.google.com/?cid=10203227095279864796&g_mp=Cilnb29nbGUubWFwcy5wbGFjZXMudjEuUGxhY2VzLlNlYXJjaE5lYXJieRACGAQgAA">official / current listing</a>]]></description>
      <styleUrl>#placesRestroom</styleUrl>
      <Point><coordinates>-118.3940999,33.9852209,0</coordinates></Point>
    </Placemark>
    <Placemark><name>Male Bathroom</name>
      <description><![CDATA[Priority 1: Places-listed public restroom.<br/>Address: Culver City, CA 90230, USA<br/>Approximate runner mile: 7.3.<br/>Nearest runner geometry: approximately 0.27 mi straight-line (not a walking detour).<br/>Verification: Google Places lists this as a public restroom (operational); confirm access and hours on race day.<br/>Source: <a href="https://maps.google.com/?cid=11591906902028836343&g_mp=Cilnb29nbGUubWFwcy5wbGFjZXMudjEuUGxhY2VzLlNlYXJjaE5lYXJieRACGAQgAA">official / current listing</a>]]></description>
      <styleUrl>#placesRestroom</styleUrl>
      <Point><coordinates>-118.3938888,33.9853388,0</coordinates></Point>
    </Placemark>
    <Placemark><name>Male Bathroom</name>
      <description><![CDATA[Priority 1: Places-listed public restroom.<br/>Address: Los Angeles, CA 90045, USA<br/>Approximate runner mile: 7.6.<br/>Nearest runner geometry: approximately 0.07 mi straight-line (not a walking detour).<br/>Verification: Google Places lists this as a public restroom (operational); confirm access and hours on race day.<br/>Source: <a href="https://maps.google.com/?cid=6502748974437953898&g_mp=Cilnb29nbGUubWFwcy5wbGFjZXMudjEuUGxhY2VzLlNlYXJjaE5lYXJieRACGAQgAA">official / current listing</a>]]></description>
      <styleUrl>#placesRestroom</styleUrl>
      <Point><coordinates>-118.3931642,33.978662,0</coordinates></Point>
    </Placemark>
    <Placemark><name>Male Bathroom</name>
      <description><![CDATA[Priority 1: Places-listed public restroom.<br/>Address: Los Angeles, CA 90003, USA<br/>Approximate runner mile: 15.6.<br/>Nearest runner geometry: approximately 1.00 mi straight-line (not a walking detour).<br/>Verification: Google Places lists this as a public restroom (operational); confirm access and hours on race day.<br/>Source: <a href="https://maps.google.com/?cid=10479706707764414067&g_mp=Cilnb29nbGUubWFwcy5wbGFjZXMudjEuUGxhY2VzLlNlYXJjaE5lYXJieRACGAQgAA">official / current listing</a>]]></description>
      <styleUrl>#placesRestroom</styleUrl>
      <Point><coordinates>-118.2745829,33.974373500000006,0</coordinates></Point>
    </Placemark>
    <Placemark><name>Male Bathroom</name>
      <description><![CDATA[Priority 1: Places-listed public restroom.<br/>Address: Signal Hill, CA 90755, USA<br/>Approximate runner mile: 35.5.<br/>Nearest runner geometry: approximately 0.48 mi straight-line (not a walking detour).<br/>Verification: Google Places lists this as a public restroom (operational); confirm access and hours on race day.<br/>Source: <a href="https://maps.google.com/?cid=7955813988545067091&g_mp=Cilnb29nbGUubWFwcy5wbGFjZXMudjEuUGxhY2VzLlNlYXJjaE5lYXJieRACGAQgAA">official / current listing</a>]]></description>
      <styleUrl>#placesRestroom</styleUrl>
      <Point><coordinates>-118.1695739,33.7967429,0</coordinates></Point>
    </Placemark>
    <Placemark><name>Male Bathroom</name>
      <description><![CDATA[Priority 1: Places-listed public restroom.<br/>Address: Huntington Beach, CA 92649, USA<br/>Approximate runner mile: 43.6.<br/>Nearest runner geometry: approximately 0.03 mi straight-line (not a walking detour).<br/>Verification: Google Places lists this as a public restroom (operational); confirm access and hours on race day.<br/>Source: <a href="https://maps.google.com/?cid=10068708785447942623&g_mp=Cilnb29nbGUubWFwcy5wbGFjZXMudjEuUGxhY2VzLlNlYXJjaE5lYXJieRACGAQgAA">official / current listing</a>]]></description>
      <styleUrl>#placesRestroom</styleUrl>
      <Point><coordinates>-118.07320159999998,33.7206443,0</coordinates></Point>
    </Placemark>
    <Placemark><name>Male Bathroom</name>
      <description><![CDATA[Priority 1: Places-listed public restroom.<br/>Address: North Wing Guestrooms, Dana Point, CA 92629, USA<br/>Approximate runner mile: 70.7.<br/>Nearest runner geometry: approximately 0.28 mi straight-line (not a walking detour).<br/>Verification: Google Places lists this as a public restroom (operational); confirm access and hours on race day.<br/>Source: <a href="https://maps.google.com/?cid=894471836243155897&g_mp=Cilnb29nbGUubWFwcy5wbGFjZXMudjEuUGxhY2VzLlNlYXJjaE5lYXJieRACGAQgAA">official / current listing</a>]]></description>
      <styleUrl>#placesRestroom</styleUrl>
      <Point><coordinates>-117.71595190000001,33.4826273,0</coordinates></Point>
    </Placemark>
    <Placemark><name>Male Bathroom</name>
      <description><![CDATA[Priority 1: Places-listed public restroom.<br/>Address: Dana Point, CA 92629, USA<br/>Approximate runner mile: 70.8.<br/>Nearest runner geometry: approximately 0.25 mi straight-line (not a walking detour).<br/>Verification: Google Places lists this as a public restroom (operational); confirm access and hours on race day.<br/>Source: <a href="https://maps.google.com/?cid=4033806686845131682&g_mp=Cilnb29nbGUubWFwcy5wbGFjZXMudjEuUGxhY2VzLlNlYXJjaE5lYXJieRACGAQgAA">official / current listing</a>]]></description>
      <styleUrl>#placesRestroom</styleUrl>
      <Point><coordinates>-117.7161523,33.4820689,0</coordinates></Point>
    </Placemark>
    <Placemark><name>Male Bathroom</name>
      <description><![CDATA[Priority 1: Places-listed public restroom.<br/>Address: Dana Point, CA 92629, USA<br/>Approximate runner mile: 70.7.<br/>Nearest runner geometry: approximately 0.27 mi straight-line (not a walking detour).<br/>Verification: Google Places lists this as a public restroom (operational); confirm access and hours on race day.<br/>Source: <a href="https://maps.google.com/?cid=5198963581264892204&g_mp=Cilnb29nbGUubWFwcy5wbGFjZXMudjEuUGxhY2VzLlNlYXJjaE5lYXJieRACGAQgAA">official / current listing</a>]]></description>
      <styleUrl>#placesRestroom</styleUrl>
      <Point><coordinates>-117.71592899999999,33.4823501,0</coordinates></Point>
    </Placemark>
    <Placemark><name>Male Bathroom</name>
      <description><![CDATA[Priority 1: Places-listed public restroom.<br/>Address: Dana Point, CA 92629, USA<br/>Approximate runner mile: 70.8.<br/>Nearest runner geometry: approximately 0.26 mi straight-line (not a walking detour).<br/>Verification: Google Places lists this as a public restroom (operational); confirm access and hours on race day.<br/>Source: <a href="https://maps.google.com/?cid=18267976895033121747&g_mp=Cilnb29nbGUubWFwcy5wbGFjZXMudjEuUGxhY2VzLlNlYXJjaE5lYXJieRACGAQgAA">official / current listing</a>]]></description>
      <styleUrl>#placesRestroom</styleUrl>
      <Point><coordinates>-117.71581440000001,33.4817518,0</coordinates></Point>
    </Placemark>
    <Placemark><name>Male Bathroom</name>
      <description><![CDATA[Priority 1: Places-listed public restroom.<br/>Address: Dana Point, CA 92629, USA<br/>Approximate runner mile: 70.8.<br/>Nearest runner geometry: approximately 0.26 mi straight-line (not a walking detour).<br/>Verification: Google Places lists this as a public restroom (operational); confirm access and hours on race day.<br/>Source: <a href="https://maps.google.com/?cid=16015963815067753182&g_mp=Cilnb29nbGUubWFwcy5wbGFjZXMudjEuUGxhY2VzLlNlYXJjaE5lYXJieRACGAQgAA">official / current listing</a>]]></description>
      <styleUrl>#placesRestroom</styleUrl>
      <Point><coordinates>-117.7157285,33.4817069,0</coordinates></Point>
    </Placemark>
    <Placemark><name>Male Bathroom</name>
      <description><![CDATA[Priority 1: Places-listed public restroom.<br/>Address: Oceanside, CA 92054, USA<br/>Approximate runner mile: 81.7.<br/>Nearest runner geometry: approximately 0.03 mi straight-line (not a walking detour).<br/>Verification: Google Places lists this as a public restroom (operational); confirm access and hours on race day.<br/>Source: <a href="https://maps.google.com/?cid=3284452928245177752&g_mp=Cilnb29nbGUubWFwcy5wbGFjZXMudjEuUGxhY2VzLlNlYXJjaE5lYXJieRACGAQgAA">official / current listing</a>]]></description>
      <styleUrl>#placesRestroom</styleUrl>
      <Point><coordinates>-117.3839218,33.2032604,0</coordinates></Point>
    </Placemark>
    <Placemark><name>Male Bathroom</name>
      <description><![CDATA[Priority 1: Places-listed public restroom.<br/>Address: Oceanside, CA 92054, USA<br/>Approximate runner mile: 81.8.<br/>Nearest runner geometry: approximately 0.03 mi straight-line (not a walking detour).<br/>Verification: Google Places lists this as a public restroom (operational); confirm access and hours on race day.<br/>Source: <a href="https://maps.google.com/?cid=9948649123166951164&g_mp=Cilnb29nbGUubWFwcy5wbGFjZXMudjEuUGxhY2VzLlNlYXJjaE5lYXJieRACGAQgAA">official / current listing</a>]]></description>
      <styleUrl>#placesRestroom</styleUrl>
      <Point><coordinates>-117.38394470000001,33.2026665,0</coordinates></Point>
    </Placemark>
    <Placemark><name>Male Bathroom</name>
      <description><![CDATA[Priority 1: Places-listed public restroom.<br/>Address: Oceanside, CA 92054, USA<br/>Approximate runner mile: 82.2.<br/>Nearest runner geometry: approximately 0.02 mi straight-line (not a walking detour).<br/>Verification: Google Places lists this as a public restroom (operational); confirm access and hours on race day.<br/>Source: <a href="https://maps.google.com/?cid=13263356424392638459&g_mp=Cilnb29nbGUubWFwcy5wbGFjZXMudjEuUGxhY2VzLlNlYXJjaE5lYXJieRACGAQgAA">official / current listing</a>]]></description>
      <styleUrl>#placesRestroom</styleUrl>
      <Point><coordinates>-117.38059969999999,33.1975911,0</coordinates></Point>
    </Placemark>
    <Placemark><name>Male Bathroom</name>
      <description><![CDATA[Priority 1: Places-listed public restroom.<br/>Address: Oceanside, CA 92054, USA<br/>Approximate runner mile: 82.2.<br/>Nearest runner geometry: approximately 0.04 mi straight-line (not a walking detour).<br/>Verification: Google Places lists this as a public restroom (operational); confirm access and hours on race day.<br/>Source: <a href="https://maps.google.com/?cid=10094471596623086786&g_mp=Cilnb29nbGUubWFwcy5wbGFjZXMudjEuUGxhY2VzLlNlYXJjaE5lYXJieRACGAQgAA">official / current listing</a>]]></description>
      <styleUrl>#placesRestroom</styleUrl>
      <Point><coordinates>-117.3802784,33.197646999999996,0</coordinates></Point>
    </Placemark>
    <Placemark><name>Male Bathroom</name>
      <description><![CDATA[Priority 1: Places-listed public restroom.<br/>Address: 704 Pier View Wy, Oceanside, CA 92054, USA<br/>Approximate runner mile: 82.2.<br/>Nearest runner geometry: approximately 0.14 mi straight-line (not a walking detour).<br/>Verification: Google Places lists this as a public restroom (operational); confirm access and hours on race day.<br/>Source: <a href="https://maps.google.com/?cid=8767574368086935079&g_mp=Cilnb29nbGUubWFwcy5wbGFjZXMudjEuUGxhY2VzLlNlYXJjaE5lYXJieRACGAQgAA">official / current listing</a>]]></description>
      <styleUrl>#placesRestroom</styleUrl>
      <Point><coordinates>-117.37861450000001,33.1981331,0</coordinates></Point>
    </Placemark>
    <Placemark><name>Male Bathroom</name>
      <description><![CDATA[Priority 1: Places-listed public restroom.<br/>Address: Oceanside, CA 92054, USA<br/>Approximate runner mile: 82.4.<br/>Nearest runner geometry: approximately 0.01 mi straight-line (not a walking detour).<br/>Verification: Google Places lists this as a public restroom (operational); confirm access and hours on race day.<br/>Source: <a href="https://maps.google.com/?cid=4134330381166149018&g_mp=Cilnb29nbGUubWFwcy5wbGFjZXMudjEuUGxhY2VzLlNlYXJjaE5lYXJieRACGAQgAA">official / current listing</a>]]></description>
      <styleUrl>#placesRestroom</styleUrl>
      <Point><coordinates>-117.37958990000001,33.1954869,0</coordinates></Point>
    </Placemark>
    <Placemark><name>Male Bathroom</name>
      <description><![CDATA[Priority 1: Places-listed public restroom.<br/>Address: Oceanside, CA 92054, USA<br/>Approximate runner mile: 82.3.<br/>Nearest runner geometry: approximately 0.01 mi straight-line (not a walking detour).<br/>Verification: Google Places lists this as a public restroom (operational); confirm access and hours on race day.<br/>Source: <a href="https://maps.google.com/?cid=10344348646091747416&g_mp=Cilnb29nbGUubWFwcy5wbGFjZXMudjEuUGxhY2VzLlNlYXJjaE5lYXJieRACGAQgAA">official / current listing</a>]]></description>
      <styleUrl>#placesRestroom</styleUrl>
      <Point><coordinates>-117.38031000000001,33.1964245,0</coordinates></Point>
    </Placemark>
    <Placemark><name>Male Bathroom</name>
      <description><![CDATA[Priority 1: Places-listed public restroom.<br/>Address: 312 Pier View Wy, Oceanside, CA 92054, USA<br/>Approximate runner mile: 82.2.<br/>Nearest runner geometry: approximately 0.07 mi straight-line (not a walking detour).<br/>Verification: Google Places lists this as a public restroom (operational); confirm access and hours on race day.<br/>Source: <a href="https://maps.google.com/?cid=15940273792319530930&g_mp=Cilnb29nbGUubWFwcy5wbGFjZXMudjEuUGxhY2VzLlNlYXJjaE5lYXJieRACGAQgAA">official / current listing</a>]]></description>
      <styleUrl>#placesRestroom</styleUrl>
      <Point><coordinates>-117.3815063,33.1963309,0</coordinates></Point>
    </Placemark>
    <Placemark><name>Male Bathroom</name>
      <description><![CDATA[Priority 1: Places-listed public restroom.<br/>Address: 704 Pier View Wy, Oceanside, CA 92054, USA<br/>Approximate runner mile: 82.2.<br/>Nearest runner geometry: approximately 0.13 mi straight-line (not a walking detour).<br/>Verification: Google Places lists this as a public restroom (operational); confirm access and hours on race day.<br/>Source: <a href="https://maps.google.com/?cid=1780811255216936005&g_mp=Cilnb29nbGUubWFwcy5wbGFjZXMudjEuUGxhY2VzLlNlYXJjaE5lYXJieRACGAQgAA">official / current listing</a>]]></description>
      <styleUrl>#placesRestroom</styleUrl>
      <Point><coordinates>-117.37876370000001,33.1980267,0</coordinates></Point>
    </Placemark>
    <Placemark><name>Male Bathroom</name>
      <description><![CDATA[Priority 1: Places-listed public restroom.<br/>Address: 1404 Marshall St, Oceanside, CA 92054, USA<br/>Approximate runner mile: 83.6.<br/>Nearest runner geometry: approximately 0.31 mi straight-line (not a walking detour).<br/>Verification: Google Places lists this as a public restroom (operational); confirm access and hours on race day.<br/>Source: <a href="https://maps.google.com/?cid=324028296515904241&g_mp=Cilnb29nbGUubWFwcy5wbGFjZXMudjEuUGxhY2VzLlNlYXJjaE5lYXJieRACGAQgAA">official / current listing</a>]]></description>
      <styleUrl>#placesRestroom</styleUrl>
      <Point><coordinates>-117.36287550000002,33.1836567,0</coordinates></Point>
    </Placemark>
    <Placemark><name>Male Bathroom</name>
      <description><![CDATA[Priority 1: Places-listed public restroom.<br/>Address: 5625 Paseo Del Norte, Carlsbad, CA 92008, USA<br/>Approximate runner mile: 88.3.<br/>Nearest runner geometry: approximately 0.32 mi straight-line (not a walking detour).<br/>Verification: Google Places lists this as a public restroom (operational); confirm access and hours on race day.<br/>Source: <a href="https://maps.google.com/?cid=6754904227335341518&g_mp=Cilnb29nbGUubWFwcy5wbGFjZXMudjEuUGxhY2VzLlNlYXJjaE5lYXJieRACGAQgAA">official / current listing</a>]]></description>
      <styleUrl>#placesRestroom</styleUrl>
      <Point><coordinates>-117.32245789999997,33.124416599999996,0</coordinates></Point>
    </Placemark>
    <Placemark><name>Male Bathroom</name>
      <description><![CDATA[Priority 1: Places-listed public restroom.<br/>Address: Carlsbad, CA 92008, USA<br/>Approximate runner mile: 88.3.<br/>Nearest runner geometry: approximately 0.84 mi straight-line (not a walking detour).<br/>Verification: Google Places lists this as a public restroom (operational); confirm access and hours on race day.<br/>Source: <a href="https://maps.google.com/?cid=2215178284620456989&g_mp=Cilnb29nbGUubWFwcy5wbGFjZXMudjEuUGxhY2VzLlNlYXJjaE5lYXJieRACGAQgAA">official / current listing</a>]]></description>
      <styleUrl>#placesRestroom</styleUrl>
      <Point><coordinates>-117.31378129999999,33.1264971,0</coordinates></Point>
    </Placemark>
    <Placemark><name>Male Bathroom</name>
      <description><![CDATA[Priority 1: Places-listed public restroom.<br/>Address: Carlsbad, CA 92008, USA<br/>Approximate runner mile: 88.3.<br/>Nearest runner geometry: approximately 0.86 mi straight-line (not a walking detour).<br/>Verification: Google Places lists this as a public restroom (operational); confirm access and hours on race day.<br/>Source: <a href="https://maps.google.com/?cid=7372888421123939882&g_mp=Cilnb29nbGUubWFwcy5wbGFjZXMudjEuUGxhY2VzLlNlYXJjaE5lYXJieRACGAQgAA">official / current listing</a>]]></description>
      <styleUrl>#placesRestroom</styleUrl>
      <Point><coordinates>-117.31398859999999,33.128115799999996,0</coordinates></Point>
    </Placemark>
    <Placemark><name>Male Bathroom</name>
      <description><![CDATA[Priority 1: Places-listed public restroom.<br/>Address: Carlsbad, CA 92008, USA<br/>Approximate runner mile: 88.5.<br/>Nearest runner geometry: approximately 0.94 mi straight-line (not a walking detour).<br/>Verification: Google Places lists this as a public restroom (operational); confirm access and hours on race day.<br/>Source: <a href="https://maps.google.com/?cid=1010421859351454244&g_mp=Cilnb29nbGUubWFwcy5wbGFjZXMudjEuUGxhY2VzLlNlYXJjaE5lYXJieRACGAQgAA">official / current listing</a>]]></description>
      <styleUrl>#placesRestroom</styleUrl>
      <Point><coordinates>-117.3118746,33.1261929,0</coordinates></Point>
    </Placemark>
    <Placemark><name>Male Bathroom</name>
      <description><![CDATA[Priority 1: Places-listed public restroom.<br/>Address: Carlsbad, CA 92008, USA<br/>Approximate runner mile: 88.3.<br/>Nearest runner geometry: approximately 0.87 mi straight-line (not a walking detour).<br/>Verification: Google Places lists this as a public restroom (operational); confirm access and hours on race day.<br/>Source: <a href="https://maps.google.com/?cid=5242666321849030360&g_mp=Cilnb29nbGUubWFwcy5wbGFjZXMudjEuUGxhY2VzLlNlYXJjaE5lYXJieRACGAQgAA">official / current listing</a>]]></description>
      <styleUrl>#placesRestroom</styleUrl>
      <Point><coordinates>-117.3139808,33.128771900000004,0</coordinates></Point>
    </Placemark>
    <Placemark><name>Male Bathroom</name>
      <description><![CDATA[Priority 1: Places-listed public restroom.<br/>Address: San Diego, CA 92161, USA<br/>Approximate runner mile: 106.8.<br/>Nearest runner geometry: approximately 0.40 mi straight-line (not a walking detour).<br/>Verification: Google Places lists this as a public restroom (operational); confirm access and hours on race day.<br/>Source: <a href="https://maps.google.com/?cid=2351107193125946952&g_mp=Cilnb29nbGUubWFwcy5wbGFjZXMudjEuUGxhY2VzLlNlYXJjaE5lYXJieRACGAQgAA">official / current listing</a>]]></description>
      <styleUrl>#placesRestroom</styleUrl>
      <Point><coordinates>-117.23691869999999,32.875181,0</coordinates></Point>
    </Placemark>
    <Placemark><name>Male Bathroom</name>
      <description><![CDATA[Priority 1: Places-listed public restroom.<br/>Address: San Diego, CA 92037, USA<br/>Approximate runner mile: 107.1.<br/>Nearest runner geometry: approximately 0.91 mi straight-line (not a walking detour).<br/>Verification: Google Places lists this as a public restroom (operational); confirm access and hours on race day.<br/>Source: <a href="https://maps.google.com/?cid=5267368436966282798&g_mp=Cilnb29nbGUubWFwcy5wbGFjZXMudjEuUGxhY2VzLlNlYXJjaE5lYXJieRACGAQgAA">official / current listing</a>]]></description>
      <styleUrl>#placesRestroom</styleUrl>
      <Point><coordinates>-117.23183719999999,32.8659065,0</coordinates></Point>
    </Placemark>
    <Placemark><name>Male Bathroom</name>
      <description><![CDATA[Priority 1: Places-listed public restroom.<br/>Address: San Diego, CA 92037, USA<br/>Approximate runner mile: 110.5.<br/>Nearest runner geometry: approximately 0.15 mi straight-line (not a walking detour).<br/>Verification: Google Places lists this as a public restroom (operational); confirm access and hours on race day.<br/>Source: <a href="https://maps.google.com/?cid=15023545358544090284&g_mp=Cilnb29nbGUubWFwcy5wbGFjZXMudjEuUGxhY2VzLlNlYXJjaE5lYXJieRACGAQgAA">official / current listing</a>]]></description>
      <styleUrl>#placesRestroom</styleUrl>
      <Point><coordinates>-117.27617099999998,32.8407785,0</coordinates></Point>
    </Placemark>
    <Placemark><name>Men's Restrooms</name>
      <description><![CDATA[Priority 1: Places-listed public restroom.<br/>Address: San Gorgonio Park, 2916 Via San Gorgonio, San Clemente, CA 92672, USA<br/>Approximate runner mile: 76.1.<br/>Nearest runner geometry: approximately 0.57 mi straight-line (not a walking detour).<br/>Verification: Google Places lists this as a public restroom (operational); confirm access and hours on race day.<br/>Source: <a href="https://maps.google.com/?cid=13877160332609092611&g_mp=Cilnb29nbGUubWFwcy5wbGFjZXMudjEuUGxhY2VzLlNlYXJjaE5lYXJieRACGAQgAA">official / current listing</a>]]></description>
      <styleUrl>#placesRestroom</styleUrl>
      <Point><coordinates>-117.64241649999998,33.4499938,0</coordinates></Point>
    </Placemark>
    <Placemark><name>Men's Restrooms</name>
      <description><![CDATA[Priority 1: Places-listed public restroom.<br/>Address: Pico Park, 315 Avenida Pico, San Clemente, CA 92672, USA<br/>Approximate runner mile: 77.4.<br/>Nearest runner geometry: approximately 0.10 mi straight-line (not a walking detour).<br/>Verification: Google Places lists this as a public restroom (operational); confirm access and hours on race day.<br/>Source: <a href="https://maps.google.com/?cid=13721276100453442570&g_mp=Cilnb29nbGUubWFwcy5wbGFjZXMudjEuUGxhY2VzLlNlYXJjaE5lYXJieRACGAQgAA">official / current listing</a>]]></description>
      <styleUrl>#placesRestroom</styleUrl>
      <Point><coordinates>-117.6319174,33.434256399999995,0</coordinates></Point>
    </Placemark>
    <Placemark><name>Men's Restrooms</name>
      <description><![CDATA[Priority 1: Places-listed public restroom.<br/>Address: San Clemente, CA 92672, USA<br/>Approximate runner mile: 80.3.<br/>Nearest runner geometry: approximately 0.56 mi straight-line (not a walking detour).<br/>Verification: Google Places lists this as a public restroom (operational); confirm access and hours on race day.<br/>Source: <a href="https://maps.google.com/?cid=16351837065432629698&g_mp=Cilnb29nbGUubWFwcy5wbGFjZXMudjEuUGxhY2VzLlNlYXJjaE5lYXJieRACGAQgAA">official / current listing</a>]]></description>
      <styleUrl>#placesRestroom</styleUrl>
      <Point><coordinates>-117.5906486,33.410446799999995,0</coordinates></Point>
    </Placemark>
    <Placemark><name>Moonlight Beach Public Restrooms</name>
      <description><![CDATA[Priority 1: Places-listed public restroom.<br/>Address: 400 B St, Encinitas, CA 92024, USA<br/>Approximate runner mile: 94.0.<br/>Nearest runner geometry: approximately 0.20 mi straight-line (not a walking detour).<br/>Verification: Google Places lists this as a public restroom (operational); confirm access and hours on race day.<br/>Source: <a href="https://maps.google.com/?cid=15976005357249151452&g_mp=Cilnb29nbGUubWFwcy5wbGFjZXMudjEuUGxhY2VzLlNlYXJjaE5lYXJieRACGAQgAA">official / current listing</a>]]></description>
      <styleUrl>#placesRestroom</styleUrl>
      <Point><coordinates>-117.29733370000001,33.0478415,0</coordinates></Point>
    </Placemark>
    <Placemark><name>Moonlight Beach restrooms and showers</name>
      <description><![CDATA[Priority 1: Official beach restroom.<br/>Address: 400 B St, Encinitas, CA 92024<br/>Approximate runner mile: 94.0.<br/>Nearest runner geometry: approximately 0.23 mi straight-line (not a walking detour).<br/>Verification: City of Encinitas lists restrooms and showers at Moonlight Beach.<br/>Source: <a href="https://www.encinitasca.gov/government/departments/parks-recreation-cultural-arts/parks-beaches-trails/beaches/">official / current listing</a>]]></description>
      <styleUrl>#beachRestroom</styleUrl>
      <Point><coordinates>-117.2978,33.0467,0</coordinates></Point>
    </Placemark>
    <Placemark><name>Neil's Place Cellular</name>
      <description><![CDATA[Priority 1: Places-listed public restroom.<br/>Address: 7227 S Western Ave, Los Angeles, CA 90047, USA<br/>Approximate runner mile: 13.5.<br/>Nearest runner geometry: approximately 0.95 mi straight-line (not a walking detour).<br/>Verification: Google Places lists this as a public restroom (operational); confirm access and hours on race day.<br/>Source: <a href="https://maps.google.com/?cid=16124755625302934400&g_mp=Cilnb29nbGUubWFwcy5wbGFjZXMudjEuUGxhY2VzLlNlYXJjaE5lYXJieRACGAQgAA">official / current listing</a>]]></description>
      <styleUrl>#placesRestroom</styleUrl>
      <Point><coordinates>-118.3093449,33.9738209,0</coordinates></Point>
    </Placemark>
    <Placemark><name>Newport Beach Restroom</name>
      <description><![CDATA[Priority 1: Places-listed public restroom.<br/>Address: Newport Beach, CA 92661, USA<br/>Approximate runner mile: 55.3.<br/>Nearest runner geometry: approximately 0.79 mi straight-line (not a walking detour).<br/>Verification: Google Places lists this as a public restroom (operational); confirm access and hours on race day.<br/>Source: <a href="https://maps.google.com/?cid=8929300672544103106&g_mp=Cilnb29nbGUubWFwcy5wbGFjZXMudjEuUGxhY2VzLlNlYXJjaE5lYXJieRACGAQgAA">official / current listing</a>]]></description>
      <styleUrl>#placesRestroom</styleUrl>
      <Point><coordinates>-117.92085650000001,33.605928999999996,0</coordinates></Point>
    </Placemark>
    <Placemark><name>Newport Transportation Center Public Restrooms</name>
      <description><![CDATA[Priority 1: Places-listed public restroom.<br/>Address: Corona Del Mar, CA 92625, USA<br/>Approximate runner mile: 57.9.<br/>Nearest runner geometry: approximately 0.78 mi straight-line (not a walking detour).<br/>Verification: Google Places lists this as a public restroom (closed temporarily); confirm access and hours on race day.<br/>Source: <a href="https://maps.google.com/?cid=10019051167062202508&g_mp=Cilnb29nbGUubWFwcy5wbGFjZXMudjEuUGxhY2VzLlNlYXJjaE5lYXJieRACGAQgAA">official / current listing</a>]]></description>
      <styleUrl>#placesRestroom</styleUrl>
      <Point><coordinates>-117.86815589999999,33.61486670000001,0</coordinates></Point>
    </Placemark>
    <Placemark><name>Oceanside Harbor Beach public restrooms</name>
      <description><![CDATA[Priority 1: Official beach restroom.<br/>Address: Oceanside Harbor Beach, Oceanside, CA 92054<br/>Approximate runner mile: 81.2.<br/>Nearest runner geometry: approximately 0.45 mi straight-line (not a walking detour).<br/>Verification: City beach listing identifies public amenities; confirm the runner-accessible entrance.<br/>Source: <a href="https://www.ci.oceanside.ca.us/government/parks-recreation/parks-beaches-and-trails/beaches">official / current listing</a>]]></description>
      <styleUrl>#beachRestroom</styleUrl>
      <Point><coordinates>-117.3952,33.2081,0</coordinates></Point>
    </Placemark>
    <Placemark><name>PHF Facility - LACPW</name>
      <description><![CDATA[Priority 1: Places-listed public restroom.<br/>Address: 7102 Cloverlawn Dr, Paramount, CA 90723, USA<br/>Approximate runner mile: 25.4.<br/>Nearest runner geometry: approximately 0.67 mi straight-line (not a walking detour).<br/>Verification: Google Places lists this as a public restroom (operational); confirm access and hours on race day.<br/>Source: <a href="https://maps.google.com/?cid=15529297364640724505&g_mp=Cilnb29nbGUubWFwcy5wbGFjZXMudjEuUGxhY2VzLlNlYXJjaE5lYXJieRACGAQgAA">official / current listing</a>]]></description>
      <styleUrl>#placesRestroom</styleUrl>
      <Point><coordinates>-118.17717130000001,33.9125771,0</coordinates></Point>
    </Placemark>
    <Placemark><name>PUBLIC RESTROOM #27</name>
      <description><![CDATA[Priority 1: Places-listed public restroom.<br/>Address: 736 Park Ave #700, Long Beach, CA 90804, USA<br/>Approximate runner mile: 37.9.<br/>Nearest runner geometry: approximately 0.52 mi straight-line (not a walking detour).<br/>Verification: Google Places lists this as a public restroom (operational); confirm access and hours on race day.<br/>Source: <a href="https://maps.google.com/?cid=264998046110734846&g_mp=Cilnb29nbGUubWFwcy5wbGFjZXMudjEuUGxhY2VzLlNlYXJjaE5lYXJieRACGAQgAA">official / current listing</a>]]></description>
      <styleUrl>#placesRestroom</styleUrl>
      <Point><coordinates>-118.13734989999999,33.7758544,0</coordinates></Point>
    </Placemark>
    <Placemark><name>Pacific Beach public restroom area</name>
      <description><![CDATA[Priority 1: Official beach restroom.<br/>Address: Pacific Beach boardwalk area, San Diego, CA 92109<br/>Approximate runner mile: 114.2.<br/>Nearest runner geometry: approximately 0.03 mi straight-line (not a walking detour).<br/>Verification: City of San Diego lists public restrooms and showers at Pacific Beach.<br/>Source: <a href="https://www.sandiego.gov/lifeguards/safety/bchreg">official / current listing</a>]]></description>
      <styleUrl>#beachRestroom</styleUrl>
      <Point><coordinates>-117.2563,32.7971,0</coordinates></Point>
    </Placemark>
    <Placemark><name>Park Restroom</name>
      <description><![CDATA[Priority 1: Places-listed public restroom.<br/>Address: 50 Main St, Newport Beach, CA 92661, USA<br/>Approximate runner mile: 56.7.<br/>Nearest runner geometry: approximately 0.94 mi straight-line (not a walking detour).<br/>Verification: Google Places lists this as a public restroom (operational); confirm access and hours on race day.<br/>Source: <a href="https://maps.google.com/?cid=15195825169917438494&g_mp=Cilnb29nbGUubWFwcy5wbGFjZXMudjEuUGxhY2VzLlNlYXJjaE5lYXJieRACGAQgAA">official / current listing</a>]]></description>
      <styleUrl>#placesRestroom</styleUrl>
      <Point><coordinates>-117.89992830000001,33.6005059,0</coordinates></Point>
    </Placemark>
    <Placemark><name>Park Restroom</name>
      <description><![CDATA[Priority 1: Places-listed public restroom.<br/>Address: 9950 Fanuel St, San Diego, CA 92109, USA<br/>Approximate runner mile: 114.8.<br/>Nearest runner geometry: approximately 0.48 mi straight-line (not a walking detour).<br/>Verification: Google Places lists this as a public restroom (operational); confirm access and hours on race day.<br/>Source: <a href="https://maps.google.com/?cid=18419117932103794606&g_mp=Cilnb29nbGUubWFwcy5wbGFjZXMudjEuUGxhY2VzLlNlYXJjaE5lYXJieRACGAQgAA">official / current listing</a>]]></description>
      <styleUrl>#placesRestroom</styleUrl>
      <Point><coordinates>-117.244435,32.791729800000006,0</coordinates></Point>
    </Placemark>
    <Placemark><name>Park Restroom</name>
      <description><![CDATA[Priority 1: Places-listed public restroom.<br/>Address: San Diego, CA 92109, USA<br/>Approximate runner mile: 114.4.<br/>Nearest runner geometry: approximately 0.95 mi straight-line (not a walking detour).<br/>Verification: Google Places lists this as a public restroom (operational); confirm access and hours on race day.<br/>Source: <a href="https://maps.google.com/?cid=3235968552318629450&g_mp=Cilnb29nbGUubWFwcy5wbGFjZXMudjEuUGxhY2VzLlNlYXJjaE5lYXJieRACGAQgAA">official / current listing</a>]]></description>
      <styleUrl>#placesRestroom</styleUrl>
      <Point><coordinates>-117.2493195,32.783611,0</coordinates></Point>
    </Placemark>
    <Placemark><name>Park Restroom</name>
      <description><![CDATA[Priority 1: Places-listed public restroom.<br/>Address: Bayside Walk, San Diego, CA 92109, USA<br/>Approximate runner mile: 115.4.<br/>Nearest runner geometry: approximately 0.94 mi straight-line (not a walking detour).<br/>Verification: Google Places lists this as a public restroom (operational); confirm access and hours on race day.<br/>Source: <a href="https://maps.google.com/?cid=3218400479084631441&g_mp=Cilnb29nbGUubWFwcy5wbGFjZXMudjEuUGxhY2VzLlNlYXJjaE5lYXJieRACGAQgAA">official / current listing</a>]]></description>
      <styleUrl>#placesRestroom</styleUrl>
      <Point><coordinates>-117.23258939999998,32.7874889,0</coordinates></Point>
    </Placemark>
    <Placemark><name>Park bathrooms</name>
      <description><![CDATA[Priority 1: Places-listed public restroom.<br/>Address: Fletcher Cove Beach Park, 111 S Sierra Ave, Solana Beach, CA 92075, USA<br/>Approximate runner mile: 98.2.<br/>Nearest runner geometry: approximately 0.13 mi straight-line (not a walking detour).<br/>Verification: Google Places lists this as a public restroom (operational); confirm access and hours on race day.<br/>Source: <a href="https://maps.google.com/?cid=10665559382782865003&g_mp=Cilnb29nbGUubWFwcy5wbGFjZXMudjEuUGxhY2VzLlNlYXJjaE5lYXJieRACGAQgAA">official / current listing</a>]]></description>
      <styleUrl>#placesRestroom</styleUrl>
      <Point><coordinates>-117.27374599999999,32.9911945,0</coordinates></Point>
    </Placemark>
    <Placemark><name>Parking Structure 4 Bathrooms</name>
      <description><![CDATA[Priority 1: Places-listed public restroom.<br/>Address: 4291013901, Santa Monica, CA 90401, USA<br/>Approximate runner mile: 0.1.<br/>Nearest runner geometry: approximately 0.38 mi straight-line (not a walking detour).<br/>Verification: Google Places lists this as a public restroom (operational); confirm access and hours on race day.<br/>Source: <a href="https://maps.google.com/?cid=14840139424911902744&g_mp=Cilnb29nbGUubWFwcy5wbGFjZXMudjEuUGxhY2VzLlNlYXJjaE5lYXJieRACGAQgAA">official / current listing</a>]]></description>
      <styleUrl>#placesRestroom</styleUrl>
      <Point><coordinates>-118.4978713,34.0162386,0</coordinates></Point>
    </Placemark>
    <Placemark><name>Peninsula Park Beach Shower Stand</name>
      <description><![CDATA[Priority 1: Places-listed public restroom.<br/>Address: Newport Beach, CA 92661, USA<br/>Approximate runner mile: 56.7.<br/>Nearest runner geometry: approximately 0.94 mi straight-line (not a walking detour).<br/>Verification: Google Places lists this as a public restroom (operational); confirm access and hours on race day.<br/>Source: <a href="https://maps.google.com/?cid=16471900634920468258&g_mp=Cilnb29nbGUubWFwcy5wbGFjZXMudjEuUGxhY2VzLlNlYXJjaE5lYXJieRACGAQgAA">official / current listing</a>]]></description>
      <styleUrl>#placesRestroom</styleUrl>
      <Point><coordinates>-117.8998378,33.6004285,0</coordinates></Point>
    </Placemark>
    <Placemark><name>Powerhouse Park public restrooms</name>
      <description><![CDATA[Priority 1: Official beach restroom.<br/>Address: Coast Blvd, Del Mar, CA 92014<br/>Approximate runner mile: 100.5.<br/>Nearest runner geometry: approximately 0.02 mi straight-line (not a walking detour).<br/>Verification: City of Del Mar lists accessible public restrooms, showers, and water at Powerhouse Park.<br/>Source: <a href="https://www.delmar.ca.us/facilities/facility/details/Powerhouse-Park-10">official / current listing</a>]]></description>
      <styleUrl>#beachRestroom</styleUrl>
      <Point><coordinates>-117.2657,32.9595,0</coordinates></Point>
    </Placemark>
    <Placemark><name>Powerhouse Restroom</name>
      <description><![CDATA[Priority 1: Places-listed public restroom.<br/>Address: 1658 Coast Blvd, Del Mar, CA 92014, USA<br/>Approximate runner mile: 100.3.<br/>Nearest runner geometry: approximately 0.14 mi straight-line (not a walking detour).<br/>Verification: Google Places lists this as a public restroom (operational); confirm access and hours on race day.<br/>Source: <a href="https://maps.google.com/?cid=10195156765777927156&g_mp=Cilnb29nbGUubWFwcy5wbGFjZXMudjEuUGxhY2VzLlNlYXJjaE5lYXJieRACGAQgAA">official / current listing</a>]]></description>
      <styleUrl>#placesRestroom</styleUrl>
      <Point><coordinates>-117.26787879999999,32.96160220000001,0</coordinates></Point>
    </Placemark>
    <Placemark><name>Public Bathroom</name>
      <description><![CDATA[Priority 1: Places-listed public restroom.<br/>Address: 1831 17th St, Huntington Beach, CA 92648, USA<br/>Approximate runner mile: 48.8.<br/>Nearest runner geometry: approximately 0.87 mi straight-line (not a walking detour).<br/>Verification: Google Places lists this as a public restroom (operational); confirm access and hours on race day.<br/>Source: <a href="https://maps.google.com/?cid=18235718515092892963&g_mp=Cilnb29nbGUubWFwcy5wbGFjZXMudjEuUGxhY2VzLlNlYXJjaE5lYXJieRACGAQgAA">official / current listing</a>]]></description>
      <styleUrl>#placesRestroom</styleUrl>
      <Point><coordinates>-118.00327959999998,33.6746097,0</coordinates></Point>
    </Placemark>
    <Placemark><name>Public Bathroom</name>
      <description><![CDATA[Priority 1: Places-listed public restroom.<br/>Address: 501 Cliff Dr, Laguna Beach, CA 92651, USA<br/>Approximate runner mile: 64.4.<br/>Nearest runner geometry: approximately 0.06 mi straight-line (not a walking detour).<br/>Verification: Google Places lists this as a public restroom (operational); confirm access and hours on race day.<br/>Source: <a href="https://maps.google.com/?cid=10785956668394095401&g_mp=Cilnb29nbGUubWFwcy5wbGFjZXMudjEuUGxhY2VzLlNlYXJjaE5lYXJieRACGAQgAA">official / current listing</a>]]></description>
      <styleUrl>#placesRestroom</styleUrl>
      <Point><coordinates>-117.79367679999999,33.5448807,0</coordinates></Point>
    </Placemark>
    <Placemark><name>Public Bathroom</name>
      <description><![CDATA[Priority 1: Places-listed public restroom.<br/>Address: San Clemente, CA 92672, USA<br/>Approximate runner mile: 80.5.<br/>Nearest runner geometry: approximately 0.27 mi straight-line (not a walking detour).<br/>Verification: Google Places lists this as a public restroom (operational); confirm access and hours on race day.<br/>Source: <a href="https://maps.google.com/?cid=9196190099642044288&g_mp=Cilnb29nbGUubWFwcy5wbGFjZXMudjEuUGxhY2VzLlNlYXJjaE5lYXJieRACGAQgAA">official / current listing</a>]]></description>
      <styleUrl>#placesRestroom</styleUrl>
      <Point><coordinates>-117.60295289999999,33.4035657,0</coordinates></Point>
    </Placemark>
    <Placemark><name>Public Bathroom</name>
      <description><![CDATA[Priority 1: Places-listed public restroom.<br/>Address: Oceanside, CA 92054, USA<br/>Approximate runner mile: 82.3.<br/>Nearest runner geometry: approximately 0.27 mi straight-line (not a walking detour).<br/>Verification: Google Places lists this as a public restroom (operational); confirm access and hours on race day.<br/>Source: <a href="https://maps.google.com/?cid=215522903948061797&g_mp=Cilnb29nbGUubWFwcy5wbGFjZXMudjEuUGxhY2VzLlNlYXJjaE5lYXJieRACGAQgAA">official / current listing</a>]]></description>
      <styleUrl>#placesRestroom</styleUrl>
      <Point><coordinates>-117.38341039999999,33.1936697,0</coordinates></Point>
    </Placemark>
    <Placemark><name>Public Bathroom</name>
      <description><![CDATA[Priority 1: Places-listed public restroom.<br/>Address: 9935-9955 N Coast Hwy 101, Encinitas, CA 92024, USA<br/>Approximate runner mile: 91.3.<br/>Nearest runner geometry: approximately 0.09 mi straight-line (not a walking detour).<br/>Verification: Google Places lists this as a public restroom (operational); confirm access and hours on race day.<br/>Source: <a href="https://maps.google.com/?cid=897140174021865947&g_mp=Cilnb29nbGUubWFwcy5wbGFjZXMudjEuUGxhY2VzLlNlYXJjaE5lYXJieRACGAQgAA">official / current listing</a>]]></description>
      <styleUrl>#placesRestroom</styleUrl>
      <Point><coordinates>-117.3111988,33.0829897,0</coordinates></Point>
    </Placemark>
    <Placemark><name>Public Bathroom</name>
      <description><![CDATA[Priority 1: Places-listed public restroom.<br/>Address: San Diego, CA 92109, USA<br/>Approximate runner mile: 114.0.<br/>Nearest runner geometry: approximately 0.08 mi straight-line (not a walking detour).<br/>Verification: Google Places lists this as a public restroom (operational); confirm access and hours on race day.<br/>Source: <a href="https://maps.google.com/?cid=5769012579901370725&g_mp=Cilnb29nbGUubWFwcy5wbGFjZXMudjEuUGxhY2VzLlNlYXJjaE5lYXJieRACGAQgAA">official / current listing</a>]]></description>
      <styleUrl>#placesRestroom</styleUrl>
      <Point><coordinates>-117.25785669999999,32.79902,0</coordinates></Point>
    </Placemark>
    <Placemark><name>Public Porta Potty</name>
      <description><![CDATA[Priority 1: Places-listed public restroom.<br/>Address: 4355 Carlsbad Blvd, Carlsbad, CA 92008, USA<br/>Approximate runner mile: 86.8.<br/>Nearest runner geometry: approximately 0.00 mi straight-line (not a walking detour).<br/>Verification: Google Places lists this as a public restroom (operational); confirm access and hours on race day.<br/>Source: <a href="https://maps.google.com/?cid=6404961717262008355&g_mp=Cilnb29nbGUubWFwcy5wbGFjZXMudjEuUGxhY2VzLlNlYXJjaE5lYXJieRACGAQgAA">official / current listing</a>]]></description>
      <styleUrl>#placesRestroom</styleUrl>
      <Point><coordinates>-117.3410081,33.141785,0</coordinates></Point>
    </Placemark>
    <Placemark><name>Public Porta Potty</name>
      <description><![CDATA[Priority 1: Places-listed public restroom.<br/>Address: 4653 Carlsbad Blvd, Carlsbad, CA 92008, USA<br/>Approximate runner mile: 87.1.<br/>Nearest runner geometry: approximately 0.00 mi straight-line (not a walking detour).<br/>Verification: Google Places lists this as a public restroom (operational); confirm access and hours on race day.<br/>Source: <a href="https://maps.google.com/?cid=12499634932451408565&g_mp=Cilnb29nbGUubWFwcy5wbGFjZXMudjEuUGxhY2VzLlNlYXJjaE5lYXJieRACGAQgAA">official / current listing</a>]]></description>
      <styleUrl>#placesRestroom</styleUrl>
      <Point><coordinates>-117.33873519999999,33.1376767,0</coordinates></Point>
    </Placemark>
    <Placemark><name>Public Restroom</name>
      <description><![CDATA[Priority 1: Places-listed public restroom.<br/>Address: Tongva Park, 1615 Ocean Ave, Santa Monica, CA 90401, USA<br/>Approximate runner mile: 0.2.<br/>Nearest runner geometry: approximately 0.06 mi straight-line (not a walking detour).<br/>Verification: Google Places lists this as a public restroom (operational); confirm access and hours on race day.<br/>Source: <a href="https://maps.google.com/?cid=7421501613306428097&g_mp=Cilnb29nbGUubWFwcy5wbGFjZXMudjEuUGxhY2VzLlNlYXJjaE5lYXJieRACGAQgAA">official / current listing</a>]]></description>
      <styleUrl>#placesRestroom</styleUrl>
      <Point><coordinates>-118.49324050000001,34.0111203,0</coordinates></Point>
    </Placemark>
    <Placemark><name>Public Restroom</name>
      <description><![CDATA[Priority 1: Places-listed public restroom.<br/>Address: 2400 Ocean Front Walk, Santa Monica, CA 90401, USA<br/>Approximate runner mile: 0.9.<br/>Nearest runner geometry: approximately 0.19 mi straight-line (not a walking detour).<br/>Verification: Google Places lists this as a public restroom (operational); confirm access and hours on race day.<br/>Source: <a href="https://maps.google.com/?cid=12950195582043893338&g_mp=Cilnb29nbGUubWFwcy5wbGFjZXMudjEuUGxhY2VzLlNlYXJjaE5lYXJieRACGAQgAA">official / current listing</a>]]></description>
      <styleUrl>#placesRestroom</styleUrl>
      <Point><coordinates>-118.48846110000001,34.0024423,0</coordinates></Point>
    </Placemark>
    <Placemark><name>Public Restroom</name>
      <description><![CDATA[Priority 1: Places-listed public restroom.<br/>Address: 888 Ocean Ave, Seal Beach, CA 90740, USA<br/>Approximate runner mile: 41.1.<br/>Nearest runner geometry: approximately 0.40 mi straight-line (not a walking detour).<br/>Verification: Google Places lists this as a public restroom (operational); confirm access and hours on race day.<br/>Source: <a href="https://maps.google.com/?cid=7982432114556391281&g_mp=Cilnb29nbGUubWFwcy5wbGFjZXMudjEuUGxhY2VzLlNlYXJjaE5lYXJieRACGAQgAA">official / current listing</a>]]></description>
      <styleUrl>#placesRestroom</styleUrl>
      <Point><coordinates>-118.1063677,33.7394722,0</coordinates></Point>
    </Placemark>
    <Placemark><name>Public Restroom</name>
      <description><![CDATA[Priority 1: Places-listed public restroom.<br/>Address: West Newport Park, Newport Beach, CA 92663, USA<br/>Approximate runner mile: 53.5.<br/>Nearest runner geometry: approximately 0.04 mi straight-line (not a walking detour).<br/>Verification: Google Places lists this as a public restroom (operational); confirm access and hours on race day.<br/>Source: <a href="https://maps.google.com/?cid=12269485046426365009&g_mp=Cilnb29nbGUubWFwcy5wbGFjZXMudjEuUGxhY2VzLlNlYXJjaE5lYXJieRACGAQgAA">official / current listing</a>]]></description>
      <styleUrl>#placesRestroom</styleUrl>
      <Point><coordinates>-117.9465257,33.624607999999995,0</coordinates></Point>
    </Placemark>
    <Placemark><name>Public Restroom</name>
      <description><![CDATA[Priority 1: Places-listed public restroom.<br/>Address: 1600 W Balboa Blvd, Newport Beach, CA 92663, USA<br/>Approximate runner mile: 55.3.<br/>Nearest runner geometry: approximately 0.69 mi straight-line (not a walking detour).<br/>Verification: Google Places lists this as a public restroom (closed temporarily); confirm access and hours on race day.<br/>Source: <a href="https://maps.google.com/?cid=10609820485616660188&g_mp=Cilnb29nbGUubWFwcy5wbGFjZXMudjEuUGxhY2VzLlNlYXJjaE5lYXJieRACGAQgAA">official / current listing</a>]]></description>
      <styleUrl>#placesRestroom</styleUrl>
      <Point><coordinates>-117.9228299,33.607948199999996,0</coordinates></Point>
    </Placemark>
    <Placemark><name>Public Restroom</name>
      <description><![CDATA[Priority 1: Places-listed public restroom.<br/>Address: 226 19th St, Newport Beach, CA 92663, USA<br/>Approximate runner mile: 55.2.<br/>Nearest runner geometry: approximately 0.72 mi straight-line (not a walking detour).<br/>Verification: Google Places lists this as a public restroom (operational); confirm access and hours on race day.<br/>Source: <a href="https://maps.google.com/?cid=1933022613368460419&g_mp=Cilnb29nbGUubWFwcy5wbGFjZXMudjEuUGxhY2VzLlNlYXJjaE5lYXJieRACGAQgAA">official / current listing</a>]]></description>
      <styleUrl>#placesRestroom</styleUrl>
      <Point><coordinates>-117.9260558,33.6089504,0</coordinates></Point>
    </Placemark>
    <Placemark><name>Public Restroom</name>
      <description><![CDATA[Priority 1: Places-listed public restroom.<br/>Address: 223 Evening Canyon Rd, Newport Beach, CA 92660, USA<br/>Approximate runner mile: 59.0.<br/>Nearest runner geometry: approximately 0.23 mi straight-line (not a walking detour).<br/>Verification: Google Places lists this as a public restroom (operational); confirm access and hours on race day.<br/>Source: <a href="https://maps.google.com/?cid=1471663170871997757&g_mp=Cilnb29nbGUubWFwcy5wbGFjZXMudjEuUGxhY2VzLlNlYXJjaE5lYXJieRACGAQgAA">official / current listing</a>]]></description>
      <styleUrl>#placesRestroom</styleUrl>
      <Point><coordinates>-117.8687202,33.5907665,0</coordinates></Point>
    </Placemark>
    <Placemark><name>Public Restroom</name>
      <description><![CDATA[Priority 1: Places-listed public restroom.<br/>Address: Newport Coast, CA 92657, USA<br/>Approximate runner mile: 60.5.<br/>Nearest runner geometry: approximately 0.08 mi straight-line (not a walking detour).<br/>Verification: Google Places lists this as a public restroom (operational); confirm access and hours on race day.<br/>Source: <a href="https://maps.google.com/?cid=5880372895978910133&g_mp=Cilnb29nbGUubWFwcy5wbGFjZXMudjEuUGxhY2VzLlNlYXJjaE5lYXJieRACGAQgAA">official / current listing</a>]]></description>
      <styleUrl>#placesRestroom</styleUrl>
      <Point><coordinates>-117.84570459999999,33.5791775,0</coordinates></Point>
    </Placemark>
    <Placemark><name>Public Restroom</name>
      <description><![CDATA[Priority 1: Places-listed public restroom.<br/>Address: Circle Way, Laguna Beach, CA 92651, USA<br/>Approximate runner mile: 64.0.<br/>Nearest runner geometry: approximately 0.13 mi straight-line (not a walking detour).<br/>Verification: Google Places lists this as a public restroom (operational); confirm access and hours on race day.<br/>Source: <a href="https://maps.google.com/?cid=13095986541149834971&g_mp=Cilnb29nbGUubWFwcy5wbGFjZXMudjEuUGxhY2VzLlNlYXJjaE5lYXJieRACGAQgAA">official / current listing</a>]]></description>
      <styleUrl>#placesRestroom</styleUrl>
      <Point><coordinates>-117.8012471,33.546741600000004,0</coordinates></Point>
    </Placemark>
    <Placemark><name>Public Restroom</name>
      <description><![CDATA[Priority 1: Places-listed public restroom.<br/>Address: 375 Cliff Dr, Laguna Beach, CA 92651, USA<br/>Approximate runner mile: 64.6.<br/>Nearest runner geometry: approximately 0.06 mi straight-line (not a walking detour).<br/>Verification: Google Places lists this as a public restroom (operational); confirm access and hours on race day.<br/>Source: <a href="https://maps.google.com/?cid=5900323141312260681&g_mp=Cilnb29nbGUubWFwcy5wbGFjZXMudjEuUGxhY2VzLlNlYXJjaE5lYXJieRACGAQgAA">official / current listing</a>]]></description>
      <styleUrl>#placesRestroom</styleUrl>
      <Point><coordinates>-117.7907768,33.5438377,0</coordinates></Point>
    </Placemark>
    <Placemark><name>Public Restroom</name>
      <description><![CDATA[Priority 1: Places-listed public restroom.<br/>Address: 325-337 Broadway St, Laguna Beach, CA 92651, USA<br/>Approximate runner mile: 65.1.<br/>Nearest runner geometry: approximately 0.20 mi straight-line (not a walking detour).<br/>Verification: Google Places lists this as a public restroom (operational); confirm access and hours on race day.<br/>Source: <a href="https://maps.google.com/?cid=17204993791183988943&g_mp=Cilnb29nbGUubWFwcy5wbGFjZXMudjEuUGxhY2VzLlNlYXJjaE5lYXJieRACGAQgAA">official / current listing</a>]]></description>
      <styleUrl>#placesRestroom</styleUrl>
      <Point><coordinates>-117.78304229999999,33.5448588,0</coordinates></Point>
    </Placemark>
    <Placemark><name>Public Restroom</name>
      <description><![CDATA[Priority 1: Places-listed public restroom.<br/>Address: 242 Forest Ave, Laguna Beach, CA 92651, USA<br/>Approximate runner mile: 65.1.<br/>Nearest runner geometry: approximately 0.06 mi straight-line (not a walking detour).<br/>Verification: Google Places lists this as a public restroom (operational); confirm access and hours on race day.<br/>Source: <a href="https://maps.google.com/?cid=14965690420140276609&g_mp=Cilnb29nbGUubWFwcy5wbGFjZXMudjEuUGxhY2VzLlNlYXJjaE5lYXJieRACGAQgAA">official / current listing</a>]]></description>
      <styleUrl>#placesRestroom</styleUrl>
      <Point><coordinates>-117.7834043,33.5428369,0</coordinates></Point>
    </Placemark>
    <Placemark><name>Public Restroom</name>
      <description><![CDATA[Priority 1: Places-listed public restroom.<br/>Address: 323 S Coast Hwy, Laguna Beach, CA 92651, USA<br/>Approximate runner mile: 65.1.<br/>Nearest runner geometry: approximately 0.03 mi straight-line (not a walking detour).<br/>Verification: Google Places lists this as a public restroom (operational); confirm access and hours on race day.<br/>Source: <a href="https://maps.google.com/?cid=9024221562133144738&g_mp=Cilnb29nbGUubWFwcy5wbGFjZXMudjEuUGxhY2VzLlNlYXJjaE5lYXJieRACGAQgAA">official / current listing</a>]]></description>
      <styleUrl>#placesRestroom</styleUrl>
      <Point><coordinates>-117.78356120000001,33.5414844,0</coordinates></Point>
    </Placemark>
    <Placemark><name>Public Restroom</name>
      <description><![CDATA[Priority 1: Places-listed public restroom.<br/>Address: 30799 Coast Hwy, Laguna Beach, CA 92651, USA<br/>Approximate runner mile: 67.6.<br/>Nearest runner geometry: approximately 0.03 mi straight-line (not a walking detour).<br/>Verification: Google Places lists this as a public restroom (operational); confirm access and hours on race day.<br/>Source: <a href="https://maps.google.com/?cid=1255834984029889707&g_mp=Cilnb29nbGUubWFwcy5wbGFjZXMudjEuUGxhY2VzLlNlYXJjaE5lYXJieRACGAQgAA">official / current listing</a>]]></description>
      <styleUrl>#placesRestroom</styleUrl>
      <Point><coordinates>-117.7554811,33.513367599999995,0</coordinates></Point>
    </Placemark>
    <Placemark><name>Public Restroom</name>
      <description><![CDATA[Priority 1: Places-listed public restroom.<br/>Address: 31132 Coast Hwy, Laguna Beach, CA 92651, USA<br/>Approximate runner mile: 67.9.<br/>Nearest runner geometry: approximately 0.03 mi straight-line (not a walking detour).<br/>Verification: Google Places lists this as a public restroom (closed temporarily); confirm access and hours on race day.<br/>Source: <a href="https://maps.google.com/?cid=6548367502978521115&g_mp=Cilnb29nbGUubWFwcy5wbGFjZXMudjEuUGxhY2VzLlNlYXJjaE5lYXJieRACGAQgAA">official / current listing</a>]]></description>
      <styleUrl>#placesRestroom</styleUrl>
      <Point><coordinates>-117.7517527,33.5112059,0</coordinates></Point>
    </Placemark>
    <Placemark><name>Public Restroom</name>
      <description><![CDATA[Priority 1: Places-listed public restroom.<br/>Address: San Clemente, CA 92672, USA<br/>Approximate runner mile: 77.6.<br/>Nearest runner geometry: approximately 0.53 mi straight-line (not a walking detour).<br/>Verification: Google Places lists this as a public restroom (operational); confirm access and hours on race day.<br/>Source: <a href="https://maps.google.com/?cid=17347212523909600539&g_mp=Cilnb29nbGUubWFwcy5wbGFjZXMudjEuUGxhY2VzLlNlYXJjaE5lYXJieRACGAQgAA">official / current listing</a>]]></description>
      <styleUrl>#placesRestroom</styleUrl>
      <Point><coordinates>-117.6265634,33.4401705,0</coordinates></Point>
    </Placemark>
    <Placemark><name>Public Restroom</name>
      <description><![CDATA[Priority 1: Places-listed public restroom.<br/>Address: Corto Ln, San Clemente, CA 92672, USA<br/>Approximate runner mile: 78.2.<br/>Nearest runner geometry: approximately 0.54 mi straight-line (not a walking detour).<br/>Verification: Google Places lists this as a public restroom (operational); confirm access and hours on race day.<br/>Source: <a href="https://maps.google.com/?cid=3062070993420045697&g_mp=Cilnb29nbGUubWFwcy5wbGFjZXMudjEuUGxhY2VzLlNlYXJjaE5lYXJieRACGAQgAA">official / current listing</a>]]></description>
      <styleUrl>#placesRestroom</styleUrl>
      <Point><coordinates>-117.62075920000001,33.42283,0</coordinates></Point>
    </Placemark>
    <Placemark><name>Public Restroom</name>
      <description><![CDATA[Priority 1: Places-listed public restroom.<br/>Address: Calafia Beach Park, 243 Avenida Lobeiro, San Clemente, CA 92672, USA<br/>Approximate runner mile: 80.2.<br/>Nearest runner geometry: approximately 0.37 mi straight-line (not a walking detour).<br/>Verification: Google Places lists this as a public restroom (operational); confirm access and hours on race day.<br/>Source: <a href="https://maps.google.com/?cid=4851425013259100816&g_mp=Cilnb29nbGUubWFwcy5wbGFjZXMudjEuUGxhY2VzLlNlYXJjaE5lYXJieRACGAQgAA">official / current listing</a>]]></description>
      <styleUrl>#placesRestroom</styleUrl>
      <Point><coordinates>-117.6060449,33.4053908,0</coordinates></Point>
    </Placemark>
    <Placemark><name>Public Restroom</name>
      <description><![CDATA[Priority 1: Places-listed public restroom.<br/>Address: 1373 N Pacific St, Oceanside, CA 92054, USA<br/>Approximate runner mile: 81.2.<br/>Nearest runner geometry: approximately 0.47 mi straight-line (not a walking detour).<br/>Verification: Google Places lists this as a public restroom (operational); confirm access and hours on race day.<br/>Source: <a href="https://maps.google.com/?cid=8955150994147029248&g_mp=Cilnb29nbGUubWFwcy5wbGFjZXMudjEuUGxhY2VzLlNlYXJjaE5lYXJieRACGAQgAA">official / current listing</a>]]></description>
      <styleUrl>#placesRestroom</styleUrl>
      <Point><coordinates>-117.3951739,33.206854,0</coordinates></Point>
    </Placemark>
    <Placemark><name>Public Restroom</name>
      <description><![CDATA[Priority 1: Places-listed public restroom.<br/>Address: 300 Carlsbad Village Dr, Carlsbad, CA 92008, USA<br/>Approximate runner mile: 85.4.<br/>Nearest runner geometry: approximately 0.12 mi straight-line (not a walking detour).<br/>Verification: Google Places lists this as a public restroom (operational); confirm access and hours on race day.<br/>Source: <a href="https://maps.google.com/?cid=6486778494852834546&g_mp=Cilnb29nbGUubWFwcy5wbGFjZXMudjEuUGxhY2VzLlNlYXJjaE5lYXJieRACGAQgAA">official / current listing</a>]]></description>
      <styleUrl>#placesRestroom</styleUrl>
      <Point><coordinates>-117.3507579,33.1608608,0</coordinates></Point>
    </Placemark>
    <Placemark><name>Public Restroom</name>
      <description><![CDATA[Priority 1: Places-listed public restroom.<br/>Address: Carlsbad Blvd, Carlsbad, CA 92008, USA<br/>Approximate runner mile: 86.3.<br/>Nearest runner geometry: approximately 0.01 mi straight-line (not a walking detour).<br/>Verification: Google Places lists this as a public restroom (operational); confirm access and hours on race day.<br/>Source: <a href="https://maps.google.com/?cid=2751653469605816983&g_mp=Cilnb29nbGUubWFwcy5wbGFjZXMudjEuUGxhY2VzLlNlYXJjaE5lYXJieRACGAQgAA">official / current listing</a>]]></description>
      <styleUrl>#placesRestroom</styleUrl>
      <Point><coordinates>-117.3456483,33.147421400000006,0</coordinates></Point>
    </Placemark>
    <Placemark><name>Public Restroom</name>
      <description><![CDATA[Priority 1: Places-listed public restroom.<br/>Address: 25 E D St, Encinitas, CA 92024, USA<br/>Approximate runner mile: 94.1.<br/>Nearest runner geometry: approximately 0.06 mi straight-line (not a walking detour).<br/>Verification: Google Places lists this as a public restroom (operational); confirm access and hours on race day.<br/>Source: <a href="https://maps.google.com/?cid=13436276203822867415&g_mp=Cilnb29nbGUubWFwcy5wbGFjZXMudjEuUGxhY2VzLlNlYXJjaE5lYXJieRACGAQgAA">official / current listing</a>]]></description>
      <styleUrl>#placesRestroom</styleUrl>
      <Point><coordinates>-117.29278579999999,33.0458882,0</coordinates></Point>
    </Placemark>
    <Placemark><name>Public Restroom</name>
      <description><![CDATA[Priority 1: Places-listed public restroom.<br/>Address: 10389 Vallecitos, La Jolla, CA 92037, USA<br/>Approximate runner mile: 108.7.<br/>Nearest runner geometry: approximately 0.24 mi straight-line (not a walking detour).<br/>Verification: Google Places lists this as a public restroom (operational); confirm access and hours on race day.<br/>Source: <a href="https://maps.google.com/?cid=1602064414763211847&g_mp=Cilnb29nbGUubWFwcy5wbGFjZXMudjEuUGxhY2VzLlNlYXJjaE5lYXJieRACGAQgAA">official / current listing</a>]]></description>
      <styleUrl>#placesRestroom</styleUrl>
      <Point><coordinates>-117.2579346,32.8556978,0</coordinates></Point>
    </Placemark>
    <Placemark><name>Public Restroom</name>
      <description><![CDATA[Priority 1: Places-listed public restroom.<br/>Address: 304 Tourmaline St, San Diego, CA 92109, USA<br/>Approximate runner mile: 113.5.<br/>Nearest runner geometry: approximately 0.15 mi straight-line (not a walking detour).<br/>Verification: Google Places lists this as a public restroom (operational); confirm access and hours on race day.<br/>Source: <a href="https://maps.google.com/?cid=6027014515330630576&g_mp=Cilnb29nbGUubWFwcy5wbGFjZXMudjEuUGxhY2VzLlNlYXJjaE5lYXJieRACGAQgAA">official / current listing</a>]]></description>
      <styleUrl>#placesRestroom</styleUrl>
      <Point><coordinates>-117.26200899999999,32.805133,0</coordinates></Point>
    </Placemark>
    <Placemark><name>Public Restroom</name>
      <description><![CDATA[Priority 1: Places-listed public restroom.<br/>Address: 4861 Ocean Blvd, San Diego, CA 92109, USA<br/>Approximate runner mile: 113.8.<br/>Nearest runner geometry: approximately 0.11 mi straight-line (not a walking detour).<br/>Verification: Google Places lists this as a public restroom (operational); confirm access and hours on race day.<br/>Source: <a href="https://maps.google.com/?cid=6695719288443934576&g_mp=Cilnb29nbGUubWFwcy5wbGFjZXMudjEuUGxhY2VzLlNlYXJjaE5lYXJieRACGAQgAA">official / current listing</a>]]></description>
      <styleUrl>#placesRestroom</styleUrl>
      <Point><coordinates>-117.2592926,32.802035599999996,0</coordinates></Point>
    </Placemark>
    <Placemark><name>Public Restroom / Shower</name>
      <description><![CDATA[Priority 1: Places-listed public restroom.<br/>Address: 4400 Ocean Front Walk, San Diego, CA 92109, USA<br/>Approximate runner mile: 114.2.<br/>Nearest runner geometry: approximately 0.15 mi straight-line (not a walking detour).<br/>Verification: Google Places lists this as a public restroom (operational); confirm access and hours on race day.<br/>Source: <a href="https://maps.google.com/?cid=16961069385020482649&g_mp=Cilnb29nbGUubWFwcy5wbGFjZXMudjEuUGxhY2VzLlNlYXJjaE5lYXJieRACGAQgAA">official / current listing</a>]]></description>
      <styleUrl>#placesRestroom</styleUrl>
      <Point><coordinates>-117.25590799999999,32.7944581,0</coordinates></Point>
    </Placemark>
    <Placemark><name>Public Restroom / Shower</name>
      <description><![CDATA[Priority 1: Places-listed public restroom.<br/>Address: Pacific Beach Dr, San Diego, CA 92109, USA<br/>Approximate runner mile: 114.2.<br/>Nearest runner geometry: approximately 0.41 mi straight-line (not a walking detour).<br/>Verification: Google Places lists this as a public restroom (operational); confirm access and hours on race day.<br/>Source: <a href="https://maps.google.com/?cid=9771082216862640409&g_mp=Cilnb29nbGUubWFwcy5wbGFjZXMudjEuUGxhY2VzLlNlYXJjaE5lYXJieRACGAQgAA">official / current listing</a>]]></description>
      <styleUrl>#placesRestroom</styleUrl>
      <Point><coordinates>-117.25441719999999,32.790781599999995,0</coordinates></Point>
    </Placemark>
    <Placemark><name>Public Restroom 10</name>
      <description><![CDATA[Priority 1: Places-listed public restroom.<br/>Address: 11 Huntington Bch Bike Trl, Huntington Beach, CA 92646, USA<br/>Approximate runner mile: 50.7.<br/>Nearest runner geometry: approximately 0.03 mi straight-line (not a walking detour).<br/>Verification: Google Places lists this as a public restroom (operational); confirm access and hours on race day.<br/>Source: <a href="https://maps.google.com/?cid=1373495594296127402&g_mp=Cilnb29nbGUubWFwcy5wbGFjZXMudjEuUGxhY2VzLlNlYXJjaE5lYXJieRACGAQgAA">official / current listing</a>]]></description>
      <styleUrl>#placesRestroom</styleUrl>
      <Point><coordinates>-117.98726389999999,33.6473638,0</coordinates></Point>
    </Placemark>
    <Placemark><name>Public Restroom 3</name>
      <description><![CDATA[Priority 1: Places-listed public restroom.<br/>Address: Huntington Beach, CA 92646, USA<br/>Approximate runner mile: 51.9.<br/>Nearest runner geometry: approximately 0.03 mi straight-line (not a walking detour).<br/>Verification: Google Places lists this as a public restroom (closed temporarily); confirm access and hours on race day.<br/>Source: <a href="https://maps.google.com/?cid=160068652002532767&g_mp=Cilnb29nbGUubWFwcy5wbGFjZXMudjEuUGxhY2VzLlNlYXJjaE5lYXJieRACGAQgAA">official / current listing</a>]]></description>
      <styleUrl>#placesRestroom</styleUrl>
      <Point><coordinates>-117.96921630000001,33.6373525,0</coordinates></Point>
    </Placemark>
    <Placemark><name>Public Restrooms</name>
      <description><![CDATA[Priority 1: Places-listed public restroom.<br/>Address: 352 E Neece St, Long Beach, CA 90805, USA<br/>Approximate runner mile: 27.8.<br/>Nearest runner geometry: approximately 0.25 mi straight-line (not a walking detour).<br/>Verification: Google Places lists this as a public restroom (operational); confirm access and hours on race day.<br/>Source: <a href="https://maps.google.com/?cid=676671109453961053&g_mp=Cilnb29nbGUubWFwcy5wbGFjZXMudjEuUGxhY2VzLlNlYXJjaE5lYXJieRACGAQgAA">official / current listing</a>]]></description>
      <styleUrl>#placesRestroom</styleUrl>
      <Point><coordinates>-118.19513569999998,33.872116399999996,0</coordinates></Point>
    </Placemark>
    <Placemark><name>Public Restrooms</name>
      <description><![CDATA[Priority 1: Places-listed public restroom.<br/>Address: 194 Bay Shore Ave, Long Beach, CA 90803, USA<br/>Approximate runner mile: 39.5.<br/>Nearest runner geometry: approximately 0.93 mi straight-line (not a walking detour).<br/>Verification: Google Places lists this as a public restroom (operational); confirm access and hours on race day.<br/>Source: <a href="https://maps.google.com/?cid=13602172814587124716&g_mp=Cilnb29nbGUubWFwcy5wbGFjZXMudjEuUGxhY2VzLlNlYXJjaE5lYXJieRACGAQgAA">official / current listing</a>]]></description>
      <styleUrl>#placesRestroom</styleUrl>
      <Point><coordinates>-118.13019469999999,33.7579845,0</coordinates></Point>
    </Placemark>
    <Placemark><name>Public Restrooms</name>
      <description><![CDATA[Priority 1: Places-listed public restroom.<br/>Address: 98 S 71st Pl, Long Beach, CA 90803, USA<br/>Approximate runner mile: 40.8.<br/>Nearest runner geometry: approximately 0.69 mi straight-line (not a walking detour).<br/>Verification: Google Places lists this as a public restroom (operational); confirm access and hours on race day.<br/>Source: <a href="https://maps.google.com/?cid=621669004383020011&g_mp=Cilnb29nbGUubWFwcy5wbGFjZXMudjEuUGxhY2VzLlNlYXJjaE5lYXJieRACGAQgAA">official / current listing</a>]]></description>
      <styleUrl>#placesRestroom</styleUrl>
      <Point><coordinates>-118.1176833,33.745190199999996,0</coordinates></Point>
    </Placemark>
    <Placemark><name>Public Restrooms</name>
      <description><![CDATA[Priority 1: Places-listed public restroom.<br/>Address: 49 62nd Pl, Long Beach, CA 90803, USA<br/>Approximate runner mile: 40.1.<br/>Nearest runner geometry: approximately 0.90 mi straight-line (not a walking detour).<br/>Verification: Google Places lists this as a public restroom (operational); confirm access and hours on race day.<br/>Source: <a href="https://maps.google.com/?cid=17736385007808482136&g_mp=Cilnb29nbGUubWFwcy5wbGFjZXMudjEuUGxhY2VzLlNlYXJjaE5lYXJieRACGAQgAA">official / current listing</a>]]></description>
      <styleUrl>#placesRestroom</styleUrl>
      <Point><coordinates>-118.12270889999998,33.7489621,0</coordinates></Point>
    </Placemark>
    <Placemark><name>Public Restrooms</name>
      <description><![CDATA[Priority 1: Places-listed public restroom.<br/>Address: 21529 Pacific Coast Hwy, Huntington Beach, CA 92648, USA<br/>Approximate runner mile: 50.4.<br/>Nearest runner geometry: approximately 0.04 mi straight-line (not a walking detour).<br/>Verification: Google Places lists this as a public restroom (closed temporarily); confirm access and hours on race day.<br/>Source: <a href="https://maps.google.com/?cid=4835769708552556189&g_mp=Cilnb29nbGUubWFwcy5wbGFjZXMudjEuUGxhY2VzLlNlYXJjaE5lYXJieRACGAQgAA">official / current listing</a>]]></description>
      <styleUrl>#placesRestroom</styleUrl>
      <Point><coordinates>-117.99134249999999,33.6497488,0</coordinates></Point>
    </Placemark>
    <Placemark><name>Public Restrooms</name>
      <description><![CDATA[Priority 1: Places-listed public restroom.<br/>Address: Huntington Bch Bike Trl, Huntington Beach, CA 92646, USA<br/>Approximate runner mile: 51.7.<br/>Nearest runner geometry: approximately 0.05 mi straight-line (not a walking detour).<br/>Verification: Google Places lists this as a public restroom (operational); confirm access and hours on race day.<br/>Source: <a href="https://maps.google.com/?cid=12981353265698662830&g_mp=Cilnb29nbGUubWFwcy5wbGFjZXMudjEuUGxhY2VzLlNlYXJjaE5lYXJieRACGAQgAA">official / current listing</a>]]></description>
      <styleUrl>#placesRestroom</styleUrl>
      <Point><coordinates>-117.9737611,33.639103899999995,0</coordinates></Point>
    </Placemark>
    <Placemark><name>Public Restrooms</name>
      <description><![CDATA[Priority 1: Places-listed public restroom.<br/>Address: 6805 Seashore Dr, Newport Beach, CA 92663, USA<br/>Approximate runner mile: 53.1.<br/>Nearest runner geometry: approximately 0.03 mi straight-line (not a walking detour).<br/>Verification: Google Places lists this as a public restroom (operational); confirm access and hours on race day.<br/>Source: <a href="https://maps.google.com/?cid=6954954758417891969&g_mp=Cilnb29nbGUubWFwcy5wbGFjZXMudjEuUGxhY2VzLlNlYXJjaE5lYXJieRACGAQgAA">official / current listing</a>]]></description>
      <styleUrl>#placesRestroom</styleUrl>
      <Point><coordinates>-117.95296169999997,33.627998399999996,0</coordinates></Point>
    </Placemark>
    <Placemark><name>Public Restrooms</name>
      <description><![CDATA[Priority 1: Places-listed public restroom.<br/>Address: 72 Newport Pier, Newport Beach, CA 92663, USA<br/>Approximate runner mile: 55.2.<br/>Nearest runner geometry: approximately 0.88 mi straight-line (not a walking detour).<br/>Verification: Google Places lists this as a public restroom (operational); confirm access and hours on race day.<br/>Source: <a href="https://maps.google.com/?cid=4074600821494733296&g_mp=Cilnb29nbGUubWFwcy5wbGFjZXMudjEuUGxhY2VzLlNlYXJjaE5lYXJieRACGAQgAA">official / current listing</a>]]></description>
      <styleUrl>#placesRestroom</styleUrl>
      <Point><coordinates>-117.9286418,33.607693999999995,0</coordinates></Point>
    </Placemark>
    <Placemark><name>Public Restrooms</name>
      <description><![CDATA[Priority 1: Places-listed public restroom.<br/>Address: 1301 Park Ave, Newport Beach, CA 92662, USA<br/>Approximate runner mile: 57.1.<br/>Nearest runner geometry: approximately 0.47 mi straight-line (not a walking detour).<br/>Verification: Google Places lists this as a public restroom (operational); confirm access and hours on race day.<br/>Source: <a href="https://maps.google.com/?cid=3846872522563913872&g_mp=Cilnb29nbGUubWFwcy5wbGFjZXMudjEuUGxhY2VzLlNlYXJjaE5lYXJieRACGAQgAA">official / current listing</a>]]></description>
      <styleUrl>#placesRestroom</styleUrl>
      <Point><coordinates>-117.88965809999999,33.6054842,0</coordinates></Point>
    </Placemark>
    <Placemark><name>Public Restrooms</name>
      <description><![CDATA[Priority 1: Places-listed public restroom.<br/>Address: 206 Washington St, Newport Beach, CA 92661, USA<br/>Approximate runner mile: 56.7.<br/>Nearest runner geometry: approximately 0.81 mi straight-line (not a walking detour).<br/>Verification: Google Places lists this as a public restroom (operational); confirm access and hours on race day.<br/>Source: <a href="https://maps.google.com/?cid=2484187322769054344&g_mp=Cilnb29nbGUubWFwcy5wbGFjZXMudjEuUGxhY2VzLlNlYXJjaE5lYXJieRACGAQgAA">official / current listing</a>]]></description>
      <styleUrl>#placesRestroom</styleUrl>
      <Point><coordinates>-117.89989759999997,33.6024937,0</coordinates></Point>
    </Placemark>
    <Placemark><name>Public Restrooms</name>
      <description><![CDATA[Priority 1: Places-listed public restroom.<br/>Address: Newport Coast, CA 92657, USA<br/>Approximate runner mile: 60.8.<br/>Nearest runner geometry: approximately 0.04 mi straight-line (not a walking detour).<br/>Verification: Google Places lists this as a public restroom (operational); confirm access and hours on race day.<br/>Source: <a href="https://maps.google.com/?cid=812617360176625988&g_mp=Cilnb29nbGUubWFwcy5wbGFjZXMudjEuUGxhY2VzLlNlYXJjaE5lYXJieRACGAQgAA">official / current listing</a>]]></description>
      <styleUrl>#placesRestroom</styleUrl>
      <Point><coordinates>-117.8409815,33.5780293,0</coordinates></Point>
    </Placemark>
    <Placemark><name>Public Restrooms</name>
      <description><![CDATA[Priority 1: Places-listed public restroom.<br/>Address: 175 N Pacific Coast Hwy, Laguna Beach, CA 92651, USA<br/>Approximate runner mile: 64.9.<br/>Nearest runner geometry: approximately 0.01 mi straight-line (not a walking detour).<br/>Verification: Google Places lists this as a public restroom (operational); confirm access and hours on race day.<br/>Source: <a href="https://maps.google.com/?cid=6152603139382342141&g_mp=Cilnb29nbGUubWFwcy5wbGFjZXMudjEuUGxhY2VzLlNlYXJjaE5lYXJieRACGAQgAA">official / current listing</a>]]></description>
      <styleUrl>#placesRestroom</styleUrl>
      <Point><coordinates>-117.7865474,33.542935899999996,0</coordinates></Point>
    </Placemark>
    <Placemark><name>Public Restrooms</name>
      <description><![CDATA[Priority 1: Places-listed public restroom.<br/>Address: 30801 Coast Hwy, Laguna Beach, CA 92651, USA<br/>Approximate runner mile: 67.5.<br/>Nearest runner geometry: approximately 0.11 mi straight-line (not a walking detour).<br/>Verification: Google Places lists this as a public restroom (operational); confirm access and hours on race day.<br/>Source: <a href="https://maps.google.com/?cid=3541470390642544460&g_mp=Cilnb29nbGUubWFwcy5wbGFjZXMudjEuUGxhY2VzLlNlYXJjaE5lYXJieRACGAQgAA">official / current listing</a>]]></description>
      <styleUrl>#placesRestroom</styleUrl>
      <Point><coordinates>-117.75814999999999,33.5145157,0</coordinates></Point>
    </Placemark>
    <Placemark><name>Public Restrooms</name>
      <description><![CDATA[Priority 1: Places-listed public restroom.<br/>Address: Dana Point Harbor Dr, Dana Point, CA 92629, USA<br/>Approximate runner mile: 72.0.<br/>Nearest runner geometry: approximately 0.26 mi straight-line (not a walking detour).<br/>Verification: Google Places lists this as a public restroom (operational); confirm access and hours on race day.<br/>Source: <a href="https://maps.google.com/?cid=14042715513138823033&g_mp=Cilnb29nbGUubWFwcy5wbGFjZXMudjEuUGxhY2VzLlNlYXJjaE5lYXJieRACGAQgAA">official / current listing</a>]]></description>
      <styleUrl>#placesRestroom</styleUrl>
      <Point><coordinates>-117.71009679999999,33.4616903,0</coordinates></Point>
    </Placemark>
    <Placemark><name>Public Restrooms</name>
      <description><![CDATA[Priority 1: Places-listed public restroom.<br/>Address: 34558 Scenic Dr, Dana Point, CA 92629, USA<br/>Approximate runner mile: 72.0.<br/>Nearest runner geometry: approximately 0.31 mi straight-line (not a walking detour).<br/>Verification: Google Places lists this as a public restroom (operational); confirm access and hours on race day.<br/>Source: <a href="https://maps.google.com/?cid=13983059042596944160&g_mp=Cilnb29nbGUubWFwcy5wbGFjZXMudjEuUGxhY2VzLlNlYXJjaE5lYXJieRACGAQgAA">official / current listing</a>]]></description>
      <styleUrl>#placesRestroom</styleUrl>
      <Point><coordinates>-117.7113244,33.4614082,0</coordinates></Point>
    </Placemark>
    <Placemark><name>Public Restrooms</name>
      <description><![CDATA[Priority 1: Places-listed public restroom.<br/>Address: 339 W Paseo De Cristobal, San Clemente, CA 92672, USA<br/>Approximate runner mile: 79.2.<br/>Nearest runner geometry: approximately 0.64 mi straight-line (not a walking detour).<br/>Verification: Google Places lists this as a public restroom (closed temporarily); confirm access and hours on race day.<br/>Source: <a href="https://maps.google.com/?cid=8916896990650800870&g_mp=Cilnb29nbGUubWFwcy5wbGFjZXMudjEuUGxhY2VzLlNlYXJjaE5lYXJieRACGAQgAA">official / current listing</a>]]></description>
      <styleUrl>#placesRestroom</styleUrl>
      <Point><coordinates>-117.6179177,33.4169914,0</coordinates></Point>
    </Placemark>
    <Placemark><name>Public Restrooms</name>
      <description><![CDATA[Priority 1: Places-listed public restroom.<br/>Address: 327 W Paseo De Cristobal, San Clemente, CA 92672, USA<br/>Approximate runner mile: 79.4.<br/>Nearest runner geometry: approximately 0.59 mi straight-line (not a walking detour).<br/>Verification: Google Places lists this as a public restroom (operational); confirm access and hours on race day.<br/>Source: <a href="https://maps.google.com/?cid=10539050826879273025&g_mp=Cilnb29nbGUubWFwcy5wbGFjZXMudjEuUGxhY2VzLlNlYXJjaE5lYXJieRACGAQgAA">official / current listing</a>]]></description>
      <styleUrl>#placesRestroom</styleUrl>
      <Point><coordinates>-117.6159244,33.414959599999996,0</coordinates></Point>
    </Placemark>
    <Placemark><name>Public Restrooms</name>
      <description><![CDATA[Priority 1: Places-listed public restroom.<br/>Address: 198 S The Strand, Oceanside, CA 92054, USA<br/>Approximate runner mile: 82.6.<br/>Nearest runner geometry: approximately 0.26 mi straight-line (not a walking detour).<br/>Verification: Google Places lists this as a public restroom (operational); confirm access and hours on race day.<br/>Source: <a href="https://maps.google.com/?cid=8988666565061500220&g_mp=Cilnb29nbGUubWFwcy5wbGFjZXMudjEuUGxhY2VzLlNlYXJjaE5lYXJieRACGAQgAA">official / current listing</a>]]></description>
      <styleUrl>#placesRestroom</styleUrl>
      <Point><coordinates>-117.38112189999998,33.1911207,0</coordinates></Point>
    </Placemark>
    <Placemark><name>Public Restrooms</name>
      <description><![CDATA[Priority 1: Places-listed public restroom.<br/>Address: 1500 S Pacific St, Oceanside, CA 92054, USA<br/>Approximate runner mile: 83.8.<br/>Nearest runner geometry: approximately 0.23 mi straight-line (not a walking detour).<br/>Verification: Google Places lists this as a public restroom (operational); confirm access and hours on race day.<br/>Source: <a href="https://maps.google.com/?cid=17624442865405268077&g_mp=Cilnb29nbGUubWFwcy5wbGFjZXMudjEuUGxhY2VzLlNlYXJjaE5lYXJieRACGAQgAA">official / current listing</a>]]></description>
      <styleUrl>#placesRestroom</styleUrl>
      <Point><coordinates>-117.36856759999999,33.1769082,0</coordinates></Point>
    </Placemark>
    <Placemark><name>Public Restrooms</name>
      <description><![CDATA[Priority 1: Places-listed public restroom.<br/>Address: 2655 Carlsbad Blvd, Carlsbad, CA 92008, USA<br/>Approximate runner mile: 85.2.<br/>Nearest runner geometry: approximately 0.03 mi straight-line (not a walking detour).<br/>Verification: Google Places lists this as a public restroom (operational); confirm access and hours on race day.<br/>Source: <a href="https://maps.google.com/?cid=5536193394170492430&g_mp=Cilnb29nbGUubWFwcy5wbGFjZXMudjEuUGxhY2VzLlNlYXJjaE5lYXJieRACGAQgAA">official / current listing</a>]]></description>
      <styleUrl>#placesRestroom</styleUrl>
      <Point><coordinates>-117.3543594,33.1614724,0</coordinates></Point>
    </Placemark>
    <Placemark><name>Public Restrooms</name>
      <description><![CDATA[Priority 1: Places-listed public restroom.<br/>Address: Parking lot, 2050 S Coast Hwy 101 Parking, Cardiff, CA 92007, USA<br/>Approximate runner mile: 95.6.<br/>Nearest runner geometry: approximately 0.03 mi straight-line (not a walking detour).<br/>Verification: Google Places lists this as a public restroom (operational); confirm access and hours on race day.<br/>Source: <a href="https://maps.google.com/?cid=15180277660757369304&g_mp=Cilnb29nbGUubWFwcy5wbGFjZXMudjEuUGxhY2VzLlNlYXJjaE5lYXJieRACGAQgAA">official / current listing</a>]]></description>
      <styleUrl>#placesRestroom</styleUrl>
      <Point><coordinates>-117.28640829999999,33.0251441,0</coordinates></Point>
    </Placemark>
    <Placemark><name>Public Restrooms</name>
      <description><![CDATA[Priority 1: Places-listed public restroom.<br/>Address: South Beach Lot, 12600 N Torrey Pines Rd, La Jolla, CA 92037, USA<br/>Approximate runner mile: 102.8.<br/>Nearest runner geometry: approximately 0.05 mi straight-line (not a walking detour).<br/>Verification: Google Places lists this as a public restroom (operational); confirm access and hours on race day.<br/>Source: <a href="https://maps.google.com/?cid=10270647246909350162&g_mp=Cilnb29nbGUubWFwcy5wbGFjZXMudjEuUGxhY2VzLlNlYXJjaE5lYXJieRACGAQgAA">official / current listing</a>]]></description>
      <styleUrl>#placesRestroom</styleUrl>
      <Point><coordinates>-117.25929690000001,32.927004,0</coordinates></Point>
    </Placemark>
    <Placemark><name>Public Restrooms &amp; Showers</name>
      <description><![CDATA[Priority 1: Places-listed public restroom.<br/>Address: 8201 La Vereda, La Jolla, CA 92037, USA<br/>Approximate runner mile: 108.7.<br/>Nearest runner geometry: approximately 0.25 mi straight-line (not a walking detour).<br/>Verification: Google Places lists this as a public restroom (operational); confirm access and hours on race day.<br/>Source: <a href="https://maps.google.com/?cid=3813518376300188321&g_mp=Cilnb29nbGUubWFwcy5wbGFjZXMudjEuUGxhY2VzLlNlYXJjaE5lYXJieRACGAQgAA">official / current listing</a>]]></description>
      <styleUrl>#placesRestroom</styleUrl>
      <Point><coordinates>-117.2579947,32.8557126,0</coordinates></Point>
    </Placemark>
    <Placemark><name>Public Restrooms 7</name>
      <description><![CDATA[Priority 1: Places-listed public restroom.<br/>Address: Bike Trail, Huntington Beach, CA 92646, USA<br/>Approximate runner mile: 51.2.<br/>Nearest runner geometry: approximately 0.03 mi straight-line (not a walking detour).<br/>Verification: Google Places lists this as a public restroom (operational); confirm access and hours on race day.<br/>Source: <a href="https://maps.google.com/?cid=8762051118415560298&g_mp=Cilnb29nbGUubWFwcy5wbGFjZXMudjEuUGxhY2VzLlNlYXJjaE5lYXJieRACGAQgAA">official / current listing</a>]]></description>
      <styleUrl>#placesRestroom</styleUrl>
      <Point><coordinates>-117.9800336,33.6430036,0</coordinates></Point>
    </Placemark>
    <Placemark><name>Public Restrooms 8</name>
      <description><![CDATA[Priority 1: Places-listed public restroom.<br/>Address: 9, Huntington State Beach, Huntington Bch Bike Trl, HUNTINGTN BCH, CA 92646, USA<br/>Approximate runner mile: 51.0.<br/>Nearest runner geometry: approximately 0.03 mi straight-line (not a walking detour).<br/>Verification: Google Places lists this as a public restroom (operational); confirm access and hours on race day.<br/>Source: <a href="https://maps.google.com/?cid=16566036149147572440&g_mp=Cilnb29nbGUubWFwcy5wbGFjZXMudjEuUGxhY2VzLlNlYXJjaE5lYXJieRACGAQgAA">official / current listing</a>]]></description>
      <styleUrl>#placesRestroom</styleUrl>
      <Point><coordinates>-117.9824325,33.6444435,0</coordinates></Point>
    </Placemark>
    <Placemark><name>Public Restrooms and Shower</name>
      <description><![CDATA[Priority 1: Places-listed public restroom.<br/>Address: 850 Coast Blvd, La Jolla, CA 92037, USA<br/>Approximate runner mile: 110.3.<br/>Nearest runner geometry: approximately 0.49 mi straight-line (not a walking detour).<br/>Verification: Google Places lists this as a public restroom (operational); confirm access and hours on race day.<br/>Source: <a href="https://maps.google.com/?cid=6527242583115228334&g_mp=Cilnb29nbGUubWFwcy5wbGFjZXMudjEuUGxhY2VzLlNlYXJjaE5lYXJieRACGAQgAA">official / current listing</a>]]></description>
      <styleUrl>#placesRestroom</styleUrl>
      <Point><coordinates>-117.27862890000002,32.8472473,0</coordinates></Point>
    </Placemark>
    <Placemark><name>Public Restrooms at Breakwater</name>
      <description><![CDATA[Priority 1: Places-listed public restroom.<br/>Address: 900 The Strand N, Oceanside, CA 92054, USA<br/>Approximate runner mile: 81.9.<br/>Nearest runner geometry: approximately 0.30 mi straight-line (not a walking detour).<br/>Verification: Google Places lists this as a public restroom (operational); confirm access and hours on race day.<br/>Source: <a href="https://maps.google.com/?cid=17204502484821737569&g_mp=Cilnb29nbGUubWFwcy5wbGFjZXMudjEuUGxhY2VzLlNlYXJjaE5lYXJieRACGAQgAA">official / current listing</a>]]></description>
      <styleUrl>#placesRestroom</styleUrl>
      <Point><coordinates>-117.38937659999999,33.2003112,0</coordinates></Point>
    </Placemark>
    <Placemark><name>Public Restrooms, South Harbor</name>
      <description><![CDATA[Priority 1: Places-listed public restroom.<br/>Address: 320 Harbor Dr, Oceanside, CA 92054, USA<br/>Approximate runner mile: 81.5.<br/>Nearest runner geometry: approximately 0.23 mi straight-line (not a walking detour).<br/>Verification: Google Places lists this as a public restroom (operational); confirm access and hours on race day.<br/>Source: <a href="https://maps.google.com/?cid=540310345098875680&g_mp=Cilnb29nbGUubWFwcy5wbGFjZXMudjEuUGxhY2VzLlNlYXJjaE5lYXJieRACGAQgAA">official / current listing</a>]]></description>
      <styleUrl>#placesRestroom</styleUrl>
      <Point><coordinates>-117.389022,33.2051091,0</coordinates></Point>
    </Placemark>
    <Placemark><name>Public Washroom</name>
      <description><![CDATA[Priority 1: Places-listed public restroom.<br/>Address: 1495 Park Ave, Newport Beach, CA 92662, USA<br/>Approximate runner mile: 57.1.<br/>Nearest runner geometry: approximately 0.47 mi straight-line (not a walking detour).<br/>Verification: Google Places lists this as a public restroom (operational); confirm access and hours on race day.<br/>Source: <a href="https://maps.google.com/?cid=5717738124666822242&g_mp=Cilnb29nbGUubWFwcy5wbGFjZXMudjEuUGxhY2VzLlNlYXJjaE5lYXJieRACGAQgAA">official / current listing</a>]]></description>
      <styleUrl>#placesRestroom</styleUrl>
      <Point><coordinates>-117.88953959999999,33.6055877,0</coordinates></Point>
    </Placemark>
    <Placemark><name>Public bathroom</name>
      <description><![CDATA[Priority 1: Places-listed public restroom.<br/>Address: 1444 4th St, Santa Monica, CA 90401, USA<br/>Approximate runner mile: 0.1.<br/>Nearest runner geometry: approximately 0.28 mi straight-line (not a walking detour).<br/>Verification: Google Places lists this as a public restroom (operational); confirm access and hours on race day.<br/>Source: <a href="https://maps.google.com/?cid=9009649377677998906&g_mp=Cilnb29nbGUubWFwcy5wbGFjZXMudjEuUGxhY2VzLlNlYXJjaE5lYXJieRACGAQgAA">official / current listing</a>]]></description>
      <styleUrl>#placesRestroom</styleUrl>
      <Point><coordinates>-118.4942686,34.0153484,0</coordinates></Point>
    </Placemark>
    <Placemark><name>Public bathrooms</name>
      <description><![CDATA[Priority 1: Places-listed public restroom.<br/>Address: Parking lot, 33333 Pacific Coast Hwy, Dana Point, CA 92629, USA<br/>Approximate runner mile: 71.0.<br/>Nearest runner geometry: approximately 0.07 mi straight-line (not a walking detour).<br/>Verification: Google Places lists this as a public restroom (operational); confirm access and hours on race day.<br/>Source: <a href="https://maps.google.com/?cid=15390445342840190681&g_mp=Cilnb29nbGUubWFwcy5wbGFjZXMudjEuUGxhY2VzLlNlYXJjaE5lYXJieRACGAQgAA">official / current listing</a>]]></description>
      <styleUrl>#placesRestroom</styleUrl>
      <Point><coordinates>-117.7189513,33.4769994,0</coordinates></Point>
    </Placemark>
    <Placemark><name>Public restroom</name>
      <description><![CDATA[Priority 1: Places-listed public restroom.<br/>Address: 285 Pacific Coast Hwy, Huntington Beach, CA 92648, USA<br/>Approximate runner mile: 49.7.<br/>Nearest runner geometry: approximately 0.05 mi straight-line (not a walking detour).<br/>Verification: Google Places lists this as a public restroom (operational); confirm access and hours on race day.<br/>Source: <a href="https://maps.google.com/?cid=12929832034593575994&g_mp=Cilnb29nbGUubWFwcy5wbGFjZXMudjEuUGxhY2VzLlNlYXJjaE5lYXJieRACGAQgAA">official / current listing</a>]]></description>
      <styleUrl>#placesRestroom</styleUrl>
      <Point><coordinates>-118.00180710000001,33.655947,0</coordinates></Point>
    </Placemark>
    <Placemark><name>Public restroom</name>
      <description><![CDATA[Priority 1: Places-listed public restroom.<br/>Address: Chic’s Custom Canvas, 1400 N Harbor Dr, Oceanside, CA 92054, USA<br/>Approximate runner mile: 81.2.<br/>Nearest runner geometry: approximately 0.39 mi straight-line (not a walking detour).<br/>Verification: Google Places lists this as a public restroom (operational); confirm access and hours on race day.<br/>Source: <a href="https://maps.google.com/?cid=14333972046809065091&g_mp=Cilnb29nbGUubWFwcy5wbGFjZXMudjEuUGxhY2VzLlNlYXJjaE5lYXJieRACGAQgAA">official / current listing</a>]]></description>
      <styleUrl>#placesRestroom</styleUrl>
      <Point><coordinates>-117.3941674,33.2083422,0</coordinates></Point>
    </Placemark>
    <Placemark><name>Public restroom</name>
      <description><![CDATA[Priority 1: Places-listed public restroom.<br/>Address: 1304 N Pacific St, Oceanside, CA 92054, USA<br/>Approximate runner mile: 81.3.<br/>Nearest runner geometry: approximately 0.44 mi straight-line (not a walking detour).<br/>Verification: Google Places lists this as a public restroom (operational); confirm access and hours on race day.<br/>Source: <a href="https://maps.google.com/?cid=7447726125394567284&g_mp=Cilnb29nbGUubWFwcy5wbGFjZXMudjEuUGxhY2VzLlNlYXJjaE5lYXJieRACGAQgAA">official / current listing</a>]]></description>
      <styleUrl>#placesRestroom</styleUrl>
      <Point><coordinates>-117.3937383,33.205379799999996,0</coordinates></Point>
    </Placemark>
    <Placemark><name>Public restroom</name>
      <description><![CDATA[Priority 1: Places-listed public restroom.<br/>Address: 2149 Orinda Dr, Cardiff, CA 92007, USA<br/>Approximate runner mile: 96.2.<br/>Nearest runner geometry: approximately 0.10 mi straight-line (not a walking detour).<br/>Verification: Google Places lists this as a public restroom (operational); confirm access and hours on race day.<br/>Source: <a href="https://maps.google.com/?cid=8957520826857689964&g_mp=Cilnb29nbGUubWFwcy5wbGFjZXMudjEuUGxhY2VzLlNlYXJjaE5lYXJieRACGAQgAA">official / current listing</a>]]></description>
      <styleUrl>#placesRestroom</styleUrl>
      <Point><coordinates>-117.28020929999998,33.0189041,0</coordinates></Point>
    </Placemark>
    <Placemark><name>Public restroom</name>
      <description><![CDATA[Priority 1: Places-listed public restroom.<br/>Address: 2500s S Coast Hwy 101, Cardiff, CA 92007, USA<br/>Approximate runner mile: 96.4.<br/>Nearest runner geometry: approximately 0.02 mi straight-line (not a walking detour).<br/>Verification: Google Places lists this as a public restroom (operational); confirm access and hours on race day.<br/>Source: <a href="https://maps.google.com/?cid=14694860099970371991&g_mp=Cilnb29nbGUubWFwcy5wbGFjZXMudjEuUGxhY2VzLlNlYXJjaE5lYXJieRACGAQgAA">official / current listing</a>]]></description>
      <styleUrl>#placesRestroom</styleUrl>
      <Point><coordinates>-117.2806149,33.0147104,0</coordinates></Point>
    </Placemark>
    <Placemark><name>Public shower</name>
      <description><![CDATA[Priority 1: Places-listed public restroom.<br/>Address: Long Beach, CA 90803, USA<br/>Approximate runner mile: 39.6.<br/>Nearest runner geometry: approximately 0.94 mi straight-line (not a walking detour).<br/>Verification: Google Places lists this as a public restroom (operational); confirm access and hours on race day.<br/>Source: <a href="https://maps.google.com/?cid=9345159725123202999&g_mp=Cilnb29nbGUubWFwcy5wbGFjZXMudjEuUGxhY2VzLlNlYXJjaE5lYXJieRACGAQgAA">official / current listing</a>]]></description>
      <styleUrl>#placesRestroom</styleUrl>
      <Point><coordinates>-118.1303926,33.7578228,0</coordinates></Point>
    </Placemark>
    <Placemark><name>Renta de baños portables</name>
      <description><![CDATA[Priority 1: Places-listed public restroom.<br/>Address: 7962 Salt Lake Ave unidad c, Huntington Park, CA 90255, USA<br/>Approximate runner mile: 20.4.<br/>Nearest runner geometry: approximately 0.71 mi straight-line (not a walking detour).<br/>Verification: Google Places lists this as a public restroom (operational); confirm access and hours on race day.<br/>Source: <a href="https://maps.google.com/?cid=6075125656208134657&g_mp=Cilnb29nbGUubWFwcy5wbGFjZXMudjEuUGxhY2VzLlNlYXJjaE5lYXJieRACGAQgAA">official / current listing</a>]]></description>
      <styleUrl>#placesRestroom</styleUrl>
      <Point><coordinates>-118.19363010000001,33.9633015,0</coordinates></Point>
    </Placemark>
    <Placemark><name>Restroom</name>
      <description><![CDATA[Priority 1: Places-listed public restroom.<br/>Address: 1480 Ocean Ave, Santa Monica, CA 90401, USA<br/>Approximate runner mile: 0.1.<br/>Nearest runner geometry: approximately 0.14 mi straight-line (not a walking detour).<br/>Verification: Google Places lists this as a public restroom (operational); confirm access and hours on race day.<br/>Source: <a href="https://maps.google.com/?cid=8636557018738425826&g_mp=Cilnb29nbGUubWFwcy5wbGFjZXMudjEuUGxhY2VzLlNlYXJjaE5lYXJieRACGAQgAA">official / current listing</a>]]></description>
      <styleUrl>#placesRestroom</styleUrl>
      <Point><coordinates>-118.49684950000001,34.0127327,0</coordinates></Point>
    </Placemark>
    <Placemark><name>Restroom</name>
      <description><![CDATA[Priority 1: Places-listed public restroom.<br/>Address: 2302 4th St, Santa Monica, CA 90405, USA<br/>Approximate runner mile: 0.9.<br/>Nearest runner geometry: approximately 0.18 mi straight-line (not a walking detour).<br/>Verification: Google Places lists this as a public restroom (operational); confirm access and hours on race day.<br/>Source: <a href="https://maps.google.com/?cid=5174786351540769605&g_mp=Cilnb29nbGUubWFwcy5wbGFjZXMudjEuUGxhY2VzLlNlYXJjaE5lYXJieRACGAQgAA">official / current listing</a>]]></description>
      <styleUrl>#placesRestroom</styleUrl>
      <Point><coordinates>-118.4838873,34.006127299999996,0</coordinates></Point>
    </Placemark>
    <Placemark><name>Restroom</name>
      <description><![CDATA[Priority 1: Places-listed public restroom.<br/>Address: 13650 Mindanao Wy, Marina Del Rey, CA 90292, USA<br/>Approximate runner mile: 3.3.<br/>Nearest runner geometry: approximately 0.87 mi straight-line (not a walking detour).<br/>Verification: Google Places lists this as a public restroom (operational); confirm access and hours on race day.<br/>Source: <a href="https://maps.google.com/?cid=14388732694637556285&g_mp=Cilnb29nbGUubWFwcy5wbGFjZXMudjEuUGxhY2VzLlNlYXJjaE5lYXJieRACGAQgAA">official / current listing</a>]]></description>
      <styleUrl>#placesRestroom</styleUrl>
      <Point><coordinates>-118.4457336,33.976974399999996,0</coordinates></Point>
    </Placemark>
    <Placemark><name>Restroom</name>
      <description><![CDATA[Priority 1: Places-listed public restroom.<br/>Address: 13477 Fiji Way, Marina Del Rey, CA 90292, USA<br/>Approximate runner mile: 3.5.<br/>Nearest runner geometry: approximately 0.97 mi straight-line (not a walking detour).<br/>Verification: Google Places lists this as a public restroom (operational); confirm access and hours on race day.<br/>Source: <a href="https://maps.google.com/?cid=13418622935154825561&g_mp=Cilnb29nbGUubWFwcy5wbGFjZXMudjEuUGxhY2VzLlNlYXJjaE5lYXJieRACGAQgAA">official / current listing</a>]]></description>
      <styleUrl>#placesRestroom</styleUrl>
      <Point><coordinates>-118.44123150000001,33.977298399999995,0</coordinates></Point>
    </Placemark>
    <Placemark><name>Restroom</name>
      <description><![CDATA[Priority 1: Places-listed public restroom.<br/>Address: 351 E 46th St, Long Beach, CA 90807, USA<br/>Approximate runner mile: 29.8.<br/>Nearest runner geometry: approximately 0.81 mi straight-line (not a walking detour).<br/>Verification: Google Places lists this as a public restroom (operational); confirm access and hours on race day.<br/>Source: <a href="https://maps.google.com/?cid=3640134553850539185&g_mp=Cilnb29nbGUubWFwcy5wbGFjZXMudjEuUGxhY2VzLlNlYXJjaE5lYXJieRACGAQgAA">official / current listing</a>]]></description>
      <styleUrl>#placesRestroom</styleUrl>
      <Point><coordinates>-118.188687,33.842674699999996,0</coordinates></Point>
    </Placemark>
    <Placemark><name>Restroom</name>
      <description><![CDATA[Priority 1: Places-listed public restroom.<br/>Address: 5255 E Paoli Way, Long Beach, CA 90803, USA<br/>Approximate runner mile: 38.6.<br/>Nearest runner geometry: approximately 0.63 mi straight-line (not a walking detour).<br/>Verification: Google Places lists this as a public restroom (closed temporarily); confirm access and hours on race day.<br/>Source: <a href="https://maps.google.com/?cid=13414460741383513206&g_mp=Cilnb29nbGUubWFwcy5wbGFjZXMudjEuUGxhY2VzLlNlYXJjaE5lYXJieRACGAQgAA">official / current listing</a>]]></description>
      <styleUrl>#placesRestroom</styleUrl>
      <Point><coordinates>-118.12987319999998,33.768235,0</coordinates></Point>
    </Placemark>
    <Placemark><name>Restroom</name>
      <description><![CDATA[Priority 1: Places-listed public restroom.<br/>Address: 5839 Appian Way, E Sorrento Dr, Long Beach, CA 90803, USA<br/>Approximate runner mile: 39.7.<br/>Nearest runner geometry: approximately 0.40 mi straight-line (not a walking detour).<br/>Verification: Google Places lists this as a public restroom (operational); confirm access and hours on race day.<br/>Source: <a href="https://maps.google.com/?cid=6415735666799648641&g_mp=Cilnb29nbGUubWFwcy5wbGFjZXMudjEuUGxhY2VzLlNlYXJjaE5lYXJieRACGAQgAA">official / current listing</a>]]></description>
      <styleUrl>#placesRestroom</styleUrl>
      <Point><coordinates>-118.12060719999998,33.7588678,0</coordinates></Point>
    </Placemark>
    <Placemark><name>Restroom</name>
      <description><![CDATA[Priority 1: Places-listed public restroom.<br/>Address: 18179 Pacific Coast Hwy, Huntington Beach, CA 92648, USA<br/>Approximate runner mile: 45.7.<br/>Nearest runner geometry: approximately 0.01 mi straight-line (not a walking detour).<br/>Verification: Google Places lists this as a public restroom (operational); confirm access and hours on race day.<br/>Source: <a href="https://maps.google.com/?cid=16411725316335938685&g_mp=Cilnb29nbGUubWFwcy5wbGFjZXMudjEuUGxhY2VzLlNlYXJjaE5lYXJieRACGAQgAA">official / current listing</a>]]></description>
      <styleUrl>#placesRestroom</styleUrl>
      <Point><coordinates>-118.04965409999998,33.697736899999995,0</coordinates></Point>
    </Placemark>
    <Placemark><name>Restroom</name>
      <description><![CDATA[Priority 1: Places-listed public restroom.<br/>Address: 18331 CA-1, Huntington Beach, CA 92648, USA<br/>Approximate runner mile: 46.0.<br/>Nearest runner geometry: approximately 0.01 mi straight-line (not a walking detour).<br/>Verification: Google Places lists this as a public restroom (operational); confirm access and hours on race day.<br/>Source: <a href="https://maps.google.com/?cid=1259401251123623051&g_mp=Cilnb29nbGUubWFwcy5wbGFjZXMudjEuUGxhY2VzLlNlYXJjaE5lYXJieRACGAQgAA">official / current listing</a>]]></description>
      <styleUrl>#placesRestroom</styleUrl>
      <Point><coordinates>-118.04622619999999,33.6940453,0</coordinates></Point>
    </Placemark>
    <Placemark><name>Restroom</name>
      <description><![CDATA[Priority 1: Places-listed public restroom.<br/>Address: 1 Whitecliffs Dr, Newport Beach, CA 92660, USA<br/>Approximate runner mile: 56.4.<br/>Nearest runner geometry: approximately 0.73 mi straight-line (not a walking detour).<br/>Verification: Google Places lists this as a public restroom (operational); confirm access and hours on race day.<br/>Source: <a href="https://maps.google.com/?cid=2681243346118736573&g_mp=Cilnb29nbGUubWFwcy5wbGFjZXMudjEuUGxhY2VzLlNlYXJjaE5lYXJieRACGAQgAA">official / current listing</a>]]></description>
      <styleUrl>#placesRestroom</styleUrl>
      <Point><coordinates>-117.89410670000001,33.625445299999996,0</coordinates></Point>
    </Placemark>
    <Placemark><name>Restroom</name>
      <description><![CDATA[Priority 1: Places-listed public restroom.<br/>Address: Corona Del Mar, CA 92625, USA<br/>Approximate runner mile: 58.7.<br/>Nearest runner geometry: approximately 0.33 mi straight-line (not a walking detour).<br/>Verification: Google Places lists this as a public restroom (operational); confirm access and hours on race day.<br/>Source: <a href="https://maps.google.com/?cid=6929931207932789684&g_mp=Cilnb29nbGUubWFwcy5wbGFjZXMudjEuUGxhY2VzLlNlYXJjaE5lYXJieRACGAQgAA">official / current listing</a>]]></description>
      <styleUrl>#placesRestroom</styleUrl>
      <Point><coordinates>-117.8756936,33.5936176,0</coordinates></Point>
    </Placemark>
    <Placemark><name>Restroom</name>
      <description><![CDATA[Priority 1: Places-listed public restroom.<br/>Address: Corona Del Mar, CA 92625, USA<br/>Approximate runner mile: 58.6.<br/>Nearest runner geometry: approximately 0.39 mi straight-line (not a walking detour).<br/>Verification: Google Places lists this as a public restroom (operational); confirm access and hours on race day.<br/>Source: <a href="https://maps.google.com/?cid=16295009560883561955&g_mp=Cilnb29nbGUubWFwcy5wbGFjZXMudjEuUGxhY2VzLlNlYXJjaE5lYXJieRACGAQgAA">official / current listing</a>]]></description>
      <styleUrl>#placesRestroom</styleUrl>
      <Point><coordinates>-117.8772671,33.594037799999995,0</coordinates></Point>
    </Placemark>
    <Placemark><name>Restroom</name>
      <description><![CDATA[Priority 1: Places-listed public restroom.<br/>Address: Newport Coast, CA 92657, USA<br/>Approximate runner mile: 60.1.<br/>Nearest runner geometry: approximately 0.13 mi straight-line (not a walking detour).<br/>Verification: Google Places lists this as a public restroom (operational); confirm access and hours on race day.<br/>Source: <a href="https://maps.google.com/?cid=16803654449306482135&g_mp=Cilnb29nbGUubWFwcy5wbGFjZXMudjEuUGxhY2VzLlNlYXJjaE5lYXJieRACGAQgAA">official / current listing</a>]]></description>
      <styleUrl>#placesRestroom</styleUrl>
      <Point><coordinates>-117.85186059999998,33.5824116,0</coordinates></Point>
    </Placemark>
    <Placemark><name>Restroom</name>
      <description><![CDATA[Priority 1: Places-listed public restroom.<br/>Address: 25300 Dana Point Harbor Dr, Dana Point, CA 92629, USA<br/>Approximate runner mile: 73.4.<br/>Nearest runner geometry: approximately 0.09 mi straight-line (not a walking detour).<br/>Verification: Google Places lists this as a public restroom (operational); confirm access and hours on race day.<br/>Source: <a href="https://maps.google.com/?cid=9516470305996650806&g_mp=Cilnb29nbGUubWFwcy5wbGFjZXMudjEuUGxhY2VzLlNlYXJjaE5lYXJieRACGAQgAA">official / current listing</a>]]></description>
      <styleUrl>#placesRestroom</styleUrl>
      <Point><coordinates>-117.68702809999998,33.4625205,0</coordinates></Point>
    </Placemark>
    <Placemark><name>Restroom</name>
      <description><![CDATA[Priority 1: Places-listed public restroom.<br/>Address: 25300 Dana Point Harbor Dr, Dana Point, CA 92629, USA<br/>Approximate runner mile: 73.5.<br/>Nearest runner geometry: approximately 0.03 mi straight-line (not a walking detour).<br/>Verification: Google Places lists this as a public restroom (operational); confirm access and hours on race day.<br/>Source: <a href="https://maps.google.com/?cid=13461961525092829309&g_mp=Cilnb29nbGUubWFwcy5wbGFjZXMudjEuUGxhY2VzLlNlYXJjaE5lYXJieRACGAQgAA">official / current listing</a>]]></description>
      <styleUrl>#placesRestroom</styleUrl>
      <Point><coordinates>-117.68655439999999,33.463827,0</coordinates></Point>
    </Placemark>
    <Placemark><name>Restroom</name>
      <description><![CDATA[Priority 1: Places-listed public restroom.<br/>Address: San Clemente Pier, San Clemente, CA 92672, USA<br/>Approximate runner mile: 79.0.<br/>Nearest runner geometry: approximately 0.85 mi straight-line (not a walking detour).<br/>Verification: Google Places lists this as a public restroom (operational); confirm access and hours on race day.<br/>Source: <a href="https://maps.google.com/?cid=12788759335835267793&g_mp=Cilnb29nbGUubWFwcy5wbGFjZXMudjEuUGxhY2VzLlNlYXJjaE5lYXJieRACGAQgAA">official / current listing</a>]]></description>
      <styleUrl>#placesRestroom</styleUrl>
      <Point><coordinates>-117.62268290000002,33.4182863,0</coordinates></Point>
    </Placemark>
    <Placemark><name>Restroom</name>
      <description><![CDATA[Priority 1: Places-listed public restroom.<br/>Address: 658 E Circle Dr, Solana Beach, CA 92075, USA<br/>Approximate runner mile: 97.4.<br/>Nearest runner geometry: approximately 0.03 mi straight-line (not a walking detour).<br/>Verification: Google Places lists this as a public restroom (operational); confirm access and hours on race day.<br/>Source: <a href="https://maps.google.com/?cid=4416910464582783076&g_mp=Cilnb29nbGUubWFwcy5wbGFjZXMudjEuUGxhY2VzLlNlYXJjaE5lYXJieRACGAQgAA">official / current listing</a>]]></description>
      <styleUrl>#placesRestroom</styleUrl>
      <Point><coordinates>-117.2772248,33.0017746,0</coordinates></Point>
    </Placemark>
    <Placemark><name>Restroom</name>
      <description><![CDATA[Priority 1: Places-listed public restroom.<br/>Address: 1670 Coast Blvd, Del Mar, CA 92014, USA<br/>Approximate runner mile: 100.3.<br/>Nearest runner geometry: approximately 0.16 mi straight-line (not a walking detour).<br/>Verification: Google Places lists this as a public restroom (operational); confirm access and hours on race day.<br/>Source: <a href="https://maps.google.com/?cid=10284763330889555140&g_mp=Cilnb29nbGUubWFwcy5wbGFjZXMudjEuUGxhY2VzLlNlYXJjaE5lYXJieRACGAQgAA">official / current listing</a>]]></description>
      <styleUrl>#placesRestroom</styleUrl>
      <Point><coordinates>-117.26808220000001,32.9623876,0</coordinates></Point>
    </Placemark>
    <Placemark><name>Restroom</name>
      <description><![CDATA[Priority 1: Places-listed public restroom.<br/>Address: San Diego, CA 92121, USA<br/>Approximate runner mile: 102.3.<br/>Nearest runner geometry: approximately 0.03 mi straight-line (not a walking detour).<br/>Verification: Google Places lists this as a public restroom (operational); confirm access and hours on race day.<br/>Source: <a href="https://maps.google.com/?cid=3322611436026736470&g_mp=Cilnb29nbGUubWFwcy5wbGFjZXMudjEuUGxhY2VzLlNlYXJjaE5lYXJieRACGAQgAA">official / current listing</a>]]></description>
      <styleUrl>#placesRestroom</styleUrl>
      <Point><coordinates>-117.2600909,32.9348041,0</coordinates></Point>
    </Placemark>
    <Placemark><name>Restroom</name>
      <description><![CDATA[Priority 1: Places-listed public restroom.<br/>Address: La Jolla, CA 92037, USA<br/>Approximate runner mile: 103.6.<br/>Nearest runner geometry: approximately 0.20 mi straight-line (not a walking detour).<br/>Verification: Google Places lists this as a public restroom (operational); confirm access and hours on race day.<br/>Source: <a href="https://maps.google.com/?cid=11727459845000820751&g_mp=Cilnb29nbGUubWFwcy5wbGFjZXMudjEuUGxhY2VzLlNlYXJjaE5lYXJieRACGAQgAA">official / current listing</a>]]></description>
      <styleUrl>#placesRestroom</styleUrl>
      <Point><coordinates>-117.25258319999999,32.9194631,0</coordinates></Point>
    </Placemark>
    <Placemark><name>Restroom</name>
      <description><![CDATA[Priority 1: Places-listed public restroom.<br/>Address: 8657 Villa La Jolla Dr, La Jolla, CA 92037, USA<br/>Approximate runner mile: 107.1.<br/>Nearest runner geometry: approximately 0.91 mi straight-line (not a walking detour).<br/>Verification: Google Places lists this as a public restroom (operational); confirm access and hours on race day.<br/>Source: <a href="https://maps.google.com/?cid=12113966275216319190&g_mp=Cilnb29nbGUubWFwcy5wbGFjZXMudjEuUGxhY2VzLlNlYXJjaE5lYXJieRACGAQgAA">official / current listing</a>]]></description>
      <styleUrl>#placesRestroom</styleUrl>
      <Point><coordinates>-117.2320675,32.8656425,0</coordinates></Point>
    </Placemark>
    <Placemark><name>Restroom</name>
      <description><![CDATA[Priority 1: Places-listed public restroom.<br/>Address: 8301 Cliffridge Ave, La Jolla, CA 92037, USA<br/>Approximate runner mile: 108.4.<br/>Nearest runner geometry: approximately 0.57 mi straight-line (not a walking detour).<br/>Verification: Google Places lists this as a public restroom (operational); confirm access and hours on race day.<br/>Source: <a href="https://maps.google.com/?cid=17125371141019317523&g_mp=Cilnb29nbGUubWFwcy5wbGFjZXMudjEuUGxhY2VzLlNlYXJjaE5lYXJieRACGAQgAA">official / current listing</a>]]></description>
      <styleUrl>#placesRestroom</styleUrl>
      <Point><coordinates>-117.2438275,32.858267399999995,0</coordinates></Point>
    </Placemark>
    <Placemark><name>Restroom</name>
      <description><![CDATA[Priority 1: Places-listed public restroom.<br/>Address: 1160 Coast Blvd, La Jolla, CA 92037, USA<br/>Approximate runner mile: 109.9.<br/>Nearest runner geometry: approximately 0.41 mi straight-line (not a walking detour).<br/>Verification: Google Places lists this as a public restroom (operational); confirm access and hours on race day.<br/>Source: <a href="https://maps.google.com/?cid=17088750085391868231&g_mp=Cilnb29nbGUubWFwcy5wbGFjZXMudjEuUGxhY2VzLlNlYXJjaE5lYXJieRACGAQgAA">official / current listing</a>]]></description>
      <styleUrl>#placesRestroom</styleUrl>
      <Point><coordinates>-117.2734422,32.850226,0</coordinates></Point>
    </Placemark>
    <Placemark><name>Restroom 1</name>
      <description><![CDATA[Priority 1: Places-listed public restroom.<br/>Address: 22345 Pacific Coast Hwy, Huntington Beach, CA 92646, USA<br/>Approximate runner mile: 52.4.<br/>Nearest runner geometry: approximately 0.03 mi straight-line (not a walking detour).<br/>Verification: Google Places lists this as a public restroom (operational); confirm access and hours on race day.<br/>Source: <a href="https://maps.google.com/?cid=8165456729582093848&g_mp=Cilnb29nbGUubWFwcy5wbGFjZXMudjEuUGxhY2VzLlNlYXJjaE5lYXJieRACGAQgAA">official / current listing</a>]]></description>
      <styleUrl>#placesRestroom</styleUrl>
      <Point><coordinates>-117.9630271,33.6340469,0</coordinates></Point>
    </Placemark>
    <Placemark><name>Restroom 12</name>
      <description><![CDATA[Priority 1: Places-listed public restroom.<br/>Address: 17939 Pacific Coast Hwy, Huntington Beach, CA 92648, USA<br/>Approximate runner mile: 46.9.<br/>Nearest runner geometry: approximately 0.02 mi straight-line (not a walking detour).<br/>Verification: Google Places lists this as a public restroom (operational); confirm access and hours on race day.<br/>Source: <a href="https://maps.google.com/?cid=6706879294255360249&g_mp=Cilnb29nbGUubWFwcy5wbGFjZXMudjEuUGxhY2VzLlNlYXJjaE5lYXJieRACGAQgAA">official / current listing</a>]]></description>
      <styleUrl>#placesRestroom</styleUrl>
      <Point><coordinates>-118.0367067,33.6839078,0</coordinates></Point>
    </Placemark>
    <Placemark><name>Restroom 13</name>
      <description><![CDATA[Priority 1: Places-listed public restroom.<br/>Address: 17929 Pacific Coast Hwy, Huntington Beach, CA 92648, USA<br/>Approximate runner mile: 46.7.<br/>Nearest runner geometry: approximately 0.02 mi straight-line (not a walking detour).<br/>Verification: Google Places lists this as a public restroom (operational); confirm access and hours on race day.<br/>Source: <a href="https://maps.google.com/?cid=7769917437298660054&g_mp=Cilnb29nbGUubWFwcy5wbGFjZXMudjEuUGxhY2VzLlNlYXJjaE5lYXJieRACGAQgAA">official / current listing</a>]]></description>
      <styleUrl>#placesRestroom</styleUrl>
      <Point><coordinates>-118.0387324,33.6860594,0</coordinates></Point>
    </Placemark>
    <Placemark><name>Restroom 15</name>
      <description><![CDATA[Priority 1: Places-listed public restroom.<br/>Address: 18581 Pacific Coast Hwy, Huntington Beach, CA 92648, USA<br/>Approximate runner mile: 46.3.<br/>Nearest runner geometry: approximately 0.02 mi straight-line (not a walking detour).<br/>Verification: Google Places lists this as a public restroom (operational); confirm access and hours on race day.<br/>Source: <a href="https://maps.google.com/?cid=14809248153465981416&g_mp=Cilnb29nbGUubWFwcy5wbGFjZXMudjEuUGxhY2VzLlNlYXJjaE5lYXJieRACGAQgAA">official / current listing</a>]]></description>
      <styleUrl>#placesRestroom</styleUrl>
      <Point><coordinates>-118.04275740000001,33.690264899999995,0</coordinates></Point>
    </Placemark>
    <Placemark><name>Restroom 16</name>
      <description><![CDATA[Priority 1: Places-listed public restroom.<br/>Address: 17879 CA-1, Huntington Beach, CA 92648, USA<br/>Approximate runner mile: 46.1.<br/>Nearest runner geometry: approximately 0.02 mi straight-line (not a walking detour).<br/>Verification: Google Places lists this as a public restroom (operational); confirm access and hours on race day.<br/>Source: <a href="https://maps.google.com/?cid=13651047273532540947&g_mp=Cilnb29nbGUubWFwcy5wbGFjZXMudjEuUGxhY2VzLlNlYXJjaE5lYXJieRACGAQgAA">official / current listing</a>]]></description>
      <styleUrl>#placesRestroom</styleUrl>
      <Point><coordinates>-118.04465069999999,33.6922249,0</coordinates></Point>
    </Placemark>
    <Placemark><name>Restroom 18</name>
      <description><![CDATA[Priority 1: Places-listed public restroom.<br/>Address: 18179 Pacific Coast Hwy, Huntington Beach, CA 92648, USA<br/>Approximate runner mile: 45.7.<br/>Nearest runner geometry: approximately 0.02 mi straight-line (not a walking detour).<br/>Verification: Google Places lists this as a public restroom (operational); confirm access and hours on race day.<br/>Source: <a href="https://maps.google.com/?cid=13287372412476210615&g_mp=Cilnb29nbGUubWFwcy5wbGFjZXMudjEuUGxhY2VzLlNlYXJjaE5lYXJieRACGAQgAA">official / current listing</a>]]></description>
      <styleUrl>#placesRestroom</styleUrl>
      <Point><coordinates>-118.04946359999998,33.6972546,0</coordinates></Point>
    </Placemark>
    <Placemark><name>Restroom 19</name>
      <description><![CDATA[Priority 1: Places-listed public restroom.<br/>Address: 17839 Pacific Coast Hwy, Huntington Beach, CA 92649, USA<br/>Approximate runner mile: 45.5.<br/>Nearest runner geometry: approximately 0.01 mi straight-line (not a walking detour).<br/>Verification: Google Places lists this as a public restroom (operational); confirm access and hours on race day.<br/>Source: <a href="https://maps.google.com/?cid=8738441912496606038&g_mp=Cilnb29nbGUubWFwcy5wbGFjZXMudjEuUGxhY2VzLlNlYXJjaE5lYXJieRACGAQgAA">official / current listing</a>]]></description>
      <styleUrl>#placesRestroom</styleUrl>
      <Point><coordinates>-118.0513247,33.6995472,0</coordinates></Point>
    </Placemark>
    <Placemark><name>Restroom 2</name>
      <description><![CDATA[Priority 1: Places-listed public restroom.<br/>Address: Pacific Coast-Brookhurst, Huntington Beach, CA 92646, USA<br/>Approximate runner mile: 52.2.<br/>Nearest runner geometry: approximately 0.03 mi straight-line (not a walking detour).<br/>Verification: Google Places lists this as a public restroom (operational); confirm access and hours on race day.<br/>Source: <a href="https://maps.google.com/?cid=11945036191585978158&g_mp=Cilnb29nbGUubWFwcy5wbGFjZXMudjEuUGxhY2VzLlNlYXJjaE5lYXJieRACGAQgAA">official / current listing</a>]]></description>
      <styleUrl>#placesRestroom</styleUrl>
      <Point><coordinates>-117.96601140000001,33.635805999999995,0</coordinates></Point>
    </Placemark>
    <Placemark><name>Restroom 20</name>
      <description><![CDATA[Priority 1: Places-listed public restroom.<br/>Address: 17819 Pacific Coast Hwy, Huntington Beach, CA 92649, USA<br/>Approximate runner mile: 45.3.<br/>Nearest runner geometry: approximately 0.02 mi straight-line (not a walking detour).<br/>Verification: Google Places lists this as a public restroom (operational); confirm access and hours on race day.<br/>Source: <a href="https://maps.google.com/?cid=10784913622775726365&g_mp=Cilnb29nbGUubWFwcy5wbGFjZXMudjEuUGxhY2VzLlNlYXJjaE5lYXJieRACGAQgAA">official / current listing</a>]]></description>
      <styleUrl>#placesRestroom</styleUrl>
      <Point><coordinates>-118.05316469999998,33.701450699999995,0</coordinates></Point>
    </Placemark>
    <Placemark><name>Restroom 24</name>
      <description><![CDATA[Priority 1: Places-listed public restroom.<br/>Address: 17769 CA-1, Huntington Beach, CA 92649, USA<br/>Approximate runner mile: 44.6.<br/>Nearest runner geometry: approximately 0.02 mi straight-line (not a walking detour).<br/>Verification: Google Places lists this as a public restroom (operational); confirm access and hours on race day.<br/>Source: <a href="https://maps.google.com/?cid=7411980708258292146&g_mp=Cilnb29nbGUubWFwcy5wbGFjZXMudjEuUGxhY2VzLlNlYXJjaE5lYXJieRACGAQgAA">official / current listing</a>]]></description>
      <styleUrl>#placesRestroom</styleUrl>
      <Point><coordinates>-118.0615892,33.70922830000001,0</coordinates></Point>
    </Placemark>
    <Placemark><name>Restroom 4</name>
      <description><![CDATA[Priority 1: Places-listed public restroom.<br/>Address: Pacific Coast Hwy Magnolia, Huntington Beach, CA 92646, USA<br/>Approximate runner mile: 51.7.<br/>Nearest runner geometry: approximately 0.02 mi straight-line (not a walking detour).<br/>Verification: Google Places lists this as a public restroom (operational); confirm access and hours on race day.<br/>Source: <a href="https://maps.google.com/?cid=1288073011296134263&g_mp=Cilnb29nbGUubWFwcy5wbGFjZXMudjEuUGxhY2VzLlNlYXJjaE5lYXJieRACGAQgAA">official / current listing</a>]]></description>
      <styleUrl>#placesRestroom</styleUrl>
      <Point><coordinates>-117.9724189,33.63873890000001,0</coordinates></Point>
    </Placemark>
    <Placemark><name>Restroom 5</name>
      <description><![CDATA[Priority 1: Places-listed public restroom.<br/>Address: 21601 Pacific Coast Hwy, Huntington Beach, CA 92646, USA<br/>Approximate runner mile: 51.5.<br/>Nearest runner geometry: approximately 0.03 mi straight-line (not a walking detour).<br/>Verification: Google Places lists this as a public restroom (operational); confirm access and hours on race day.<br/>Source: <a href="https://maps.google.com/?cid=8663048819256286579&g_mp=Cilnb29nbGUubWFwcy5wbGFjZXMudjEuUGxhY2VzLlNlYXJjaE5lYXJieRACGAQgAA">official / current listing</a>]]></description>
      <styleUrl>#placesRestroom</styleUrl>
      <Point><coordinates>-117.97527369999999,33.6402984,0</coordinates></Point>
    </Placemark>
    <Placemark><name>Restroom 6</name>
      <description><![CDATA[Priority 1: Places-listed public restroom.<br/>Address: Huntington State Beach, 7 Bike Trail, Huntington Beach, CA 92646, USA<br/>Approximate runner mile: 51.4.<br/>Nearest runner geometry: approximately 0.02 mi straight-line (not a walking detour).<br/>Verification: Google Places lists this as a public restroom (operational); confirm access and hours on race day.<br/>Source: <a href="https://maps.google.com/?cid=9839979138203135181&g_mp=Cilnb29nbGUubWFwcy5wbGFjZXMudjEuUGxhY2VzLlNlYXJjaE5lYXJieRACGAQgAA">official / current listing</a>]]></description>
      <styleUrl>#placesRestroom</styleUrl>
      <Point><coordinates>-117.9777756,33.641755499999995,0</coordinates></Point>
    </Placemark>
    <Placemark><name>Restroom 9</name>
      <description><![CDATA[Priority 1: Places-listed public restroom.<br/>Address: 21844 Pacific Coast Hwy, Huntington Beach, CA 92646, USA<br/>Approximate runner mile: 50.9.<br/>Nearest runner geometry: approximately 0.02 mi straight-line (not a walking detour).<br/>Verification: Google Places lists this as a public restroom (operational); confirm access and hours on race day.<br/>Source: <a href="https://maps.google.com/?cid=10666692170474509876&g_mp=Cilnb29nbGUubWFwcy5wbGFjZXMudjEuUGxhY2VzLlNlYXJjaE5lYXJieRACGAQgAA">official / current listing</a>]]></description>
      <styleUrl>#placesRestroom</styleUrl>
      <Point><coordinates>-117.9848955,33.6458881,0</coordinates></Point>
    </Placemark>
    <Placemark><name>Restroom Beach Trail Dog Beach</name>
      <description><![CDATA[Priority 1: Places-listed public restroom.<br/>Address: 19341 Pacific Coast Hwy, Huntington Beach, CA 92648, USA<br/>Approximate runner mile: 48.0.<br/>Nearest runner geometry: approximately 0.02 mi straight-line (not a walking detour).<br/>Verification: Google Places lists this as a public restroom (operational); confirm access and hours on race day.<br/>Source: <a href="https://maps.google.com/?cid=10052651853056566849&g_mp=Cilnb29nbGUubWFwcy5wbGFjZXMudjEuUGxhY2VzLlNlYXJjaE5lYXJieRACGAQgAA">official / current listing</a>]]></description>
      <styleUrl>#placesRestroom</styleUrl>
      <Point><coordinates>-118.02275039999999,33.6717295,0</coordinates></Point>
    </Placemark>
    <Placemark><name>Restrooms</name>
      <description><![CDATA[Priority 1: Places-listed public restroom.<br/>Address: 828 Ocean Front Walk, Venice, CA 90291, USA<br/>Approximate runner mile: 2.0.<br/>Nearest runner geometry: approximately 0.22 mi straight-line (not a walking detour).<br/>Verification: Google Places lists this as a public restroom (operational); confirm access and hours on race day.<br/>Source: <a href="https://maps.google.com/?cid=1214524038870244426&g_mp=Cilnb29nbGUubWFwcy5wbGFjZXMudjEuUGxhY2VzLlNlYXJjaE5lYXJieRACGAQgAA">official / current listing</a>]]></description>
      <styleUrl>#placesRestroom</styleUrl>
      <Point><coordinates>-118.4770939,33.9905058,0</coordinates></Point>
    </Placemark>
    <Placemark><name>Restrooms</name>
      <description><![CDATA[Priority 1: Places-listed public restroom.<br/>Address: Playa Del Rey, CA 90291, USA<br/>Approximate runner mile: 2.3.<br/>Nearest runner geometry: approximately 0.58 mi straight-line (not a walking detour).<br/>Verification: Google Places lists this as a public restroom (operational); confirm access and hours on race day.<br/>Source: <a href="https://maps.google.com/?cid=8795538381518833057&g_mp=Cilnb29nbGUubWFwcy5wbGFjZXMudjEuUGxhY2VzLlNlYXJjaE5lYXJieRACGAQgAA">official / current listing</a>]]></description>
      <styleUrl>#placesRestroom</styleUrl>
      <Point><coordinates>-118.4715112,33.9833846,0</coordinates></Point>
    </Placemark>
    <Placemark><name>Restrooms</name>
      <description><![CDATA[Priority 1: Places-listed public restroom.<br/>Address: Venice, CA 90292, USA<br/>Approximate runner mile: 2.8.<br/>Nearest runner geometry: approximately 0.77 mi straight-line (not a walking detour).<br/>Verification: Google Places lists this as a public restroom (closed temporarily); confirm access and hours on race day.<br/>Source: <a href="https://maps.google.com/?cid=17173321289340057212&g_mp=Cilnb29nbGUubWFwcy5wbGFjZXMudjEuUGxhY2VzLlNlYXJjaE5lYXJieRACGAQgAA">official / current listing</a>]]></description>
      <styleUrl>#placesRestroom</styleUrl>
      <Point><coordinates>-118.46690029999999,33.9782554,0</coordinates></Point>
    </Placemark>
    <Placemark><name>Restrooms</name>
      <description><![CDATA[Priority 1: Places-listed public restroom.<br/>Address: 2351 Dawson Ave, Signal Hill, CA 90755, USA<br/>Approximate runner mile: 35.8.<br/>Nearest runner geometry: approximately 0.66 mi straight-line (not a walking detour).<br/>Verification: Google Places lists this as a public restroom (operational); confirm access and hours on race day.<br/>Source: <a href="https://maps.google.com/?cid=6377589171984015221&g_mp=Cilnb29nbGUubWFwcy5wbGFjZXMudjEuUGxhY2VzLlNlYXJjaE5lYXJieRACGAQgAA">official / current listing</a>]]></description>
      <styleUrl>#placesRestroom</styleUrl>
      <Point><coordinates>-118.1651588,33.7993966,0</coordinates></Point>
    </Placemark>
    <Placemark><name>Restrooms</name>
      <description><![CDATA[Priority 1: Places-listed public restroom.<br/>Address: 398 La Verne Ave, Long Beach, CA 90803, USA<br/>Approximate runner mile: 39.3.<br/>Nearest runner geometry: approximately 0.59 mi straight-line (not a walking detour).<br/>Verification: Google Places lists this as a public restroom (operational); confirm access and hours on race day.<br/>Source: <a href="https://maps.google.com/?cid=7163283120483324459&g_mp=Cilnb29nbGUubWFwcy5wbGFjZXMudjEuUGxhY2VzLlNlYXJjaE5lYXJieRACGAQgAA">official / current listing</a>]]></description>
      <styleUrl>#placesRestroom</styleUrl>
      <Point><coordinates>-118.1266648,33.7643418,0</coordinates></Point>
    </Placemark>
    <Placemark><name>Restrooms</name>
      <description><![CDATA[Priority 1: Places-listed public restroom.<br/>Address: 5300-5498 E Paoli Way, Long Beach, CA 90803, USA<br/>Approximate runner mile: 39.5.<br/>Nearest runner geometry: approximately 0.49 mi straight-line (not a walking detour).<br/>Verification: Google Places lists this as a public restroom (operational); confirm access and hours on race day.<br/>Source: <a href="https://maps.google.com/?cid=14773599261654206122&g_mp=Cilnb29nbGUubWFwcy5wbGFjZXMudjEuUGxhY2VzLlNlYXJjaE5lYXJieRACGAQgAA">official / current listing</a>]]></description>
      <styleUrl>#placesRestroom</styleUrl>
      <Point><coordinates>-118.1237782,33.7617322,0</coordinates></Point>
    </Placemark>
    <Placemark><name>Restrooms</name>
      <description><![CDATA[Priority 1: Places-listed public restroom.<br/>Address: 5865 Appian Way, Long Beach, CA 90803, USA<br/>Approximate runner mile: 39.8.<br/>Nearest runner geometry: approximately 0.37 mi straight-line (not a walking detour).<br/>Verification: Google Places lists this as a public restroom (operational); confirm access and hours on race day.<br/>Source: <a href="https://maps.google.com/?cid=5748421674085261451&g_mp=Cilnb29nbGUubWFwcy5wbGFjZXMudjEuUGxhY2VzLlNlYXJjaE5lYXJieRACGAQgAA">official / current listing</a>]]></description>
      <styleUrl>#placesRestroom</styleUrl>
      <Point><coordinates>-118.1184579,33.7568565,0</coordinates></Point>
    </Placemark>
    <Placemark><name>Restrooms</name>
      <description><![CDATA[Priority 1: Places-listed public restroom.<br/>Address: 6420 E Pacific Coast Hwy, Long Beach, CA 90803, USA<br/>Approximate runner mile: 40.1.<br/>Nearest runner geometry: approximately 0.06 mi straight-line (not a walking detour).<br/>Verification: Google Places lists this as a public restroom (operational); confirm access and hours on race day.<br/>Source: <a href="https://maps.google.com/?cid=251583889264737995&g_mp=Cilnb29nbGUubWFwcy5wbGFjZXMudjEuUGxhY2VzLlNlYXJjaE5lYXJieRACGAQgAA">official / current listing</a>]]></description>
      <styleUrl>#placesRestroom</styleUrl>
      <Point><coordinates>-118.11097879999998,33.7560617,0</coordinates></Point>
    </Placemark>
    <Placemark><name>Restrooms</name>
      <description><![CDATA[Priority 1: Places-listed public restroom.<br/>Address: 17759 Pacific Coast Hwy, Huntington Beach, CA 92649, USA<br/>Approximate runner mile: 44.4.<br/>Nearest runner geometry: approximately 0.04 mi straight-line (not a walking detour).<br/>Verification: Google Places lists this as a public restroom (operational); confirm access and hours on race day.<br/>Source: <a href="https://maps.google.com/?cid=16952063644529604766&g_mp=Cilnb29nbGUubWFwcy5wbGFjZXMudjEuUGxhY2VzLlNlYXJjaE5lYXJieRACGAQgAA">official / current listing</a>]]></description>
      <styleUrl>#placesRestroom</styleUrl>
      <Point><coordinates>-118.06390940000001,33.7111929,0</coordinates></Point>
    </Placemark>
    <Placemark><name>Restrooms</name>
      <description><![CDATA[Priority 1: Places-listed public restroom.<br/>Address: Huntington Beach, CA 92649, USA<br/>Approximate runner mile: 44.8.<br/>Nearest runner geometry: approximately 0.02 mi straight-line (not a walking detour).<br/>Verification: Google Places lists this as a public restroom (operational); confirm access and hours on race day.<br/>Source: <a href="https://maps.google.com/?cid=4435469059501103168&g_mp=Cilnb29nbGUubWFwcy5wbGFjZXMudjEuUGxhY2VzLlNlYXJjaE5lYXJieRACGAQgAA">official / current listing</a>]]></description>
      <styleUrl>#placesRestroom</styleUrl>
      <Point><coordinates>-118.0595484,33.707276799999995,0</coordinates></Point>
    </Placemark>
    <Placemark><name>Restrooms</name>
      <description><![CDATA[Priority 1: Places-listed public restroom.<br/>Address: Huntington Beach, CA 92649, USA<br/>Approximate runner mile: 45.0.<br/>Nearest runner geometry: approximately 0.01 mi straight-line (not a walking detour).<br/>Verification: Google Places lists this as a public restroom (operational); confirm access and hours on race day.<br/>Source: <a href="https://maps.google.com/?cid=8827342971681406408&g_mp=Cilnb29nbGUubWFwcy5wbGFjZXMudjEuUGxhY2VzLlNlYXJjaE5lYXJieRACGAQgAA">official / current listing</a>]]></description>
      <styleUrl>#placesRestroom</styleUrl>
      <Point><coordinates>-118.05735630000001,33.705359,0</coordinates></Point>
    </Placemark>
    <Placemark><name>Restrooms</name>
      <description><![CDATA[Priority 1: Places-listed public restroom.<br/>Address: Huntington Beach, CA 92649, USA<br/>Approximate runner mile: 45.2.<br/>Nearest runner geometry: approximately 0.02 mi straight-line (not a walking detour).<br/>Verification: Google Places lists this as a public restroom (operational); confirm access and hours on race day.<br/>Source: <a href="https://maps.google.com/?cid=14193829429174376224&g_mp=Cilnb29nbGUubWFwcy5wbGFjZXMudjEuUGxhY2VzLlNlYXJjaE5lYXJieRACGAQgAA">official / current listing</a>]]></description>
      <styleUrl>#placesRestroom</styleUrl>
      <Point><coordinates>-118.05496699999998,33.70322660000001,0</coordinates></Point>
    </Placemark>
    <Placemark><name>Restrooms</name>
      <description><![CDATA[Priority 1: Places-listed public restroom.<br/>Address: 2 6th St, Huntington Beach, CA 92648, USA<br/>Approximate runner mile: 49.3.<br/>Nearest runner geometry: approximately 0.03 mi straight-line (not a walking detour).<br/>Verification: Google Places lists this as a public restroom (operational); confirm access and hours on race day.<br/>Source: <a href="https://maps.google.com/?cid=13122785646387458707&g_mp=Cilnb29nbGUubWFwcy5wbGFjZXMudjEuUGxhY2VzLlNlYXJjaE5lYXJieRACGAQgAA">official / current listing</a>]]></description>
      <styleUrl>#placesRestroom</styleUrl>
      <Point><coordinates>-118.0065662,33.6597848,0</coordinates></Point>
    </Placemark>
    <Placemark><name>Restrooms</name>
      <description><![CDATA[Priority 1: Places-listed public restroom.<br/>Address: Huntington Beach Pier, Huntington Beach, CA 92648, USA<br/>Approximate runner mile: 49.6.<br/>Nearest runner geometry: approximately 0.28 mi straight-line (not a walking detour).<br/>Verification: Google Places lists this as a public restroom (operational); confirm access and hours on race day.<br/>Source: <a href="https://maps.google.com/?cid=14338932116706353688&g_mp=Cilnb29nbGUubWFwcy5wbGFjZXMudjEuUGxhY2VzLlNlYXJjaE5lYXJieRACGAQgAA">official / current listing</a>]]></description>
      <styleUrl>#placesRestroom</styleUrl>
      <Point><coordinates>-118.0051881,33.6540159,0</coordinates></Point>
    </Placemark>
    <Placemark><name>Restrooms</name>
      <description><![CDATA[Priority 1: Places-listed public restroom.<br/>Address: Huntington Beach, CA 92648, USA<br/>Approximate runner mile: 49.8.<br/>Nearest runner geometry: approximately 0.03 mi straight-line (not a walking detour).<br/>Verification: Google Places lists this as a public restroom (operational); confirm access and hours on race day.<br/>Source: <a href="https://maps.google.com/?cid=4630127084484367766&g_mp=Cilnb29nbGUubWFwcy5wbGFjZXMudjEuUGxhY2VzLlNlYXJjaE5lYXJieRACGAQgAA">official / current listing</a>]]></description>
      <styleUrl>#placesRestroom</styleUrl>
      <Point><coordinates>-117.9999805,33.6550085,0</coordinates></Point>
    </Placemark>
    <Placemark><name>Restrooms</name>
      <description><![CDATA[Priority 1: Places-listed public restroom.<br/>Address: Pacific Coast-1st, Huntington Beach, CA 92648, USA<br/>Approximate runner mile: 49.9.<br/>Nearest runner geometry: approximately 0.03 mi straight-line (not a walking detour).<br/>Verification: Google Places lists this as a public restroom (operational); confirm access and hours on race day.<br/>Source: <a href="https://maps.google.com/?cid=851342511476308144&g_mp=Cilnb29nbGUubWFwcy5wbGFjZXMudjEuUGxhY2VzLlNlYXJjaE5lYXJieRACGAQgAA">official / current listing</a>]]></description>
      <styleUrl>#placesRestroom</styleUrl>
      <Point><coordinates>-117.9985717,33.654188999999995,0</coordinates></Point>
    </Placemark>
    <Placemark><name>Restrooms</name>
      <description><![CDATA[Priority 1: Places-listed public restroom.<br/>Address: Huntington Beach, CA 92648, USA<br/>Approximate runner mile: 50.0.<br/>Nearest runner geometry: approximately 0.04 mi straight-line (not a walking detour).<br/>Verification: Google Places lists this as a public restroom (operational); confirm access and hours on race day.<br/>Source: <a href="https://maps.google.com/?cid=16672363579907291249&g_mp=Cilnb29nbGUubWFwcy5wbGFjZXMudjEuUGxhY2VzLlNlYXJjaE5lYXJieRACGAQgAA">official / current listing</a>]]></description>
      <styleUrl>#placesRestroom</styleUrl>
      <Point><coordinates>-117.99650149999998,33.6528956,0</coordinates></Point>
    </Placemark>
    <Placemark><name>Restrooms</name>
      <description><![CDATA[Priority 1: Places-listed public restroom.<br/>Address: Huntington Beach, CA 92648, USA<br/>Approximate runner mile: 50.2.<br/>Nearest runner geometry: approximately 0.04 mi straight-line (not a walking detour).<br/>Verification: Google Places lists this as a public restroom (operational); confirm access and hours on race day.<br/>Source: <a href="https://maps.google.com/?cid=4401554216681010241&g_mp=Cilnb29nbGUubWFwcy5wbGFjZXMudjEuUGxhY2VzLlNlYXJjaE5lYXJieRACGAQgAA">official / current listing</a>]]></description>
      <styleUrl>#placesRestroom</styleUrl>
      <Point><coordinates>-117.99407679999999,33.6514373,0</coordinates></Point>
    </Placemark>
    <Placemark><name>Restrooms</name>
      <description><![CDATA[Priority 1: Places-listed public restroom.<br/>Address: Newport Coast, CA 92657, USA<br/>Approximate runner mile: 59.9.<br/>Nearest runner geometry: approximately 0.09 mi straight-line (not a walking detour).<br/>Verification: Google Places lists this as a public restroom (operational); confirm access and hours on race day.<br/>Source: <a href="https://maps.google.com/?cid=1807449677958562243&g_mp=Cilnb29nbGUubWFwcy5wbGFjZXMudjEuUGxhY2VzLlNlYXJjaE5lYXJieRACGAQgAA">official / current listing</a>]]></description>
      <styleUrl>#placesRestroom</styleUrl>
      <Point><coordinates>-117.85464200000001,33.5851354,0</coordinates></Point>
    </Placemark>
    <Placemark><name>Restrooms</name>
      <description><![CDATA[Priority 1: Places-listed public restroom.<br/>Address: 34493 Golden Lantern, Dana Point, CA 92629, USA<br/>Approximate runner mile: 73.0.<br/>Nearest runner geometry: approximately 0.13 mi straight-line (not a walking detour).<br/>Verification: Google Places lists this as a public restroom (operational); confirm access and hours on race day.<br/>Source: <a href="https://maps.google.com/?cid=6958183988819940051&g_mp=Cilnb29nbGUubWFwcy5wbGFjZXMudjEuUGxhY2VzLlNlYXJjaE5lYXJieRACGAQgAA">official / current listing</a>]]></description>
      <styleUrl>#placesRestroom</styleUrl>
      <Point><coordinates>-117.69561189999999,33.4614495,0</coordinates></Point>
    </Placemark>
    <Placemark><name>Restrooms</name>
      <description><![CDATA[Priority 1: Places-listed public restroom.<br/>Address: 34503 Golden Lantern St, Dana Point, CA 92629, USA<br/>Approximate runner mile: 73.0.<br/>Nearest runner geometry: approximately 0.12 mi straight-line (not a walking detour).<br/>Verification: Google Places lists this as a public restroom (operational); confirm access and hours on race day.<br/>Source: <a href="https://maps.google.com/?cid=10331422059913709862&g_mp=Cilnb29nbGUubWFwcy5wbGFjZXMudjEuUGxhY2VzLlNlYXJjaE5lYXJieRACGAQgAA">official / current listing</a>]]></description>
      <styleUrl>#placesRestroom</styleUrl>
      <Point><coordinates>-117.69532420000002,33.4613623,0</coordinates></Point>
    </Placemark>
    <Placemark><name>Restrooms</name>
      <description><![CDATA[Priority 1: Places-listed public restroom.<br/>Address: 4 San Juan Creek Trail, Dana Point, CA 92629, USA<br/>Approximate runner mile: 73.6.<br/>Nearest runner geometry: approximately 0.10 mi straight-line (not a walking detour).<br/>Verification: Google Places lists this as a public restroom (operational); confirm access and hours on race day.<br/>Source: <a href="https://maps.google.com/?cid=12214906962953645371&g_mp=Cilnb29nbGUubWFwcy5wbGFjZXMudjEuUGxhY2VzLlNlYXJjaE5lYXJieRACGAQgAA">official / current listing</a>]]></description>
      <styleUrl>#placesRestroom</styleUrl>
      <Point><coordinates>-117.6845517,33.462658499999996,0</coordinates></Point>
    </Placemark>
    <Placemark><name>Restrooms</name>
      <description><![CDATA[Priority 1: Places-listed public restroom.<br/>Address: The Strand N, Oceanside, CA 92054, USA<br/>Approximate runner mile: 82.1.<br/>Nearest runner geometry: approximately 0.29 mi straight-line (not a walking detour).<br/>Verification: Google Places lists this as a public restroom (operational); confirm access and hours on race day.<br/>Source: <a href="https://maps.google.com/?cid=14573014056670415220&g_mp=Cilnb29nbGUubWFwcy5wbGFjZXMudjEuUGxhY2VzLlNlYXJjaE5lYXJieRACGAQgAA">official / current listing</a>]]></description>
      <styleUrl>#placesRestroom</styleUrl>
      <Point><coordinates>-117.385773,33.1959695,0</coordinates></Point>
    </Placemark>
    <Placemark><name>Restrooms</name>
      <description><![CDATA[Priority 1: Places-listed public restroom.<br/>Address: VPGX+XM, La Jolla, CA 92037, USA<br/>Approximate runner mile: 106.6.<br/>Nearest runner geometry: approximately 0.39 mi straight-line (not a walking detour).<br/>Verification: Google Places lists this as a public restroom (operational); confirm access and hours on race day.<br/>Source: <a href="https://maps.google.com/?cid=3743158140431095086&g_mp=Cilnb29nbGUubWFwcy5wbGFjZXMudjEuUGxhY2VzLlNlYXJjaE5lYXJieRACGAQgAA">official / current listing</a>]]></description>
      <styleUrl>#placesRestroom</styleUrl>
      <Point><coordinates>-117.2507926,32.8773847,0</coordinates></Point>
    </Placemark>
    <Placemark><name>Restrooms</name>
      <description><![CDATA[Priority 1: Places-listed public restroom.<br/>Address: 5115 Soledad Rd, San Diego, CA 92109, USA<br/>Approximate runner mile: 115.4.<br/>Nearest runner geometry: approximately 0.72 mi straight-line (not a walking detour).<br/>Verification: Google Places lists this as a public restroom (operational); confirm access and hours on race day.<br/>Source: <a href="https://maps.google.com/?cid=2385062053205944329&g_mp=Cilnb29nbGUubWFwcy5wbGFjZXMudjEuUGxhY2VzLlNlYXJjaE5lYXJieRACGAQgAA">official / current listing</a>]]></description>
      <styleUrl>#placesRestroom</styleUrl>
      <Point><coordinates>-117.2378112,32.8110542,0</coordinates></Point>
    </Placemark>
    <Placemark><name>Restrooms &amp; Showers</name>
      <description><![CDATA[Priority 1: Places-listed public restroom.<br/>Address: 3201 Carlsbad Blvd, Carlsbad, CA 92008, USA<br/>Approximate runner mile: 85.8.<br/>Nearest runner geometry: approximately 0.01 mi straight-line (not a walking detour).<br/>Verification: Google Places lists this as a public restroom (operational); confirm access and hours on race day.<br/>Source: <a href="https://maps.google.com/?cid=15421450398612776879&g_mp=Cilnb29nbGUubWFwcy5wbGFjZXMudjEuUGxhY2VzLlNlYXJjaE5lYXJieRACGAQgAA">official / current listing</a>]]></description>
      <styleUrl>#placesRestroom</styleUrl>
      <Point><coordinates>-117.35086770000001,33.1544192,0</coordinates></Point>
    </Placemark>
    <Placemark><name>Restrooms (ADA)</name>
      <description><![CDATA[Priority 1: Places-listed public restroom.<br/>Address: Huntington Beach, CA 92648, USA<br/>Approximate runner mile: 46.5.<br/>Nearest runner geometry: approximately 0.02 mi straight-line (not a walking detour).<br/>Verification: Google Places lists this as a public restroom (operational); confirm access and hours on race day.<br/>Source: <a href="https://maps.google.com/?cid=14005790756872214112&g_mp=Cilnb29nbGUubWFwcy5wbGFjZXMudjEuUGxhY2VzLlNlYXJjaE5lYXJieRACGAQgAA">official / current listing</a>]]></description>
      <styleUrl>#placesRestroom</styleUrl>
      <Point><coordinates>-118.04081329999998,33.6882833,0</coordinates></Point>
    </Placemark>
    <Placemark><name>San Clemente State Beach — day-use restrooms</name>
      <description><![CDATA[Priority 1: Official beach restroom.<br/>Address: 225 Avenida Calafia, San Clemente, CA 92672<br/>Approximate runner mile: 80.1.<br/>Nearest runner geometry: approximately 0.57 mi straight-line (not a walking detour).<br/>Verification: California State Parks lists restrooms, showers, and drinking water.<br/>Source: <a href="https://www.parks.ca.gov/?page_id=646">official / current listing</a>]]></description>
      <styleUrl>#beachRestroom</styleUrl>
      <Point><coordinates>-117.592,33.413,0</coordinates></Point>
    </Placemark>
    <Placemark><name>Santa Monica State Beach / Pier restrooms</name>
      <description><![CDATA[Priority 1: Official beach restroom.<br/>Address: Santa Monica State Beach near Santa Monica Pier, Santa Monica, CA 90401<br/>Approximate runner mile: 0.0.<br/>Nearest runner geometry: approximately 0.08 mi straight-line (not a walking detour).<br/>Verification: City of Santa Monica lists beach restrooms; confirm facility hours on race day.<br/>Source: <a href="https://www.santamonica.gov/places/parks/santa-monica-state-beach">official / current listing</a>]]></description>
      <styleUrl>#beachRestroom</styleUrl>
      <Point><coordinates>-118.4972,34.0089,0</coordinates></Point>
    </Placemark>
    <Placemark><name>South Carlsbad State Beach restrooms</name>
      <description><![CDATA[Priority 1: Official beach restroom.<br/>Address: South Carlsbad State Beach, Carlsbad, CA 92008<br/>Approximate runner mile: 88.7.<br/>Nearest runner geometry: approximately 0.29 mi straight-line (not a walking detour).<br/>Verification: California State Parks lists restrooms and showers; confirm entry/access from Coast Highway.<br/>Source: <a href="https://www.parks.ca.gov/?page_id=660">official / current listing</a>]]></description>
      <styleUrl>#beachRestroom</styleUrl>
      <Point><coordinates>-117.3208,33.12,0</coordinates></Point>
    </Placemark>
    <Placemark><name>Steve Soboroff Court Park Public Restrooms</name>
      <description><![CDATA[Priority 1: Places-listed public restroom.<br/>Address: Playa Vista, CA 90094, USA<br/>Approximate runner mile: 7.1.<br/>Nearest runner geometry: approximately 0.12 mi straight-line (not a walking detour).<br/>Verification: Google Places lists this as a public restroom (operational); confirm access and hours on race day.<br/>Source: <a href="https://maps.google.com/?cid=4636467800045023967&g_mp=Cilnb29nbGUubWFwcy5wbGFjZXMudjEuUGxhY2VzLlNlYXJjaE5lYXJieRACGAQgAA">official / current listing</a>]]></description>
      <styleUrl>#placesRestroom</styleUrl>
      <Point><coordinates>-118.40099239999998,33.9832193,0</coordinates></Point>
    </Placemark>
    <Placemark><name>Surf Shower</name>
      <description><![CDATA[Priority 1: Places-listed public restroom.<br/>Address: 200 S The Strand, Oceanside, CA 92054, USA<br/>Approximate runner mile: 82.6.<br/>Nearest runner geometry: approximately 0.26 mi straight-line (not a walking detour).<br/>Verification: Google Places lists this as a public restroom (operational); confirm access and hours on race day.<br/>Source: <a href="https://maps.google.com/?cid=7193722333186075711&g_mp=Cilnb29nbGUubWFwcy5wbGFjZXMudjEuUGxhY2VzLlNlYXJjaE5lYXJieRACGAQgAA">official / current listing</a>]]></description>
      <styleUrl>#placesRestroom</styleUrl>
      <Point><coordinates>-117.38098199999999,33.190855,0</coordinates></Point>
    </Placemark>
    <Placemark><name>Tacos El cubilete</name>
      <description><![CDATA[Priority 1: Places-listed public restroom.<br/>Address: 4400 S Slauson Ave, Los Angeles, CA 90230, USA<br/>Approximate runner mile: 5.6.<br/>Nearest runner geometry: approximately 0.28 mi straight-line (not a walking detour).<br/>Verification: Google Places lists this as a public restroom (operational); confirm access and hours on race day.<br/>Source: <a href="https://maps.google.com/?cid=17652084205985277521&g_mp=Cilnb29nbGUubWFwcy5wbGFjZXMudjEuUGxhY2VzLlNlYXJjaE5lYXJieRACGAQgAA">official / current listing</a>]]></description>
      <styleUrl>#placesRestroom</styleUrl>
      <Point><coordinates>-118.4147377,33.998201300000005,0</coordinates></Point>
    </Placemark>
    <Placemark><name>Toilet</name>
      <description><![CDATA[Priority 1: Places-listed public restroom.<br/>Address: 20 S Bay Front, Newport Beach, CA 92662, USA<br/>Approximate runner mile: 56.7.<br/>Nearest runner geometry: approximately 0.59 mi straight-line (not a walking detour).<br/>Verification: Google Places lists this as a public restroom (operational); confirm access and hours on race day.<br/>Source: <a href="https://maps.google.com/?cid=6102194306411086771&g_mp=Cilnb29nbGUubWFwcy5wbGFjZXMudjEuUGxhY2VzLlNlYXJjaE5lYXJieRACGAQgAA">official / current listing</a>]]></description>
      <styleUrl>#placesRestroom</styleUrl>
      <Point><coordinates>-117.8983671,33.605454,0</coordinates></Point>
    </Placemark>
    <Placemark><name>Torrey Pines State Beach — North Beach restrooms</name>
      <description><![CDATA[Priority 1: Official beach restroom.<br/>Address: Carmel Valley Rd / McGonigle Rd, San Diego, CA 92037<br/>Approximate runner mile: 102.3.<br/>Nearest runner geometry: approximately 0.11 mi straight-line (not a walking detour).<br/>Verification: California State Parks lists restrooms, showers, and a ramp at North Beach.<br/>Source: <a href="https://parks.ca.gov/AccessibleFeatures/Details/658">official / current listing</a>]]></description>
      <styleUrl>#beachRestroom</styleUrl>
      <Point><coordinates>-117.2587,32.9347,0</coordinates></Point>
    </Placemark>
    <Placemark><name>Torrey Pines State Beach — South Beach restrooms</name>
      <description><![CDATA[Priority 1: Official beach restroom.<br/>Address: N Torrey Pines Rd beach entrance, San Diego, CA 92037<br/>Approximate runner mile: 103.2.<br/>Nearest runner geometry: approximately 0.21 mi straight-line (not a walking detour).<br/>Verification: California State Parks lists restrooms at the South Beach parking area.<br/>Source: <a href="https://parks.ca.gov/AccessibleFeatures/Details/658">official / current listing</a>]]></description>
      <styleUrl>#beachRestroom</styleUrl>
      <Point><coordinates>-117.2552,32.9212,0</coordinates></Point>
    </Placemark>
    <Placemark><name>Venice Beach — Washington Boulevard restroom area</name>
      <description><![CDATA[Priority 1: Official beach restroom.<br/>Address: Washington Blvd / Ocean Front Walk, Venice, CA 90291<br/>Approximate runner mile: 2.2.<br/>Nearest runner geometry: approximately 0.43 mi straight-line (not a walking detour).<br/>Verification: Los Angeles County lists restrooms and showers at Venice Beach.<br/>Source: <a href="https://beaches.lacounty.gov/venice-beach/">official / current listing</a>]]></description>
      <styleUrl>#beachRestroom</styleUrl>
      <Point><coordinates>-118.472,33.9857,0</coordinates></Point>
    </Placemark>
    <Placemark><name>Wheelchair Accessible Bathroom</name>
      <description><![CDATA[Priority 1: Places-listed public restroom.<br/>Address: Culver City, CA 90230, USA<br/>Approximate runner mile: 7.3.<br/>Nearest runner geometry: approximately 0.19 mi straight-line (not a walking detour).<br/>Verification: Google Places lists this as a public restroom (operational); confirm access and hours on race day.<br/>Source: <a href="https://maps.google.com/?cid=13122372442114358561&g_mp=Cilnb29nbGUubWFwcy5wbGFjZXMudjEuUGxhY2VzLlNlYXJjaE5lYXJieRACGAQgAA">official / current listing</a>]]></description>
      <styleUrl>#placesRestroom</styleUrl>
      <Point><coordinates>-118.3949344,33.9845879,0</coordinates></Point>
    </Placemark>
    <Placemark><name>Wheelchair Accessible Bathroom</name>
      <description><![CDATA[Priority 1: Places-listed public restroom.<br/>Address: Los Angeles, CA 90044, USA<br/>Approximate runner mile: 15.1.<br/>Nearest runner geometry: approximately 0.80 mi straight-line (not a walking detour).<br/>Verification: Google Places lists this as a public restroom (operational); confirm access and hours on race day.<br/>Source: <a href="https://maps.google.com/?cid=16629044151945158579&g_mp=Cilnb29nbGUubWFwcy5wbGFjZXMudjEuUGxhY2VzLlNlYXJjaE5lYXJieRACGAQgAA">official / current listing</a>]]></description>
      <styleUrl>#placesRestroom</styleUrl>
      <Point><coordinates>-118.2829872,33.9484152,0</coordinates></Point>
    </Placemark>
    <Placemark><name>Wheelchair Accessible Bathroom</name>
      <description><![CDATA[Priority 1: Places-listed public restroom.<br/>Address: Los Angeles, CA 90044, USA<br/>Approximate runner mile: 15.1.<br/>Nearest runner geometry: approximately 0.80 mi straight-line (not a walking detour).<br/>Verification: Google Places lists this as a public restroom (operational); confirm access and hours on race day.<br/>Source: <a href="https://maps.google.com/?cid=4031698443989752925&g_mp=Cilnb29nbGUubWFwcy5wbGFjZXMudjEuUGxhY2VzLlNlYXJjaE5lYXJieRACGAQgAA">official / current listing</a>]]></description>
      <styleUrl>#placesRestroom</styleUrl>
      <Point><coordinates>-118.2829872,33.9483552,0</coordinates></Point>
    </Placemark>
    <Placemark><name>Wheelchair Accessible Bathroom</name>
      <description><![CDATA[Priority 1: Places-listed public restroom.<br/>Address: Newport Beach, CA 92661, USA<br/>Approximate runner mile: 56.7.<br/>Nearest runner geometry: approximately 0.79 mi straight-line (not a walking detour).<br/>Verification: Google Places lists this as a public restroom (operational); confirm access and hours on race day.<br/>Source: <a href="https://maps.google.com/?cid=1019470260768048898&g_mp=Cilnb29nbGUubWFwcy5wbGFjZXMudjEuUGxhY2VzLlNlYXJjaE5lYXJieRACGAQgAA">official / current listing</a>]]></description>
      <styleUrl>#placesRestroom</styleUrl>
      <Point><coordinates>-117.8998518,33.602818899999995,0</coordinates></Point>
    </Placemark>
    <Placemark><name>Wheelchair Accessible Bathroom</name>
      <description><![CDATA[Priority 1: Places-listed public restroom.<br/>Address: 704 Pier View Wy, Oceanside, CA 92054, USA<br/>Approximate runner mile: 82.2.<br/>Nearest runner geometry: approximately 0.13 mi straight-line (not a walking detour).<br/>Verification: Google Places lists this as a public restroom (operational); confirm access and hours on race day.<br/>Source: <a href="https://maps.google.com/?cid=14086651486147280613&g_mp=Cilnb29nbGUubWFwcy5wbGFjZXMudjEuUGxhY2VzLlNlYXJjaE5lYXJieRACGAQgAA">official / current listing</a>]]></description>
      <styleUrl>#placesRestroom</styleUrl>
      <Point><coordinates>-117.37872639999999,33.1980533,0</coordinates></Point>
    </Placemark>
    <Placemark><name>Wheelchair Accessible Bathroom</name>
      <description><![CDATA[Priority 1: Places-listed public restroom.<br/>Address: Oceanside, CA 92054, USA<br/>Approximate runner mile: 82.3.<br/>Nearest runner geometry: approximately 0.01 mi straight-line (not a walking detour).<br/>Verification: Google Places lists this as a public restroom (operational); confirm access and hours on race day.<br/>Source: <a href="https://maps.google.com/?cid=14585372517111101383&g_mp=Cilnb29nbGUubWFwcy5wbGFjZXMudjEuUGxhY2VzLlNlYXJjaE5lYXJieRACGAQgAA">official / current listing</a>]]></description>
      <styleUrl>#placesRestroom</styleUrl>
      <Point><coordinates>-117.3802813,33.1964415,0</coordinates></Point>
    </Placemark>
    <Placemark><name>Wheelchair Accessible Bathroom</name>
      <description><![CDATA[Priority 1: Places-listed public restroom.<br/>Address: Carlsbad, CA 92008, USA<br/>Approximate runner mile: 88.3.<br/>Nearest runner geometry: approximately 0.84 mi straight-line (not a walking detour).<br/>Verification: Google Places lists this as a public restroom (operational); confirm access and hours on race day.<br/>Source: <a href="https://maps.google.com/?cid=500653031414768046&g_mp=Cilnb29nbGUubWFwcy5wbGFjZXMudjEuUGxhY2VzLlNlYXJjaE5lYXJieRACGAQgAA">official / current listing</a>]]></description>
      <styleUrl>#placesRestroom</styleUrl>
      <Point><coordinates>-117.31379469999997,33.1265225,0</coordinates></Point>
    </Placemark>
    <Placemark><name>Wheelchair Accessible Bathroom</name>
      <description><![CDATA[Priority 1: Places-listed public restroom.<br/>Address: Carlsbad, CA 92008, USA<br/>Approximate runner mile: 88.3.<br/>Nearest runner geometry: approximately 0.86 mi straight-line (not a walking detour).<br/>Verification: Google Places lists this as a public restroom (operational); confirm access and hours on race day.<br/>Source: <a href="https://maps.google.com/?cid=9610279024061933195&g_mp=Cilnb29nbGUubWFwcy5wbGFjZXMudjEuUGxhY2VzLlNlYXJjaE5lYXJieRACGAQgAA">official / current listing</a>]]></description>
      <styleUrl>#placesRestroom</styleUrl>
      <Point><coordinates>-117.31397059999999,33.128142200000006,0</coordinates></Point>
    </Placemark>
    <Placemark><name>Wheelchair Accessible Bathroom</name>
      <description><![CDATA[Priority 1: Places-listed public restroom.<br/>Address: Carlsbad, CA 92008, USA<br/>Approximate runner mile: 88.5.<br/>Nearest runner geometry: approximately 0.94 mi straight-line (not a walking detour).<br/>Verification: Google Places lists this as a public restroom (operational); confirm access and hours on race day.<br/>Source: <a href="https://maps.google.com/?cid=109954438254438470&g_mp=Cilnb29nbGUubWFwcy5wbGFjZXMudjEuUGxhY2VzLlNlYXJjaE5lYXJieRACGAQgAA">official / current listing</a>]]></description>
      <styleUrl>#placesRestroom</styleUrl>
      <Point><coordinates>-117.31183349999999,33.126204099999995,0</coordinates></Point>
    </Placemark>
    <Placemark><name>Wheelchair Accessible Bathroom</name>
      <description><![CDATA[Priority 1: Places-listed public restroom.<br/>Address: Carlsbad, CA 92008, USA<br/>Approximate runner mile: 88.3.<br/>Nearest runner geometry: approximately 0.87 mi straight-line (not a walking detour).<br/>Verification: Google Places lists this as a public restroom (operational); confirm access and hours on race day.<br/>Source: <a href="https://maps.google.com/?cid=2538416171257927608&g_mp=Cilnb29nbGUubWFwcy5wbGFjZXMudjEuUGxhY2VzLlNlYXJjaE5lYXJieRACGAQgAA">official / current listing</a>]]></description>
      <styleUrl>#placesRestroom</styleUrl>
      <Point><coordinates>-117.31399809999999,33.128833799999995,0</coordinates></Point>
    </Placemark>
    <Placemark><name>Wheelchair Accessible Bathroom</name>
      <description><![CDATA[Priority 1: Places-listed public restroom.<br/>Address: Carlsbad, CA 92008, USA<br/>Approximate runner mile: 88.3.<br/>Nearest runner geometry: approximately 0.88 mi straight-line (not a walking detour).<br/>Verification: Google Places lists this as a public restroom (operational); confirm access and hours on race day.<br/>Source: <a href="https://maps.google.com/?cid=6548833312958062263&g_mp=Cilnb29nbGUubWFwcy5wbGFjZXMudjEuUGxhY2VzLlNlYXJjaE5lYXJieRACGAQgAA">official / current listing</a>]]></description>
      <styleUrl>#placesRestroom</styleUrl>
      <Point><coordinates>-117.3139751,33.1288189,0</coordinates></Point>
    </Placemark>
    <Placemark><name>Women's Restrooms</name>
      <description><![CDATA[Priority 1: Places-listed public restroom.<br/>Address: San Gorgonio Park, 2916 Via San Gorgonio, San Clemente, CA 92672, USA<br/>Approximate runner mile: 76.1.<br/>Nearest runner geometry: approximately 0.56 mi straight-line (not a walking detour).<br/>Verification: Google Places lists this as a public restroom (operational); confirm access and hours on race day.<br/>Source: <a href="https://maps.google.com/?cid=15635375485431354724&g_mp=Cilnb29nbGUubWFwcy5wbGFjZXMudjEuUGxhY2VzLlNlYXJjaE5lYXJieRACGAQgAA">official / current listing</a>]]></description>
      <styleUrl>#placesRestroom</styleUrl>
      <Point><coordinates>-117.642417,33.4499019,0</coordinates></Point>
    </Placemark>
    <Placemark><name>Womens's Restrooms</name>
      <description><![CDATA[Priority 1: Places-listed public restroom.<br/>Address: Pico Park, 315 Avenida Pico, San Clemente, CA 92672, USA<br/>Approximate runner mile: 77.4.<br/>Nearest runner geometry: approximately 0.09 mi straight-line (not a walking detour).<br/>Verification: Google Places lists this as a public restroom (operational); confirm access and hours on race day.<br/>Source: <a href="https://maps.google.com/?cid=16920338683955750001&g_mp=Cilnb29nbGUubWFwcy5wbGFjZXMudjEuUGxhY2VzLlNlYXJjaE5lYXJieRACGAQgAA">official / current listing</a>]]></description>
      <styleUrl>#placesRestroom</styleUrl>
      <Point><coordinates>-117.6319174,33.4341761,0</coordinates></Point>
    </Placemark>
  </Folder></Document></kml>
