<?xml version="1.0" encoding="UTF-8"?>
<kml xmlns="http://www.opengis.net/kml/2.2"><Document><name>NSTT 2026 - Bathroom Stops</name>
  <description>Research-backed bathroom stop planning layer. It does not change runner geometry. Priorities are official public beach restrooms, grocery backups, coffee-chain backups, then fast-food or branded-gas backups. Confirm access, hours, closures, and any customer-only policy on race day.</description>
  <Style id="beachRestroom"><IconStyle><color>ff00aa00</color><scale>1.15</scale><Icon><href>http://maps.google.com/mapfiles/kml/paddle/grn-circle.png</href></Icon></IconStyle></Style>
  <Style id="placesRestroom"><IconStyle><color>ff00aa00</color><scale>1.05</scale><Icon><href>http://maps.google.com/mapfiles/kml/paddle/grn-circle.png</href></Icon></IconStyle></Style>
  <Style id="groceryBackup"><IconStyle><color>ff00aa00</color><Icon><href>http://maps.google.com/mapfiles/kml/paddle/grn-circle.png</href></Icon></IconStyle></Style>
  <Style id="coffeeBackup"><IconStyle><color>ffff0000</color><Icon><href>http://maps.google.com/mapfiles/kml/paddle/blu-circle.png</href></Icon></IconStyle></Style>
  <Style id="businessBackup"><IconStyle><color>ff808080</color><Icon><href>http://maps.google.com/mapfiles/kml/paddle/wht-circle.png</href></Icon></IconStyle></Style>
  <Folder><name>Bathroom stops — priority order</name>
    <Placemark><name>1704 W Manchester Inc</name>
      <description><![CDATA[Priority 2: Grocery-store backup.<br/>Address: 1704 W Manchester Ave, Los Angeles, CA 90047, USA<br/>Approximate runner mile: 13.7.<br/>Nearest runner geometry: approximately 0.02 mi straight-line (not a walking detour).<br/>Verification: Google Places business backup (operational); confirm customer restroom access and hours on race day.<br/>Source: <a href="https://maps.google.com/?cid=7991536077673026883&g_mp=Cilnb29nbGUubWFwcy5wbGFjZXMudjEuUGxhY2VzLlNlYXJjaE5lYXJieRACGAQgAA">official / current listing</a>]]></description>
      <styleUrl>#groceryBackup</styleUrl>
      <Point><coordinates>-118.30704389999998,33.959516,0</coordinates></Point>
    </Placemark>
    <Placemark><name>2ND &amp; PCH</name>
      <description><![CDATA[Priority 2: Grocery-store backup.<br/>Address: 6480 Pacific Coast Hwy, Long Beach, CA 90803, USA<br/>Approximate runner mile: 40.2.<br/>Nearest runner geometry: approximately 0.01 mi straight-line (not a walking detour).<br/>Verification: Google Places business backup (operational); confirm customer restroom access and hours on race day.<br/>Source: <a href="https://maps.google.com/?cid=14527854432809747242&g_mp=Cilnb29nbGUubWFwcy5wbGFjZXMudjEuUGxhY2VzLlNlYXJjaE5lYXJieRACGAQgAA">official / current listing</a>]]></description>
      <styleUrl>#groceryBackup</styleUrl>
      <Point><coordinates>-118.1094424,33.7557627,0</coordinates></Point>
    </Placemark>
    <Placemark><name>4Life Los Angeles - Transfer Factor &amp; RioVida</name>
      <description><![CDATA[Priority 2: Grocery-store backup.<br/>Address: 1221 1/2 W 91st St, Los Angeles, CA 90044, USA<br/>Approximate runner mile: 14.3.<br/>Nearest runner geometry: approximately 0.39 mi straight-line (not a walking detour).<br/>Verification: Google Places business backup (operational); confirm customer restroom access and hours on race day.<br/>Source: <a href="https://maps.google.com/?cid=6553195844842873192&g_mp=Cilnb29nbGUubWFwcy5wbGFjZXMudjEuUGxhY2VzLlNlYXJjaE5lYXJieRACGAQgAA">official / current listing</a>]]></description>
      <styleUrl>#groceryBackup</styleUrl>
      <Point><coordinates>-118.29705589999999,33.9542877,0</coordinates></Point>
    </Placemark>
    <Placemark><name>5 Quarters Market</name>
      <description><![CDATA[Priority 2: Grocery-store backup.<br/>Address: 225 W Anaheim St, Long Beach, CA 90813, USA<br/>Approximate runner mile: 34.1.<br/>Nearest runner geometry: approximately 0.45 mi straight-line (not a walking detour).<br/>Verification: Google Places business backup (operational); confirm customer restroom access and hours on race day.<br/>Source: <a href="https://maps.google.com/?cid=1493012693293498991&g_mp=Cilnb29nbGUubWFwcy5wbGFjZXMudjEuUGxhY2VzLlNlYXJjaE5lYXJieRACGAQgAA">official / current listing</a>]]></description>
      <styleUrl>#groceryBackup</styleUrl>
      <Point><coordinates>-118.1947725,33.7831901,0</coordinates></Point>
    </Placemark>
    <Placemark><name>7market</name>
      <description><![CDATA[Priority 2: Grocery-store backup.<br/>Address: 8509 S Figueroa St #101, Los Angeles, CA 90003, USA<br/>Approximate runner mile: 15.1.<br/>Nearest runner geometry: approximately 0.05 mi straight-line (not a walking detour).<br/>Verification: Google Places business backup (operational); confirm customer restroom access and hours on race day.<br/>Source: <a href="https://maps.google.com/?cid=16994044318357812614&g_mp=Cilnb29nbGUubWFwcy5wbGFjZXMudjEuUGxhY2VzLlNlYXJjaE5lYXJieRACGAQgAA">official / current listing</a>]]></description>
      <styleUrl>#groceryBackup</styleUrl>
      <Point><coordinates>-118.28332030000001,33.960628299999996,0</coordinates></Point>
    </Placemark>
    <Placemark><name>98+¢ S&amp;S Market</name>
      <description><![CDATA[Priority 2: Grocery-store backup.<br/>Address: 6800 Long Beach Blvd, Long Beach, CA 90805, USA<br/>Approximate runner mile: 27.4.<br/>Nearest runner geometry: approximately 0.84 mi straight-line (not a walking detour).<br/>Verification: Google Places business backup (operational); confirm customer restroom access and hours on race day.<br/>Source: <a href="https://maps.google.com/?cid=2175176251506967500&g_mp=Cilnb29nbGUubWFwcy5wbGFjZXMudjEuUGxhY2VzLlNlYXJjaE5lYXJieRACGAQgAA">official / current listing</a>]]></description>
      <styleUrl>#groceryBackup</styleUrl>
      <Point><coordinates>-118.20363409999999,33.8778365,0</coordinates></Point>
    </Placemark>
    <Placemark><name>99 Plus Discount Store</name>
      <description><![CDATA[Priority 2: Grocery-store backup.<br/>Address: 8100 California Ave #F, South Gate, CA 90280, USA<br/>Approximate runner mile: 19.8.<br/>Nearest runner geometry: approximately 0.58 mi straight-line (not a walking detour).<br/>Verification: Google Places business backup (closed temporarily); confirm customer restroom access and hours on race day.<br/>Source: <a href="https://maps.google.com/?cid=17477507650385038806&g_mp=Cilnb29nbGUubWFwcy5wbGFjZXMudjEuUGxhY2VzLlNlYXJjaE5lYXJieRACGAQgAA">official / current listing</a>]]></description>
      <styleUrl>#groceryBackup</styleUrl>
      <Point><coordinates>-118.20447619999999,33.9623888,0</coordinates></Point>
    </Placemark>
    <Placemark><name>A &amp; B Market</name>
      <description><![CDATA[Priority 2: Grocery-store backup.<br/>Address: 1612 Pine Ave, Long Beach, CA 90813, USA<br/>Approximate runner mile: 34.2.<br/>Nearest runner geometry: approximately 0.16 mi straight-line (not a walking detour).<br/>Verification: Google Places business backup (operational); confirm customer restroom access and hours on race day.<br/>Source: <a href="https://maps.google.com/?cid=15138570111171599365&g_mp=Cilnb29nbGUubWFwcy5wbGFjZXMudjEuUGxhY2VzLlNlYXJjaE5lYXJieRACGAQgAA">official / current listing</a>]]></description>
      <styleUrl>#groceryBackup</styleUrl>
      <Point><coordinates>-118.192263,33.7874559,0</coordinates></Point>
    </Placemark>
    <Placemark><name>A &amp; F Market</name>
      <description><![CDATA[Priority 2: Grocery-store backup.<br/>Address: 2569 Santa Fe Ave, Long Beach, CA 90810, USA<br/>Approximate runner mile: 32.5.<br/>Nearest runner geometry: approximately 0.64 mi straight-line (not a walking detour).<br/>Verification: Google Places business backup (operational); confirm customer restroom access and hours on race day.<br/>Source: <a href="https://maps.google.com/?cid=9524953249875543198&g_mp=Cilnb29nbGUubWFwcy5wbGFjZXMudjEuUGxhY2VzLlNlYXJjaE5lYXJieRACGAQgAA">official / current listing</a>]]></description>
      <styleUrl>#groceryBackup</styleUrl>
      <Point><coordinates>-118.2156429,33.803820099999996,0</coordinates></Point>
    </Placemark>
    <Placemark><name>A V Distributing Co Foods</name>
      <description><![CDATA[Priority 2: Grocery-store backup.<br/>Address: 5518 Sepulveda Blvd, Culver City, CA 90230, USA<br/>Approximate runner mile: 6.9.<br/>Nearest runner geometry: approximately 0.56 mi straight-line (not a walking detour).<br/>Verification: Google Places business backup (closed temporarily); confirm customer restroom access and hours on race day.<br/>Source: <a href="https://maps.google.com/?cid=1051929369021471639&g_mp=Cilnb29nbGUubWFwcy5wbGFjZXMudjEuUGxhY2VzLlNlYXJjaE5lYXJieRACGAQgAA">official / current listing</a>]]></description>
      <styleUrl>#groceryBackup</styleUrl>
      <Point><coordinates>-118.3949853,33.9927734,0</coordinates></Point>
    </Placemark>
    <Placemark><name>AOI</name>
      <description><![CDATA[Priority 2: Grocery-store backup.<br/>Address: Long Beach, CA 90813, USA<br/>Approximate runner mile: 33.7.<br/>Nearest runner geometry: approximately 0.13 mi straight-line (not a walking detour).<br/>Verification: Google Places business backup (operational); confirm customer restroom access and hours on race day.<br/>Source: <a href="https://maps.google.com/?cid=484138686392496356&g_mp=Cilnb29nbGUubWFwcy5wbGFjZXMudjEuUGxhY2VzLlNlYXJjaE5lYXJieRACGAQgAA">official / current listing</a>]]></description>
      <styleUrl>#groceryBackup</styleUrl>
      <Point><coordinates>-118.2010138,33.7879049,0</coordinates></Point>
    </Placemark>
    <Placemark><name>ATAQ Fuel</name>
      <description><![CDATA[Priority 2: Grocery-store backup.<br/>Address: 1599 Superior Ave B-2, Costa Mesa, CA 92627, USA<br/>Approximate runner mile: 54.6.<br/>Nearest runner geometry: approximately 0.75 mi straight-line (not a walking detour).<br/>Verification: Google Places business backup (operational); confirm customer restroom access and hours on race day.<br/>Source: <a href="https://maps.google.com/?cid=12153769805385383393&g_mp=Cilnb29nbGUubWFwcy5wbGFjZXMudjEuUGxhY2VzLlNlYXJjaE5lYXJieRACGAQgAA">official / current listing</a>]]></description>
      <styleUrl>#groceryBackup</styleUrl>
      <Point><coordinates>-117.92844849999997,33.632086,0</coordinates></Point>
    </Placemark>
    <Placemark><name>Afrikan General Store</name>
      <description><![CDATA[Priority 2: Grocery-store backup.<br/>Address: 240 W Florence Ave, Inglewood, CA 90301, USA<br/>Approximate runner mile: 10.6.<br/>Nearest runner geometry: approximately 0.22 mi straight-line (not a walking detour).<br/>Verification: Google Places business backup (operational); confirm customer restroom access and hours on race day.<br/>Source: <a href="https://maps.google.com/?cid=1798190883872605640&g_mp=Cilnb29nbGUubWFwcy5wbGFjZXMudjEuUGxhY2VzLlNlYXJjaE5lYXJieRACGAQgAA">official / current listing</a>]]></description>
      <styleUrl>#groceryBackup</styleUrl>
      <Point><coordinates>-118.3591915,33.9650472,0</coordinates></Point>
    </Placemark>
    <Placemark><name>Agro Tatum LLC</name>
      <description><![CDATA[Priority 2: Grocery-store backup.<br/>Address: 332 S Market St, Inglewood, CA 90301, USA<br/>Approximate runner mile: 11.0.<br/>Nearest runner geometry: approximately 0.15 mi straight-line (not a walking detour).<br/>Verification: Google Places business backup (operational); confirm customer restroom access and hours on race day.<br/>Source: <a href="https://maps.google.com/?cid=5286297036666814934&g_mp=Cilnb29nbGUubWFwcy5wbGFjZXMudjEuUGxhY2VzLlNlYXJjaE5lYXJieRACGAQgAA">official / current listing</a>]]></description>
      <styleUrl>#groceryBackup</styleUrl>
      <Point><coordinates>-118.3516052,33.959806,0</coordinates></Point>
    </Placemark>
    <Placemark><name>Alan's Market</name>
      <description><![CDATA[Priority 2: Grocery-store backup.<br/>Address: 339 Washington Blvd, Marina Del Rey, CA 90292, USA<br/>Approximate runner mile: 2.8.<br/>Nearest runner geometry: approximately 0.52 mi straight-line (not a walking detour).<br/>Verification: Google Places business backup (operational); confirm customer restroom access and hours on race day.<br/>Source: <a href="https://maps.google.com/?cid=12947448209596164973&g_mp=Cilnb29nbGUubWFwcy5wbGFjZXMudjEuUGxhY2VzLlNlYXJjaE5lYXJieRACGAQgAA">official / current listing</a>]]></description>
      <styleUrl>#groceryBackup</styleUrl>
      <Point><coordinates>-118.46372500000001,33.981094999999996,0</coordinates></Point>
    </Placemark>
    <Placemark><name>Albertsons</name>
      <description><![CDATA[Priority 2: Grocery-store backup.<br/>Address: 101 E Willow St, Long Beach, CA 90806, USA<br/>Approximate runner mile: 32.4.<br/>Nearest runner geometry: approximately 0.71 mi straight-line (not a walking detour).<br/>Verification: Google Places business backup (operational); confirm customer restroom access and hours on race day.<br/>Source: <a href="https://maps.google.com/?cid=2945541999062580141&g_mp=Cilnb29nbGUubWFwcy5wbGFjZXMudjEuUGxhY2VzLlNlYXJjaE5lYXJieRACGAQgAA">official / current listing</a>]]></description>
      <styleUrl>#groceryBackup</styleUrl>
      <Point><coordinates>-118.19229999999999,33.805611,0</coordinates></Point>
    </Placemark>
    <Placemark><name>Albertsons</name>
      <description><![CDATA[Priority 2: Grocery-store backup.<br/>Address: 33601 Del Obispo St, Dana Point, CA 92629, USA<br/>Approximate runner mile: 73.5.<br/>Nearest runner geometry: approximately 0.74 mi straight-line (not a walking detour).<br/>Verification: Google Places business backup (operational); confirm customer restroom access and hours on race day.<br/>Source: <a href="https://maps.google.com/?cid=16875119306841450326&g_mp=Cilnb29nbGUubWFwcy5wbGFjZXMudjEuUGxhY2VzLlNlYXJjaE5lYXJieRACGAQgAA">official / current listing</a>]]></description>
      <styleUrl>#groceryBackup</styleUrl>
      <Point><coordinates>-117.68626440000001,33.4750843,0</coordinates></Point>
    </Placemark>
    <Placemark><name>Albertsons</name>
      <description><![CDATA[Priority 2: Grocery-store backup.<br/>Address: 804 Avenida Pico, San Clemente, CA 92673, USA<br/>Approximate runner mile: 78.0.<br/>Nearest runner geometry: approximately 0.89 mi straight-line (not a walking detour).<br/>Verification: Google Places business backup (operational); confirm customer restroom access and hours on race day.<br/>Source: <a href="https://maps.google.com/?cid=11199169827848372978&g_mp=Cilnb29nbGUubWFwcy5wbGFjZXMudjEuUGxhY2VzLlNlYXJjaE5lYXJieRACGAQgAA">official / current listing</a>]]></description>
      <styleUrl>#groceryBackup</styleUrl>
      <Point><coordinates>-117.6139575,33.442771799999996,0</coordinates></Point>
    </Placemark>
    <Placemark><name>Always Hungry Grocery &amp; Goods</name>
      <description><![CDATA[Priority 2: Grocery-store backup.<br/>Address: 325 Carlsbad Village Dr B-1, Carlsbad, CA 92008, USA<br/>Approximate runner mile: 85.5.<br/>Nearest runner geometry: approximately 0.04 mi straight-line (not a walking detour).<br/>Verification: Google Places business backup (operational); confirm customer restroom access and hours on race day.<br/>Source: <a href="https://maps.google.com/?cid=652777459221707342&g_mp=Cilnb29nbGUubWFwcy5wbGFjZXMudjEuUGxhY2VzLlNlYXJjaE5lYXJieRACGAQgAA">official / current listing</a>]]></description>
      <styleUrl>#groceryBackup</styleUrl>
      <Point><coordinates>-117.35023889999998,33.1581178,0</coordinates></Point>
    </Placemark>
    <Placemark><name>Amapola Deli &amp; Market</name>
      <description><![CDATA[Priority 2: Grocery-store backup.<br/>Address: 13733 Garfield Ave, Paramount, CA 90723, USA<br/>Approximate runner mile: 25.4.<br/>Nearest runner geometry: approximately 0.86 mi straight-line (not a walking detour).<br/>Verification: Google Places business backup (operational); confirm customer restroom access and hours on race day.<br/>Source: <a href="https://maps.google.com/?cid=11517219973077250850&g_mp=Cilnb29nbGUubWFwcy5wbGFjZXMudjEuUGxhY2VzLlNlYXJjaE5lYXJieRACGAQgAA">official / current listing</a>]]></description>
      <styleUrl>#groceryBackup</styleUrl>
      <Point><coordinates>-118.17023139999999,33.9120243,0</coordinates></Point>
    </Placemark>
    <Placemark><name>Anaheim St And Wilton</name>
      <description><![CDATA[Priority 2: Grocery-store backup.<br/>Address: 2440 E Anaheim St, Long Beach, CA 90804, USA<br/>Approximate runner mile: 35.9.<br/>Nearest runner geometry: approximately 0.51 mi straight-line (not a walking detour).<br/>Verification: Google Places business backup (operational); confirm customer restroom access and hours on race day.<br/>Source: <a href="https://maps.google.com/?cid=3997782772585281278&g_mp=Cilnb29nbGUubWFwcy5wbGFjZXMudjEuUGxhY2VzLlNlYXJjaE5lYXJieRACGAQgAA">official / current listing</a>]]></description>
      <styleUrl>#groceryBackup</styleUrl>
      <Point><coordinates>-118.16242989999999,33.7824619,0</coordinates></Point>
    </Placemark>
    <Placemark><name>Angela’s water store</name>
      <description><![CDATA[Priority 2: Grocery-store backup.<br/>Address: 610 E Manchester Ave, Los Angeles, CA 90001, USA<br/>Approximate runner mile: 16.2.<br/>Nearest runner geometry: approximately 0.02 mi straight-line (not a walking detour).<br/>Verification: Google Places business backup (operational); confirm customer restroom access and hours on race day.<br/>Source: <a href="https://maps.google.com/?cid=8871569529895834090&g_mp=Cilnb29nbGUubWFwcy5wbGFjZXMudjEuUGxhY2VzLlNlYXJjaE5lYXJieRACGAQgAA">official / current listing</a>]]></description>
      <styleUrl>#groceryBackup</styleUrl>
      <Point><coordinates>-118.2644847,33.9597902,0</coordinates></Point>
    </Placemark>
    <Placemark><name>Angelica's Market</name>
      <description><![CDATA[Priority 2: Grocery-store backup.<br/>Address: 8902 Avalon Blvd, Los Angeles, CA 90003, USA<br/>Approximate runner mile: 16.1.<br/>Nearest runner geometry: approximately 0.32 mi straight-line (not a walking detour).<br/>Verification: Google Places business backup (operational); confirm customer restroom access and hours on race day.<br/>Source: <a href="https://maps.google.com/?cid=4656808391529511359&g_mp=Cilnb29nbGUubWFwcy5wbGFjZXMudjEuUGxhY2VzLlNlYXJjaE5lYXJieRACGAQgAA">official / current listing</a>]]></description>
      <styleUrl>#groceryBackup</styleUrl>
      <Point><coordinates>-118.2647926,33.9553644,0</coordinates></Point>
    </Placemark>
    <Placemark><name>Angelicas Water &amp; Giftwrapping</name>
      <description><![CDATA[Priority 2: Grocery-store backup.<br/>Address: 610 E Manchester Ave, Los Angeles, CA 90001, USA<br/>Approximate runner mile: 16.2.<br/>Nearest runner geometry: approximately 0.02 mi straight-line (not a walking detour).<br/>Verification: Google Places business backup (operational); confirm customer restroom access and hours on race day.<br/>Source: <a href="https://maps.google.com/?cid=4735133507492314494&g_mp=Cilnb29nbGUubWFwcy5wbGFjZXMudjEuUGxhY2VzLlNlYXJjaE5lYXJieRACGAQgAA">official / current listing</a>]]></description>
      <styleUrl>#groceryBackup</styleUrl>
      <Point><coordinates>-118.2644847,33.9597902,0</coordinates></Point>
    </Placemark>
    <Placemark><name>Angels Mini Market</name>
      <description><![CDATA[Priority 2: Grocery-store backup.<br/>Address: 8500 S Hoover St, Los Angeles, CA 90044, USA<br/>Approximate runner mile: 14.9.<br/>Nearest runner geometry: approximately 0.07 mi straight-line (not a walking detour).<br/>Verification: Google Places business backup (operational); confirm customer restroom access and hours on race day.<br/>Source: <a href="https://maps.google.com/?cid=3268789074957737065&g_mp=Cilnb29nbGUubWFwcy5wbGFjZXMudjEuUGxhY2VzLlNlYXJjaE5lYXJieRACGAQgAA">official / current listing</a>]]></description>
      <styleUrl>#groceryBackup</styleUrl>
      <Point><coordinates>-118.2869189,33.9609942,0</coordinates></Point>
    </Placemark>
    <Placemark><name>Arteaga's Market</name>
      <description><![CDATA[Priority 2: Grocery-store backup.<br/>Address: 1436 E Anaheim St, Long Beach, CA 90813, USA<br/>Approximate runner mile: 35.3.<br/>Nearest runner geometry: approximately 0.51 mi straight-line (not a walking detour).<br/>Verification: Google Places business backup (operational); confirm customer restroom access and hours on race day.<br/>Source: <a href="https://maps.google.com/?cid=851434734995979446&g_mp=Cilnb29nbGUubWFwcy5wbGFjZXMudjEuUGxhY2VzLlNlYXJjaE5lYXJieRACGAQgAA">official / current listing</a>]]></description>
      <styleUrl>#groceryBackup</styleUrl>
      <Point><coordinates>-118.17325120000001,33.7823887,0</coordinates></Point>
    </Placemark>
    <Placemark><name>Azteca Market</name>
      <description><![CDATA[Priority 2: Grocery-store backup.<br/>Address: 2, 9024 1/2 Long Beach Blvd, South Gate, CA 90280, USA<br/>Approximate runner mile: 19.0.<br/>Nearest runner geometry: approximately 0.09 mi straight-line (not a walking detour).<br/>Verification: Google Places business backup (operational); confirm customer restroom access and hours on race day.<br/>Source: <a href="https://maps.google.com/?cid=194146466009521030&g_mp=Cilnb29nbGUubWFwcy5wbGFjZXMudjEuUGxhY2VzLlNlYXJjaE5lYXJieRACGAQgAA">official / current listing</a>]]></description>
      <styleUrl>#groceryBackup</styleUrl>
      <Point><coordinates>-118.2189654,33.9539963,0</coordinates></Point>
    </Placemark>
    <Placemark><name>B &amp; B Market</name>
      <description><![CDATA[Priority 2: Grocery-store backup.<br/>Address: 4135 Santa Ana St, Huntington Park, CA 90255, USA<br/>Approximate runner mile: 20.3.<br/>Nearest runner geometry: approximately 0.62 mi straight-line (not a walking detour).<br/>Verification: Google Places business backup (operational); confirm customer restroom access and hours on race day.<br/>Source: <a href="https://maps.google.com/?cid=15126156899974708221&g_mp=Cilnb29nbGUubWFwcy5wbGFjZXMudjEuUGxhY2VzLlNlYXJjaE5lYXJieRACGAQgAA">official / current listing</a>]]></description>
      <styleUrl>#groceryBackup</styleUrl>
      <Point><coordinates>-118.1953611,33.9620752,0</coordinates></Point>
    </Placemark>
    <Placemark><name>B&amp;K Market</name>
      <description><![CDATA[Priority 2: Grocery-store backup.<br/>Address: 9201 State St, South Gate, CA 90280, USA<br/>Approximate runner mile: 19.4.<br/>Nearest runner geometry: approximately 0.22 mi straight-line (not a walking detour).<br/>Verification: Google Places business backup (operational); confirm customer restroom access and hours on race day.<br/>Source: <a href="https://maps.google.com/?cid=8493074659964707189&g_mp=Cilnb29nbGUubWFwcy5wbGFjZXMudjEuUGxhY2VzLlNlYXJjaE5lYXJieRACGAQgAA">official / current listing</a>]]></description>
      <styleUrl>#groceryBackup</styleUrl>
      <Point><coordinates>-118.21308990000001,33.951516399999996,0</coordinates></Point>
    </Placemark>
    <Placemark><name>BABY'S WORLD NUTRITION CENTER</name>
      <description><![CDATA[Priority 2: Grocery-store backup.<br/>Address: 8320 Compton Ave, Los Angeles, CA 90001, USA<br/>Approximate runner mile: 17.2.<br/>Nearest runner geometry: approximately 0.15 mi straight-line (not a walking detour).<br/>Verification: Google Places business backup (operational); confirm customer restroom access and hours on race day.<br/>Source: <a href="https://maps.google.com/?cid=13952672921517222519&g_mp=Cilnb29nbGUubWFwcy5wbGFjZXMudjEuUGxhY2VzLlNlYXJjaE5lYXJieRACGAQgAA">official / current listing</a>]]></description>
      <styleUrl>#groceryBackup</styleUrl>
      <Point><coordinates>-118.2471442,33.962542,0</coordinates></Point>
    </Placemark>
    <Placemark><name>BODEGUITA SUPERIOR</name>
      <description><![CDATA[Priority 2: Grocery-store backup.<br/>Address: 2208 Center St, Huntington Park, CA 90255, USA<br/>Approximate runner mile: 18.0.<br/>Nearest runner geometry: approximately 0.40 mi straight-line (not a walking detour).<br/>Verification: Google Places business backup (operational); confirm customer restroom access and hours on race day.<br/>Source: <a href="https://maps.google.com/?cid=8971288263757418600&g_mp=Cilnb29nbGUubWFwcy5wbGFjZXMudjEuUGxhY2VzLlNlYXJjaE5lYXJieRACGAQgAA">official / current listing</a>]]></description>
      <styleUrl>#groceryBackup</styleUrl>
      <Point><coordinates>-118.23201189999999,33.965730400000005,0</coordinates></Point>
    </Placemark>
    <Placemark><name>Balboa Island Market</name>
      <description><![CDATA[Priority 2: Grocery-store backup.<br/>Address: 500 S Bay Front Unit A, Newport Beach, CA 92662, USA<br/>Approximate runner mile: 56.7.<br/>Nearest runner geometry: approximately 0.58 mi straight-line (not a walking detour).<br/>Verification: Google Places business backup (operational); confirm customer restroom access and hours on race day.<br/>Source: <a href="https://maps.google.com/?cid=3953734082402153420&g_mp=Cilnb29nbGUubWFwcy5wbGFjZXMudjEuUGxhY2VzLlNlYXJjaE5lYXJieRACGAQgAA">official / current listing</a>]]></description>
      <styleUrl>#groceryBackup</styleUrl>
      <Point><coordinates>-117.89822720000001,33.6055658,0</coordinates></Point>
    </Placemark>
    <Placemark><name>Baleadas HP</name>
      <description><![CDATA[Priority 2: Grocery-store backup.<br/>Address: 15107 Atlantic Ave, East Compton, CA 90221, USA<br/>Approximate runner mile: 26.1.<br/>Nearest runner geometry: approximately 0.47 mi straight-line (not a walking detour).<br/>Verification: Google Places business backup (operational); confirm customer restroom access and hours on race day.<br/>Source: <a href="https://maps.google.com/?cid=16754224737783673733&g_mp=Cilnb29nbGUubWFwcy5wbGFjZXMudjEuUGxhY2VzLlNlYXJjaE5lYXJieRACGAQgAA">official / current listing</a>]]></description>
      <styleUrl>#groceryBackup</styleUrl>
      <Point><coordinates>-118.19409499999999,33.8953438,0</coordinates></Point>
    </Placemark>
    <Placemark><name>Barons Market Carlsbad</name>
      <description><![CDATA[Priority 2: Grocery-store backup.<br/>Address: 2800 Roosevelt St, Carlsbad, CA 92008, USA<br/>Approximate runner mile: 85.4.<br/>Nearest runner geometry: approximately 0.30 mi straight-line (not a walking detour).<br/>Verification: Google Places business backup (operational); confirm customer restroom access and hours on race day.<br/>Source: <a href="https://maps.google.com/?cid=7565528712163088427&g_mp=Cilnb29nbGUubWFwcy5wbGFjZXMudjEuUGxhY2VzLlNlYXJjaE5lYXJieRACGAQgAA">official / current listing</a>]]></description>
      <styleUrl>#groceryBackup</styleUrl>
      <Point><coordinates>-117.3482196,33.162396799999996,0</coordinates></Point>
    </Placemark>
    <Placemark><name>Bay Cities Italian Deli &amp; Bakery</name>
      <description><![CDATA[Priority 2: Grocery-store backup.<br/>Address: 1517 Lincoln Blvd, Santa Monica, CA 90401, USA<br/>Approximate runner mile: 0.1.<br/>Nearest runner geometry: approximately 0.56 mi straight-line (not a walking detour).<br/>Verification: Google Places business backup (operational); confirm customer restroom access and hours on race day.<br/>Source: <a href="https://maps.google.com/?cid=17255906066394176874&g_mp=Cilnb29nbGUubWFwcy5wbGFjZXMudjEuUGxhY2VzLlNlYXJjaE5lYXJieRACGAQgAA">official / current listing</a>]]></description>
      <styleUrl>#groceryBackup</styleUrl>
      <Point><coordinates>-118.48920190000001,34.0179847,0</coordinates></Point>
    </Placemark>
    <Placemark><name>Be-L'evated Holistic Wellness and Apothecary</name>
      <description><![CDATA[Priority 2: Grocery-store backup.<br/>Address: 9112 S Western Avenue 222 Main St Venice, Ca 730 Arizona Ave Santa Monica, Los Angeles, CA 90047, USA<br/>Approximate runner mile: 0.1.<br/>Nearest runner geometry: approximately 0.64 mi straight-line (not a walking detour).<br/>Verification: Google Places business backup (operational); confirm customer restroom access and hours on race day.<br/>Source: <a href="https://maps.google.com/?cid=17433950155358809126&g_mp=Cilnb29nbGUubWFwcy5wbGFjZXMudjEuUGxhY2VzLlNlYXJjaE5lYXJieRACGAQgAA">official / current listing</a>]]></description>
      <styleUrl>#groceryBackup</styleUrl>
      <Point><coordinates>-118.49289820000001,34.020465,0</coordinates></Point>
    </Placemark>
    <Placemark><name>Beach House Market</name>
      <description><![CDATA[Priority 2: Grocery-store backup.<br/>Address: 1101 Ocean Front Walk, Venice, CA 90291, USA<br/>Approximate runner mile: 2.0.<br/>Nearest runner geometry: approximately 0.23 mi straight-line (not a walking detour).<br/>Verification: Google Places business backup (operational); confirm customer restroom access and hours on race day.<br/>Source: <a href="https://maps.google.com/?cid=6984875545347871089&g_mp=Cilnb29nbGUubWFwcy5wbGFjZXMudjEuUGxhY2VzLlNlYXJjaE5lYXJieRACGAQgAA">official / current listing</a>]]></description>
      <styleUrl>#groceryBackup</styleUrl>
      <Point><coordinates>-118.47578589999999,33.9894453,0</coordinates></Point>
    </Placemark>
    <Placemark><name>Beach Point Mart</name>
      <description><![CDATA[Priority 2: Grocery-store backup.<br/>Address: 421 Ocean Front Walk, Venice, CA 90291, USA<br/>Approximate runner mile: 1.7.<br/>Nearest runner geometry: approximately 0.18 mi straight-line (not a walking detour).<br/>Verification: Google Places business backup (operational); confirm customer restroom access and hours on race day.<br/>Source: <a href="https://maps.google.com/?cid=14540899114585418904&g_mp=Cilnb29nbGUubWFwcy5wbGFjZXMudjEuUGxhY2VzLlNlYXJjaE5lYXJieRACGAQgAA">official / current listing</a>]]></description>
      <styleUrl>#groceryBackup</styleUrl>
      <Point><coordinates>-118.4793979,33.9934969,0</coordinates></Point>
    </Placemark>
    <Placemark><name>Berryland</name>
      <description><![CDATA[Priority 2: Grocery-store backup.<br/>Address: 1780 Clark Ave, Long Beach, CA 90815, USA<br/>Approximate runner mile: 37.5.<br/>Nearest runner geometry: approximately 0.32 mi straight-line (not a walking detour).<br/>Verification: Google Places business backup (operational); confirm customer restroom access and hours on race day.<br/>Source: <a href="https://maps.google.com/?cid=14606480036556723505&g_mp=Cilnb29nbGUubWFwcy5wbGFjZXMudjEuUGxhY2VzLlNlYXJjaE5lYXJieRACGAQgAA">official / current listing</a>]]></description>
      <styleUrl>#groceryBackup</styleUrl>
      <Point><coordinates>-118.13381469999999,33.7896183,0</coordinates></Point>
    </Placemark>
    <Placemark><name>Best Market</name>
      <description><![CDATA[Priority 2: Grocery-store backup.<br/>Address: 9200 California Ave, South Gate, CA 90280, USA<br/>Approximate runner mile: 19.7.<br/>Nearest runner geometry: approximately 0.23 mi straight-line (not a walking detour).<br/>Verification: Google Places business backup (operational); confirm customer restroom access and hours on race day.<br/>Source: <a href="https://maps.google.com/?cid=15873506539205834693&g_mp=Cilnb29nbGUubWFwcy5wbGFjZXMudjEuUGxhY2VzLlNlYXJjaE5lYXJieRACGAQgAA">official / current listing</a>]]></description>
      <styleUrl>#groceryBackup</styleUrl>
      <Point><coordinates>-118.2062301,33.9507641,0</coordinates></Point>
    </Placemark>
    <Placemark><name>Big Saver Foods</name>
      <description><![CDATA[Priority 2: Grocery-store backup.<br/>Address: 1313 E Artesia Blvd, Long Beach, CA 90805, USA<br/>Approximate runner mile: 27.3.<br/>Nearest runner geometry: approximately 0.73 mi straight-line (not a walking detour).<br/>Verification: Google Places business backup (operational); confirm customer restroom access and hours on race day.<br/>Source: <a href="https://maps.google.com/?cid=5725115503765100121&g_mp=Cilnb29nbGUubWFwcy5wbGFjZXMudjEuUGxhY2VzLlNlYXJjaE5lYXJieRACGAQgAA">official / current listing</a>]]></description>
      <styleUrl>#groceryBackup</styleUrl>
      <Point><coordinates>-118.17625419999999,33.8749961,0</coordinates></Point>
    </Placemark>
    <Placemark><name>Big Saver Foods</name>
      <description><![CDATA[Priority 2: Grocery-store backup.<br/>Address: 1500 W Willow St, Long Beach, CA 90810, USA<br/>Approximate runner mile: 32.5.<br/>Nearest runner geometry: approximately 0.46 mi straight-line (not a walking detour).<br/>Verification: Google Places business backup (operational); confirm customer restroom access and hours on race day.<br/>Source: <a href="https://maps.google.com/?cid=6467822462284348909&g_mp=Cilnb29nbGUubWFwcy5wbGFjZXMudjEuUGxhY2VzLlNlYXJjaE5lYXJieRACGAQgAA">official / current listing</a>]]></description>
      <styleUrl>#groceryBackup</styleUrl>
      <Point><coordinates>-118.2125302,33.803753799999996,0</coordinates></Point>
    </Placemark>
    <Placemark><name>Bills Liquors</name>
      <description><![CDATA[Priority 2: Grocery-store backup.<br/>Address: 11700 Culver Blvd, Los Angeles, CA 90066, USA<br/>Approximate runner mile: 5.6.<br/>Nearest runner geometry: approximately 0.28 mi straight-line (not a walking detour).<br/>Verification: Google Places business backup (operational); confirm customer restroom access and hours on race day.<br/>Source: <a href="https://maps.google.com/?cid=5399982520122680513&g_mp=Cilnb29nbGUubWFwcy5wbGFjZXMudjEuUGxhY2VzLlNlYXJjaE5lYXJieRACGAQgAA">official / current listing</a>]]></description>
      <styleUrl>#groceryBackup</styleUrl>
      <Point><coordinates>-118.41484,33.998259,0</coordinates></Point>
    </Placemark>
    <Placemark><name>Billy's Meats, Seafood &amp; Deli</name>
      <description><![CDATA[Priority 2: Grocery-store backup.<br/>Address: 111 Avenida Del Mar, San Clemente, CA 92672, USA<br/>Approximate runner mile: 78.7.<br/>Nearest runner geometry: approximately 0.05 mi straight-line (not a walking detour).<br/>Verification: Google Places business backup (operational); confirm customer restroom access and hours on race day.<br/>Source: <a href="https://maps.google.com/?cid=2121504850003689106&g_mp=Cilnb29nbGUubWFwcy5wbGFjZXMudjEuUGxhY2VzLlNlYXJjaE5lYXJieRACGAQgAA">official / current listing</a>]]></description>
      <styleUrl>#groceryBackup</styleUrl>
      <Point><coordinates>-117.61312889999999,33.427036,0</coordinates></Point>
    </Placemark>
    <Placemark><name>Blessing Box</name>
      <description><![CDATA[Priority 2: Grocery-store backup.<br/>Address: 501 E Manchester Blvd, Inglewood, CA 90301, USA<br/>Approximate runner mile: 11.2.<br/>Nearest runner geometry: approximately 0.01 mi straight-line (not a walking detour).<br/>Verification: Google Places business backup (operational); confirm customer restroom access and hours on race day.<br/>Source: <a href="https://maps.google.com/?cid=15218188777956021209&g_mp=Cilnb29nbGUubWFwcy5wbGFjZXMudjEuUGxhY2VzLlNlYXJjaE5lYXJieRACGAQgAA">official / current listing</a>]]></description>
      <styleUrl>#groceryBackup</styleUrl>
      <Point><coordinates>-118.34841109999999,33.9618335,0</coordinates></Point>
    </Placemark>
    <Placemark><name>Bodega Market</name>
      <description><![CDATA[Priority 2: Grocery-store backup.<br/>Address: 4565 S Centinela Ave, Los Angeles, CA 90066, USA<br/>Approximate runner mile: 5.6.<br/>Nearest runner geometry: approximately 0.33 mi straight-line (not a walking detour).<br/>Verification: Google Places business backup (operational); confirm customer restroom access and hours on race day.<br/>Source: <a href="https://maps.google.com/?cid=156567935745426767&g_mp=Cilnb29nbGUubWFwcy5wbGFjZXMudjEuUGxhY2VzLlNlYXJjaE5lYXJieRACGAQgAA">official / current listing</a>]]></description>
      <styleUrl>#groceryBackup</styleUrl>
      <Point><coordinates>-118.4219672,33.991627199999996,0</coordinates></Point>
    </Placemark>
    <Placemark><name>Bolmart Mediterranean Market &amp; Halal BBQ</name>
      <description><![CDATA[Priority 2: Grocery-store backup.<br/>Address: 4224 Lincoln Blvd, Marina Del Rey, CA 90292, USA<br/>Approximate runner mile: 3.7.<br/>Nearest runner geometry: approximately 0.35 mi straight-line (not a walking detour).<br/>Verification: Google Places business backup (operational); confirm customer restroom access and hours on race day.<br/>Source: <a href="https://maps.google.com/?cid=15807531746976892498&g_mp=Cilnb29nbGUubWFwcy5wbGFjZXMudjEuUGxhY2VzLlNlYXJjaE5lYXJieRACGAQgAA">official / current listing</a>]]></description>
      <styleUrl>#groceryBackup</styleUrl>
      <Point><coordinates>-118.44373680000001,33.9864903,0</coordinates></Point>
    </Placemark>
    <Placemark><name>Botanica Palma</name>
      <description><![CDATA[Priority 2: Grocery-store backup.<br/>Address: 2054 Santa Fe Ave, Long Beach, CA 90810, USA<br/>Approximate runner mile: 33.2.<br/>Nearest runner geometry: approximately 0.63 mi straight-line (not a walking detour).<br/>Verification: Google Places business backup (operational); confirm customer restroom access and hours on race day.<br/>Source: <a href="https://maps.google.com/?cid=12552186593398580285&g_mp=Cilnb29nbGUubWFwcy5wbGFjZXMudjEuUGxhY2VzLlNlYXJjaE5lYXJieRACGAQgAA">official / current listing</a>]]></description>
      <styleUrl>#groceryBackup</styleUrl>
      <Point><coordinates>-118.2152821,33.7945346,0</coordinates></Point>
    </Placemark>
    <Placemark><name>Braddock Square Shopping Center</name>
      <description><![CDATA[Priority 2: Grocery-store backup.<br/>Address: 4700 Inglewood Blvd, Culver City, CA 90230, USA<br/>Approximate runner mile: 5.8.<br/>Nearest runner geometry: approximately 0.05 mi straight-line (not a walking detour).<br/>Verification: Google Places business backup (operational); confirm customer restroom access and hours on race day.<br/>Source: <a href="https://maps.google.com/?cid=11976105231736792568&g_mp=Cilnb29nbGUubWFwcy5wbGFjZXMudjEuUGxhY2VzLlNlYXJjaE5lYXJieRACGAQgAA">official / current listing</a>]]></description>
      <styleUrl>#groceryBackup</styleUrl>
      <Point><coordinates>-118.41467799999998,33.99391070000001,0</coordinates></Point>
    </Placemark>
    <Placemark><name>Bristol Farms</name>
      <description><![CDATA[Priority 2: Grocery-store backup.<br/>Address: 810 Avocado Ave, Newport Beach, CA 92660, USA<br/>Approximate runner mile: 58.0.<br/>Nearest runner geometry: approximately 0.13 mi straight-line (not a walking detour).<br/>Verification: Google Places business backup (operational); confirm customer restroom access and hours on race day.<br/>Source: <a href="https://maps.google.com/?cid=14646139591215894046&g_mp=Cilnb29nbGUubWFwcy5wbGFjZXMudjEuUGxhY2VzLlNlYXJjaE5lYXJieRACGAQgAA">official / current listing</a>]]></description>
      <styleUrl>#groceryBackup</styleUrl>
      <Point><coordinates>-117.87331800000001,33.606276699999995,0</coordinates></Point>
    </Placemark>
    <Placemark><name>Bubbles By The Beach Market &amp; Liquor</name>
      <description><![CDATA[Priority 2: Grocery-store backup.<br/>Address: 218 N Cleveland St, Oceanside, CA 92054, USA<br/>Approximate runner mile: 82.3.<br/>Nearest runner geometry: approximately 0.09 mi straight-line (not a walking detour).<br/>Verification: Google Places business backup (operational); confirm customer restroom access and hours on race day.<br/>Source: <a href="https://maps.google.com/?cid=12935491950082933745&g_mp=Cilnb29nbGUubWFwcy5wbGFjZXMudjEuUGxhY2VzLlNlYXJjaE5lYXJieRACGAQgAA">official / current listing</a>]]></description>
      <styleUrl>#groceryBackup</styleUrl>
      <Point><coordinates>-117.38139659999999,33.1956827,0</coordinates></Point>
    </Placemark>
    <Placemark><name>Buena Vista Market</name>
      <description><![CDATA[Priority 2: Grocery-store backup.<br/>Address: 34065 La Plaza, Dana Point, CA 92629, USA<br/>Approximate runner mile: 72.5.<br/>Nearest runner geometry: approximately 0.09 mi straight-line (not a walking detour).<br/>Verification: Google Places business backup (operational); confirm customer restroom access and hours on race day.<br/>Source: <a href="https://maps.google.com/?cid=12227493752105731944&g_mp=Cilnb29nbGUubWFwcy5wbGFjZXMudjEuUGxhY2VzLlNlYXJjaE5lYXJieRACGAQgAA">official / current listing</a>]]></description>
      <styleUrl>#groceryBackup</styleUrl>
      <Point><coordinates>-117.69959060000001,33.4681572,0</coordinates></Point>
    </Placemark>
    <Placemark><name>Buzz Mart</name>
      <description><![CDATA[Priority 2: Grocery-store backup.<br/>Address: 1990 Magnolia Ave, Long Beach, CA 90806, USA<br/>Approximate runner mile: 33.9.<br/>Nearest runner geometry: approximately 0.25 mi straight-line (not a walking detour).<br/>Verification: Google Places business backup (operational); confirm customer restroom access and hours on race day.<br/>Source: <a href="https://maps.google.com/?cid=9994812953716454466&g_mp=Cilnb29nbGUubWFwcy5wbGFjZXMudjEuUGxhY2VzLlNlYXJjaE5lYXJieRACGAQgAA">official / current listing</a>]]></description>
      <styleUrl>#groceryBackup</styleUrl>
      <Point><coordinates>-118.19796330000001,33.7933525,0</coordinates></Point>
    </Placemark>
    <Placemark><name>C &amp; C Mart</name>
      <description><![CDATA[Priority 2: Grocery-store backup.<br/>Address: 1716 W Florence Ave, Los Angeles, CA 90047, USA<br/>Approximate runner mile: 13.6.<br/>Nearest runner geometry: approximately 1.00 mi straight-line (not a walking detour).<br/>Verification: Google Places business backup (operational); confirm customer restroom access and hours on race day.<br/>Source: <a href="https://maps.google.com/?cid=15349584948568690755&g_mp=Cilnb29nbGUubWFwcy5wbGFjZXMudjEuUGxhY2VzLlNlYXJjaE5lYXJieRACGAQgAA">official / current listing</a>]]></description>
      <styleUrl>#groceryBackup</styleUrl>
      <Point><coordinates>-118.30745699999999,33.974417599999995,0</coordinates></Point>
    </Placemark>
    <Placemark><name>C-Mart</name>
      <description><![CDATA[Priority 2: Grocery-store backup.<br/>Address: 8071 Wilcox Ave, Cudahy, CA 90201, USA<br/>Approximate runner mile: 21.1.<br/>Nearest runner geometry: approximately 0.63 mi straight-line (not a walking detour).<br/>Verification: Google Places business backup (operational); confirm customer restroom access and hours on race day.<br/>Source: <a href="https://maps.google.com/?cid=13161875235372834720&g_mp=Cilnb29nbGUubWFwcy5wbGFjZXMudjEuUGxhY2VzLlNlYXJjaE5lYXJieRACGAQgAA">official / current listing</a>]]></description>
      <styleUrl>#groceryBackup</styleUrl>
      <Point><coordinates>-118.1795476,33.9604304,0</coordinates></Point>
    </Placemark>
    <Placemark><name>California Commissary</name>
      <description><![CDATA[Priority 2: Grocery-store backup.<br/>Address: 7325 Somerset Blvd, Paramount, CA 90723, USA<br/>Approximate runner mile: 25.4.<br/>Nearest runner geometry: approximately 0.81 mi straight-line (not a walking detour).<br/>Verification: Google Places business backup (operational); confirm customer restroom access and hours on race day.<br/>Source: <a href="https://maps.google.com/?cid=11842531742052419881&g_mp=Cilnb29nbGUubWFwcy5wbGFjZXMudjEuUGxhY2VzLlNlYXJjaE5lYXJieRACGAQgAA">official / current listing</a>]]></description>
      <styleUrl>#groceryBackup</styleUrl>
      <Point><coordinates>-118.1700723,33.8965415,0</coordinates></Point>
    </Placemark>
    <Placemark><name>Cardiff Seaside Market</name>
      <description><![CDATA[Priority 2: Grocery-store backup.<br/>Address: 2087 San Elijo Ave, Cardiff, CA 92007, USA<br/>Approximate runner mile: 96.0.<br/>Nearest runner geometry: approximately 0.10 mi straight-line (not a walking detour).<br/>Verification: Google Places business backup (operational); confirm customer restroom access and hours on race day.<br/>Source: <a href="https://maps.google.com/?cid=10688723900144907800&g_mp=Cilnb29nbGUubWFwcy5wbGFjZXMudjEuUGxhY2VzLlNlYXJjaE5lYXJieRACGAQgAA">official / current listing</a>]]></description>
      <styleUrl>#groceryBackup</styleUrl>
      <Point><coordinates>-117.2819977,33.021986999999996,0</coordinates></Point>
    </Placemark>
    <Placemark><name>Carniceria La Oaxaqueña #01</name>
      <description><![CDATA[Priority 2: Grocery-store backup.<br/>Address: 200 CA-1, Long Beach, CA 90813, USA<br/>Approximate runner mile: 34.3.<br/>Nearest runner geometry: approximately 0.00 mi straight-line (not a walking detour).<br/>Verification: Google Places business backup (operational); confirm customer restroom access and hours on race day.<br/>Source: <a href="https://maps.google.com/?cid=2688073005936338957&g_mp=Cilnb29nbGUubWFwcy5wbGFjZXMudjEuUGxhY2VzLlNlYXJjaE5lYXJieRACGAQgAA">official / current listing</a>]]></description>
      <styleUrl>#groceryBackup</styleUrl>
      <Point><coordinates>-118.1909341,33.789714499999995,0</coordinates></Point>
    </Placemark>
    <Placemark><name>Castanea Sicilian Cafe Venice Beach</name>
      <description><![CDATA[Priority 2: Grocery-store backup.<br/>Address: 1307 Ocean Front Walk, Venice, CA 90291, USA<br/>Approximate runner mile: 2.0.<br/>Nearest runner geometry: approximately 0.29 mi straight-line (not a walking detour).<br/>Verification: Google Places business backup (operational); confirm customer restroom access and hours on race day.<br/>Source: <a href="https://maps.google.com/?cid=12561585635158535340&g_mp=Cilnb29nbGUubWFwcy5wbGFjZXMudjEuUGxhY2VzLlNlYXJjaE5lYXJieRACGAQgAA">official / current listing</a>]]></description>
      <styleUrl>#groceryBackup</styleUrl>
      <Point><coordinates>-118.47467979999999,33.9883276,0</coordinates></Point>
    </Placemark>
    <Placemark><name>Celtic Earth Salt &amp; Company</name>
      <description><![CDATA[Priority 2: Grocery-store backup.<br/>Address: 1968 S Coast Hwy #217, Laguna Beach, CA 92651, USA<br/>Approximate runner mile: 66.3.<br/>Nearest runner geometry: approximately 0.02 mi straight-line (not a walking detour).<br/>Verification: Google Places business backup (operational); confirm customer restroom access and hours on race day.<br/>Source: <a href="https://maps.google.com/?cid=15660349774723996787&g_mp=Cilnb29nbGUubWFwcy5wbGFjZXMudjEuUGxhY2VzLlNlYXJjaE5lYXJieRACGAQgAA">official / current listing</a>]]></description>
      <styleUrl>#groceryBackup</styleUrl>
      <Point><coordinates>-117.76980299999998,33.5278692,0</coordinates></Point>
    </Placemark>
    <Placemark><name>Centro Latino #2 Meat Market</name>
      <description><![CDATA[Priority 2: Grocery-store backup.<br/>Address: 8506 Santa Fe Ave, Huntington Park, CA 90255, USA<br/>Approximate runner mile: 18.4.<br/>Nearest runner geometry: approximately 0.28 mi straight-line (not a walking detour).<br/>Verification: Google Places business backup (operational); confirm customer restroom access and hours on race day.<br/>Source: <a href="https://maps.google.com/?cid=14198216400708899938&g_mp=Cilnb29nbGUubWFwcy5wbGFjZXMudjEuUGxhY2VzLlNlYXJjaE5lYXJieRACGAQgAA">official / current listing</a>]]></description>
      <styleUrl>#groceryBackup</styleUrl>
      <Point><coordinates>-118.22760790000001,33.961008,0</coordinates></Point>
    </Placemark>
    <Placemark><name>Centro comercial</name>
      <description><![CDATA[Priority 2: Grocery-store backup.<br/>Address: 3966 Inglewood Blvd, Los Angeles, CA 90066, USA<br/>Approximate runner mile: 5.1.<br/>Nearest runner geometry: approximately 0.41 mi straight-line (not a walking detour).<br/>Verification: Google Places business backup (operational); confirm customer restroom access and hours on race day.<br/>Source: <a href="https://maps.google.com/?cid=4844709382173754339&g_mp=Cilnb29nbGUubWFwcy5wbGFjZXMudjEuUGxhY2VzLlNlYXJjaE5lYXJieRACGAQgAA">official / current listing</a>]]></description>
      <styleUrl>#groceryBackup</styleUrl>
      <Point><coordinates>-118.42600029999998,34.0030838,0</coordinates></Point>
    </Placemark>
    <Placemark><name>Cerca Food Store</name>
      <description><![CDATA[Priority 2: Grocery-store backup.<br/>Address: 9704 Atlantic Ave, South Gate, CA 90280, USA<br/>Approximate runner mile: 21.7.<br/>Nearest runner geometry: approximately 0.02 mi straight-line (not a walking detour).<br/>Verification: Google Places business backup (operational); confirm customer restroom access and hours on race day.<br/>Source: <a href="https://maps.google.com/?cid=8187085522371271773&g_mp=Cilnb29nbGUubWFwcy5wbGFjZXMudjEuUGxhY2VzLlNlYXJjaE5lYXJieRACGAQgAA">official / current listing</a>]]></description>
      <styleUrl>#groceryBackup</styleUrl>
      <Point><coordinates>-118.18064229999999,33.9440787,0</coordinates></Point>
    </Placemark>
    <Placemark><name>Champions Market &amp;Tobacco</name>
      <description><![CDATA[Priority 2: Grocery-store backup.<br/>Address: 620 E Manchester Blvd, Inglewood, CA 90301, USA<br/>Approximate runner mile: 11.4.<br/>Nearest runner geometry: approximately 0.02 mi straight-line (not a walking detour).<br/>Verification: Google Places business backup (operational); confirm customer restroom access and hours on race day.<br/>Source: <a href="https://maps.google.com/?cid=4185285592328527886&g_mp=Cilnb29nbGUubWFwcy5wbGFjZXMudjEuUGxhY2VzLlNlYXJjaE5lYXJieRACGAQgAA">official / current listing</a>]]></description>
      <styleUrl>#groceryBackup</styleUrl>
      <Point><coordinates>-118.3469506,33.9602113,0</coordinates></Point>
    </Placemark>
    <Placemark><name>Chapala Market</name>
      <description><![CDATA[Priority 2: Grocery-store backup.<br/>Address: 425 W Arbor Vitae St, Inglewood, CA 90301, USA<br/>Approximate runner mile: 10.4.<br/>Nearest runner geometry: approximately 0.61 mi straight-line (not a walking detour).<br/>Verification: Google Places business backup (closed temporarily); confirm customer restroom access and hours on race day.<br/>Source: <a href="https://maps.google.com/?cid=14786053681925228097&g_mp=Cilnb29nbGUubWFwcy5wbGFjZXMudjEuUGxhY2VzLlNlYXJjaE5lYXJieRACGAQgAA">official / current listing</a>]]></description>
      <styleUrl>#groceryBackup</styleUrl>
      <Point><coordinates>-118.3628129,33.9529614,0</coordinates></Point>
    </Placemark>
    <Placemark><name>Chapinlandia Market</name>
      <description><![CDATA[Priority 2: Grocery-store backup.<br/>Address: 4328 Tweedy Blvd, South Gate, CA 90280, USA<br/>Approximate runner mile: 20.5.<br/>Nearest runner geometry: approximately 0.70 mi straight-line (not a walking detour).<br/>Verification: Google Places business backup (operational); confirm customer restroom access and hours on race day.<br/>Source: <a href="https://maps.google.com/?cid=17190321617120415976&g_mp=Cilnb29nbGUubWFwcy5wbGFjZXMudjEuUGxhY2VzLlNlYXJjaE5lYXJieRACGAQgAA">official / current listing</a>]]></description>
      <styleUrl>#groceryBackup</styleUrl>
      <Point><coordinates>-118.1960086,33.9429357,0</coordinates></Point>
    </Placemark>
    <Placemark><name>Cherry Mart</name>
      <description><![CDATA[Priority 2: Grocery-store backup.<br/>Address: 120 S Eucalyptus Ave, Inglewood, CA 90301, USA<br/>Approximate runner mile: 10.6.<br/>Nearest runner geometry: approximately 0.01 mi straight-line (not a walking detour).<br/>Verification: Google Places business backup (operational); confirm customer restroom access and hours on race day.<br/>Source: <a href="https://maps.google.com/?cid=76913161498915828&g_mp=Cilnb29nbGUubWFwcy5wbGFjZXMudjEuUGxhY2VzLlNlYXJjaE5lYXJieRACGAQgAA">official / current listing</a>]]></description>
      <styleUrl>#groceryBackup</styleUrl>
      <Point><coordinates>-118.35930669999998,33.9619786,0</coordinates></Point>
    </Placemark>
    <Placemark><name>Cherry’s Market</name>
      <description><![CDATA[Priority 2: Grocery-store backup.<br/>Address: 1429 Cherry Ave, Long Beach, CA 90813, USA<br/>Approximate runner mile: 35.6.<br/>Nearest runner geometry: approximately 0.33 mi straight-line (not a walking detour).<br/>Verification: Google Places business backup (operational); confirm customer restroom access and hours on race day.<br/>Source: <a href="https://maps.google.com/?cid=17230625793775042453&g_mp=Cilnb29nbGUubWFwcy5wbGFjZXMudjEuUGxhY2VzLlNlYXJjaE5lYXJieRACGAQgAA">official / current listing</a>]]></description>
      <styleUrl>#groceryBackup</styleUrl>
      <Point><coordinates>-118.16791140000001,33.7850822,0</coordinates></Point>
    </Placemark>
    <Placemark><name>Chilito's Market</name>
      <description><![CDATA[Priority 2: Grocery-store backup.<br/>Address: 309 E Market St, Long Beach, CA 90805, USA<br/>Approximate runner mile: 28.7.<br/>Nearest runner geometry: approximately 0.58 mi straight-line (not a walking detour).<br/>Verification: Google Places business backup (operational); confirm customer restroom access and hours on race day.<br/>Source: <a href="https://maps.google.com/?cid=4081219152597378578&g_mp=Cilnb29nbGUubWFwcy5wbGFjZXMudjEuUGxhY2VzLlNlYXJjaE5lYXJieRACGAQgAA">official / current listing</a>]]></description>
      <styleUrl>#groceryBackup</styleUrl>
      <Point><coordinates>-118.1896678,33.8544178,0</coordinates></Point>
    </Placemark>
    <Placemark><name>Chivas Farm Market</name>
      <description><![CDATA[Priority 2: Grocery-store backup.<br/>Address: 7902 S Broadway, Los Angeles, CA 90003, USA<br/>Approximate runner mile: 15.4.<br/>Nearest runner geometry: approximately 0.54 mi straight-line (not a walking detour).<br/>Verification: Google Places business backup (operational); confirm customer restroom access and hours on race day.<br/>Source: <a href="https://maps.google.com/?cid=4768466692882318988&g_mp=Cilnb29nbGUubWFwcy5wbGFjZXMudjEuUGxhY2VzLlNlYXJjaE5lYXJieRACGAQgAA">official / current listing</a>]]></description>
      <styleUrl>#groceryBackup</styleUrl>
      <Point><coordinates>-118.2781053,33.967751,0</coordinates></Point>
    </Placemark>
    <Placemark><name>Circle Center West</name>
      <description><![CDATA[Priority 2: Grocery-store backup.<br/>Address: 1801 Ximeno Ave, Long Beach, CA 90815, USA<br/>Approximate runner mile: 37.2.<br/>Nearest runner geometry: approximately 0.17 mi straight-line (not a walking detour).<br/>Verification: Google Places business backup (operational); confirm customer restroom access and hours on race day.<br/>Source: <a href="https://maps.google.com/?cid=6055870836510327914&g_mp=Cilnb29nbGUubWFwcy5wbGFjZXMudjEuUGxhY2VzLlNlYXJjaE5lYXJieRACGAQgAA">official / current listing</a>]]></description>
      <styleUrl>#groceryBackup</styleUrl>
      <Point><coordinates>-118.1386445,33.790185099999995,0</coordinates></Point>
    </Placemark>
    <Placemark><name>Circle Marina Shops &amp; Marketplace</name>
      <description><![CDATA[Priority 2: Grocery-store backup.<br/>Address: 4542-4800 Pacific Coast Hwy, Long Beach, CA 90804, USA<br/>Approximate runner mile: 37.4.<br/>Nearest runner geometry: approximately 0.03 mi straight-line (not a walking detour).<br/>Verification: Google Places business backup (operational); confirm customer restroom access and hours on race day.<br/>Source: <a href="https://maps.google.com/?cid=18414293784690420877&g_mp=Cilnb29nbGUubWFwcy5wbGFjZXMudjEuUGxhY2VzLlNlYXJjaE5lYXJieRACGAQgAA">official / current listing</a>]]></description>
      <styleUrl>#groceryBackup</styleUrl>
      <Point><coordinates>-118.13920890000001,33.7868129,0</coordinates></Point>
    </Placemark>
    <Placemark><name>Coastal Roots Farm</name>
      <description><![CDATA[Priority 2: Grocery-store backup.<br/>Address: 441 Saxony Rd, Encinitas, CA 92024, USA<br/>Approximate runner mile: 93.7.<br/>Nearest runner geometry: approximately 0.65 mi straight-line (not a walking detour).<br/>Verification: Google Places business backup (operational); confirm customer restroom access and hours on race day.<br/>Source: <a href="https://maps.google.com/?cid=15170166906825209556&g_mp=Cilnb29nbGUubWFwcy5wbGFjZXMudjEuUGxhY2VzLlNlYXJjaE5lYXJieRACGAQgAA">official / current listing</a>]]></description>
      <styleUrl>#groceryBackup</styleUrl>
      <Point><coordinates>-117.2852843,33.0565217,0</coordinates></Point>
    </Placemark>
    <Placemark><name>Comida encinitas</name>
      <description><![CDATA[Priority 2: Grocery-store backup.<br/>Address: 636 2nd St, Encinitas, CA 92024, USA<br/>Approximate runner mile: 94.2.<br/>Nearest runner geometry: approximately 0.07 mi straight-line (not a walking detour).<br/>Verification: Google Places business backup (operational); confirm customer restroom access and hours on race day.<br/>Source: <a href="https://maps.google.com/?cid=3716791756901455088&g_mp=Cilnb29nbGUubWFwcy5wbGFjZXMudjEuUGxhY2VzLlNlYXJjaE5lYXJieRACGAQgAA">official / current listing</a>]]></description>
      <styleUrl>#groceryBackup</styleUrl>
      <Point><coordinates>-117.29473809999999,33.0440559,0</coordinates></Point>
    </Placemark>
    <Placemark><name>Compton Flowers Cannabis Dispensary</name>
      <description><![CDATA[Priority 2: Grocery-store backup.<br/>Address: 2717 Alondra Blvd Unit A, Compton, CA 90221, USA<br/>Approximate runner mile: 26.5.<br/>Nearest runner geometry: approximately 0.40 mi straight-line (not a walking detour).<br/>Verification: Google Places business backup (operational); confirm customer restroom access and hours on race day.<br/>Source: <a href="https://maps.google.com/?cid=6779696693922227689&g_mp=Cilnb29nbGUubWFwcy5wbGFjZXMudjEuUGxhY2VzLlNlYXJjaE5lYXJieRACGAQgAA">official / current listing</a>]]></description>
      <styleUrl>#groceryBackup</styleUrl>
      <Point><coordinates>-118.1938826,33.8891032,0</coordinates></Point>
    </Placemark>
    <Placemark><name>Core Fruit Ingredients</name>
      <description><![CDATA[Priority 2: Grocery-store backup.<br/>Address: 130 Newport Center Dr #105, Newport Beach, CA 92660, USA<br/>Approximate runner mile: 57.6.<br/>Nearest runner geometry: approximately 0.30 mi straight-line (not a walking detour).<br/>Verification: Google Places business backup (operational); confirm customer restroom access and hours on race day.<br/>Source: <a href="https://maps.google.com/?cid=5760889993570233027&g_mp=Cilnb29nbGUubWFwcy5wbGFjZXMudjEuUGxhY2VzLlNlYXJjaE5lYXJieRACGAQgAA">official / current listing</a>]]></description>
      <styleUrl>#groceryBackup</styleUrl>
      <Point><coordinates>-117.87656120000001,33.6116163,0</coordinates></Point>
    </Placemark>
    <Placemark><name>Corky's Market</name>
      <description><![CDATA[Priority 2: Grocery-store backup.<br/>Address: 2401 E 15th St, Long Beach, CA 90804, USA<br/>Approximate runner mile: 35.9.<br/>Nearest runner geometry: approximately 0.24 mi straight-line (not a walking detour).<br/>Verification: Google Places business backup (operational); confirm customer restroom access and hours on race day.<br/>Source: <a href="https://maps.google.com/?cid=635108483809509599&g_mp=Cilnb29nbGUubWFwcy5wbGFjZXMudjEuUGxhY2VzLlNlYXJjaE5lYXJieRACGAQgAA">official / current listing</a>]]></description>
      <styleUrl>#groceryBackup</styleUrl>
      <Point><coordinates>-118.16320329999999,33.786335099999995,0</coordinates></Point>
    </Placemark>
    <Placemark><name>Country Marketplace</name>
      <description><![CDATA[Priority 2: Grocery-store backup.<br/>Address: 102 N Coast Hwy, Oceanside, CA 92054, USA<br/>Approximate runner mile: 82.4.<br/>Nearest runner geometry: approximately 0.02 mi straight-line (not a walking detour).<br/>Verification: Google Places business backup (operational); confirm customer restroom access and hours on race day.<br/>Source: <a href="https://maps.google.com/?cid=17137159040436093332&g_mp=Cilnb29nbGUubWFwcy5wbGFjZXMudjEuUGxhY2VzLlNlYXJjaE5lYXJieRACGAQgAA">official / current listing</a>]]></description>
      <styleUrl>#groceryBackup</styleUrl>
      <Point><coordinates>-117.37875139999998,33.195426000000005,0</coordinates></Point>
    </Placemark>
    <Placemark><name>Cream of the Crop</name>
      <description><![CDATA[Priority 2: Grocery-store backup.<br/>Address: 2009 S Coast Hwy, Oceanside, CA 92054, USA<br/>Approximate runner mile: 84.4.<br/>Nearest runner geometry: approximately 0.01 mi straight-line (not a walking detour).<br/>Verification: Google Places business backup (operational); confirm customer restroom access and hours on race day.<br/>Source: <a href="https://maps.google.com/?cid=9714664842207828740&g_mp=Cilnb29nbGUubWFwcy5wbGFjZXMudjEuUGxhY2VzLlNlYXJjaE5lYXJieRACGAQgAA">official / current listing</a>]]></description>
      <styleUrl>#groceryBackup</styleUrl>
      <Point><coordinates>-117.3594306,33.1715222,0</coordinates></Point>
    </Placemark>
    <Placemark><name>Crest Liquor</name>
      <description><![CDATA[Priority 2: Grocery-store backup.<br/>Address: 3787 Ingraham St, San Diego, CA 92109, USA<br/>Approximate runner mile: 115.1.<br/>Nearest runner geometry: approximately 0.80 mi straight-line (not a walking detour).<br/>Verification: Google Places business backup (operational); confirm customer restroom access and hours on race day.<br/>Source: <a href="https://maps.google.com/?cid=6445063984751016074&g_mp=Cilnb29nbGUubWFwcy5wbGFjZXMudjEuUGxhY2VzLlNlYXJjaE5lYXJieRACGAQgAA">official / current listing</a>]]></description>
      <styleUrl>#groceryBackup</styleUrl>
      <Point><coordinates>-117.23709509999999,32.7885979,0</coordinates></Point>
    </Placemark>
    <Placemark><name>Crest Market</name>
      <description><![CDATA[Priority 2: Grocery-store backup.<br/>Address: 318 E Hillcrest Blvd, Inglewood, CA 90301, USA<br/>Approximate runner mile: 11.1.<br/>Nearest runner geometry: approximately 0.15 mi straight-line (not a walking detour).<br/>Verification: Google Places business backup (operational); confirm customer restroom access and hours on race day.<br/>Source: <a href="https://maps.google.com/?cid=12167967176621165345&g_mp=Cilnb29nbGUubWFwcy5wbGFjZXMudjEuUGxhY2VzLlNlYXJjaE5lYXJieRACGAQgAA">official / current listing</a>]]></description>
      <styleUrl>#groceryBackup</styleUrl>
      <Point><coordinates>-118.35092150000001,33.9597316,0</coordinates></Point>
    </Placemark>
    <Placemark><name>Cugini Italia Market</name>
      <description><![CDATA[Priority 2: Grocery-store backup.<br/>Address: 2515 East Coast Hwy #6, Corona Del Mar, CA 92625, USA<br/>Approximate runner mile: 58.2.<br/>Nearest runner geometry: approximately 0.01 mi straight-line (not a walking detour).<br/>Verification: Google Places business backup (operational); confirm customer restroom access and hours on race day.<br/>Source: <a href="https://maps.google.com/?cid=14558920057893296622&g_mp=Cilnb29nbGUubWFwcy5wbGFjZXMudjEuUGxhY2VzLlNlYXJjaE5lYXJieRACGAQgAA">official / current listing</a>]]></description>
      <styleUrl>#groceryBackup</styleUrl>
      <Point><coordinates>-117.87364199999999,33.6032125,0</coordinates></Point>
    </Placemark>
    <Placemark><name>D &amp; S Market</name>
      <description><![CDATA[Priority 2: Grocery-store backup.<br/>Address: 9069 Normandie Ave, Los Angeles, CA 90044, USA<br/>Approximate runner mile: 14.1.<br/>Nearest runner geometry: approximately 0.38 mi straight-line (not a walking detour).<br/>Verification: Google Places business backup (operational); confirm customer restroom access and hours on race day.<br/>Source: <a href="https://maps.google.com/?cid=8523971906347505045&g_mp=Cilnb29nbGUubWFwcy5wbGFjZXMudjEuUGxhY2VzLlNlYXJjaE5lYXJieRACGAQgAA">official / current listing</a>]]></description>
      <styleUrl>#groceryBackup</styleUrl>
      <Point><coordinates>-118.3005812,33.9544561,0</coordinates></Point>
    </Placemark>
    <Placemark><name>DANA'S NUTRITION</name>
      <description><![CDATA[Priority 2: Grocery-store backup.<br/>Address: 8320 Compton Ave, Los Angeles, CA 90001, USA<br/>Approximate runner mile: 17.2.<br/>Nearest runner geometry: approximately 0.16 mi straight-line (not a walking detour).<br/>Verification: Google Places business backup (closed temporarily); confirm customer restroom access and hours on race day.<br/>Source: <a href="https://maps.google.com/?cid=1843346784701290303&g_mp=Cilnb29nbGUubWFwcy5wbGFjZXMudjEuUGxhY2VzLlNlYXJjaE5lYXJieRACGAQgAA">official / current listing</a>]]></description>
      <styleUrl>#groceryBackup</styleUrl>
      <Point><coordinates>-118.24718379999999,33.9626897,0</coordinates></Point>
    </Placemark>
    <Placemark><name>De Leon Meat Market</name>
      <description><![CDATA[Priority 2: Grocery-store backup.<br/>Address: 9201-9699 Holmes Ave, Los Angeles, CA 90002, USA<br/>Approximate runner mile: 17.6.<br/>Nearest runner geometry: approximately 0.50 mi straight-line (not a walking detour).<br/>Verification: Google Places business backup (operational); confirm customer restroom access and hours on race day.<br/>Source: <a href="https://maps.google.com/?cid=16197009136009107603&g_mp=Cilnb29nbGUubWFwcy5wbGFjZXMudjEuUGxhY2VzLlNlYXJjaE5lYXJieRACGAQgAA">official / current listing</a>]]></description>
      <styleUrl>#groceryBackup</styleUrl>
      <Point><coordinates>-118.2409441,33.9531121,0</coordinates></Point>
    </Placemark>
    <Placemark><name>Diana's Market</name>
      <description><![CDATA[Priority 2: Grocery-store backup.<br/>Address: 2102 N Long Beach Blvd, Compton, CA 90221, USA<br/>Approximate runner mile: 24.5.<br/>Nearest runner geometry: approximately 0.93 mi straight-line (not a walking detour).<br/>Verification: Google Places business backup (closed temporarily); confirm customer restroom access and hours on race day.<br/>Source: <a href="https://maps.google.com/?cid=9159761335057022099&g_mp=Cilnb29nbGUubWFwcy5wbGFjZXMudjEuUGxhY2VzLlNlYXJjaE5lYXJieRACGAQgAA">official / current listing</a>]]></description>
      <styleUrl>#groceryBackup</styleUrl>
      <Point><coordinates>-118.2088244,33.9113636,0</coordinates></Point>
    </Placemark>
    <Placemark><name>Diaz Market</name>
      <description><![CDATA[Priority 2: Grocery-store backup.<br/>Address: 8322 S Avalon Blvd, Los Angeles, CA 90003, USA<br/>Approximate runner mile: 16.1.<br/>Nearest runner geometry: approximately 0.21 mi straight-line (not a walking detour).<br/>Verification: Google Places business backup (closed temporarily); confirm customer restroom access and hours on race day.<br/>Source: <a href="https://maps.google.com/?cid=1103649596637428302&g_mp=Cilnb29nbGUubWFwcy5wbGFjZXMudjEuUGxhY2VzLlNlYXJjaE5lYXJieRACGAQgAA">official / current listing</a>]]></description>
      <styleUrl>#groceryBackup</styleUrl>
      <Point><coordinates>-118.2648804,33.9630219,0</coordinates></Point>
    </Placemark>
    <Placemark><name>Dollar General</name>
      <description><![CDATA[Priority 2: Grocery-store backup.<br/>Address: 1000 S La Brea Ave, Inglewood, CA 90301, USA<br/>Approximate runner mile: 11.4.<br/>Nearest runner geometry: approximately 0.75 mi straight-line (not a walking detour).<br/>Verification: Google Places business backup (operational); confirm customer restroom access and hours on race day.<br/>Source: <a href="https://maps.google.com/?cid=1756732044723374211&g_mp=Cilnb29nbGUubWFwcy5wbGFjZXMudjEuUGxhY2VzLlNlYXJjaE5lYXJieRACGAQgAA">official / current listing</a>]]></description>
      <styleUrl>#groceryBackup</styleUrl>
      <Point><coordinates>-118.35218040000001,33.9504417,0</coordinates></Point>
    </Placemark>
    <Placemark><name>Don Felix Meat Market</name>
      <description><![CDATA[Priority 2: Grocery-store backup.<br/>Address: 3987 Sawtelle Blvd, Los Angeles, CA 90066, USA<br/>Approximate runner mile: 5.3.<br/>Nearest runner geometry: approximately 0.74 mi straight-line (not a walking detour).<br/>Verification: Google Places business backup (operational); confirm customer restroom access and hours on race day.<br/>Source: <a href="https://maps.google.com/?cid=596458863765624061&g_mp=Cilnb29nbGUubWFwcy5wbGFjZXMudjEuUGxhY2VzLlNlYXJjaE5lYXJieRACGAQgAA">official / current listing</a>]]></description>
      <styleUrl>#groceryBackup</styleUrl>
      <Point><coordinates>-118.41675260000001,34.0074514,0</coordinates></Point>
    </Placemark>
    <Placemark><name>Don Pollo 2</name>
      <description><![CDATA[Priority 2: Grocery-store backup.<br/>Address: 3102 Ardmore Ave, South Gate, CA 90280, USA<br/>Approximate runner mile: 19.2.<br/>Nearest runner geometry: approximately 0.21 mi straight-line (not a walking detour).<br/>Verification: Google Places business backup (operational); confirm customer restroom access and hours on race day.<br/>Source: <a href="https://maps.google.com/?cid=11810144372555621843&g_mp=Cilnb29nbGUubWFwcy5wbGFjZXMudjEuUGxhY2VzLlNlYXJjaE5lYXJieRACGAQgAA">official / current listing</a>]]></description>
      <styleUrl>#groceryBackup</styleUrl>
      <Point><coordinates>-118.2149254,33.9580601,0</coordinates></Point>
    </Placemark>
    <Placemark><name>Dong Mai Market</name>
      <description><![CDATA[Priority 2: Grocery-store backup.<br/>Address: 1241 E Anaheim St, Long Beach, CA 90813, USA<br/>Approximate runner mile: 35.2.<br/>Nearest runner geometry: approximately 0.46 mi straight-line (not a walking detour).<br/>Verification: Google Places business backup (operational); confirm customer restroom access and hours on race day.<br/>Source: <a href="https://maps.google.com/?cid=10204100580109237215&g_mp=Cilnb29nbGUubWFwcy5wbGFjZXMudjEuUGxhY2VzLlNlYXJjaE5lYXJieRACGAQgAA">official / current listing</a>]]></description>
      <styleUrl>#groceryBackup</styleUrl>
      <Point><coordinates>-118.17557509999999,33.7831483,0</coordinates></Point>
    </Placemark>
    <Placemark><name>Dp Mini Market &amp; Tobacco</name>
      <description><![CDATA[Priority 2: Grocery-store backup.<br/>Address: Long Beach, CA 90806, USA<br/>Approximate runner mile: 34.8.<br/>Nearest runner geometry: approximately 0.02 mi straight-line (not a walking detour).<br/>Verification: Google Places business backup (operational); confirm customer restroom access and hours on race day.<br/>Source: <a href="https://maps.google.com/?cid=16823861298694050581&g_mp=Cilnb29nbGUubWFwcy5wbGFjZXMudjEuUGxhY2VzLlNlYXJjaE5lYXJieRACGAQgAA">official / current listing</a>]]></description>
      <styleUrl>#groceryBackup</styleUrl>
      <Point><coordinates>-118.1829883,33.7899889,0</coordinates></Point>
    </Placemark>
    <Placemark><name>E. 15th Market</name>
      <description><![CDATA[Priority 2: Grocery-store backup.<br/>Address: 1732 E 15th St, Long Beach, CA 90813, USA<br/>Approximate runner mile: 35.5.<br/>Nearest runner geometry: approximately 0.26 mi straight-line (not a walking detour).<br/>Verification: Google Places business backup (operational); confirm customer restroom access and hours on race day.<br/>Source: <a href="https://maps.google.com/?cid=3870468788932291694&g_mp=Cilnb29nbGUubWFwcy5wbGFjZXMudjEuUGxhY2VzLlNlYXJjaE5lYXJieRACGAQgAA">official / current listing</a>]]></description>
      <styleUrl>#groceryBackup</styleUrl>
      <Point><coordinates>-118.1702538,33.7860696,0</coordinates></Point>
    </Placemark>
    <Placemark><name>ESPERANZA MARKET</name>
      <description><![CDATA[Priority 2: Grocery-store backup.<br/>Address: 2953 Independence Ave, South Gate, CA 90280, USA<br/>Approximate runner mile: 19.0.<br/>Nearest runner geometry: approximately 0.26 mi straight-line (not a walking detour).<br/>Verification: Google Places business backup (operational); confirm customer restroom access and hours on race day.<br/>Source: <a href="https://maps.google.com/?cid=301877100539414362&g_mp=Cilnb29nbGUubWFwcy5wbGFjZXMudjEuUGxhY2VzLlNlYXJjaE5lYXJieRACGAQgAA">official / current listing</a>]]></description>
      <styleUrl>#groceryBackup</styleUrl>
      <Point><coordinates>-118.2184683,33.959076599999996,0</coordinates></Point>
    </Placemark>
    <Placemark><name>Earl’s Place and Market</name>
      <description><![CDATA[Priority 2: Grocery-store backup.<br/>Address: 9821 Equality Ln, La Jolla, CA 92093, USA<br/>Approximate runner mile: 106.2.<br/>Nearest runner geometry: approximately 0.63 mi straight-line (not a walking detour).<br/>Verification: Google Places business backup (operational); confirm customer restroom access and hours on race day.<br/>Source: <a href="https://maps.google.com/?cid=1143494814808086484&g_mp=Cilnb29nbGUubWFwcy5wbGFjZXMudjEuUGxhY2VzLlNlYXJjaE5lYXJieRACGAQgAA">official / current listing</a>]]></description>
      <styleUrl>#groceryBackup</styleUrl>
      <Point><coordinates>-117.2332494,32.883994699999995,0</coordinates></Point>
    </Placemark>
    <Placemark><name>Eaters Almanac Grains</name>
      <description><![CDATA[Priority 2: Grocery-store backup.<br/>Address: 805 Coronado Ave, Long Beach, CA 90802, USA<br/>Approximate runner mile: 36.4.<br/>Nearest runner geometry: approximately 0.85 mi straight-line (not a walking detour).<br/>Verification: Google Places business backup (operational); confirm customer restroom access and hours on race day.<br/>Source: <a href="https://maps.google.com/?cid=10564527290244425831&g_mp=Cilnb29nbGUubWFwcy5wbGFjZXMudjEuUGxhY2VzLlNlYXJjaE5lYXJieRACGAQgAA">official / current listing</a>]]></description>
      <styleUrl>#groceryBackup</styleUrl>
      <Point><coordinates>-118.1537762,33.7774437,0</coordinates></Point>
    </Placemark>
    <Placemark><name>Ebisu Life Store</name>
      <description><![CDATA[Priority 2: Grocery-store backup.<br/>Address: 8657 Villa La Jolla Dr #221, La Jolla, CA 92037, USA<br/>Approximate runner mile: 107.1.<br/>Nearest runner geometry: approximately 0.91 mi straight-line (not a walking detour).<br/>Verification: Google Places business backup (closed temporarily); confirm customer restroom access and hours on race day.<br/>Source: <a href="https://maps.google.com/?cid=11367785549362218613&g_mp=Cilnb29nbGUubWFwcy5wbGFjZXMudjEuUGxhY2VzLlNlYXJjaE5lYXJieRACGAQgAA">official / current listing</a>]]></description>
      <styleUrl>#groceryBackup</styleUrl>
      <Point><coordinates>-117.23212769999998,32.8654868,0</coordinates></Point>
    </Placemark>
    <Placemark><name>Eden Market</name>
      <description><![CDATA[Priority 2: Grocery-store backup.<br/>Address: 14720 Orange Ave, Paramount, CA 90723, USA<br/>Approximate runner mile: 25.4.<br/>Nearest runner geometry: approximately 0.39 mi straight-line (not a walking detour).<br/>Verification: Google Places business backup (operational); confirm customer restroom access and hours on race day.<br/>Source: <a href="https://maps.google.com/?cid=1076330756898079232&g_mp=Cilnb29nbGUubWFwcy5wbGFjZXMudjEuUGxhY2VzLlNlYXJjaE5lYXJieRACGAQgAA">official / current listing</a>]]></description>
      <styleUrl>#groceryBackup</styleUrl>
      <Point><coordinates>-118.1773774,33.8989501,0</coordinates></Point>
    </Placemark>
    <Placemark><name>Edible Arrangements</name>
      <description><![CDATA[Priority 2: Grocery-store backup.<br/>Address: 5216 E Los Altos Plaza, Long Beach, CA 90815, USA<br/>Approximate runner mile: 37.9.<br/>Nearest runner geometry: approximately 0.05 mi straight-line (not a walking detour).<br/>Verification: Google Places business backup (operational); confirm customer restroom access and hours on race day.<br/>Source: <a href="https://maps.google.com/?cid=10464675849673051468&g_mp=Cilnb29nbGUubWFwcy5wbGFjZXMudjEuUGxhY2VzLlNlYXJjaE5lYXJieRACGAQgAA">official / current listing</a>]]></description>
      <styleUrl>#groceryBackup</styleUrl>
      <Point><coordinates>-118.13153849999999,33.782747199999996,0</coordinates></Point>
    </Placemark>
    <Placemark><name>Eg&amp;koko smoke &amp; market</name>
      <description><![CDATA[Priority 2: Grocery-store backup.<br/>Address: 201 E Artesia Blvd, Long Beach, CA 90805, USA<br/>Approximate runner mile: 27.8.<br/>Nearest runner geometry: approximately 0.59 mi straight-line (not a walking detour).<br/>Verification: Google Places business backup (operational); confirm customer restroom access and hours on race day.<br/>Source: <a href="https://maps.google.com/?cid=1201389559058016149&g_mp=Cilnb29nbGUubWFwcy5wbGFjZXMudjEuUGxhY2VzLlNlYXJjaE5lYXJieRACGAQgAA">official / current listing</a>]]></description>
      <styleUrl>#groceryBackup</styleUrl>
      <Point><coordinates>-118.20033889999999,33.8744662,0</coordinates></Point>
    </Placemark>
    <Placemark><name>El Esquite</name>
      <description><![CDATA[Priority 2: Grocery-store backup.<br/>Address: 2533 Santa Fe Ave, Long Beach, CA 90810, USA<br/>Approximate runner mile: 32.5.<br/>Nearest runner geometry: approximately 0.64 mi straight-line (not a walking detour).<br/>Verification: Google Places business backup (operational); confirm customer restroom access and hours on race day.<br/>Source: <a href="https://maps.google.com/?cid=1362846442374912777&g_mp=Cilnb29nbGUubWFwcy5wbGFjZXMudjEuUGxhY2VzLlNlYXJjaE5lYXJieRACGAQgAA">official / current listing</a>]]></description>
      <styleUrl>#groceryBackup</styleUrl>
      <Point><coordinates>-118.21563450000001,33.8032926,0</coordinates></Point>
    </Placemark>
    <Placemark><name>El Manantial Mini Market</name>
      <description><![CDATA[Priority 2: Grocery-store backup.<br/>Address: 8121 Santa Fe Ave A, Huntington Park, CA 90255, USA<br/>Approximate runner mile: 18.0.<br/>Nearest runner geometry: approximately 0.40 mi straight-line (not a walking detour).<br/>Verification: Google Places business backup (operational); confirm customer restroom access and hours on race day.<br/>Source: <a href="https://maps.google.com/?cid=13701061010011763387&g_mp=Cilnb29nbGUubWFwcy5wbGFjZXMudjEuUGxhY2VzLlNlYXJjaE5lYXJieRACGAQgAA">official / current listing</a>]]></description>
      <styleUrl>#groceryBackup</styleUrl>
      <Point><coordinates>-118.23042090000001,33.9651711,0</coordinates></Point>
    </Placemark>
    <Placemark><name>El Mexicano Market</name>
      <description><![CDATA[Priority 2: Grocery-store backup.<br/>Address: 1900 E Alondra Blvd, Compton, CA 90221, USA<br/>Approximate runner mile: 26.6.<br/>Nearest runner geometry: approximately 0.86 mi straight-line (not a walking detour).<br/>Verification: Google Places business backup (operational); confirm customer restroom access and hours on race day.<br/>Source: <a href="https://maps.google.com/?cid=8733343584527632380&g_mp=Cilnb29nbGUubWFwcy5wbGFjZXMudjEuUGxhY2VzLlNlYXJjaE5lYXJieRACGAQgAA">official / current listing</a>]]></description>
      <styleUrl>#groceryBackup</styleUrl>
      <Point><coordinates>-118.20199099999999,33.8885617,0</coordinates></Point>
    </Placemark>
    <Placemark><name>El Nopalito Market</name>
      <description><![CDATA[Priority 2: Grocery-store backup.<br/>Address: 560 Santa Fe Dr, Encinitas, CA 92024, USA<br/>Approximate runner mile: 95.0.<br/>Nearest runner geometry: approximately 0.65 mi straight-line (not a walking detour).<br/>Verification: Google Places business backup (operational); confirm customer restroom access and hours on race day.<br/>Source: <a href="https://maps.google.com/?cid=18117147271969474215&g_mp=Cilnb29nbGUubWFwcy5wbGFjZXMudjEuUGxhY2VzLlNlYXJjaE5lYXJieRACGAQgAA">official / current listing</a>]]></description>
      <styleUrl>#groceryBackup</styleUrl>
      <Point><coordinates>-117.28015379999998,33.0370219,0</coordinates></Point>
    </Placemark>
    <Placemark><name>El Nuevo Guadalajara Market</name>
      <description><![CDATA[Priority 2: Grocery-store backup.<br/>Address: 6792 Long Beach Blvd, Long Beach, CA 90805, USA<br/>Approximate runner mile: 27.4.<br/>Nearest runner geometry: approximately 0.83 mi straight-line (not a walking detour).<br/>Verification: Google Places business backup (operational); confirm customer restroom access and hours on race day.<br/>Source: <a href="https://maps.google.com/?cid=12072927356809378647&g_mp=Cilnb29nbGUubWFwcy5wbGFjZXMudjEuUGxhY2VzLlNlYXJjaE5lYXJieRACGAQgAA">official / current listing</a>]]></description>
      <styleUrl>#groceryBackup</styleUrl>
      <Point><coordinates>-118.2035506,33.877576,0</coordinates></Point>
    </Placemark>
    <Placemark><name>El Paisano Supermercado</name>
      <description><![CDATA[Priority 2: Grocery-store backup.<br/>Address: 245 W Pacific Coast Hwy, Long Beach, CA 90806, USA<br/>Approximate runner mile: 34.1.<br/>Nearest runner geometry: approximately 0.03 mi straight-line (not a walking detour).<br/>Verification: Google Places business backup (operational); confirm customer restroom access and hours on race day.<br/>Source: <a href="https://maps.google.com/?cid=11007877707158676014&g_mp=Cilnb29nbGUubWFwcy5wbGFjZXMudjEuUGxhY2VzLlNlYXJjaE5lYXJieRACGAQgAA">official / current listing</a>]]></description>
      <styleUrl>#groceryBackup</styleUrl>
      <Point><coordinates>-118.1946258,33.790222899999996,0</coordinates></Point>
    </Placemark>
    <Placemark><name>El Rey Supermarket</name>
      <description><![CDATA[Priority 2: Grocery-store backup.<br/>Address: 11200 Atlantic Ave, Lynwood, CA 90262, USA<br/>Approximate runner mile: 23.0.<br/>Nearest runner geometry: approximately 0.02 mi straight-line (not a walking detour).<br/>Verification: Google Places business backup (operational); confirm customer restroom access and hours on race day.<br/>Source: <a href="https://maps.google.com/?cid=4879729492522267662&g_mp=Cilnb29nbGUubWFwcy5wbGFjZXMudjEuUGxhY2VzLlNlYXJjaE5lYXJieRACGAQgAA">official / current listing</a>]]></description>
      <styleUrl>#groceryBackup</styleUrl>
      <Point><coordinates>-118.18555479999999,33.9253473,0</coordinates></Point>
    </Placemark>
    <Placemark><name>El Rubio's Jr Carniceria &amp; Taqueria</name>
      <description><![CDATA[Priority 2: Grocery-store backup.<br/>Address: 5210 Long Beach Blvd, Long Beach, CA 90805, USA<br/>Approximate runner mile: 29.2.<br/>Nearest runner geometry: approximately 0.41 mi straight-line (not a walking detour).<br/>Verification: Google Places business backup (operational); confirm customer restroom access and hours on race day.<br/>Source: <a href="https://maps.google.com/?cid=16165648978279278741&g_mp=Cilnb29nbGUubWFwcy5wbGFjZXMudjEuUGxhY2VzLlNlYXJjaE5lYXJieRACGAQgAA">official / current listing</a>]]></description>
      <styleUrl>#groceryBackup</styleUrl>
      <Point><coordinates>-118.195062,33.850747999999996,0</coordinates></Point>
    </Placemark>
    <Placemark><name>El Super</name>
      <description><![CDATA[Priority 2: Grocery-store backup.<br/>Address: 1035 S La Brea Ave, E La Palma Dr, Inglewood, CA 90301, USA<br/>Approximate runner mile: 11.4.<br/>Nearest runner geometry: approximately 0.80 mi straight-line (not a walking detour).<br/>Verification: Google Places business backup (operational); confirm customer restroom access and hours on race day.<br/>Source: <a href="https://maps.google.com/?cid=2830627600055396344&g_mp=Cilnb29nbGUubWFwcy5wbGFjZXMudjEuUGxhY2VzLlNlYXJjaE5lYXJieRACGAQgAA">official / current listing</a>]]></description>
      <styleUrl>#groceryBackup</styleUrl>
      <Point><coordinates>-118.3530522,33.9499241,0</coordinates></Point>
    </Placemark>
    <Placemark><name>El Super</name>
      <description><![CDATA[Priority 2: Grocery-store backup.<br/>Address: 3321 Century Blvd, Inglewood, CA 90303, USA<br/>Approximate runner mile: 12.4.<br/>Nearest runner geometry: approximately 0.93 mi straight-line (not a walking detour).<br/>Verification: Google Places business backup (operational); confirm customer restroom access and hours on race day.<br/>Source: <a href="https://maps.google.com/?cid=10645841753977055119&g_mp=Cilnb29nbGUubWFwcy5wbGFjZXMudjEuUGxhY2VzLlNlYXJjaE5lYXJieRACGAQgAA">official / current listing</a>]]></description>
      <styleUrl>#groceryBackup</styleUrl>
      <Point><coordinates>-118.329964,33.946709999999996,0</coordinates></Point>
    </Placemark>
    <Placemark><name>El Super</name>
      <description><![CDATA[Priority 2: Grocery-store backup.<br/>Address: 8601 Hooper Ave., Los Angeles, CA 90002, USA<br/>Approximate runner mile: 16.8.<br/>Nearest runner geometry: approximately 0.03 mi straight-line (not a walking detour).<br/>Verification: Google Places business backup (operational); confirm customer restroom access and hours on race day.<br/>Source: <a href="https://maps.google.com/?cid=12896433003713536212&g_mp=Cilnb29nbGUubWFwcy5wbGFjZXMudjEuUGxhY2VzLlNlYXJjaE5lYXJieRACGAQgAA">official / current listing</a>]]></description>
      <styleUrl>#groceryBackup</styleUrl>
      <Point><coordinates>-118.254718,33.9598884,0</coordinates></Point>
    </Placemark>
    <Placemark><name>El Super</name>
      <description><![CDATA[Priority 2: Grocery-store backup.<br/>Address: 3211 Firestone Blvd, South Gate, CA 90280, USA<br/>Approximate runner mile: 19.3.<br/>Nearest runner geometry: approximately 0.10 mi straight-line (not a walking detour).<br/>Verification: Google Places business backup (operational); confirm customer restroom access and hours on race day.<br/>Source: <a href="https://maps.google.com/?cid=12394019663326494668&g_mp=Cilnb29nbGUubWFwcy5wbGFjZXMudjEuUGxhY2VzLlNlYXJjaE5lYXJieRACGAQgAA">official / current listing</a>]]></description>
      <styleUrl>#groceryBackup</styleUrl>
      <Point><coordinates>-118.2129137,33.9561858,0</coordinates></Point>
    </Placemark>
    <Placemark><name>El Super</name>
      <description><![CDATA[Priority 2: Grocery-store backup.<br/>Address: 10721 Atlantic Ave, Lynwood, CA 90262, USA<br/>Approximate runner mile: 22.4.<br/>Nearest runner geometry: approximately 0.05 mi straight-line (not a walking detour).<br/>Verification: Google Places business backup (operational); confirm customer restroom access and hours on race day.<br/>Source: <a href="https://maps.google.com/?cid=12903350232593947987&g_mp=Cilnb29nbGUubWFwcy5wbGFjZXMudjEuUGxhY2VzLlNlYXJjaE5lYXJieRACGAQgAA">official / current listing</a>]]></description>
      <styleUrl>#groceryBackup</styleUrl>
      <Point><coordinates>-118.1834847,33.933513,0</coordinates></Point>
    </Placemark>
    <Placemark><name>El Super</name>
      <description><![CDATA[Priority 2: Grocery-store backup.<br/>Address: 1527 Mission Ave, Oceanside, CA 92057, USA<br/>Approximate runner mile: 82.5.<br/>Nearest runner geometry: approximately 0.77 mi straight-line (not a walking detour).<br/>Verification: Google Places business backup (operational); confirm customer restroom access and hours on race day.<br/>Source: <a href="https://maps.google.com/?cid=14793861263284019064&g_mp=Cilnb29nbGUubWFwcy5wbGFjZXMudjEuUGxhY2VzLlNlYXJjaE5lYXJieRACGAQgAA">official / current listing</a>]]></description>
      <styleUrl>#groceryBackup</styleUrl>
      <Point><coordinates>-117.36729509999999,33.200607999999995,0</coordinates></Point>
    </Placemark>
    <Placemark><name>El Torito Market</name>
      <description><![CDATA[Priority 2: Grocery-store backup.<br/>Address: 3163 Roosevelt St, Carlsbad, CA 92008, USA<br/>Approximate runner mile: 85.6.<br/>Nearest runner geometry: approximately 0.26 mi straight-line (not a walking detour).<br/>Verification: Google Places business backup (operational); confirm customer restroom access and hours on race day.<br/>Source: <a href="https://maps.google.com/?cid=7253259063128295841&g_mp=Cilnb29nbGUubWFwcy5wbGFjZXMudjEuUGxhY2VzLlNlYXJjaE5lYXJieRACGAQgAA">official / current listing</a>]]></description>
      <styleUrl>#groceryBackup</styleUrl>
      <Point><coordinates>-117.3464065,33.15831610000001,0</coordinates></Point>
    </Placemark>
    <Placemark><name>El Toro</name>
      <description><![CDATA[Priority 2: Grocery-store backup.<br/>Address: 1876 Nadeau St, Los Angeles, CA 90001, USA<br/>Approximate runner mile: 17.7.<br/>Nearest runner geometry: approximately 0.48 mi straight-line (not a walking detour).<br/>Verification: Google Places business backup (operational); confirm customer restroom access and hours on race day.<br/>Source: <a href="https://maps.google.com/?cid=1175158831678831727&g_mp=Cilnb29nbGUubWFwcy5wbGFjZXMudjEuUGxhY2VzLlNlYXJjaE5lYXJieRACGAQgAA">official / current listing</a>]]></description>
      <styleUrl>#groceryBackup</styleUrl>
      <Point><coordinates>-118.23923359999998,33.9672359,0</coordinates></Point>
    </Placemark>
    <Placemark><name>Erendy Sushi</name>
      <description><![CDATA[Priority 2: Grocery-store backup.<br/>Address: 931 Lomas Santa Fe Dr, Solana Beach, CA 92075, USA<br/>Approximate runner mile: 98.1.<br/>Nearest runner geometry: approximately 1.00 mi straight-line (not a walking detour).<br/>Verification: Google Places business backup (operational); confirm customer restroom access and hours on race day.<br/>Source: <a href="https://maps.google.com/?cid=6212736649424320229&g_mp=Cilnb29nbGUubWFwcy5wbGFjZXMudjEuUGxhY2VzLlNlYXJjaE5lYXJieRACGAQgAA">official / current listing</a>]]></description>
      <styleUrl>#groceryBackup</styleUrl>
      <Point><coordinates>-117.25450160000001,32.9940539,0</coordinates></Point>
    </Placemark>
    <Placemark><name>Erewhon Venice</name>
      <description><![CDATA[Priority 2: Grocery-store backup.<br/>Address: 585 Venice Blvd., Venice, CA 90291, USA<br/>Approximate runner mile: 2.7.<br/>Nearest runner geometry: approximately 0.04 mi straight-line (not a walking detour).<br/>Verification: Google Places business backup (operational); confirm customer restroom access and hours on race day.<br/>Source: <a href="https://maps.google.com/?cid=14527790559887082195&g_mp=Cilnb29nbGUubWFwcy5wbGFjZXMudjEuUGxhY2VzLlNlYXJjaE5lYXJieRACGAQgAA">official / current listing</a>]]></description>
      <styleUrl>#groceryBackup</styleUrl>
      <Point><coordinates>-118.46220939999998,33.989776899999995,0</coordinates></Point>
    </Placemark>
    <Placemark><name>Express Billiards and Hookah Lounge</name>
      <description><![CDATA[Priority 2: Grocery-store backup.<br/>Address: 8836 1/2 S Western Ave, Los Angeles, CA 90047, USA<br/>Approximate runner mile: 13.6.<br/>Nearest runner geometry: approximately 0.17 mi straight-line (not a walking detour).<br/>Verification: Google Places business backup (operational); confirm customer restroom access and hours on race day.<br/>Source: <a href="https://maps.google.com/?cid=2425039879904263183&g_mp=Cilnb29nbGUubWFwcy5wbGFjZXMudjEuUGxhY2VzLlNlYXJjaE5lYXJieRACGAQgAA">official / current listing</a>]]></description>
      <styleUrl>#groceryBackup</styleUrl>
      <Point><coordinates>-118.30874770000001,33.9574184,0</coordinates></Point>
    </Placemark>
    <Placemark><name>F45 Training Carlsbad Poinsettia</name>
      <description><![CDATA[Priority 2: Grocery-store backup.<br/>Address: 7030 Avenida Encinas #130, Carlsbad, CA 92011, USA<br/>Approximate runner mile: 90.0.<br/>Nearest runner geometry: approximately 0.32 mi straight-line (not a walking detour).<br/>Verification: Google Places business backup (operational); confirm customer restroom access and hours on race day.<br/>Source: <a href="https://maps.google.com/?cid=4118161484771069814&g_mp=Cilnb29nbGUubWFwcy5wbGFjZXMudjEuUGxhY2VzLlNlYXJjaE5lYXJieRACGAQgAA">official / current listing</a>]]></description>
      <styleUrl>#groceryBackup</styleUrl>
      <Point><coordinates>-117.312374,33.1024767,0</coordinates></Point>
    </Placemark>
    <Placemark><name>FIRESTONE LIQUOR MEAT MARKET &amp; LA MICHOACÁNA ICE CREAM PARLOR</name>
      <description><![CDATA[Priority 2: Grocery-store backup.<br/>Address: 1985 Firestone Blvd, Los Angeles, CA 90001, USA<br/>Approximate runner mile: 17.8.<br/>Nearest runner geometry: approximately 0.01 mi straight-line (not a walking detour).<br/>Verification: Google Places business backup (operational); confirm customer restroom access and hours on race day.<br/>Source: <a href="https://maps.google.com/?cid=4533214989008164944&g_mp=Cilnb29nbGUubWFwcy5wbGFjZXMudjEuUGxhY2VzLlNlYXJjaE5lYXJieRACGAQgAA">official / current listing</a>]]></description>
      <styleUrl>#groceryBackup</styleUrl>
      <Point><coordinates>-118.23646249999999,33.9604034,0</coordinates></Point>
    </Placemark>
    <Placemark><name>FRDS SOULUTIONS LLC</name>
      <description><![CDATA[Priority 2: Grocery-store backup.<br/>Address: 404 Nashville Ave Unit 6, Huntington Beach, CA 92648, USA<br/>Approximate runner mile: 49.4.<br/>Nearest runner geometry: approximately 0.94 mi straight-line (not a walking detour).<br/>Verification: Google Places business backup (operational); confirm customer restroom access and hours on race day.<br/>Source: <a href="https://maps.google.com/?cid=2766023170834687493&g_mp=Cilnb29nbGUubWFwcy5wbGFjZXMudjEuUGxhY2VzLlNlYXJjaE5lYXJieRACGAQgAA">official / current listing</a>]]></description>
      <styleUrl>#groceryBackup</styleUrl>
      <Point><coordinates>-117.9938664,33.6691352,0</coordinates></Point>
    </Placemark>
    <Placemark><name>Familia Ranch Market</name>
      <description><![CDATA[Priority 2: Grocery-store backup.<br/>Address: 2201 Pacific Ave, Long Beach, CA 90806, USA<br/>Approximate runner mile: 34.1.<br/>Nearest runner geometry: approximately 0.52 mi straight-line (not a walking detour).<br/>Verification: Google Places business backup (operational); confirm customer restroom access and hours on race day.<br/>Source: <a href="https://maps.google.com/?cid=5701746187423736024&g_mp=Cilnb29nbGUubWFwcy5wbGFjZXMudjEuUGxhY2VzLlNlYXJjaE5lYXJieRACGAQgAA">official / current listing</a>]]></description>
      <styleUrl>#groceryBackup</styleUrl>
      <Point><coordinates>-118.19395739999999,33.7973388,0</coordinates></Point>
    </Placemark>
    <Placemark><name>Family Plaza</name>
      <description><![CDATA[Priority 2: Grocery-store backup.<br/>Address: E Del Amo Blvd, Compton, CA 90221, USA<br/>Approximate runner mile: 29.6.<br/>Nearest runner geometry: approximately 0.54 mi straight-line (not a walking detour).<br/>Verification: Google Places business backup (operational); confirm customer restroom access and hours on race day.<br/>Source: <a href="https://maps.google.com/?cid=2501755911083741037&g_mp=Cilnb29nbGUubWFwcy5wbGFjZXMudjEuUGxhY2VzLlNlYXJjaE5lYXJieRACGAQgAA">official / current listing</a>]]></description>
      <styleUrl>#groceryBackup</styleUrl>
      <Point><coordinates>-118.21196280000001,33.8477763,0</coordinates></Point>
    </Placemark>
    <Placemark><name>FattyMart</name>
      <description><![CDATA[Priority 2: Grocery-store backup.<br/>Address: 12210 Venice Blvd., Los Angeles, CA 90066, USA<br/>Approximate runner mile: 4.7.<br/>Nearest runner geometry: approximately 0.54 mi straight-line (not a walking detour).<br/>Verification: Google Places business backup (operational); confirm customer restroom access and hours on race day.<br/>Source: <a href="https://maps.google.com/?cid=17184302825318464635&g_mp=Cilnb29nbGUubWFwcy5wbGFjZXMudjEuUGxhY2VzLlNlYXJjaE5lYXJieRACGAQgAA">official / current listing</a>]]></description>
      <styleUrl>#groceryBackup</styleUrl>
      <Point><coordinates>-118.43141589999999,34.004464399999996,0</coordinates></Point>
    </Placemark>
    <Placemark><name>Food 4 Less</name>
      <description><![CDATA[Priority 2: Grocery-store backup.<br/>Address: 3210 E Anaheim St, Long Beach, CA 90804, USA<br/>Approximate runner mile: 36.4.<br/>Nearest runner geometry: approximately 0.59 mi straight-line (not a walking detour).<br/>Verification: Google Places business backup (operational); confirm customer restroom access and hours on race day.<br/>Source: <a href="https://maps.google.com/?cid=5566774301576203391&g_mp=Cilnb29nbGUubWFwcy5wbGFjZXMudjEuUGxhY2VzLlNlYXJjaE5lYXJieRACGAQgAA">official / current listing</a>]]></description>
      <styleUrl>#groceryBackup</styleUrl>
      <Point><coordinates>-118.15417439999999,33.7812477,0</coordinates></Point>
    </Placemark>
    <Placemark><name>Frank's Market</name>
      <description><![CDATA[Priority 2: Grocery-store backup.<br/>Address: 7700 Otis Ave, Cudahy, CA 90201, USA<br/>Approximate runner mile: 20.4.<br/>Nearest runner geometry: approximately 0.91 mi straight-line (not a walking detour).<br/>Verification: Google Places business backup (operational); confirm customer restroom access and hours on race day.<br/>Source: <a href="https://maps.google.com/?cid=3945677370252384292&g_mp=Cilnb29nbGUubWFwcy5wbGFjZXMudjEuUGxhY2VzLlNlYXJjaE5lYXJieRACGAQgAA">official / current listing</a>]]></description>
      <styleUrl>#groceryBackup</styleUrl>
      <Point><coordinates>-118.19439820000001,33.966279799999995,0</coordinates></Point>
    </Placemark>
    <Placemark><name>Frazier Farms</name>
      <description><![CDATA[Priority 2: Grocery-store backup.<br/>Address: 1820 Oceanside Blvd, Oceanside, CA 92054, USA<br/>Approximate runner mile: 83.2.<br/>Nearest runner geometry: approximately 0.90 mi straight-line (not a walking detour).<br/>Verification: Google Places business backup (operational); confirm customer restroom access and hours on race day.<br/>Source: <a href="https://maps.google.com/?cid=6286880717539733646&g_mp=Cilnb29nbGUubWFwcy5wbGFjZXMudjEuUGxhY2VzLlNlYXJjaE5lYXJieRACGAQgAA">official / current listing</a>]]></description>
      <styleUrl>#groceryBackup</styleUrl>
      <Point><coordinates>-117.35896590000002,33.193722199999996,0</coordinates></Point>
    </Placemark>
    <Placemark><name>Freddy's Meat Market</name>
      <description><![CDATA[Priority 2: Grocery-store backup.<br/>Address: 3433 Tweedy Blvd, South Gate, CA 90280, USA<br/>Approximate runner mile: 19.7.<br/>Nearest runner geometry: approximately 0.66 mi straight-line (not a walking detour).<br/>Verification: Google Places business backup (operational); confirm customer restroom access and hours on race day.<br/>Source: <a href="https://maps.google.com/?cid=9808728007565037711&g_mp=Cilnb29nbGUubWFwcy5wbGFjZXMudjEuUGxhY2VzLlNlYXJjaE5lYXJieRACGAQgAA">official / current listing</a>]]></description>
      <styleUrl>#groceryBackup</styleUrl>
      <Point><coordinates>-118.20882750000001,33.944679,0</coordinates></Point>
    </Placemark>
    <Placemark><name>Fresh Seafood Market</name>
      <description><![CDATA[Priority 2: Grocery-store backup.<br/>Address: Los Angeles, CA 90047, USA<br/>Approximate runner mile: 13.6.<br/>Nearest runner geometry: approximately 0.66 mi straight-line (not a walking detour).<br/>Verification: Google Places business backup (operational); confirm customer restroom access and hours on race day.<br/>Source: <a href="https://maps.google.com/?cid=17817766836559818843&g_mp=Cilnb29nbGUubWFwcy5wbGFjZXMudjEuUGxhY2VzLlNlYXJjaE5lYXJieRACGAQgAA">official / current listing</a>]]></description>
      <styleUrl>#groceryBackup</styleUrl>
      <Point><coordinates>-118.30884850000001,33.9696812,0</coordinates></Point>
    </Placemark>
    <Placemark><name>Fry's Market</name>
      <description><![CDATA[Priority 2: Grocery-store backup.<br/>Address: 115 15th St, Newport Beach, CA 92663, USA<br/>Approximate runner mile: 55.3.<br/>Nearest runner geometry: approximately 0.72 mi straight-line (not a walking detour).<br/>Verification: Google Places business backup (operational); confirm customer restroom access and hours on race day.<br/>Source: <a href="https://maps.google.com/?cid=12520479923213911523&g_mp=Cilnb29nbGUubWFwcy5wbGFjZXMudjEuUGxhY2VzLlNlYXJjaE5lYXJieRACGAQgAA">official / current listing</a>]]></description>
      <styleUrl>#groceryBackup</styleUrl>
      <Point><coordinates>-117.92083,33.606842,0</coordinates></Point>
    </Placemark>
    <Placemark><name>GARCIAS MINI MARKET / SIGUE ENVIOS DE DINERO</name>
      <description><![CDATA[Priority 2: Grocery-store backup.<br/>Address: 1300 Firestone Blvd, Los Angeles, CA 90001, USA<br/>Approximate runner mile: 17.0.<br/>Nearest runner geometry: approximately 0.02 mi straight-line (not a walking detour).<br/>Verification: Google Places business backup (operational); confirm customer restroom access and hours on race day.<br/>Source: <a href="https://maps.google.com/?cid=4037922408493570526&g_mp=Cilnb29nbGUubWFwcy5wbGFjZXMudjEuUGxhY2VzLlNlYXJjaE5lYXJieRACGAQgAA">official / current listing</a>]]></description>
      <styleUrl>#groceryBackup</styleUrl>
      <Point><coordinates>-118.2512883,33.9600193,0</coordinates></Point>
    </Placemark>
    <Placemark><name>GENESIS MARKET</name>
      <description><![CDATA[Priority 2: Grocery-store backup.<br/>Address: 601 E Manchester Ave, Los Angeles, CA 90001, USA<br/>Approximate runner mile: 16.1.<br/>Nearest runner geometry: approximately 0.02 mi straight-line (not a walking detour).<br/>Verification: Google Places business backup (operational); confirm customer restroom access and hours on race day.<br/>Source: <a href="https://maps.google.com/?cid=8328060963764203054&g_mp=Cilnb29nbGUubWFwcy5wbGFjZXMudjEuUGxhY2VzLlNlYXJjaE5lYXJieRACGAQgAA">official / current listing</a>]]></description>
      <styleUrl>#groceryBackup</styleUrl>
      <Point><coordinates>-118.2649158,33.9603246,0</coordinates></Point>
    </Placemark>
    <Placemark><name>Gatewood Liquors</name>
      <description><![CDATA[Priority 2: Grocery-store backup.<br/>Address: 3881 E Imperial Hwy, Lynwood, CA 90262, USA<br/>Approximate runner mile: 22.8.<br/>Nearest runner geometry: approximately 0.66 mi straight-line (not a walking detour).<br/>Verification: Google Places business backup (operational); confirm customer restroom access and hours on race day.<br/>Source: <a href="https://maps.google.com/?cid=7117711905192899901&g_mp=Cilnb29nbGUubWFwcy5wbGFjZXMudjEuUGxhY2VzLlNlYXJjaE5lYXJieRACGAQgAA">official / current listing</a>]]></description>
      <styleUrl>#groceryBackup</styleUrl>
      <Point><coordinates>-118.1954619,33.9318847,0</coordinates></Point>
    </Placemark>
    <Placemark><name>Gelson's</name>
      <description><![CDATA[Priority 2: Grocery-store backup.<br/>Address: 1660 San Miguel Dr, Newport Beach, CA 92660, USA<br/>Approximate runner mile: 58.1.<br/>Nearest runner geometry: approximately 0.80 mi straight-line (not a walking detour).<br/>Verification: Google Places business backup (operational); confirm customer restroom access and hours on race day.<br/>Source: <a href="https://maps.google.com/?cid=8638607614375582593&g_mp=Cilnb29nbGUubWFwcy5wbGFjZXMudjEuUGxhY2VzLlNlYXJjaE5lYXJieRACGAQgAA">official / current listing</a>]]></description>
      <styleUrl>#groceryBackup</styleUrl>
      <Point><coordinates>-117.8634298,33.61163,0</coordinates></Point>
    </Placemark>
    <Placemark><name>Gelson's Dana Point</name>
      <description><![CDATA[Priority 2: Grocery-store backup.<br/>Address: 24 Monarch Bay Plaza, Dana Point, CA 92629, USA<br/>Approximate runner mile: 70.4.<br/>Nearest runner geometry: approximately 0.06 mi straight-line (not a walking detour).<br/>Verification: Google Places business backup (operational); confirm customer restroom access and hours on race day.<br/>Source: <a href="https://maps.google.com/?cid=13301472140508717514&g_mp=Cilnb29nbGUubWFwcy5wbGFjZXMudjEuUGxhY2VzLlNlYXJjaE5lYXJieRACGAQgAA">official / current listing</a>]]></description>
      <styleUrl>#groceryBackup</styleUrl>
      <Point><coordinates>-117.7233165,33.484634899999996,0</coordinates></Point>
    </Placemark>
    <Placemark><name>Gelson's Long Beach</name>
      <description><![CDATA[Priority 2: Grocery-store backup.<br/>Address: 6255 2nd St, Long Beach, CA 90803, USA<br/>Approximate runner mile: 39.9.<br/>Nearest runner geometry: approximately 0.04 mi straight-line (not a walking detour).<br/>Verification: Google Places business backup (operational); confirm customer restroom access and hours on race day.<br/>Source: <a href="https://maps.google.com/?cid=4862785673194760998&g_mp=Cilnb29nbGUubWFwcy5wbGFjZXMudjEuUGxhY2VzLlNlYXJjaE5lYXJieRACGAQgAA">official / current listing</a>]]></description>
      <styleUrl>#groceryBackup</styleUrl>
      <Point><coordinates>-118.11282249999998,33.7585003,0</coordinates></Point>
    </Placemark>
    <Placemark><name>Gelson's Marina Del Rey</name>
      <description><![CDATA[Priority 2: Grocery-store backup.<br/>Address: 13455 Maxella Ave, Marina Del Rey, CA 90292, USA<br/>Approximate runner mile: 3.7.<br/>Nearest runner geometry: approximately 0.37 mi straight-line (not a walking detour).<br/>Verification: Google Places business backup (operational); confirm customer restroom access and hours on race day.<br/>Source: <a href="https://maps.google.com/?cid=14071013963722986203&g_mp=Cilnb29nbGUubWFwcy5wbGFjZXMudjEuUGxhY2VzLlNlYXJjaE5lYXJieRACGAQgAA">official / current listing</a>]]></description>
      <styleUrl>#groceryBackup</styleUrl>
      <Point><coordinates>-118.4426644,33.9865597,0</coordinates></Point>
    </Placemark>
    <Placemark><name>Gelson's Pacific Beach</name>
      <description><![CDATA[Priority 2: Grocery-store backup.<br/>Address: 730 Turquoise St, San Diego, CA 92109, USA<br/>Approximate runner mile: 113.4.<br/>Nearest runner geometry: approximately 0.10 mi straight-line (not a walking detour).<br/>Verification: Google Places business backup (operational); confirm customer restroom access and hours on race day.<br/>Source: <a href="https://maps.google.com/?cid=10400966010648460279&g_mp=Cilnb29nbGUubWFwcy5wbGFjZXMudjEuUGxhY2VzLlNlYXJjaE5lYXJieRACGAQgAA">official / current listing</a>]]></description>
      <styleUrl>#groceryBackup</styleUrl>
      <Point><coordinates>-117.26035499999999,32.8087643,0</coordinates></Point>
    </Placemark>
    <Placemark><name>Gelson's Santa Monica</name>
      <description><![CDATA[Priority 2: Grocery-store backup.<br/>Address: 2627 Lincoln Blvd, Santa Monica, CA 90405, USA<br/>Approximate runner mile: 1.2.<br/>Nearest runner geometry: approximately 0.62 mi straight-line (not a walking detour).<br/>Verification: Google Places business backup (operational); confirm customer restroom access and hours on race day.<br/>Source: <a href="https://maps.google.com/?cid=13145601013015197671&g_mp=Cilnb29nbGUubWFwcy5wbGFjZXMudjEuUGxhY2VzLlNlYXJjaE5lYXJieRACGAQgAA">official / current listing</a>]]></description>
      <styleUrl>#groceryBackup</styleUrl>
      <Point><coordinates>-118.47466589999999,34.0070072,0</coordinates></Point>
    </Placemark>
    <Placemark><name>Genesis Water Store</name>
      <description><![CDATA[Priority 2: Grocery-store backup.<br/>Address: 4233 W Century Blvd, Inglewood, CA 90304, USA<br/>Approximate runner mile: 11.4.<br/>Nearest runner geometry: approximately 0.99 mi straight-line (not a walking detour).<br/>Verification: Google Places business backup (operational); confirm customer restroom access and hours on race day.<br/>Source: <a href="https://maps.google.com/?cid=5946544647455803363&g_mp=Cilnb29nbGUubWFwcy5wbGFjZXMudjEuUGxhY2VzLlNlYXJjaE5lYXJieRACGAQgAA">official / current listing</a>]]></description>
      <styleUrl>#groceryBackup</styleUrl>
      <Point><coordinates>-118.3497299,33.9458832,0</coordinates></Point>
    </Placemark>
    <Placemark><name>Gjusta</name>
      <description><![CDATA[Priority 2: Grocery-store backup.<br/>Address: 320 Sunset Ave, Venice, CA 90291, USA<br/>Approximate runner mile: 1.8.<br/>Nearest runner geometry: approximately 0.11 mi straight-line (not a walking detour).<br/>Verification: Google Places business backup (operational); confirm customer restroom access and hours on race day.<br/>Source: <a href="https://maps.google.com/?cid=11024446492245196919&g_mp=Cilnb29nbGUubWFwcy5wbGFjZXMudjEuUGxhY2VzLlNlYXJjaE5lYXJieRACGAQgAA">official / current listing</a>]]></description>
      <styleUrl>#groceryBackup</styleUrl>
      <Point><coordinates>-118.47448229999999,33.9952076,0</coordinates></Point>
    </Placemark>
    <Placemark><name>Gjusta Grocer</name>
      <description><![CDATA[Priority 2: Grocery-store backup.<br/>Address: 105 Windward Ave, Venice, CA 90291, USA<br/>Approximate runner mile: 2.1.<br/>Nearest runner geometry: approximately 0.28 mi straight-line (not a walking detour).<br/>Verification: Google Places business backup (operational); confirm customer restroom access and hours on race day.<br/>Source: <a href="https://maps.google.com/?cid=13065156075843999141&g_mp=Cilnb29nbGUubWFwcy5wbGFjZXMudjEuUGxhY2VzLlNlYXJjaE5lYXJieRACGAQgAA">official / current listing</a>]]></description>
      <styleUrl>#groceryBackup</styleUrl>
      <Point><coordinates>-118.4721397,33.9880551,0</coordinates></Point>
    </Placemark>
    <Placemark><name>Gogreenllc</name>
      <description><![CDATA[Priority 2: Grocery-store backup.<br/>Address: 1411 1/2, 1411 Obispo Ave, Long Beach, CA 90804, USA<br/>Approximate runner mile: 36.4.<br/>Nearest runner geometry: approximately 0.36 mi straight-line (not a walking detour).<br/>Verification: Google Places business backup (operational); confirm customer restroom access and hours on race day.<br/>Source: <a href="https://maps.google.com/?cid=18354074364637126639&g_mp=Cilnb29nbGUubWFwcy5wbGFjZXMudjEuUGxhY2VzLlNlYXJjaE5lYXJieRACGAQgAA">official / current listing</a>]]></description>
      <styleUrl>#groceryBackup</styleUrl>
      <Point><coordinates>-118.15507919999997,33.7846439,0</coordinates></Point>
    </Placemark>
    <Placemark><name>Good Riddance Market</name>
      <description><![CDATA[Priority 2: Grocery-store backup.<br/>Address: 1709 Lincoln Blvd, Venice, CA 90291, USA<br/>Approximate runner mile: 2.6.<br/>Nearest runner geometry: approximately 0.55 mi straight-line (not a walking detour).<br/>Verification: Google Places business backup (operational); confirm customer restroom access and hours on race day.<br/>Source: <a href="https://maps.google.com/?cid=3227443174165605879&g_mp=Cilnb29nbGUubWFwcy5wbGFjZXMudjEuUGxhY2VzLlNlYXJjaE5lYXJieRACGAQgAA">official / current listing</a>]]></description>
      <styleUrl>#groceryBackup</styleUrl>
      <Point><coordinates>-118.45811390000001,33.9964448,0</coordinates></Point>
    </Placemark>
    <Placemark><name>Green Field Products</name>
      <description><![CDATA[Priority 2: Grocery-store backup.<br/>Address: 585 Venice Blvd., Venice, CA 90291, USA<br/>Approximate runner mile: 2.7.<br/>Nearest runner geometry: approximately 0.04 mi straight-line (not a walking detour).<br/>Verification: Google Places business backup (operational); confirm customer restroom access and hours on race day.<br/>Source: <a href="https://maps.google.com/?cid=17271043606733016598&g_mp=Cilnb29nbGUubWFwcy5wbGFjZXMudjEuUGxhY2VzLlNlYXJjaE5lYXJieRACGAQgAA">official / current listing</a>]]></description>
      <styleUrl>#groceryBackup</styleUrl>
      <Point><coordinates>-118.4622029,33.989781199999996,0</coordinates></Point>
    </Placemark>
    <Placemark><name>Greenfield Dairy</name>
      <description><![CDATA[Priority 2: Grocery-store backup.<br/>Address: 8303 Normandie Ave, Los Angeles, CA 90044, USA<br/>Approximate runner mile: 14.1.<br/>Nearest runner geometry: approximately 0.24 mi straight-line (not a walking detour).<br/>Verification: Google Places business backup (operational); confirm customer restroom access and hours on race day.<br/>Source: <a href="https://maps.google.com/?cid=17758897768121966177&g_mp=Cilnb29nbGUubWFwcy5wbGFjZXMudjEuUGxhY2VzLlNlYXJjaE5lYXJieRACGAQgAA">official / current listing</a>]]></description>
      <styleUrl>#groceryBackup</styleUrl>
      <Point><coordinates>-118.30055559999998,33.9633679,0</coordinates></Point>
    </Placemark>
    <Placemark><name>Grill House Meat Store</name>
      <description><![CDATA[Priority 2: Grocery-store backup.<br/>Address: 5592 Sepulveda Blvd, Culver City, CA 90230, USA<br/>Approximate runner mile: 6.9.<br/>Nearest runner geometry: approximately 0.46 mi straight-line (not a walking detour).<br/>Verification: Google Places business backup (operational); confirm customer restroom access and hours on race day.<br/>Source: <a href="https://maps.google.com/?cid=12535206388814786159&g_mp=Cilnb29nbGUubWFwcy5wbGFjZXMudjEuUGxhY2VzLlNlYXJjaE5lYXJieRACGAQgAA">official / current listing</a>]]></description>
      <styleUrl>#groceryBackup</styleUrl>
      <Point><coordinates>-118.39493759999998,33.9907038,0</coordinates></Point>
    </Placemark>
    <Placemark><name>Grocery Outlet</name>
      <description><![CDATA[Priority 2: Grocery-store backup.<br/>Address: 300 E Willow St, Long Beach, CA 90806, USA<br/>Approximate runner mile: 32.6.<br/>Nearest runner geometry: approximately 0.91 mi straight-line (not a walking detour).<br/>Verification: Google Places business backup (operational); confirm customer restroom access and hours on race day.<br/>Source: <a href="https://maps.google.com/?cid=7442916616566941245&g_mp=Cilnb29nbGUubWFwcy5wbGFjZXMudjEuUGxhY2VzLlNlYXJjaE5lYXJieRACGAQgAA">official / current listing</a>]]></description>
      <styleUrl>#groceryBackup</styleUrl>
      <Point><coordinates>-118.18861,33.803867,0</coordinates></Point>
    </Placemark>
    <Placemark><name>Grocery Outlet</name>
      <description><![CDATA[Priority 2: Grocery-store backup.<br/>Address: 1527 Mission Ave, Oceanside, CA 92058, USA<br/>Approximate runner mile: 82.5.<br/>Nearest runner geometry: approximately 0.74 mi straight-line (not a walking detour).<br/>Verification: Google Places business backup (operational); confirm customer restroom access and hours on race day.<br/>Source: <a href="https://maps.google.com/?cid=17614112089946801201&g_mp=Cilnb29nbGUubWFwcy5wbGFjZXMudjEuUGxhY2VzLlNlYXJjaE5lYXJieRACGAQgAA">official / current listing</a>]]></description>
      <styleUrl>#groceryBackup</styleUrl>
      <Point><coordinates>-117.36780689999999,33.2003135,0</coordinates></Point>
    </Placemark>
    <Placemark><name>Grocery Outlet</name>
      <description><![CDATA[Priority 2: Grocery-store backup.<br/>Address: 1211 Garnet Ave, San Diego, CA 92109, USA<br/>Approximate runner mile: 114.7.<br/>Nearest runner geometry: approximately 0.02 mi straight-line (not a walking detour).<br/>Verification: Google Places business backup (operational); confirm customer restroom access and hours on race day.<br/>Source: <a href="https://maps.google.com/?cid=18097742746356084982&g_mp=Cilnb29nbGUubWFwcy5wbGFjZXMudjEuUGxhY2VzLlNlYXJjaE5lYXJieRACGAQgAA">official / current listing</a>]]></description>
      <styleUrl>#groceryBackup</styleUrl>
      <Point><coordinates>-117.24772430000002,32.7979884,0</coordinates></Point>
    </Placemark>
    <Placemark><name>Guadalalupana</name>
      <description><![CDATA[Priority 2: Grocery-store backup.<br/>Address: 4951 Clara St, Cudahy, CA 90201, USA<br/>Approximate runner mile: 21.1.<br/>Nearest runner geometry: approximately 0.95 mi straight-line (not a walking detour).<br/>Verification: Google Places business backup (closed temporarily); confirm customer restroom access and hours on race day.<br/>Source: <a href="https://maps.google.com/?cid=6787282984149802506&g_mp=Cilnb29nbGUubWFwcy5wbGFjZXMudjEuUGxhY2VzLlNlYXJjaE5lYXJieRACGAQgAA">official / current listing</a>]]></description>
      <styleUrl>#groceryBackup</styleUrl>
      <Point><coordinates>-118.1790958,33.9650935,0</coordinates></Point>
    </Placemark>
    <Placemark><name>Guidi Marcello Co Ltd</name>
      <description><![CDATA[Priority 2: Grocery-store backup.<br/>Address: 1649 10th St, Santa Monica, CA 90404, USA<br/>Approximate runner mile: 0.2.<br/>Nearest runner geometry: approximately 0.71 mi straight-line (not a walking detour).<br/>Verification: Google Places business backup (operational); confirm customer restroom access and hours on race day.<br/>Source: <a href="https://maps.google.com/?cid=6831927594062327230&g_mp=Cilnb29nbGUubWFwcy5wbGFjZXMudjEuUGxhY2VzLlNlYXJjaE5lYXJieRACGAQgAA">official / current listing</a>]]></description>
      <styleUrl>#groceryBackup</styleUrl>
      <Point><coordinates>-118.48482240000001,34.0174571,0</coordinates></Point>
    </Placemark>
    <Placemark><name>Gusie's Market</name>
      <description><![CDATA[Priority 2: Grocery-store backup.<br/>Address: 8424 San Pedro St, Los Angeles, CA 90003, USA<br/>Approximate runner mile: 15.9.<br/>Nearest runner geometry: approximately 0.15 mi straight-line (not a walking detour).<br/>Verification: Google Places business backup (operational); confirm customer restroom access and hours on race day.<br/>Source: <a href="https://maps.google.com/?cid=16095965034066524494&g_mp=Cilnb29nbGUubWFwcy5wbGFjZXMudjEuUGxhY2VzLlNlYXJjaE5lYXJieRACGAQgAA">official / current listing</a>]]></description>
      <styleUrl>#groceryBackup</styleUrl>
      <Point><coordinates>-118.2691346,33.96215370000001,0</coordinates></Point>
    </Placemark>
    <Placemark><name>HAPPY CORNER LIQUOR AND MARKET</name>
      <description><![CDATA[Priority 2: Grocery-store backup.<br/>Address: 4584 S Centinela Ave, Los Angeles, CA 90066, USA<br/>Approximate runner mile: 5.6.<br/>Nearest runner geometry: approximately 0.31 mi straight-line (not a walking detour).<br/>Verification: Google Places business backup (operational); confirm customer restroom access and hours on race day.<br/>Source: <a href="https://maps.google.com/?cid=4616723989518551458&g_mp=Cilnb29nbGUubWFwcy5wbGFjZXMudjEuUGxhY2VzLlNlYXJjaE5lYXJieRACGAQgAA">official / current listing</a>]]></description>
      <styleUrl>#groceryBackup</styleUrl>
      <Point><coordinates>-118.42132249999999,33.991631399999996,0</coordinates></Point>
    </Placemark>
    <Placemark><name>HMK Trades</name>
      <description><![CDATA[Priority 2: Grocery-store backup.<br/>Address: 2016 E Anaheim St, Long Beach, CA 90804, USA<br/>Approximate runner mile: 35.7.<br/>Nearest runner geometry: approximately 0.51 mi straight-line (not a walking detour).<br/>Verification: Google Places business backup (operational); confirm customer restroom access and hours on race day.<br/>Source: <a href="https://maps.google.com/?cid=116908662414423680&g_mp=Cilnb29nbGUubWFwcy5wbGFjZXMudjEuUGxhY2VzLlNlYXJjaE5lYXJieRACGAQgAA">official / current listing</a>]]></description>
      <styleUrl>#groceryBackup</styleUrl>
      <Point><coordinates>-118.16728119999999,33.782428599999996,0</coordinates></Point>
    </Placemark>
    <Placemark><name>Happy Market</name>
      <description><![CDATA[Priority 2: Grocery-store backup.<br/>Address: 8609 Long Beach Blvd, South Gate, CA 90280, USA<br/>Approximate runner mile: 18.7.<br/>Nearest runner geometry: approximately 0.21 mi straight-line (not a walking detour).<br/>Verification: Google Places business backup (operational); confirm customer restroom access and hours on race day.<br/>Source: <a href="https://maps.google.com/?cid=8277772863061193176&g_mp=Cilnb29nbGUubWFwcy5wbGFjZXMudjEuUGxhY2VzLlNlYXJjaE5lYXJieRACGAQgAA">official / current listing</a>]]></description>
      <styleUrl>#groceryBackup</styleUrl>
      <Point><coordinates>-118.2224106,33.9587371,0</coordinates></Point>
    </Placemark>
    <Placemark><name>Happy's Market</name>
      <description><![CDATA[Priority 2: Grocery-store backup.<br/>Address: 5425 Long Beach Blvd, Long Beach, CA 90805, USA<br/>Approximate runner mile: 28.9.<br/>Nearest runner geometry: approximately 0.20 mi straight-line (not a walking detour).<br/>Verification: Google Places business backup (operational); confirm customer restroom access and hours on race day.<br/>Source: <a href="https://maps.google.com/?cid=2547821160857296885&g_mp=Cilnb29nbGUubWFwcy5wbGFjZXMudjEuUGxhY2VzLlNlYXJjaE5lYXJieRACGAQgAA">official / current listing</a>]]></description>
      <styleUrl>#groceryBackup</styleUrl>
      <Point><coordinates>-118.19713999999999,33.854786,0</coordinates></Point>
    </Placemark>
    <Placemark><name>Harbor Green Grain</name>
      <description><![CDATA[Priority 2: Grocery-store backup.<br/>Address: 18785-19399 S Susana Rd, Compton, CA 90221, USA<br/>Approximate runner mile: 29.0.<br/>Nearest runner geometry: approximately 0.27 mi straight-line (not a walking detour).<br/>Verification: Google Places business backup (operational); confirm customer restroom access and hours on race day.<br/>Source: <a href="https://maps.google.com/?cid=1839437942401178182&g_mp=Cilnb29nbGUubWFwcy5wbGFjZXMudjEuUGxhY2VzLlNlYXJjaE5lYXJieRACGAQgAA">official / current listing</a>]]></description>
      <styleUrl>#groceryBackup</styleUrl>
      <Point><coordinates>-118.20496200000001,33.856828799999995,0</coordinates></Point>
    </Placemark>
    <Placemark><name>Healthy Pet Kitchen</name>
      <description><![CDATA[Priority 2: Grocery-store backup.<br/>Address: 33611 Del Obispo St, Dana Point, CA 92629, USA<br/>Approximate runner mile: 73.5.<br/>Nearest runner geometry: approximately 0.71 mi straight-line (not a walking detour).<br/>Verification: Google Places business backup (operational); confirm customer restroom access and hours on race day.<br/>Source: <a href="https://maps.google.com/?cid=8311915597451124273&g_mp=Cilnb29nbGUubWFwcy5wbGFjZXMudjEuUGxhY2VzLlNlYXJjaE5lYXJieRACGAQgAA">official / current listing</a>]]></description>
      <styleUrl>#groceryBackup</styleUrl>
      <Point><coordinates>-117.6862177,33.474601,0</coordinates></Point>
    </Placemark>
    <Placemark><name>Heart &amp; Harvest Inc</name>
      <description><![CDATA[Priority 2: Grocery-store backup.<br/>Address: 34052 La Plaza Ste 204, Dana Point, CA 92629, USA<br/>Approximate runner mile: 72.6.<br/>Nearest runner geometry: approximately 0.08 mi straight-line (not a walking detour).<br/>Verification: Google Places business backup (operational); confirm customer restroom access and hours on race day.<br/>Source: <a href="https://maps.google.com/?cid=7935418124623650154&g_mp=Cilnb29nbGUubWFwcy5wbGFjZXMudjEuUGxhY2VzLlNlYXJjaE5lYXJieRACGAQgAA">official / current listing</a>]]></description>
      <styleUrl>#groceryBackup</styleUrl>
      <Point><coordinates>-117.6986669,33.4682646,0</coordinates></Point>
    </Placemark>
    <Placemark><name>Hooper Market</name>
      <description><![CDATA[Priority 2: Grocery-store backup.<br/>Address: 8301 Hooper Ave., Los Angeles, CA 90001, USA<br/>Approximate runner mile: 16.8.<br/>Nearest runner geometry: approximately 0.23 mi straight-line (not a walking detour).<br/>Verification: Google Places business backup (operational); confirm customer restroom access and hours on race day.<br/>Source: <a href="https://maps.google.com/?cid=5773974699007237983&g_mp=Cilnb29nbGUubWFwcy5wbGFjZXMudjEuUGxhY2VzLlNlYXJjaE5lYXJieRACGAQgAA">official / current listing</a>]]></description>
      <styleUrl>#groceryBackup</styleUrl>
      <Point><coordinates>-118.25393489999999,33.963665899999995,0</coordinates></Point>
    </Placemark>
    <Placemark><name>Humble Olive Oils</name>
      <description><![CDATA[Priority 2: Grocery-store backup.<br/>Address: 2922 State St, Carlsbad, CA 92008, USA<br/>Approximate runner mile: 85.4.<br/>Nearest runner geometry: approximately 0.18 mi straight-line (not a walking detour).<br/>Verification: Google Places business backup (operational); confirm customer restroom access and hours on race day.<br/>Source: <a href="https://maps.google.com/?cid=15792758213086343726&g_mp=Cilnb29nbGUubWFwcy5wbGFjZXMudjEuUGxhY2VzLlNlYXJjaE5lYXJieRACGAQgAA">official / current listing</a>]]></description>
      <styleUrl>#groceryBackup</styleUrl>
      <Point><coordinates>-117.34918409999997,33.160463299999996,0</coordinates></Point>
    </Placemark>
    <Placemark><name>Inka Multiservices</name>
      <description><![CDATA[Priority 2: Grocery-store backup.<br/>Address: 1704 N Long Beach Blvd, Compton, CA 90221, USA<br/>Approximate runner mile: 24.5.<br/>Nearest runner geometry: approximately 0.83 mi straight-line (not a walking detour).<br/>Verification: Google Places business backup (operational); confirm customer restroom access and hours on race day.<br/>Source: <a href="https://maps.google.com/?cid=7616342405273478197&g_mp=Cilnb29nbGUubWFwcy5wbGFjZXMudjEuUGxhY2VzLlNlYXJjaE5lYXJieRACGAQgAA">official / current listing</a>]]></description>
      <styleUrl>#groceryBackup</styleUrl>
      <Point><coordinates>-118.20850279999999,33.907189599999995,0</coordinates></Point>
    </Placemark>
    <Placemark><name>Irvine Ranch Market</name>
      <description><![CDATA[Priority 2: Grocery-store backup.<br/>Address: 200 Marine Ave, Newport Beach, CA 92662, USA<br/>Approximate runner mile: 57.1.<br/>Nearest runner geometry: approximately 0.45 mi straight-line (not a walking detour).<br/>Verification: Google Places business backup (operational); confirm customer restroom access and hours on race day.<br/>Source: <a href="https://maps.google.com/?cid=17454688823145767791&g_mp=Cilnb29nbGUubWFwcy5wbGFjZXMudjEuUGxhY2VzLlNlYXJjaE5lYXJieRACGAQgAA">official / current listing</a>]]></description>
      <styleUrl>#groceryBackup</styleUrl>
      <Point><coordinates>-117.88969780000001,33.605784,0</coordinates></Point>
    </Placemark>
    <Placemark><name>J &amp; G Markets</name>
      <description><![CDATA[Priority 2: Grocery-store backup.<br/>Address: 6190 Orange Ave, Long Beach, CA 90805, USA<br/>Approximate runner mile: 27.7.<br/>Nearest runner geometry: approximately 0.84 mi straight-line (not a walking detour).<br/>Verification: Google Places business backup (operational); confirm customer restroom access and hours on race day.<br/>Source: <a href="https://maps.google.com/?cid=8695326309744384901&g_mp=Cilnb29nbGUubWFwcy5wbGFjZXMudjEuUGxhY2VzLlNlYXJjaE5lYXJieRACGAQgAA">official / current listing</a>]]></description>
      <styleUrl>#groceryBackup</styleUrl>
      <Point><coordinates>-118.17697930000001,33.8671291,0</coordinates></Point>
    </Placemark>
    <Placemark><name>J &amp; L 98 Cents Plus</name>
      <description><![CDATA[Priority 2: Grocery-store backup.<br/>Address: 3636 Santa Fe Ave, Long Beach, CA 90810, USA<br/>Approximate runner mile: 31.3.<br/>Nearest runner geometry: approximately 0.59 mi straight-line (not a walking detour).<br/>Verification: Google Places business backup (closed temporarily); confirm customer restroom access and hours on race day.<br/>Source: <a href="https://maps.google.com/?cid=3810754725452753856&g_mp=Cilnb29nbGUubWFwcy5wbGFjZXMudjEuUGxhY2VzLlNlYXJjaE5lYXJieRACGAQgAA">official / current listing</a>]]></description>
      <styleUrl>#groceryBackup</styleUrl>
      <Point><coordinates>-118.21504689999999,33.8224473,0</coordinates></Point>
    </Placemark>
    <Placemark><name>J &amp; R Market</name>
      <description><![CDATA[Priority 2: Grocery-store backup.<br/>Address: 8300 Santa Fe Ave, Walnut Park, CA 90255, USA<br/>Approximate runner mile: 18.1.<br/>Nearest runner geometry: approximately 0.30 mi straight-line (not a walking detour).<br/>Verification: Google Places business backup (operational); confirm customer restroom access and hours on race day.<br/>Source: <a href="https://maps.google.com/?cid=1093452555454398912&g_mp=Cilnb29nbGUubWFwcy5wbGFjZXMudjEuUGxhY2VzLlNlYXJjaE5lYXJieRACGAQgAA">official / current listing</a>]]></description>
      <styleUrl>#groceryBackup</styleUrl>
      <Point><coordinates>-118.2299148,33.9628528,0</coordinates></Point>
    </Placemark>
    <Placemark><name>JR Discount</name>
      <description><![CDATA[Priority 2: Grocery-store backup.<br/>Address: 8201 S Avalon Blvd, Los Angeles, CA 90003, USA<br/>Approximate runner mile: 16.1.<br/>Nearest runner geometry: approximately 0.31 mi straight-line (not a walking detour).<br/>Verification: Google Places business backup (operational); confirm customer restroom access and hours on race day.<br/>Source: <a href="https://maps.google.com/?cid=10805180665167259359&g_mp=Cilnb29nbGUubWFwcy5wbGFjZXMudjEuUGxhY2VzLlNlYXJjaE5lYXJieRACGAQgAA">official / current listing</a>]]></description>
      <styleUrl>#groceryBackup</styleUrl>
      <Point><coordinates>-118.26531920000001,33.964560600000006,0</coordinates></Point>
    </Placemark>
    <Placemark><name>Jack Taylor Wellness</name>
      <description><![CDATA[Priority 2: Grocery-store backup.<br/>Address: Three Arch Bay, Laguna Niguel, CA 92660, USA<br/>Approximate runner mile: 68.0.<br/>Nearest runner geometry: approximately 0.05 mi straight-line (not a walking detour).<br/>Verification: Google Places business backup (operational); confirm customer restroom access and hours on race day.<br/>Source: <a href="https://maps.google.com/?cid=12114566289026884908&g_mp=Cilnb29nbGUubWFwcy5wbGFjZXMudjEuUGxhY2VzLlNlYXJjaE5lYXJieRACGAQgAA">official / current listing</a>]]></description>
      <styleUrl>#groceryBackup</styleUrl>
      <Point><coordinates>-117.75179010000001,33.5092362,0</coordinates></Point>
    </Placemark>
    <Placemark><name>Jacksons Food Stores</name>
      <description><![CDATA[Priority 2: Grocery-store backup.<br/>Address: 665 Palomar Airport Rd, Carlsbad, CA 92011, USA<br/>Approximate runner mile: 88.5.<br/>Nearest runner geometry: approximately 0.15 mi straight-line (not a walking detour).<br/>Verification: Google Places business backup (operational); confirm customer restroom access and hours on race day.<br/>Source: <a href="https://maps.google.com/?cid=5404854816393953116&g_mp=Cilnb29nbGUubWFwcy5wbGFjZXMudjEuUGxhY2VzLlNlYXJjaE5lYXJieRACGAQgAA">official / current listing</a>]]></description>
      <styleUrl>#groceryBackup</styleUrl>
      <Point><coordinates>-117.3246144,33.1220038,0</coordinates></Point>
    </Placemark>
    <Placemark><name>Jacksons Food Stores</name>
      <description><![CDATA[Priority 2: Grocery-store backup.<br/>Address: 633 Birmingham Dr, Cardiff, CA 92007, USA<br/>Approximate runner mile: 95.9.<br/>Nearest runner geometry: approximately 0.52 mi straight-line (not a walking detour).<br/>Verification: Google Places business backup (operational); confirm customer restroom access and hours on race day.<br/>Source: <a href="https://maps.google.com/?cid=2100312682847123469&g_mp=Cilnb29nbGUubWFwcy5wbGFjZXMudjEuUGxhY2VzLlNlYXJjaE5lYXJieRACGAQgAA">official / current listing</a>]]></description>
      <styleUrl>#groceryBackup</styleUrl>
      <Point><coordinates>-117.27617780000001,33.025736,0</coordinates></Point>
    </Placemark>
    <Placemark><name>JoJo's Creamery</name>
      <description><![CDATA[Priority 2: Grocery-store backup.<br/>Address: 937 S Coast Hwy 101 Ste 106, Encinitas, CA 92024, USA<br/>Approximate runner mile: 94.5.<br/>Nearest runner geometry: approximately 0.02 mi straight-line (not a walking detour).<br/>Verification: Google Places business backup (operational); confirm customer restroom access and hours on race day.<br/>Source: <a href="https://maps.google.com/?cid=14781445571073511891&g_mp=Cilnb29nbGUubWFwcy5wbGFjZXMudjEuUGxhY2VzLlNlYXJjaE5lYXJieRACGAQgAA">official / current listing</a>]]></description>
      <styleUrl>#groceryBackup</styleUrl>
      <Point><coordinates>-117.2928547,33.0404416,0</coordinates></Point>
    </Placemark>
    <Placemark><name>Jones Market</name>
      <description><![CDATA[Priority 2: Grocery-store backup.<br/>Address: 9028 S Broadway, Los Angeles, CA 90003, USA<br/>Approximate runner mile: 15.4.<br/>Nearest runner geometry: approximately 0.42 mi straight-line (not a walking detour).<br/>Verification: Google Places business backup (operational); confirm customer restroom access and hours on race day.<br/>Source: <a href="https://maps.google.com/?cid=7824781346112643858&g_mp=Cilnb29nbGUubWFwcy5wbGFjZXMudjEuUGxhY2VzLlNlYXJjaE5lYXJieRACGAQgAA">official / current listing</a>]]></description>
      <styleUrl>#groceryBackup</styleUrl>
      <Point><coordinates>-118.277947,33.9538471,0</coordinates></Point>
    </Placemark>
    <Placemark><name>Jose's Water Mini Market</name>
      <description><![CDATA[Priority 2: Grocery-store backup.<br/>Address: 9303 Vermont Ave, Los Angeles, CA 90044, USA<br/>Approximate runner mile: 14.6.<br/>Nearest runner geometry: approximately 0.55 mi straight-line (not a walking detour).<br/>Verification: Google Places business backup (operational); confirm customer restroom access and hours on race day.<br/>Source: <a href="https://maps.google.com/?cid=12400322747823698004&g_mp=Cilnb29nbGUubWFwcy5wbGFjZXMudjEuUGxhY2VzLlNlYXJjaE5lYXJieRACGAQgAA">official / current listing</a>]]></description>
      <styleUrl>#groceryBackup</styleUrl>
      <Point><coordinates>-118.29210800000001,33.9519929,0</coordinates></Point>
    </Placemark>
    <Placemark><name>Jr Market</name>
      <description><![CDATA[Priority 2: Grocery-store backup.<br/>Address: 2340 Pacific Coast Hwy, Long Beach, CA 90804, USA<br/>Approximate runner mile: 35.9.<br/>Nearest runner geometry: approximately 0.02 mi straight-line (not a walking detour).<br/>Verification: Google Places business backup (operational); confirm customer restroom access and hours on race day.<br/>Source: <a href="https://maps.google.com/?cid=13190478404785435664&g_mp=Cilnb29nbGUubWFwcy5wbGFjZXMudjEuUGxhY2VzLlNlYXJjaE5lYXJieRACGAQgAA">official / current listing</a>]]></description>
      <styleUrl>#groceryBackup</styleUrl>
      <Point><coordinates>-118.16372340000001,33.7894669,0</coordinates></Point>
    </Placemark>
    <Placemark><name>Jugo de Fruta 100% Natural</name>
      <description><![CDATA[Priority 2: Grocery-store backup.<br/>Address: 5254 Atlantic Ave, Long Beach, CA 90805, USA<br/>Approximate runner mile: 28.7.<br/>Nearest runner geometry: approximately 0.92 mi straight-line (not a walking detour).<br/>Verification: Google Places business backup (operational); confirm customer restroom access and hours on race day.<br/>Source: <a href="https://maps.google.com/?cid=8868542638550971398&g_mp=Cilnb29nbGUubWFwcy5wbGFjZXMudjEuUGxhY2VzLlNlYXJjaE5lYXJieRACGAQgAA">official / current listing</a>]]></description>
      <styleUrl>#groceryBackup</styleUrl>
      <Point><coordinates>-118.18458160000002,33.8519024,0</coordinates></Point>
    </Placemark>
    <Placemark><name>Just Peachy Market</name>
      <description><![CDATA[Priority 2: Grocery-store backup.<br/>Address: 1354 N Coast Hwy 101, Encinitas, CA 92024, USA<br/>Approximate runner mile: 92.2.<br/>Nearest runner geometry: approximately 0.02 mi straight-line (not a walking detour).<br/>Verification: Google Places business backup (operational); confirm customer restroom access and hours on race day.<br/>Source: <a href="https://maps.google.com/?cid=2650843217425288639&g_mp=Cilnb29nbGUubWFwcy5wbGFjZXMudjEuUGxhY2VzLlNlYXJjaE5lYXJieRACGAQgAA">official / current listing</a>]]></description>
      <styleUrl>#groceryBackup</styleUrl>
      <Point><coordinates>-117.305,33.07166670000001,0</coordinates></Point>
    </Placemark>
    <Placemark><name>Kelso Ranch Market</name>
      <description><![CDATA[Priority 2: Grocery-store backup.<br/>Address: 601 W Kelso St, Inglewood, CA 90301, USA<br/>Approximate runner mile: 10.2.<br/>Nearest runner geometry: approximately 0.20 mi straight-line (not a walking detour).<br/>Verification: Google Places business backup (operational); confirm customer restroom access and hours on race day.<br/>Source: <a href="https://maps.google.com/?cid=9655800470265061653&g_mp=Cilnb29nbGUubWFwcy5wbGFjZXMudjEuUGxhY2VzLlNlYXJjaE5lYXJieRACGAQgAA">official / current listing</a>]]></description>
      <styleUrl>#groceryBackup</styleUrl>
      <Point><coordinates>-118.36628099999999,33.958913599999995,0</coordinates></Point>
    </Placemark>
    <Placemark><name>Ken's Island Food</name>
      <description><![CDATA[Priority 2: Grocery-store backup.<br/>Address: 747 W Willow St, Long Beach, CA 90806, USA<br/>Approximate runner mile: 32.5.<br/>Nearest runner geometry: approximately 0.21 mi straight-line (not a walking detour).<br/>Verification: Google Places business backup (operational); confirm customer restroom access and hours on race day.<br/>Source: <a href="https://maps.google.com/?cid=2746393170979582284&g_mp=Cilnb29nbGUubWFwcy5wbGFjZXMudjEuUGxhY2VzLlNlYXJjaE5lYXJieRACGAQgAA">official / current listing</a>]]></description>
      <styleUrl>#groceryBackup</styleUrl>
      <Point><coordinates>-118.20094929999998,33.804745,0</coordinates></Point>
    </Placemark>
    <Placemark><name>Kim Long Market</name>
      <description><![CDATA[Priority 2: Grocery-store backup.<br/>Address: 324 E Anaheim St, Long Beach, CA 90813, USA<br/>Approximate runner mile: 34.4.<br/>Nearest runner geometry: approximately 0.53 mi straight-line (not a walking detour).<br/>Verification: Google Places business backup (operational); confirm customer restroom access and hours on race day.<br/>Source: <a href="https://maps.google.com/?cid=10996510736194743911&g_mp=Cilnb29nbGUubWFwcy5wbGFjZXMudjEuUGxhY2VzLlNlYXJjaE5lYXJieRACGAQgAA">official / current listing</a>]]></description>
      <styleUrl>#groceryBackup</styleUrl>
      <Point><coordinates>-118.1884443,33.7821207,0</coordinates></Point>
    </Placemark>
    <Placemark><name>King's Market</name>
      <description><![CDATA[Priority 2: Grocery-store backup.<br/>Address: 8000 S Western Ave, Los Angeles, CA 90047, USA<br/>Approximate runner mile: 13.6.<br/>Nearest runner geometry: approximately 0.43 mi straight-line (not a walking detour).<br/>Verification: Google Places business backup (operational); confirm customer restroom access and hours on race day.<br/>Source: <a href="https://maps.google.com/?cid=15978954662509013550&g_mp=Cilnb29nbGUubWFwcy5wbGFjZXMudjEuUGxhY2VzLlNlYXJjaE5lYXJieRACGAQgAA">official / current listing</a>]]></description>
      <styleUrl>#groceryBackup</styleUrl>
      <Point><coordinates>-118.30885769999999,33.9662656,0</coordinates></Point>
    </Placemark>
    <Placemark><name>Kustaa Cheese &amp; Wine</name>
      <description><![CDATA[Priority 2: Grocery-store backup.<br/>Address: 12954 Washington Blvd, Los Angeles, CA 90066, USA<br/>Approximate runner mile: 4.2.<br/>Nearest runner geometry: approximately 0.00 mi straight-line (not a walking detour).<br/>Verification: Google Places business backup (operational); confirm customer restroom access and hours on race day.<br/>Source: <a href="https://maps.google.com/?cid=6625070028351913338&g_mp=Cilnb29nbGUubWFwcy5wbGFjZXMudjEuUGxhY2VzLlNlYXJjaE5lYXJieRACGAQgAA">official / current listing</a>]]></description>
      <styleUrl>#groceryBackup</styleUrl>
      <Point><coordinates>-118.439096,33.9945878,0</coordinates></Point>
    </Placemark>
    <Placemark><name>L A Broadway Market Inc</name>
      <description><![CDATA[Priority 2: Grocery-store backup.<br/>Address: 8408 S Broadway, Los Angeles, CA 90003, USA<br/>Approximate runner mile: 15.4.<br/>Nearest runner geometry: approximately 0.21 mi straight-line (not a walking detour).<br/>Verification: Google Places business backup (operational); confirm customer restroom access and hours on race day.<br/>Source: <a href="https://maps.google.com/?cid=8018780088458519331&g_mp=Cilnb29nbGUubWFwcy5wbGFjZXMudjEuUGxhY2VzLlNlYXJjaE5lYXJieRACGAQgAA">official / current listing</a>]]></description>
      <styleUrl>#groceryBackup</styleUrl>
      <Point><coordinates>-118.27805989999999,33.9630006,0</coordinates></Point>
    </Placemark>
    <Placemark><name>L&amp;K Market</name>
      <description><![CDATA[Priority 2: Grocery-store backup.<br/>Address: 2127 Main St, Santa Monica, CA 90405, USA<br/>Approximate runner mile: 0.8.<br/>Nearest runner geometry: approximately 0.01 mi straight-line (not a walking detour).<br/>Verification: Google Places business backup (operational); confirm customer restroom access and hours on race day.<br/>Source: <a href="https://maps.google.com/?cid=5554870443823374904&g_mp=Cilnb29nbGUubWFwcy5wbGFjZXMudjEuUGxhY2VzLlNlYXJjaE5lYXJieRACGAQgAA">official / current listing</a>]]></description>
      <styleUrl>#groceryBackup</styleUrl>
      <Point><coordinates>-118.487334,34.0057745,0</coordinates></Point>
    </Placemark>
    <Placemark><name>LA Airport</name>
      <description><![CDATA[Priority 2: Grocery-store backup.<br/>Address: 1434 4th St, Santa Monica, CA 90401, USA<br/>Approximate runner mile: 0.1.<br/>Nearest runner geometry: approximately 0.29 mi straight-line (not a walking detour).<br/>Verification: Google Places business backup (operational); confirm customer restroom access and hours on race day.<br/>Source: <a href="https://maps.google.com/?cid=14356220848333966486&g_mp=Cilnb29nbGUubWFwcy5wbGFjZXMudjEuUGxhY2VzLlNlYXJjaE5lYXJieRACGAQgAA">official / current listing</a>]]></description>
      <styleUrl>#groceryBackup</styleUrl>
      <Point><coordinates>-118.49453909999998,34.0154916,0</coordinates></Point>
    </Placemark>
    <Placemark><name>LA BODEGA #5</name>
      <description><![CDATA[Priority 2: Grocery-store backup.<br/>Address: 2900 E Anaheim St, Long Beach, CA 90804, USA<br/>Approximate runner mile: 36.2.<br/>Nearest runner geometry: approximately 0.51 mi straight-line (not a walking detour).<br/>Verification: Google Places business backup (operational); confirm customer restroom access and hours on race day.<br/>Source: <a href="https://maps.google.com/?cid=10627728496267554231&g_mp=Cilnb29nbGUubWFwcy5wbGFjZXMudjEuUGxhY2VzLlNlYXJjaE5lYXJieRACGAQgAA">official / current listing</a>]]></description>
      <styleUrl>#groceryBackup</styleUrl>
      <Point><coordinates>-118.1576202,33.7824552,0</coordinates></Point>
    </Placemark>
    <Placemark><name>LA TRUCHA DE MAMA PULPERIA Y TIENDA HONDUREÑA LOS ANGELES</name>
      <description><![CDATA[Priority 2: Grocery-store backup.<br/>Address: 1426 W Willow St, Long Beach, CA 90810, USA<br/>Approximate runner mile: 32.5.<br/>Nearest runner geometry: approximately 0.41 mi straight-line (not a walking detour).<br/>Verification: Google Places business backup (operational); confirm customer restroom access and hours on race day.<br/>Source: <a href="https://maps.google.com/?cid=13826010723532457781&g_mp=Cilnb29nbGUubWFwcy5wbGFjZXMudjEuUGxhY2VzLlNlYXJjaE5lYXJieRACGAQgAA">official / current listing</a>]]></description>
      <styleUrl>#groceryBackup</styleUrl>
      <Point><coordinates>-118.21177399999999,33.80406,0</coordinates></Point>
    </Placemark>
    <Placemark><name>LB Market</name>
      <description><![CDATA[Priority 2: Grocery-store backup.<br/>Address: 1883 E 10th St, Long Beach, CA 90813, USA<br/>Approximate runner mile: 35.6.<br/>Nearest runner geometry: approximately 0.74 mi straight-line (not a walking detour).<br/>Verification: Google Places business backup (operational); confirm customer restroom access and hours on race day.<br/>Source: <a href="https://maps.google.com/?cid=5987157783888267916&g_mp=Cilnb29nbGUubWFwcy5wbGFjZXMudjEuUGxhY2VzLlNlYXJjaE5lYXJieRACGAQgAA">official / current listing</a>]]></description>
      <styleUrl>#groceryBackup</styleUrl>
      <Point><coordinates>-118.1688746,33.779074099999995,0</coordinates></Point>
    </Placemark>
    <Placemark><name>La Bodega Market #4</name>
      <description><![CDATA[Priority 2: Grocery-store backup.<br/>Address: 1420 E Anaheim St, Long Beach, CA 90813, USA<br/>Approximate runner mile: 35.3.<br/>Nearest runner geometry: approximately 0.51 mi straight-line (not a walking detour).<br/>Verification: Google Places business backup (operational); confirm customer restroom access and hours on race day.<br/>Source: <a href="https://maps.google.com/?cid=3418740209563071500&g_mp=Cilnb29nbGUubWFwcy5wbGFjZXMudjEuUGxhY2VzLlNlYXJjaE5lYXJieRACGAQgAA">official / current listing</a>]]></description>
      <styleUrl>#groceryBackup</styleUrl>
      <Point><coordinates>-118.17393489999999,33.7823705,0</coordinates></Point>
    </Placemark>
    <Placemark><name>La Bodega Meat Market</name>
      <description><![CDATA[Priority 2: Grocery-store backup.<br/>Address: 305 W Anaheim St, Long Beach, CA 90813, USA<br/>Approximate runner mile: 34.0.<br/>Nearest runner geometry: approximately 0.46 mi straight-line (not a walking detour).<br/>Verification: Google Places business backup (operational); confirm customer restroom access and hours on race day.<br/>Source: <a href="https://maps.google.com/?cid=1446648554694660877&g_mp=Cilnb29nbGUubWFwcy5wbGFjZXMudjEuUGxhY2VzLlNlYXJjaE5lYXJieRACGAQgAA">official / current listing</a>]]></description>
      <styleUrl>#groceryBackup</styleUrl>
      <Point><coordinates>-118.19559509999999,33.7830666,0</coordinates></Point>
    </Placemark>
    <Placemark><name>La Bodega Mexicana</name>
      <description><![CDATA[Priority 2: Grocery-store backup.<br/>Address: 6001 Atlantic Ave, Long Beach, CA 90805, USA<br/>Approximate runner mile: 28.0.<br/>Nearest runner geometry: approximately 0.50 mi straight-line (not a walking detour).<br/>Verification: Google Places business backup (operational); confirm customer restroom access and hours on race day.<br/>Source: <a href="https://maps.google.com/?cid=5661668200127283931&g_mp=Cilnb29nbGUubWFwcy5wbGFjZXMudjEuUGxhY2VzLlNlYXJjaE5lYXJieRACGAQgAA">official / current listing</a>]]></description>
      <styleUrl>#groceryBackup</styleUrl>
      <Point><coordinates>-118.18543550000001,33.8638988,0</coordinates></Point>
    </Placemark>
    <Placemark><name>La Bodega Ranch Market # 7</name>
      <description><![CDATA[Priority 2: Grocery-store backup.<br/>Address: 6690 Long Beach Blvd, Long Beach, CA 90805, USA<br/>Approximate runner mile: 27.8.<br/>Nearest runner geometry: approximately 0.76 mi straight-line (not a walking detour).<br/>Verification: Google Places business backup (operational); confirm customer restroom access and hours on race day.<br/>Source: <a href="https://maps.google.com/?cid=2739452064343541789&g_mp=Cilnb29nbGUubWFwcy5wbGFjZXMudjEuUGxhY2VzLlNlYXJjaE5lYXJieRACGAQgAA">official / current listing</a>]]></description>
      <styleUrl>#groceryBackup</styleUrl>
      <Point><coordinates>-118.20277109999999,33.875859,0</coordinates></Point>
    </Placemark>
    <Placemark><name>La Bodega Ranch Market Jrs.</name>
      <description><![CDATA[Priority 2: Grocery-store backup.<br/>Address: 6688 Long Beach Blvd, Long Beach, CA 90805, USA<br/>Approximate runner mile: 27.8.<br/>Nearest runner geometry: approximately 0.76 mi straight-line (not a walking detour).<br/>Verification: Google Places business backup (operational); confirm customer restroom access and hours on race day.<br/>Source: <a href="https://maps.google.com/?cid=2985716597008042204&g_mp=Cilnb29nbGUubWFwcy5wbGFjZXMudjEuUGxhY2VzLlNlYXJjaE5lYXJieRACGAQgAA">official / current listing</a>]]></description>
      <styleUrl>#groceryBackup</styleUrl>
      <Point><coordinates>-118.20275439999999,33.875822899999996,0</coordinates></Point>
    </Placemark>
    <Placemark><name>La Calidad Mini Market</name>
      <description><![CDATA[Priority 2: Grocery-store backup.<br/>Address: 9420 State St, South Gate, CA 90280, USA<br/>Approximate runner mile: 19.4.<br/>Nearest runner geometry: approximately 0.36 mi straight-line (not a walking detour).<br/>Verification: Google Places business backup (operational); confirm customer restroom access and hours on race day.<br/>Source: <a href="https://maps.google.com/?cid=17688958765991470541&g_mp=Cilnb29nbGUubWFwcy5wbGFjZXMudjEuUGxhY2VzLlNlYXJjaE5lYXJieRACGAQgAA">official / current listing</a>]]></description>
      <styleUrl>#groceryBackup</styleUrl>
      <Point><coordinates>-118.2127841,33.9495541,0</coordinates></Point>
    </Placemark>
    <Placemark><name>La Mexicana Market</name>
      <description><![CDATA[Priority 2: Grocery-store backup.<br/>Address: 2090 Santa Fe Ave, Long Beach, CA 90810, USA<br/>Approximate runner mile: 33.1.<br/>Nearest runner geometry: approximately 0.63 mi straight-line (not a walking detour).<br/>Verification: Google Places business backup (operational); confirm customer restroom access and hours on race day.<br/>Source: <a href="https://maps.google.com/?cid=2053403728201408953&g_mp=Cilnb29nbGUubWFwcy5wbGFjZXMudjEuUGxhY2VzLlNlYXJjaE5lYXJieRACGAQgAA">official / current listing</a>]]></description>
      <styleUrl>#groceryBackup</styleUrl>
      <Point><coordinates>-118.2152771,33.7952004,0</coordinates></Point>
    </Placemark>
    <Placemark><name>La Mexicana Meat Market</name>
      <description><![CDATA[Priority 2: Grocery-store backup.<br/>Address: 1778 Firestone Blvd, Los Angeles, CA 90001, USA<br/>Approximate runner mile: 17.6.<br/>Nearest runner geometry: approximately 0.02 mi straight-line (not a walking detour).<br/>Verification: Google Places business backup (operational); confirm customer restroom access and hours on race day.<br/>Source: <a href="https://maps.google.com/?cid=17846744407621645781&g_mp=Cilnb29nbGUubWFwcy5wbGFjZXMudjEuUGxhY2VzLlNlYXJjaE5lYXJieRACGAQgAA">official / current listing</a>]]></description>
      <styleUrl>#groceryBackup</styleUrl>
      <Point><coordinates>-118.24100349999999,33.959963,0</coordinates></Point>
    </Placemark>
    <Placemark><name>La Mexicana Meat Market</name>
      <description><![CDATA[Priority 2: Grocery-store backup.<br/>Address: 14309 Atlantic Ave #106, Compton, CA 90221, USA<br/>Approximate runner mile: 24.7.<br/>Nearest runner geometry: approximately 0.05 mi straight-line (not a walking detour).<br/>Verification: Google Places business backup (operational); confirm customer restroom access and hours on race day.<br/>Source: <a href="https://maps.google.com/?cid=8667697159634098825&g_mp=Cilnb29nbGUubWFwcy5wbGFjZXMudjEuUGxhY2VzLlNlYXJjaE5lYXJieRACGAQgAA">official / current listing</a>]]></description>
      <styleUrl>#groceryBackup</styleUrl>
      <Point><coordinates>-118.19422420000001,33.9029009,0</coordinates></Point>
    </Placemark>
    <Placemark><name>La Perla Market</name>
      <description><![CDATA[Priority 2: Grocery-store backup.<br/>Address: 7681 Santa Fe Ave, Huntington Park, CA 90255, USA<br/>Approximate runner mile: 18.0.<br/>Nearest runner geometry: approximately 0.69 mi straight-line (not a walking detour).<br/>Verification: Google Places business backup (operational); confirm customer restroom access and hours on race day.<br/>Source: <a href="https://maps.google.com/?cid=9657320532543868947&g_mp=Cilnb29nbGUubWFwcy5wbGFjZXMudjEuUGxhY2VzLlNlYXJjaE5lYXJieRACGAQgAA">official / current listing</a>]]></description>
      <styleUrl>#groceryBackup</styleUrl>
      <Point><coordinates>-118.23036629999999,33.969714599999996,0</coordinates></Point>
    </Placemark>
    <Placemark><name>La Shore Market &amp; Deli</name>
      <description><![CDATA[Priority 2: Grocery-store backup.<br/>Address: 5590 La Jolla Blvd, La Jolla, CA 92037, USA<br/>Approximate runner mile: 112.7.<br/>Nearest runner geometry: approximately 0.01 mi straight-line (not a walking detour).<br/>Verification: Google Places business backup (operational); confirm customer restroom access and hours on race day.<br/>Source: <a href="https://maps.google.com/?cid=17666332177134770562&g_mp=Cilnb29nbGUubWFwcy5wbGFjZXMudjEuUGxhY2VzLlNlYXJjaE5lYXJieRACGAQgAA">official / current listing</a>]]></description>
      <styleUrl>#groceryBackup</styleUrl>
      <Point><coordinates>-117.2697779,32.8136114,0</coordinates></Point>
    </Placemark>
    <Placemark><name>La Tarasca</name>
      <description><![CDATA[Priority 2: Grocery-store backup.<br/>Address: 8204 Long Beach Blvd, South Gate, CA 90280, USA<br/>Approximate runner mile: 18.5.<br/>Nearest runner geometry: approximately 0.49 mi straight-line (not a walking detour).<br/>Verification: Google Places business backup (operational); confirm customer restroom access and hours on race day.<br/>Source: <a href="https://maps.google.com/?cid=14368504975037780475&g_mp=Cilnb29nbGUubWFwcy5wbGFjZXMudjEuUGxhY2VzLlNlYXJjaE5lYXJieRACGAQgAA">official / current listing</a>]]></description>
      <styleUrl>#groceryBackup</styleUrl>
      <Point><coordinates>-118.22449859999999,33.9634143,0</coordinates></Point>
    </Placemark>
    <Placemark><name>La Venetta Market</name>
      <description><![CDATA[Priority 2: Grocery-store backup.<br/>Address: 15019 San Jose Ave, Paramount, CA 90723, USA<br/>Approximate runner mile: 25.9.<br/>Nearest runner geometry: approximately 0.21 mi straight-line (not a walking detour).<br/>Verification: Google Places business backup (operational); confirm customer restroom access and hours on race day.<br/>Source: <a href="https://maps.google.com/?cid=10972506595030920741&g_mp=Cilnb29nbGUubWFwcy5wbGFjZXMudjEuUGxhY2VzLlNlYXJjaE5lYXJieRACGAQgAA">official / current listing</a>]]></description>
      <styleUrl>#groceryBackup</styleUrl>
      <Point><coordinates>-118.1819773,33.8965974,0</coordinates></Point>
    </Placemark>
    <Placemark><name>La tiendita del chino donde me pusieron una santa madriza</name>
      <description><![CDATA[Priority 2: Grocery-store backup.<br/>Address: 1626 Pine Ave, Long Beach, CA 90813, USA<br/>Approximate runner mile: 34.2.<br/>Nearest runner geometry: approximately 0.14 mi straight-line (not a walking detour).<br/>Verification: Google Places business backup (operational); confirm customer restroom access and hours on race day.<br/>Source: <a href="https://maps.google.com/?cid=13054176527478272550&g_mp=Cilnb29nbGUubWFwcy5wbGFjZXMudjEuUGxhY2VzLlNlYXJjaE5lYXJieRACGAQgAA">official / current listing</a>]]></description>
      <styleUrl>#groceryBackup</styleUrl>
      <Point><coordinates>-118.1921488,33.7877076,0</coordinates></Point>
    </Placemark>
    <Placemark><name>Larry's Liquor &amp; Jr. Market</name>
      <description><![CDATA[Priority 2: Grocery-store backup.<br/>Address: 204 Avenida Vaquero, San Clemente, CA 92672, USA<br/>Approximate runner mile: 76.4.<br/>Nearest runner geometry: approximately 0.19 mi straight-line (not a walking detour).<br/>Verification: Google Places business backup (operational); confirm customer restroom access and hours on race day.<br/>Source: <a href="https://maps.google.com/?cid=2159139513793344996&g_mp=Cilnb29nbGUubWFwcy5wbGFjZXMudjEuUGxhY2VzLlNlYXJjaE5lYXJieRACGAQgAA">official / current listing</a>]]></description>
      <styleUrl>#groceryBackup</styleUrl>
      <Point><coordinates>-117.6428904,33.4433615,0</coordinates></Point>
    </Placemark>
    <Placemark><name>Lazy Acres Market - Encinitas</name>
      <description><![CDATA[Priority 2: Grocery-store backup.<br/>Address: 150 Encinitas Blvd, Encinitas, CA 92024, USA<br/>Approximate runner mile: 93.9.<br/>Nearest runner geometry: approximately 0.30 mi straight-line (not a walking detour).<br/>Verification: Google Places business backup (operational); confirm customer restroom access and hours on race day.<br/>Source: <a href="https://maps.google.com/?cid=3838935997425607528&g_mp=Cilnb29nbGUubWFwcy5wbGFjZXMudjEuUGxhY2VzLlNlYXJjaE5lYXJieRACGAQgAA">official / current listing</a>]]></description>
      <styleUrl>#groceryBackup</styleUrl>
      <Point><coordinates>-117.2889289,33.0499423,0</coordinates></Point>
    </Placemark>
    <Placemark><name>Lazy Acres Market - Long Beach</name>
      <description><![CDATA[Priority 2: Grocery-store backup.<br/>Address: 2080 N Bellflower Blvd, Long Beach, CA 90815, USA<br/>Approximate runner mile: 37.7.<br/>Nearest runner geometry: approximately 0.94 mi straight-line (not a walking detour).<br/>Verification: Google Places business backup (operational); confirm customer restroom access and hours on race day.<br/>Source: <a href="https://maps.google.com/?cid=427817592568532616&g_mp=Cilnb29nbGUubWFwcy5wbGFjZXMudjEuUGxhY2VzLlNlYXJjaE5lYXJieRACGAQgAA">official / current listing</a>]]></description>
      <styleUrl>#groceryBackup</styleUrl>
      <Point><coordinates>-118.1234742,33.7940049,0</coordinates></Point>
    </Placemark>
    <Placemark><name>Lee Heng Market</name>
      <description><![CDATA[Priority 2: Grocery-store backup.<br/>Address: 2211 E Anaheim St, Long Beach, CA 90804, USA<br/>Approximate runner mile: 35.8.<br/>Nearest runner geometry: approximately 0.49 mi straight-line (not a walking detour).<br/>Verification: Google Places business backup (operational); confirm customer restroom access and hours on race day.<br/>Source: <a href="https://maps.google.com/?cid=10210306035032483838&g_mp=Cilnb29nbGUubWFwcy5wbGFjZXMudjEuUGxhY2VzLlNlYXJjaE5lYXJieRACGAQgAA">official / current listing</a>]]></description>
      <styleUrl>#groceryBackup</styleUrl>
      <Point><coordinates>-118.1651663,33.7827591,0</coordinates></Point>
    </Placemark>
    <Placemark><name>Lee In Sook</name>
      <description><![CDATA[Priority 2: Grocery-store backup.<br/>Address: 139 S Market St, Inglewood, CA 90301, USA<br/>Approximate runner mile: 11.0.<br/>Nearest runner geometry: approximately 0.02 mi straight-line (not a walking detour).<br/>Verification: Google Places business backup (closed temporarily); confirm customer restroom access and hours on race day.<br/>Source: <a href="https://maps.google.com/?cid=6661910334438063049&g_mp=Cilnb29nbGUubWFwcy5wbGFjZXMudjEuUGxhY2VzLlNlYXJjaE5lYXJieRACGAQgAA">official / current listing</a>]]></description>
      <styleUrl>#groceryBackup</styleUrl>
      <Point><coordinates>-118.35267599999999,33.962238,0</coordinates></Point>
    </Placemark>
    <Placemark><name>Liam’s Market</name>
      <description><![CDATA[Priority 2: Grocery-store backup.<br/>Address: 9128 Vermont Ave, Los Angeles, CA 90044, USA<br/>Approximate runner mile: 14.6.<br/>Nearest runner geometry: approximately 0.45 mi straight-line (not a walking detour).<br/>Verification: Google Places business backup (operational); confirm customer restroom access and hours on race day.<br/>Source: <a href="https://maps.google.com/?cid=8722312417547864793&g_mp=Cilnb29nbGUubWFwcy5wbGFjZXMudjEuUGxhY2VzLlNlYXJjaE5lYXJieRACGAQgAA">official / current listing</a>]]></description>
      <styleUrl>#groceryBackup</styleUrl>
      <Point><coordinates>-118.2913755,33.953359899999995,0</coordinates></Point>
    </Placemark>
    <Placemark><name>Loda Market</name>
      <description><![CDATA[Priority 2: Grocery-store backup.<br/>Address: 12725 Atlantic Ave, Lynwood, CA 90262, USA<br/>Approximate runner mile: 24.4.<br/>Nearest runner geometry: approximately 0.00 mi straight-line (not a walking detour).<br/>Verification: Google Places business backup (operational); confirm customer restroom access and hours on race day.<br/>Source: <a href="https://maps.google.com/?cid=16632924279287131094&g_mp=Cilnb29nbGUubWFwcy5wbGFjZXMudjEuUGxhY2VzLlNlYXJjaE5lYXJieRACGAQgAA">official / current listing</a>]]></description>
      <styleUrl>#groceryBackup</styleUrl>
      <Point><coordinates>-118.1938789,33.9062517,0</coordinates></Point>
    </Placemark>
    <Placemark><name>Lola's 7 Up Market &amp; Deli</name>
      <description><![CDATA[Priority 2: Grocery-store backup.<br/>Address: 3292 Roosevelt St, Carlsbad, CA 92008, USA<br/>Approximate runner mile: 85.6.<br/>Nearest runner geometry: approximately 0.34 mi straight-line (not a walking detour).<br/>Verification: Google Places business backup (operational); confirm customer restroom access and hours on race day.<br/>Source: <a href="https://maps.google.com/?cid=16894697779291654320&g_mp=Cilnb29nbGUubWFwcy5wbGFjZXMudjEuUGxhY2VzLlNlYXJjaE5lYXJieRACGAQgAA">official / current listing</a>]]></description>
      <styleUrl>#groceryBackup</styleUrl>
      <Point><coordinates>-117.34491279999999,33.1571139,0</coordinates></Point>
    </Placemark>
    <Placemark><name>Loma Mini Market</name>
      <description><![CDATA[Priority 2: Grocery-store backup.<br/>Address: 1600 Loma Ave, Long Beach, CA 90804, USA<br/>Approximate runner mile: 36.6.<br/>Nearest runner geometry: approximately 0.21 mi straight-line (not a walking detour).<br/>Verification: Google Places business backup (operational); confirm customer restroom access and hours on race day.<br/>Source: <a href="https://maps.google.com/?cid=17856091215636510756&g_mp=Cilnb29nbGUubWFwcy5wbGFjZXMudjEuUGxhY2VzLlNlYXJjaE5lYXJieRACGAQgAA">official / current listing</a>]]></description>
      <styleUrl>#groceryBackup</styleUrl>
      <Point><coordinates>-118.1501321,33.786786299999996,0</coordinates></Point>
    </Placemark>
    <Placemark><name>Lombardy's Market &amp; Deli</name>
      <description><![CDATA[Priority 2: Grocery-store backup.<br/>Address: 508 W Balboa Blvd, Newport Beach, CA 92661, USA<br/>Approximate runner mile: 55.9.<br/>Nearest runner geometry: approximately 0.82 mi straight-line (not a walking detour).<br/>Verification: Google Places business backup (operational); confirm customer restroom access and hours on race day.<br/>Source: <a href="https://maps.google.com/?cid=8567169099415912030&g_mp=Cilnb29nbGUubWFwcy5wbGFjZXMudjEuUGxhY2VzLlNlYXJjaE5lYXJieRACGAQgAA">official / current listing</a>]]></description>
      <styleUrl>#groceryBackup</styleUrl>
      <Point><coordinates>-117.90691770000001,33.6042564,0</coordinates></Point>
    </Placemark>
    <Placemark><name>London Market</name>
      <description><![CDATA[Priority 2: Grocery-store backup.<br/>Address: 6350 Long Beach Blvd, Long Beach, CA 90805, USA<br/>Approximate runner mile: 28.1.<br/>Nearest runner geometry: approximately 0.50 mi straight-line (not a walking detour).<br/>Verification: Google Places business backup (operational); confirm customer restroom access and hours on race day.<br/>Source: <a href="https://maps.google.com/?cid=17310228655927505882&g_mp=Cilnb29nbGUubWFwcy5wbGFjZXMudjEuUGxhY2VzLlNlYXJjaE5lYXJieRACGAQgAA">official / current listing</a>]]></description>
      <styleUrl>#groceryBackup</styleUrl>
      <Point><coordinates>-118.20121290000002,33.8701022,0</coordinates></Point>
    </Placemark>
    <Placemark><name>London Market</name>
      <description><![CDATA[Priority 2: Grocery-store backup.<br/>Address: 1814 Atlantic Ave, Long Beach, CA 90806, USA<br/>Approximate runner mile: 34.6.<br/>Nearest runner geometry: approximately 0.04 mi straight-line (not a walking detour).<br/>Verification: Google Places business backup (operational); confirm customer restroom access and hours on race day.<br/>Source: <a href="https://maps.google.com/?cid=14776294865749515617&g_mp=Cilnb29nbGUubWFwcy5wbGFjZXMudjEuUGxhY2VzLlNlYXJjaE5lYXJieRACGAQgAA">official / current listing</a>]]></description>
      <styleUrl>#groceryBackup</styleUrl>
      <Point><coordinates>-118.18488830000001,33.7903541,0</coordinates></Point>
    </Placemark>
    <Placemark><name>Long Beach / Firestone</name>
      <description><![CDATA[Priority 2: Grocery-store backup.<br/>Address: Long Beach Blvd, South Gate, CA 90280, USA<br/>Approximate runner mile: 19.0.<br/>Nearest runner geometry: approximately 0.02 mi straight-line (not a walking detour).<br/>Verification: Google Places business backup (operational); confirm customer restroom access and hours on race day.<br/>Source: <a href="https://maps.google.com/?cid=4479067353094148546&g_mp=Cilnb29nbGUubWFwcy5wbGFjZXMudjEuUGxhY2VzLlNlYXJjaE5lYXJieRACGAQgAA">official / current listing</a>]]></description>
      <styleUrl>#groceryBackup</styleUrl>
      <Point><coordinates>-118.2183292,33.9556713,0</coordinates></Point>
    </Placemark>
    <Placemark><name>Los Dos Hermanos Market</name>
      <description><![CDATA[Priority 2: Grocery-store backup.<br/>Address: 4618 E Alondra Blvd, Compton, CA 90221, USA<br/>Approximate runner mile: 26.5.<br/>Nearest runner geometry: approximately 0.23 mi straight-line (not a walking detour).<br/>Verification: Google Places business backup (operational); confirm customer restroom access and hours on race day.<br/>Source: <a href="https://maps.google.com/?cid=15862023541181420149&g_mp=Cilnb29nbGUubWFwcy5wbGFjZXMudjEuUGxhY2VzLlNlYXJjaE5lYXJieRACGAQgAA">official / current listing</a>]]></description>
      <styleUrl>#groceryBackup</styleUrl>
      <Point><coordinates>-118.19100619999998,33.8884562,0</coordinates></Point>
    </Placemark>
    <Placemark><name>Los Hernández Market Inc</name>
      <description><![CDATA[Priority 2: Grocery-store backup.<br/>Address: 8851 Hooper Ave., Los Angeles, CA 90002, USA<br/>Approximate runner mile: 16.8.<br/>Nearest runner geometry: approximately 0.27 mi straight-line (not a walking detour).<br/>Verification: Google Places business backup (operational); confirm customer restroom access and hours on race day.<br/>Source: <a href="https://maps.google.com/?cid=17942446626640700416&g_mp=Cilnb29nbGUubWFwcy5wbGFjZXMudjEuUGxhY2VzLlNlYXJjaE5lYXJieRACGAQgAA">official / current listing</a>]]></description>
      <styleUrl>#groceryBackup</styleUrl>
      <Point><coordinates>-118.25419540000001,33.9563973,0</coordinates></Point>
    </Placemark>
    <Placemark><name>Los Novillos Market</name>
      <description><![CDATA[Priority 2: Grocery-store backup.<br/>Address: 11805 Atlantic Ave, Lynwood, CA 90262, USA<br/>Approximate runner mile: 23.8.<br/>Nearest runner geometry: approximately 0.01 mi straight-line (not a walking detour).<br/>Verification: Google Places business backup (operational); confirm customer restroom access and hours on race day.<br/>Source: <a href="https://maps.google.com/?cid=2182298173359345383&g_mp=Cilnb29nbGUubWFwcy5wbGFjZXMudjEuUGxhY2VzLlNlYXJjaE5lYXJieRACGAQgAA">official / current listing</a>]]></description>
      <styleUrl>#groceryBackup</styleUrl>
      <Point><coordinates>-118.19043639999998,33.9149068,0</coordinates></Point>
    </Placemark>
    <Placemark><name>Los Perritos Mini Market</name>
      <description><![CDATA[Priority 2: Grocery-store backup.<br/>Address: 9202 Vermont Ave, Los Angeles, CA 90044, USA<br/>Approximate runner mile: 14.6.<br/>Nearest runner geometry: approximately 0.50 mi straight-line (not a walking detour).<br/>Verification: Google Places business backup (operational); confirm customer restroom access and hours on race day.<br/>Source: <a href="https://maps.google.com/?cid=11018923120456566414&g_mp=Cilnb29nbGUubWFwcy5wbGFjZXMudjEuUGxhY2VzLlNlYXJjaE5lYXJieRACGAQgAA">official / current listing</a>]]></description>
      <styleUrl>#groceryBackup</styleUrl>
      <Point><coordinates>-118.29140009999998,33.952656499999996,0</coordinates></Point>
    </Placemark>
    <Placemark><name>Louie's Market</name>
      <description><![CDATA[Priority 2: Grocery-store backup.<br/>Address: 9136 S Budlong Ave, Los Angeles, CA 90044, USA<br/>Approximate runner mile: 14.3.<br/>Nearest runner geometry: approximately 0.44 mi straight-line (not a walking detour).<br/>Verification: Google Places business backup (operational); confirm customer restroom access and hours on race day.<br/>Source: <a href="https://maps.google.com/?cid=15431098963827806295&g_mp=Cilnb29nbGUubWFwcy5wbGFjZXMudjEuUGxhY2VzLlNlYXJjaE5lYXJieRACGAQgAA">official / current listing</a>]]></description>
      <styleUrl>#groceryBackup</styleUrl>
      <Point><coordinates>-118.2957376,33.9535072,0</coordinates></Point>
    </Placemark>
    <Placemark><name>Lucky Craft Beer &amp; Wine Market</name>
      <description><![CDATA[Priority 2: Grocery-store backup.<br/>Address: 2127 E 17th St, Long Beach, CA 90804, USA<br/>Approximate runner mile: 35.8.<br/>Nearest runner geometry: approximately 0.11 mi straight-line (not a walking detour).<br/>Verification: Google Places business backup (operational); confirm customer restroom access and hours on race day.<br/>Source: <a href="https://maps.google.com/?cid=354996268681571771&g_mp=Cilnb29nbGUubWFwcy5wbGFjZXMudjEuUGxhY2VzLlNlYXJjaE5lYXJieRACGAQgAA">official / current listing</a>]]></description>
      <styleUrl>#groceryBackup</styleUrl>
      <Point><coordinates>-118.1655579,33.7881863,0</coordinates></Point>
    </Placemark>
    <Placemark><name>Lucky Venice Store, Inc</name>
      <description><![CDATA[Priority 2: Grocery-store backup.<br/>Address: 7 Windward Ave, Venice, CA 90291, USA<br/>Approximate runner mile: 2.1.<br/>Nearest runner geometry: approximately 0.36 mi straight-line (not a walking detour).<br/>Verification: Google Places business backup (operational); confirm customer restroom access and hours on race day.<br/>Source: <a href="https://maps.google.com/?cid=4643183839367914189&g_mp=Cilnb29nbGUubWFwcy5wbGFjZXMudjEuUGxhY2VzLlNlYXJjaE5lYXJieRACGAQgAA">official / current listing</a>]]></description>
      <styleUrl>#groceryBackup</styleUrl>
      <Point><coordinates>-118.47351959999999,33.9870647,0</coordinates></Point>
    </Placemark>
    <Placemark><name>Lynwood Farmers Market</name>
      <description><![CDATA[Priority 2: Grocery-store backup.<br/>Address: 12301 Atlantic Ave, Lynwood, CA 90262, USA<br/>Approximate runner mile: 24.1.<br/>Nearest runner geometry: approximately 0.02 mi straight-line (not a walking detour).<br/>Verification: Google Places business backup (operational); confirm customer restroom access and hours on race day.<br/>Source: <a href="https://maps.google.com/?cid=5681128716848170753&g_mp=Cilnb29nbGUubWFwcy5wbGFjZXMudjEuUGxhY2VzLlNlYXJjaE5lYXJieRACGAQgAA">official / current listing</a>]]></description>
      <styleUrl>#groceryBackup</styleUrl>
      <Point><coordinates>-118.19230819999999,33.9108205,0</coordinates></Point>
    </Placemark>
    <Placemark><name>MI Linda Guadalajara Market</name>
      <description><![CDATA[Priority 2: Grocery-store backup.<br/>Address: 2001 Orange Ave, Long Beach, CA 90806, USA<br/>Approximate runner mile: 35.1.<br/>Nearest runner geometry: approximately 0.27 mi straight-line (not a walking detour).<br/>Verification: Google Places business backup (operational); confirm customer restroom access and hours on race day.<br/>Source: <a href="https://maps.google.com/?cid=11710896799165593056&g_mp=Cilnb29nbGUubWFwcy5wbGFjZXMudjEuUGxhY2VzLlNlYXJjaE5lYXJieRACGAQgAA">official / current listing</a>]]></description>
      <styleUrl>#groceryBackup</styleUrl>
      <Point><coordinates>-118.17652199999999,33.7936298,0</coordinates></Point>
    </Placemark>
    <Placemark><name>Ma N' Pa Grocery</name>
      <description><![CDATA[Priority 2: Grocery-store backup.<br/>Address: 346 Roycroft Ave, Long Beach, CA 90814, USA<br/>Approximate runner mile: 38.2.<br/>Nearest runner geometry: approximately 0.87 mi straight-line (not a walking detour).<br/>Verification: Google Places business backup (operational); confirm customer restroom access and hours on race day.<br/>Source: <a href="https://maps.google.com/?cid=13165012925899099636&g_mp=Cilnb29nbGUubWFwcy5wbGFjZXMudjEuUGxhY2VzLlNlYXJjaE5lYXJieRACGAQgAA">official / current listing</a>]]></description>
      <styleUrl>#groceryBackup</styleUrl>
      <Point><coordinates>-118.1380885,33.7697175,0</coordinates></Point>
    </Placemark>
    <Placemark><name>Main Squeeze</name>
      <description><![CDATA[Priority 2: Grocery-store backup.<br/>Address: 2727 Main St, Santa Monica, CA 90405, USA<br/>Approximate runner mile: 1.3.<br/>Nearest runner geometry: approximately 0.02 mi straight-line (not a walking detour).<br/>Verification: Google Places business backup (operational); confirm customer restroom access and hours on race day.<br/>Source: <a href="https://maps.google.com/?cid=16281415374503193615&g_mp=Cilnb29nbGUubWFwcy5wbGFjZXMudjEuUGxhY2VzLlNlYXJjaE5lYXJieRACGAQgAA">official / current listing</a>]]></description>
      <styleUrl>#groceryBackup</styleUrl>
      <Point><coordinates>-118.48171049999999,34.0003699,0</coordinates></Point>
    </Placemark>
    <Placemark><name>Mar Vista Farmers' Market</name>
      <description><![CDATA[Priority 2: Grocery-store backup.<br/>Address: 12198 Venice Blvd., Los Angeles, CA 90066, USA<br/>Approximate runner mile: 4.8.<br/>Nearest runner geometry: approximately 0.51 mi straight-line (not a walking detour).<br/>Verification: Google Places business backup (operational); confirm customer restroom access and hours on race day.<br/>Source: <a href="https://maps.google.com/?cid=16107685061966623751&g_mp=Cilnb29nbGUubWFwcy5wbGFjZXMudjEuUGxhY2VzLlNlYXJjaE5lYXJieRACGAQgAA">official / current listing</a>]]></description>
      <styleUrl>#groceryBackup</styleUrl>
      <Point><coordinates>-118.4307327,34.004093100000006,0</coordinates></Point>
    </Placemark>
    <Placemark><name>Mar Vista Ranch Market</name>
      <description><![CDATA[Priority 2: Grocery-store backup.<br/>Address: 12420 Venice Blvd. Computers, Los Angeles, CA 90066, USA<br/>Approximate runner mile: 4.5.<br/>Nearest runner geometry: approximately 0.42 mi straight-line (not a walking detour).<br/>Verification: Google Places business backup (operational); confirm customer restroom access and hours on race day.<br/>Source: <a href="https://maps.google.com/?cid=16152239456994776629&g_mp=Cilnb29nbGUubWFwcy5wbGFjZXMudjEuUGxhY2VzLlNlYXJjaE5lYXJieRACGAQgAA">official / current listing</a>]]></description>
      <styleUrl>#groceryBackup</styleUrl>
      <Point><coordinates>-118.43424809999999,34.0029168,0</coordinates></Point>
    </Placemark>
    <Placemark><name>Maria´s Market</name>
      <description><![CDATA[Priority 2: Grocery-store backup.<br/>Address: Los Angeles, CA 90001, USA<br/>Approximate runner mile: 17.0.<br/>Nearest runner geometry: approximately 0.03 mi straight-line (not a walking detour).<br/>Verification: Google Places business backup (operational); confirm customer restroom access and hours on race day.<br/>Source: <a href="https://maps.google.com/?cid=3188442501414991789&g_mp=Cilnb29nbGUubWFwcy5wbGFjZXMudjEuUGxhY2VzLlNlYXJjaE5lYXJieRACGAQgAA">official / current listing</a>]]></description>
      <styleUrl>#groceryBackup</styleUrl>
      <Point><coordinates>-118.2504554,33.959899799999995,0</coordinates></Point>
    </Placemark>
    <Placemark><name>Mario's Brothers</name>
      <description><![CDATA[Priority 2: Grocery-store backup.<br/>Address: 12904 Venice Blvd., Los Angeles, CA 90066, USA<br/>Approximate runner mile: 4.3.<br/>Nearest runner geometry: approximately 0.35 mi straight-line (not a walking detour).<br/>Verification: Google Places business backup (operational); confirm customer restroom access and hours on race day.<br/>Source: <a href="https://maps.google.com/?cid=14583301080361667646&g_mp=Cilnb29nbGUubWFwcy5wbGFjZXMudjEuUGxhY2VzLlNlYXJjaE5lYXJieRACGAQgAA">official / current listing</a>]]></description>
      <styleUrl>#groceryBackup</styleUrl>
      <Point><coordinates>-118.4413159,33.9994461,0</coordinates></Point>
    </Placemark>
    <Placemark><name>Market</name>
      <description><![CDATA[Priority 2: Grocery-store backup.<br/>Address: 8401 S Avalon Blvd, Los Angeles, CA 90003, USA<br/>Approximate runner mile: 16.1.<br/>Nearest runner geometry: approximately 0.12 mi straight-line (not a walking detour).<br/>Verification: Google Places business backup (operational); confirm customer restroom access and hours on race day.<br/>Source: <a href="https://maps.google.com/?cid=17341569922594528487&g_mp=Cilnb29nbGUubWFwcy5wbGFjZXMudjEuUGxhY2VzLlNlYXJjaE5lYXJieRACGAQgAA">official / current listing</a>]]></description>
      <styleUrl>#groceryBackup</styleUrl>
      <Point><coordinates>-118.26534070000001,33.9618256,0</coordinates></Point>
    </Placemark>
    <Placemark><name>Market</name>
      <description><![CDATA[Priority 2: Grocery-store backup.<br/>Address: 3136 E Victoria St, Compton, CA 90221, USA<br/>Approximate runner mile: 28.5.<br/>Nearest runner geometry: approximately 0.52 mi straight-line (not a walking detour).<br/>Verification: Google Places business backup (operational); confirm customer restroom access and hours on race day.<br/>Source: <a href="https://maps.google.com/?cid=2474332915920647128&g_mp=Cilnb29nbGUubWFwcy5wbGFjZXMudjEuUGxhY2VzLlNlYXJjaE5lYXJieRACGAQgAA">official / current listing</a>]]></description>
      <styleUrl>#groceryBackup</styleUrl>
      <Point><coordinates>-118.20490839999998,33.8646513,0</coordinates></Point>
    </Placemark>
    <Placemark><name>Mena Mini Market</name>
      <description><![CDATA[Priority 2: Grocery-store backup.<br/>Address: 1580 Centinela Ave #8, Inglewood, CA 90302, USA<br/>Approximate runner mile: 9.8.<br/>Nearest runner geometry: approximately 0.98 mi straight-line (not a walking detour).<br/>Verification: Google Places business backup (operational); confirm customer restroom access and hours on race day.<br/>Source: <a href="https://maps.google.com/?cid=14336407547254094841&g_mp=Cilnb29nbGUubWFwcy5wbGFjZXMudjEuUGxhY2VzLlNlYXJjaE5lYXJieRACGAQgAA">official / current listing</a>]]></description>
      <styleUrl>#groceryBackup</styleUrl>
      <Point><coordinates>-118.36652169999998,33.9774045,0</coordinates></Point>
    </Placemark>
    <Placemark><name>Mercado Laguna</name>
      <description><![CDATA[Priority 2: Grocery-store backup.<br/>Address: 912 N Coast Hwy, Laguna Beach, CA 92651, USA<br/>Approximate runner mile: 64.2.<br/>Nearest runner geometry: approximately 0.01 mi straight-line (not a walking detour).<br/>Verification: Google Places business backup (operational); confirm customer restroom access and hours on race day.<br/>Source: <a href="https://maps.google.com/?cid=3082330507718084520&g_mp=Cilnb29nbGUubWFwcy5wbGFjZXMudjEuUGxhY2VzLlNlYXJjaE5lYXJieRACGAQgAA">official / current listing</a>]]></description>
      <styleUrl>#groceryBackup</styleUrl>
      <Point><coordinates>-117.79691790000001,33.5474272,0</coordinates></Point>
    </Placemark>
    <Placemark><name>Mercardo Don Juan</name>
      <description><![CDATA[Priority 2: Grocery-store backup.<br/>Address: 2100 Nadeau St, Los Angeles, CA 90001, USA<br/>Approximate runner mile: 18.0.<br/>Nearest runner geometry: approximately 0.49 mi straight-line (not a walking detour).<br/>Verification: Google Places business backup (operational); confirm customer restroom access and hours on race day.<br/>Source: <a href="https://maps.google.com/?cid=13522388497557702750&g_mp=Cilnb29nbGUubWFwcy5wbGFjZXMudjEuUGxhY2VzLlNlYXJjaE5lYXJieRACGAQgAA">official / current listing</a>]]></description>
      <styleUrl>#groceryBackup</styleUrl>
      <Point><coordinates>-118.23471999999998,33.9673474,0</coordinates></Point>
    </Placemark>
    <Placemark><name>Mexican food market</name>
      <description><![CDATA[Priority 2: Grocery-store backup.<br/>Address: 5935 Olive Ave, Long Beach, CA 90805, USA<br/>Approximate runner mile: 28.1.<br/>Nearest runner geometry: approximately 0.65 mi straight-line (not a walking detour).<br/>Verification: Google Places business backup (operational); confirm customer restroom access and hours on race day.<br/>Source: <a href="https://maps.google.com/?cid=3401634179073452802&g_mp=Cilnb29nbGUubWFwcy5wbGFjZXMudjEuUGxhY2VzLlNlYXJjaE5lYXJieRACGAQgAA">official / current listing</a>]]></description>
      <styleUrl>#groceryBackup</styleUrl>
      <Point><coordinates>-118.18326049999997,33.862578299999996,0</coordinates></Point>
    </Placemark>
    <Placemark><name>Mia's Mini Market</name>
      <description><![CDATA[Priority 2: Grocery-store backup.<br/>Address: 8750 S Broadway, Los Angeles, CA 90003, USA<br/>Approximate runner mile: 15.4.<br/>Nearest runner geometry: approximately 0.15 mi straight-line (not a walking detour).<br/>Verification: Google Places business backup (operational); confirm customer restroom access and hours on race day.<br/>Source: <a href="https://maps.google.com/?cid=3203938253167656534&g_mp=Cilnb29nbGUubWFwcy5wbGFjZXMudjEuUGxhY2VzLlNlYXJjaE5lYXJieRACGAQgAA">official / current listing</a>]]></description>
      <styleUrl>#groceryBackup</styleUrl>
      <Point><coordinates>-118.2780378,33.9577977,0</coordinates></Point>
    </Placemark>
    <Placemark><name>Milagro Natural</name>
      <description><![CDATA[Priority 2: Grocery-store backup.<br/>Address: 4161 Tweedy Blvd Ste D, South Gate, CA 90280, USA<br/>Approximate runner mile: 20.3.<br/>Nearest runner geometry: approximately 0.59 mi straight-line (not a walking detour).<br/>Verification: Google Places business backup (operational); confirm customer restroom access and hours on race day.<br/>Source: <a href="https://maps.google.com/?cid=11201353106393093805&g_mp=Cilnb29nbGUubWFwcy5wbGFjZXMudjEuUGxhY2VzLlNlYXJjaE5lYXJieRACGAQgAA">official / current listing</a>]]></description>
      <styleUrl>#groceryBackup</styleUrl>
      <Point><coordinates>-118.19824559999999,33.9446405,0</coordinates></Point>
    </Placemark>
    <Placemark><name>Mini Market Jurema</name>
      <description><![CDATA[Priority 2: Grocery-store backup.<br/>Address: 852 E Manchester Ave, Los Angeles, CA 90001, USA<br/>Approximate runner mile: 16.5.<br/>Nearest runner geometry: approximately 0.00 mi straight-line (not a walking detour).<br/>Verification: Google Places business backup (operational); confirm customer restroom access and hours on race day.<br/>Source: <a href="https://maps.google.com/?cid=5243627893779041571&g_mp=Cilnb29nbGUubWFwcy5wbGFjZXMudjEuUGxhY2VzLlNlYXJjaE5lYXJieRACGAQgAA">official / current listing</a>]]></description>
      <styleUrl>#groceryBackup</styleUrl>
      <Point><coordinates>-118.25892879999999,33.9600211,0</coordinates></Point>
    </Placemark>
    <Placemark><name>Mini Mart</name>
      <description><![CDATA[Priority 2: Grocery-store backup.<br/>Address: 8070 Wilcox Ave, Bell Gardens, CA 90201, USA<br/>Approximate runner mile: 21.1.<br/>Nearest runner geometry: approximately 0.64 mi straight-line (not a walking detour).<br/>Verification: Google Places business backup (operational); confirm customer restroom access and hours on race day.<br/>Source: <a href="https://maps.google.com/?cid=13353282661590750076&g_mp=Cilnb29nbGUubWFwcy5wbGFjZXMudjEuUGxhY2VzLlNlYXJjaE5lYXJieRACGAQgAA">official / current listing</a>]]></description>
      <styleUrl>#groceryBackup</styleUrl>
      <Point><coordinates>-118.178925,33.9604091,0</coordinates></Point>
    </Placemark>
    <Placemark><name>Mini99cmart</name>
      <description><![CDATA[Priority 2: Grocery-store backup.<br/>Address: 8810 S Central Ave, Los Angeles, CA 90002, USA<br/>Approximate runner mile: 16.6.<br/>Nearest runner geometry: approximately 0.20 mi straight-line (not a walking detour).<br/>Verification: Google Places business backup (closed temporarily); confirm customer restroom access and hours on race day.<br/>Source: <a href="https://maps.google.com/?cid=12351680511640845896&g_mp=Cilnb29nbGUubWFwcy5wbGFjZXMudjEuUGxhY2VzLlNlYXJjaE5lYXJieRACGAQgAA">official / current listing</a>]]></description>
      <styleUrl>#groceryBackup</styleUrl>
      <Point><coordinates>-118.2561551,33.957109200000005,0</coordinates></Point>
    </Placemark>
    <Placemark><name>Mitchell's Little Market</name>
      <description><![CDATA[Priority 2: Grocery-store backup.<br/>Address: 1915 Penmar Ave, Venice, CA 90291, USA<br/>Approximate runner mile: 3.5.<br/>Nearest runner geometry: approximately 0.85 mi straight-line (not a walking detour).<br/>Verification: Google Places business backup (closed temporarily); confirm customer restroom access and hours on race day.<br/>Source: <a href="https://maps.google.com/?cid=15769194900562148603&g_mp=Cilnb29nbGUubWFwcy5wbGFjZXMudjEuUGxhY2VzLlNlYXJjaE5lYXJieRACGAQgAA">official / current listing</a>]]></description>
      <styleUrl>#groceryBackup</styleUrl>
      <Point><coordinates>-118.45589770000001,34.0008321,0</coordinates></Point>
    </Placemark>
    <Placemark><name>Mitsuwa Marketplace</name>
      <description><![CDATA[Priority 2: Grocery-store backup.<br/>Address: 3760 S Centinela Ave, Los Angeles, CA 90066, USA<br/>Approximate runner mile: 4.5.<br/>Nearest runner geometry: approximately 0.56 mi straight-line (not a walking detour).<br/>Verification: Google Places business backup (operational); confirm customer restroom access and hours on race day.<br/>Source: <a href="https://maps.google.com/?cid=10959166487654097538&g_mp=Cilnb29nbGUubWFwcy5wbGFjZXMudjEuUGxhY2VzLlNlYXJjaE5lYXJieRACGAQgAA">official / current listing</a>]]></description>
      <styleUrl>#groceryBackup</styleUrl>
      <Point><coordinates>-118.4334378,34.0048807,0</coordinates></Point>
    </Placemark>
    <Placemark><name>Mk Market</name>
      <description><![CDATA[Priority 2: Grocery-store backup.<br/>Address: 8519 Long Beach Blvd, South Gate, CA 90280, USA<br/>Approximate runner mile: 18.7.<br/>Nearest runner geometry: approximately 0.30 mi straight-line (not a walking detour).<br/>Verification: Google Places business backup (operational); confirm customer restroom access and hours on race day.<br/>Source: <a href="https://maps.google.com/?cid=13745981046043749805&g_mp=Cilnb29nbGUubWFwcy5wbGFjZXMudjEuUGxhY2VzLlNlYXJjaE5lYXJieRACGAQgAA">official / current listing</a>]]></description>
      <styleUrl>#groceryBackup</styleUrl>
      <Point><coordinates>-118.22336580000001,33.9602292,0</coordinates></Point>
    </Placemark>
    <Placemark><name>Monarch liquor</name>
      <description><![CDATA[Priority 2: Grocery-store backup.<br/>Address: 8901 S Vermont Ave, Los Angeles, CA 90044, USA<br/>Approximate runner mile: 14.6.<br/>Nearest runner geometry: approximately 0.22 mi straight-line (not a walking detour).<br/>Verification: Google Places business backup (operational); confirm customer restroom access and hours on race day.<br/>Source: <a href="https://maps.google.com/?cid=4471769708894276385&g_mp=Cilnb29nbGUubWFwcy5wbGFjZXMudjEuUGxhY2VzLlNlYXJjaE5lYXJieRACGAQgAA">official / current listing</a>]]></description>
      <styleUrl>#groceryBackup</styleUrl>
      <Point><coordinates>-118.2920883,33.956760599999996,0</coordinates></Point>
    </Placemark>
    <Placemark><name>Morenita Market</name>
      <description><![CDATA[Priority 2: Grocery-store backup.<br/>Address: 8215 S Central Ave, Los Angeles, CA 90001, USA<br/>Approximate runner mile: 16.7.<br/>Nearest runner geometry: approximately 0.27 mi straight-line (not a walking detour).<br/>Verification: Google Places business backup (operational); confirm customer restroom access and hours on race day.<br/>Source: <a href="https://maps.google.com/?cid=10518088325855865542&g_mp=Cilnb29nbGUubWFwcy5wbGFjZXMudjEuUGxhY2VzLlNlYXJjaE5lYXJieRACGAQgAA">official / current listing</a>]]></description>
      <styleUrl>#groceryBackup</styleUrl>
      <Point><coordinates>-118.25660760000001,33.964195,0</coordinates></Point>
    </Placemark>
    <Placemark><name>Mother's California Market</name>
      <description><![CDATA[Priority 2: Grocery-store backup.<br/>Address: 3049 East Coast Hwy, Corona Del Mar, CA 92625, USA<br/>Approximate runner mile: 58.5.<br/>Nearest runner geometry: approximately 0.02 mi straight-line (not a walking detour).<br/>Verification: Google Places business backup (operational); confirm customer restroom access and hours on race day.<br/>Source: <a href="https://maps.google.com/?cid=12840323643353862075&g_mp=Cilnb29nbGUubWFwcy5wbGFjZXMudjEuUGxhY2VzLlNlYXJjaE5lYXJieRACGAQgAA">official / current listing</a>]]></description>
      <styleUrl>#groceryBackup</styleUrl>
      <Point><coordinates>-117.87210320000001,33.5980183,0</coordinates></Point>
    </Placemark>
    <Placemark><name>Mother's California Market</name>
      <description><![CDATA[Priority 2: Grocery-store backup.<br/>Address: 24040 Camino Del Avion G, Dana Point, CA 92629, USA<br/>Approximate runner mile: 70.7.<br/>Nearest runner geometry: approximately 0.77 mi straight-line (not a walking detour).<br/>Verification: Google Places business backup (operational); confirm customer restroom access and hours on race day.<br/>Source: <a href="https://maps.google.com/?cid=16777616639546430664&g_mp=Cilnb29nbGUubWFwcy5wbGFjZXMudjEuUGxhY2VzLlNlYXJjaE5lYXJieRACGAQgAA">official / current listing</a>]]></description>
      <styleUrl>#groceryBackup</styleUrl>
      <Point><coordinates>-117.7110174,33.4887556,0</coordinates></Point>
    </Placemark>
    <Placemark><name>Mother's Nutritional Center</name>
      <description><![CDATA[Priority 2: Grocery-store backup.<br/>Address: 943 N La Brea Ave, Inglewood, CA 90302, USA<br/>Approximate runner mile: 10.6.<br/>Nearest runner geometry: approximately 0.96 mi straight-line (not a walking detour).<br/>Verification: Google Places business backup (operational); confirm customer restroom access and hours on race day.<br/>Source: <a href="https://maps.google.com/?cid=9096932485490232466&g_mp=Cilnb29nbGUubWFwcy5wbGFjZXMudjEuUGxhY2VzLlNlYXJjaE5lYXJieRACGAQgAA">official / current listing</a>]]></description>
      <styleUrl>#groceryBackup</styleUrl>
      <Point><coordinates>-118.3584667,33.9757491,0</coordinates></Point>
    </Placemark>
    <Placemark><name>Mother's Nutritional Center</name>
      <description><![CDATA[Priority 2: Grocery-store backup.<br/>Address: 260 E Manchester Ave, Los Angeles, CA 90003, USA<br/>Approximate runner mile: 15.9.<br/>Nearest runner geometry: approximately 0.05 mi straight-line (not a walking detour).<br/>Verification: Google Places business backup (operational); confirm customer restroom access and hours on race day.<br/>Source: <a href="https://maps.google.com/?cid=14878835878417701553&g_mp=Cilnb29nbGUubWFwcy5wbGFjZXMudjEuUGxhY2VzLlNlYXJjaE5lYXJieRACGAQgAA">official / current listing</a>]]></description>
      <styleUrl>#groceryBackup</styleUrl>
      <Point><coordinates>-118.2697431,33.959246,0</coordinates></Point>
    </Placemark>
    <Placemark><name>Mother's Nutritional Center</name>
      <description><![CDATA[Priority 2: Grocery-store backup.<br/>Address: 3361 Tweedy Blvd, South Gate, CA 90280, USA<br/>Approximate runner mile: 19.6.<br/>Nearest runner geometry: approximately 0.66 mi straight-line (not a walking detour).<br/>Verification: Google Places business backup (operational); confirm customer restroom access and hours on race day.<br/>Source: <a href="https://maps.google.com/?cid=2340507978539456476&g_mp=Cilnb29nbGUubWFwcy5wbGFjZXMudjEuUGxhY2VzLlNlYXJjaE5lYXJieRACGAQgAA">official / current listing</a>]]></description>
      <styleUrl>#groceryBackup</styleUrl>
      <Point><coordinates>-118.2098429,33.944895599999995,0</coordinates></Point>
    </Placemark>
    <Placemark><name>Mother's Nutritional Center</name>
      <description><![CDATA[Priority 2: Grocery-store backup.<br/>Address: 3797 Martin Luther King Jr Blvd, Lynwood, CA 90262, USA<br/>Approximate runner mile: 23.1.<br/>Nearest runner geometry: approximately 0.80 mi straight-line (not a walking detour).<br/>Verification: Google Places business backup (operational); confirm customer restroom access and hours on race day.<br/>Source: <a href="https://maps.google.com/?cid=7425450301735477663&g_mp=Cilnb29nbGUubWFwcy5wbGFjZXMudjEuUGxhY2VzLlNlYXJjaE5lYXJieRACGAQgAA">official / current listing</a>]]></description>
      <styleUrl>#groceryBackup</styleUrl>
      <Point><coordinates>-118.19940410000001,33.9284981,0</coordinates></Point>
    </Placemark>
    <Placemark><name>Mother's Nutritional Center</name>
      <description><![CDATA[Priority 2: Grocery-store backup.<br/>Address: 1900 N Long Beach Blvd, Compton, CA 90221, USA<br/>Approximate runner mile: 24.5.<br/>Nearest runner geometry: approximately 0.82 mi straight-line (not a walking detour).<br/>Verification: Google Places business backup (operational); confirm customer restroom access and hours on race day.<br/>Source: <a href="https://maps.google.com/?cid=10720993842150105444&g_mp=Cilnb29nbGUubWFwcy5wbGFjZXMudjEuUGxhY2VzLlNlYXJjaE5lYXJieRACGAQgAA">official / current listing</a>]]></description>
      <styleUrl>#groceryBackup</styleUrl>
      <Point><coordinates>-118.20794989999999,33.9086948,0</coordinates></Point>
    </Placemark>
    <Placemark><name>Mother's Nutritional Center</name>
      <description><![CDATA[Priority 2: Grocery-store backup.<br/>Address: 5172 Atlantic Ave, Long Beach, CA 90805, USA<br/>Approximate runner mile: 28.7.<br/>Nearest runner geometry: approximately 1.00 mi straight-line (not a walking detour).<br/>Verification: Google Places business backup (operational); confirm customer restroom access and hours on race day.<br/>Source: <a href="https://maps.google.com/?cid=15747269458764653882&g_mp=Cilnb29nbGUubWFwcy5wbGFjZXMudjEuUGxhY2VzLlNlYXJjaE5lYXJieRACGAQgAA">official / current listing</a>]]></description>
      <styleUrl>#groceryBackup</styleUrl>
      <Point><coordinates>-118.1839815,33.8506944,0</coordinates></Point>
    </Placemark>
    <Placemark><name>Mother's Nutritional Center</name>
      <description><![CDATA[Priority 2: Grocery-store backup.<br/>Address: 1319 Long Beach Blvd, Long Beach, CA 90813, USA<br/>Approximate runner mile: 34.4.<br/>Nearest runner geometry: approximately 0.46 mi straight-line (not a walking detour).<br/>Verification: Google Places business backup (operational); confirm customer restroom access and hours on race day.<br/>Source: <a href="https://maps.google.com/?cid=739331049653032997&g_mp=Cilnb29nbGUubWFwcy5wbGFjZXMudjEuUGxhY2VzLlNlYXJjaE5lYXJieRACGAQgAA">official / current listing</a>]]></description>
      <styleUrl>#groceryBackup</styleUrl>
      <Point><coordinates>-118.18989420000001,33.7830435,0</coordinates></Point>
    </Placemark>
    <Placemark><name>Mother’s Market &amp; Kitchen</name>
      <description><![CDATA[Priority 2: Grocery-store backup.<br/>Address: 16400 Pacific Coast Hwy, Huntington Beach, CA 92649, USA<br/>Approximate runner mile: 43.3.<br/>Nearest runner geometry: approximately 0.04 mi straight-line (not a walking detour).<br/>Verification: Google Places business backup (operational); confirm customer restroom access and hours on race day.<br/>Source: <a href="https://maps.google.com/?cid=14680202159504335254&g_mp=Cilnb29nbGUubWFwcy5wbGFjZXMudjEuUGxhY2VzLlNlYXJjaE5lYXJieRACGAQgAA">official / current listing</a>]]></description>
      <styleUrl>#groceryBackup</styleUrl>
      <Point><coordinates>-118.07600339999999,33.724032099999995,0</coordinates></Point>
    </Placemark>
    <Placemark><name>Neighbor-Savor Market</name>
      <description><![CDATA[Priority 2: Grocery-store backup.<br/>Address: 2144 Avenida De La Playa, La Jolla, CA 92037, USA<br/>Approximate runner mile: 108.8.<br/>Nearest runner geometry: approximately 0.17 mi straight-line (not a walking detour).<br/>Verification: Google Places business backup (operational); confirm customer restroom access and hours on race day.<br/>Source: <a href="https://maps.google.com/?cid=10131416012476156782&g_mp=Cilnb29nbGUubWFwcy5wbGFjZXMudjEuUGxhY2VzLlNlYXJjaE5lYXJieRACGAQgAA">official / current listing</a>]]></description>
      <styleUrl>#groceryBackup</styleUrl>
      <Point><coordinates>-117.25679939999999,32.8541418,0</coordinates></Point>
    </Placemark>
    <Placemark><name>New Market</name>
      <description><![CDATA[Priority 2: Grocery-store backup.<br/>Address: 1002 E Pacific Coast Hwy, Long Beach, CA 90806, USA<br/>Approximate runner mile: 34.9.<br/>Nearest runner geometry: approximately 0.02 mi straight-line (not a walking detour).<br/>Verification: Google Places business backup (operational); confirm customer restroom access and hours on race day.<br/>Source: <a href="https://maps.google.com/?cid=12270929561972016938&g_mp=Cilnb29nbGUubWFwcy5wbGFjZXMudjEuUGxhY2VzLlNlYXJjaE5lYXJieRACGAQgAA">official / current listing</a>]]></description>
      <styleUrl>#groceryBackup</styleUrl>
      <Point><coordinates>-118.18050849999999,33.789479799999995,0</coordinates></Point>
    </Placemark>
    <Placemark><name>Nina's Market</name>
      <description><![CDATA[Priority 2: Grocery-store backup.<br/>Address: 8121 S Broadway, Los Angeles, CA 90003, USA<br/>Approximate runner mile: 15.4.<br/>Nearest runner geometry: approximately 0.37 mi straight-line (not a walking detour).<br/>Verification: Google Places business backup (operational); confirm customer restroom access and hours on race day.<br/>Source: <a href="https://maps.google.com/?cid=13848921576244955962&g_mp=Cilnb29nbGUubWFwcy5wbGFjZXMudjEuUGxhY2VzLlNlYXJjaE5lYXJieRACGAQgAA">official / current listing</a>]]></description>
      <styleUrl>#groceryBackup</styleUrl>
      <Point><coordinates>-118.2785093,33.9653716,0</coordinates></Point>
    </Placemark>
    <Placemark><name>Northgate González Market</name>
      <description><![CDATA[Priority 2: Grocery-store backup.<br/>Address: 4700 Inglewood Blvd, Culver City, CA 90230, USA<br/>Approximate runner mile: 5.8.<br/>Nearest runner geometry: approximately 0.06 mi straight-line (not a walking detour).<br/>Verification: Google Places business backup (operational); confirm customer restroom access and hours on race day.<br/>Source: <a href="https://maps.google.com/?cid=7817387834411941343&g_mp=Cilnb29nbGUubWFwcy5wbGFjZXMudjEuUGxhY2VzLlNlYXJjaE5lYXJieRACGAQgAA">official / current listing</a>]]></description>
      <styleUrl>#groceryBackup</styleUrl>
      <Point><coordinates>-118.41459300000001,33.993947999999996,0</coordinates></Point>
    </Placemark>
    <Placemark><name>Northgate González Market</name>
      <description><![CDATA[Priority 2: Grocery-store backup.<br/>Address: 4155 Tweedy Blvd, South Gate, CA 90280, USA<br/>Approximate runner mile: 20.3.<br/>Nearest runner geometry: approximately 0.61 mi straight-line (not a walking detour).<br/>Verification: Google Places business backup (operational); confirm customer restroom access and hours on race day.<br/>Source: <a href="https://maps.google.com/?cid=9384106251005792862&g_mp=Cilnb29nbGUubWFwcy5wbGFjZXMudjEuUGxhY2VzLlNlYXJjaE5lYXJieRACGAQgAA">official / current listing</a>]]></description>
      <styleUrl>#groceryBackup</styleUrl>
      <Point><coordinates>-118.1986836,33.9443896,0</coordinates></Point>
    </Placemark>
    <Placemark><name>Northgate González Market</name>
      <description><![CDATA[Priority 2: Grocery-store backup.<br/>Address: 15107 Atlantic Ave, East Compton, CA 90221, USA<br/>Approximate runner mile: 26.1.<br/>Nearest runner geometry: approximately 0.47 mi straight-line (not a walking detour).<br/>Verification: Google Places business backup (operational); confirm customer restroom access and hours on race day.<br/>Source: <a href="https://maps.google.com/?cid=10387963719830419143&g_mp=Cilnb29nbGUubWFwcy5wbGFjZXMudjEuUGxhY2VzLlNlYXJjaE5lYXJieRACGAQgAA">official / current listing</a>]]></description>
      <styleUrl>#groceryBackup</styleUrl>
      <Point><coordinates>-118.1940943,33.8953347,0</coordinates></Point>
    </Placemark>
    <Placemark><name>Northgate González Market</name>
      <description><![CDATA[Priority 2: Grocery-store backup.<br/>Address: 2120 Pacific Ave, Long Beach, CA 90806, USA<br/>Approximate runner mile: 34.2.<br/>Nearest runner geometry: approximately 0.42 mi straight-line (not a walking detour).<br/>Verification: Google Places business backup (operational); confirm customer restroom access and hours on race day.<br/>Source: <a href="https://maps.google.com/?cid=5835206965103704495&g_mp=Cilnb29nbGUubWFwcy5wbGFjZXMudjEuUGxhY2VzLlNlYXJjaE5lYXJieRACGAQgAA">official / current listing</a>]]></description>
      <styleUrl>#groceryBackup</styleUrl>
      <Point><coordinates>-118.19333329999999,33.795833300000005,0</coordinates></Point>
    </Placemark>
    <Placemark><name>Northgate González Market</name>
      <description><![CDATA[Priority 2: Grocery-store backup.<br/>Address: 2038 E 10th St, Long Beach, CA 90813, USA<br/>Approximate runner mile: 35.7.<br/>Nearest runner geometry: approximately 0.79 mi straight-line (not a walking detour).<br/>Verification: Google Places business backup (operational); confirm customer restroom access and hours on race day.<br/>Source: <a href="https://maps.google.com/?cid=7830187724540743649&g_mp=Cilnb29nbGUubWFwcy5wbGFjZXMudjEuUGxhY2VzLlNlYXJjaE5lYXJieRACGAQgAA">official / current listing</a>]]></description>
      <styleUrl>#groceryBackup</styleUrl>
      <Point><coordinates>-118.1669941,33.7783254,0</coordinates></Point>
    </Placemark>
    <Placemark><name>OK Market</name>
      <description><![CDATA[Priority 2: Grocery-store backup.<br/>Address: 1141 Myrtle Ave, Inglewood, CA 90301, USA<br/>Approximate runner mile: 11.4.<br/>Nearest runner geometry: approximately 0.88 mi straight-line (not a walking detour).<br/>Verification: Google Places business backup (operational); confirm customer restroom access and hours on race day.<br/>Source: <a href="https://maps.google.com/?cid=12604749753978048483&g_mp=Cilnb29nbGUubWFwcy5wbGFjZXMudjEuUGxhY2VzLlNlYXJjaE5lYXJieRACGAQgAA">official / current listing</a>]]></description>
      <styleUrl>#groceryBackup</styleUrl>
      <Point><coordinates>-118.34928369999999,33.9474306,0</coordinates></Point>
    </Placemark>
    <Placemark><name>OK Market</name>
      <description><![CDATA[Priority 2: Grocery-store backup.<br/>Address: 6625 Somerset Blvd, Paramount, CA 90723, USA<br/>Approximate runner mile: 25.9.<br/>Nearest runner geometry: approximately 0.26 mi straight-line (not a walking detour).<br/>Verification: Google Places business backup (operational); confirm customer restroom access and hours on race day.<br/>Source: <a href="https://maps.google.com/?cid=2925174604962712595&g_mp=Cilnb29nbGUubWFwcy5wbGFjZXMudjEuUGxhY2VzLlNlYXJjaE5lYXJieRACGAQgAA">official / current listing</a>]]></description>
      <styleUrl>#groceryBackup</styleUrl>
      <Point><coordinates>-118.18098130000001,33.8964107,0</coordinates></Point>
    </Placemark>
    <Placemark><name>Oasis Market</name>
      <description><![CDATA[Priority 2: Grocery-store backup.<br/>Address: 544 W Arbor Vitae St, Inglewood, CA 90301, USA<br/>Approximate runner mile: 10.2.<br/>Nearest runner geometry: approximately 0.64 mi straight-line (not a walking detour).<br/>Verification: Google Places business backup (operational); confirm customer restroom access and hours on race day.<br/>Source: <a href="https://maps.google.com/?cid=12069134594785350094&g_mp=Cilnb29nbGUubWFwcy5wbGFjZXMudjEuUGxhY2VzLlNlYXJjaE5lYXJieRACGAQgAA">official / current listing</a>]]></description>
      <styleUrl>#groceryBackup</styleUrl>
      <Point><coordinates>-118.3653243,33.9524314,0</coordinates></Point>
    </Placemark>
    <Placemark><name>Ogleby Sisters Soap</name>
      <description><![CDATA[Priority 2: Grocery-store backup.<br/>Address: 1804 Garnet Ave Suite 744, San Diego, CA 92109, USA<br/>Approximate runner mile: 115.4.<br/>Nearest runner geometry: approximately 0.07 mi straight-line (not a walking detour).<br/>Verification: Google Places business backup (operational); confirm customer restroom access and hours on race day.<br/>Source: <a href="https://maps.google.com/?cid=14298561434434835681&g_mp=Cilnb29nbGUubWFwcy5wbGFjZXMudjEuUGxhY2VzLlNlYXJjaE5lYXJieRACGAQgAA">official / current listing</a>]]></description>
      <styleUrl>#groceryBackup</styleUrl>
      <Point><coordinates>-117.23658029999999,32.801656099999995,0</coordinates></Point>
    </Placemark>
    <Placemark><name>Olive Oil &amp; Beyond</name>
      <description><![CDATA[Priority 2: Grocery-store backup.<br/>Address: 210 Marine Ave # A, Newport Beach, CA 92662, USA<br/>Approximate runner mile: 57.1.<br/>Nearest runner geometry: approximately 0.42 mi straight-line (not a walking detour).<br/>Verification: Google Places business backup (operational); confirm customer restroom access and hours on race day.<br/>Source: <a href="https://maps.google.com/?cid=3742522710468710109&g_mp=Cilnb29nbGUubWFwcy5wbGFjZXMudjEuUGxhY2VzLlNlYXJjaE5lYXJieRACGAQgAA">official / current listing</a>]]></description>
      <styleUrl>#groceryBackup</styleUrl>
      <Point><coordinates>-117.8896976,33.6062252,0</coordinates></Point>
    </Placemark>
    <Placemark><name>Oliver's - Olive Oil &amp; Balsamic Tasting Gallery</name>
      <description><![CDATA[Priority 2: Grocery-store backup.<br/>Address: 214 Avenida Del Mar # A, San Clemente, CA 92672, USA<br/>Approximate runner mile: 78.6.<br/>Nearest runner geometry: approximately 0.23 mi straight-line (not a walking detour).<br/>Verification: Google Places business backup (operational); confirm customer restroom access and hours on race day.<br/>Source: <a href="https://maps.google.com/?cid=12672918663880756402&g_mp=Cilnb29nbGUubWFwcy5wbGFjZXMudjEuUGxhY2VzLlNlYXJjaE5lYXJieRACGAQgAA">official / current listing</a>]]></description>
      <styleUrl>#groceryBackup</styleUrl>
      <Point><coordinates>-117.61585869999998,33.4256811,0</coordinates></Point>
    </Placemark>
    <Placemark><name>Olé City Market #1</name>
      <description><![CDATA[Priority 2: Grocery-store backup.<br/>Address: 2990 Santa Fe Ave, Long Beach, CA 90810, USA<br/>Approximate runner mile: 32.0.<br/>Nearest runner geometry: approximately 0.60 mi straight-line (not a walking detour).<br/>Verification: Google Places business backup (operational); confirm customer restroom access and hours on race day.<br/>Source: <a href="https://maps.google.com/?cid=1497009614091607181&g_mp=Cilnb29nbGUubWFwcy5wbGFjZXMudjEuUGxhY2VzLlNlYXJjaE5lYXJieRACGAQgAA">official / current listing</a>]]></description>
      <styleUrl>#groceryBackup</styleUrl>
      <Point><coordinates>-118.21519130000001,33.811408899999996,0</coordinates></Point>
    </Placemark>
    <Placemark><name>Olé City Market #2</name>
      <description><![CDATA[Priority 2: Grocery-store backup.<br/>Address: 209 W Arbor Vitae St, Inglewood, CA 90301, USA<br/>Approximate runner mile: 10.7.<br/>Nearest runner geometry: approximately 0.61 mi straight-line (not a walking detour).<br/>Verification: Google Places business backup (operational); confirm customer restroom access and hours on race day.<br/>Source: <a href="https://maps.google.com/?cid=2890065607299678397&g_mp=Cilnb29nbGUubWFwcy5wbGFjZXMudjEuUGxhY2VzLlNlYXJjaE5lYXJieRACGAQgAA">official / current listing</a>]]></description>
      <styleUrl>#groceryBackup</styleUrl>
      <Point><coordinates>-118.35861479999998,33.9530232,0</coordinates></Point>
    </Placemark>
    <Placemark><name>Omnilife y Seytu</name>
      <description><![CDATA[Priority 2: Grocery-store backup.<br/>Address: 1320 Gaviota Ave, Long Beach, CA 90813, USA<br/>Approximate runner mile: 35.5.<br/>Nearest runner geometry: approximately 0.47 mi straight-line (not a walking detour).<br/>Verification: Google Places business backup (operational); confirm customer restroom access and hours on race day.<br/>Source: <a href="https://maps.google.com/?cid=4285173595611623699&g_mp=Cilnb29nbGUubWFwcy5wbGFjZXMudjEuUGxhY2VzLlNlYXJjaE5lYXJieRACGAQgAA">official / current listing</a>]]></description>
      <styleUrl>#groceryBackup</styleUrl>
      <Point><coordinates>-118.17075170000001,33.7830371,0</coordinates></Point>
    </Placemark>
    <Placemark><name>PB’s Market</name>
      <description><![CDATA[Priority 2: Grocery-store backup.<br/>Address: 4435 Cass St #4012, San Diego, CA 92109, USA<br/>Approximate runner mile: 114.5.<br/>Nearest runner geometry: approximately 0.07 mi straight-line (not a walking detour).<br/>Verification: Google Places business backup (operational); confirm customer restroom access and hours on race day.<br/>Source: <a href="https://maps.google.com/?cid=16928738765487060371&g_mp=Cilnb29nbGUubWFwcy5wbGFjZXMudjEuUGxhY2VzLlNlYXJjaE5lYXJieRACGAQgAA">official / current listing</a>]]></description>
      <styleUrl>#groceryBackup</styleUrl>
      <Point><coordinates>-117.2513644,32.796352,0</coordinates></Point>
    </Placemark>
    <Placemark><name>PCH Market</name>
      <description><![CDATA[Priority 2: Grocery-store backup.<br/>Address: 1821 Martin Luther King Jr Ave, Long Beach, CA 90806, USA<br/>Approximate runner mile: 34.9.<br/>Nearest runner geometry: approximately 0.05 mi straight-line (not a walking detour).<br/>Verification: Google Places business backup (operational); confirm customer restroom access and hours on race day.<br/>Source: <a href="https://maps.google.com/?cid=13064067657883142212&g_mp=Cilnb29nbGUubWFwcy5wbGFjZXMudjEuUGxhY2VzLlNlYXJjaE5lYXJieRACGAQgAA">official / current listing</a>]]></description>
      <styleUrl>#groceryBackup</styleUrl>
      <Point><coordinates>-118.1808453,33.7905076,0</coordinates></Point>
    </Placemark>
    <Placemark><name>Pacific Market</name>
      <description><![CDATA[Priority 2: Grocery-store backup.<br/>Address: 2990 Pacific Ave, Long Beach, CA 90806, USA<br/>Approximate runner mile: 32.0.<br/>Nearest runner geometry: approximately 0.65 mi straight-line (not a walking detour).<br/>Verification: Google Places business backup (operational); confirm customer restroom access and hours on race day.<br/>Source: <a href="https://maps.google.com/?cid=15868294125498511757&g_mp=Cilnb29nbGUubWFwcy5wbGFjZXMudjEuUGxhY2VzLlNlYXJjaE5lYXJieRACGAQgAA">official / current listing</a>]]></description>
      <styleUrl>#groceryBackup</styleUrl>
      <Point><coordinates>-118.1933508,33.8115409,0</coordinates></Point>
    </Placemark>
    <Placemark><name>Pacific Market</name>
      <description><![CDATA[Priority 2: Grocery-store backup.<br/>Address: 1449 W Pacific Coast Hwy, Long Beach, CA 90810, USA<br/>Approximate runner mile: 33.5.<br/>Nearest runner geometry: approximately 0.42 mi straight-line (not a walking detour).<br/>Verification: Google Places business backup (operational); confirm customer restroom access and hours on race day.<br/>Source: <a href="https://maps.google.com/?cid=447054602684375906&g_mp=Cilnb29nbGUubWFwcy5wbGFjZXMudjEuUGxhY2VzLlNlYXJjaE5lYXJieRACGAQgAA">official / current listing</a>]]></description>
      <styleUrl>#groceryBackup</styleUrl>
      <Point><coordinates>-118.21163179999999,33.790067799999996,0</coordinates></Point>
    </Placemark>
    <Placemark><name>Pancho Meat Market</name>
      <description><![CDATA[Priority 2: Grocery-store backup.<br/>Address: 4945 N Long Beach Blvd, Long Beach, CA 90805, USA<br/>Approximate runner mile: 29.7.<br/>Nearest runner geometry: approximately 0.50 mi straight-line (not a walking detour).<br/>Verification: Google Places business backup (operational); confirm customer restroom access and hours on race day.<br/>Source: <a href="https://maps.google.com/?cid=1791883593878739573&g_mp=Cilnb29nbGUubWFwcy5wbGFjZXMudjEuUGxhY2VzLlNlYXJjaE5lYXJieRACGAQgAA">official / current listing</a>]]></description>
      <styleUrl>#groceryBackup</styleUrl>
      <Point><coordinates>-118.1937962,33.8458075,0</coordinates></Point>
    </Placemark>
    <Placemark><name>Pappy's Market</name>
      <description><![CDATA[Priority 2: Grocery-store backup.<br/>Address: 601 N Cleveland St, Oceanside, CA 92054, USA<br/>Approximate runner mile: 82.0.<br/>Nearest runner geometry: approximately 0.12 mi straight-line (not a walking detour).<br/>Verification: Google Places business backup (operational); confirm customer restroom access and hours on race day.<br/>Source: <a href="https://maps.google.com/?cid=9085237618458517267&g_mp=Cilnb29nbGUubWFwcy5wbGFjZXMudjEuUGxhY2VzLlNlYXJjaE5lYXJieRACGAQgAA">official / current listing</a>]]></description>
      <styleUrl>#groceryBackup</styleUrl>
      <Point><coordinates>-117.3844471,33.1985428,0</coordinates></Point>
    </Placemark>
    <Placemark><name>Pariente Market</name>
      <description><![CDATA[Priority 2: Grocery-store backup.<br/>Address: 8422 State St, South Gate, CA 90280, USA<br/>Approximate runner mile: 19.4.<br/>Nearest runner geometry: approximately 0.37 mi straight-line (not a walking detour).<br/>Verification: Google Places business backup (operational); confirm customer restroom access and hours on race day.<br/>Source: <a href="https://maps.google.com/?cid=5607407335024360753&g_mp=Cilnb29nbGUubWFwcy5wbGFjZXMudjEuUGxhY2VzLlNlYXJjaE5lYXJieRACGAQgAA">official / current listing</a>]]></description>
      <styleUrl>#groceryBackup</styleUrl>
      <Point><coordinates>-118.21128619999999,33.959961199999995,0</coordinates></Point>
    </Placemark>
    <Placemark><name>Pata Negra Market</name>
      <description><![CDATA[Priority 2: Grocery-store backup.<br/>Address: 1657 Garnet Ave, San Diego, CA 92109, USA<br/>Approximate runner mile: 115.2.<br/>Nearest runner geometry: approximately 0.00 mi straight-line (not a walking detour).<br/>Verification: Google Places business backup (operational); confirm customer restroom access and hours on race day.<br/>Source: <a href="https://maps.google.com/?cid=3448001982857312931&g_mp=Cilnb29nbGUubWFwcy5wbGFjZXMudjEuUGxhY2VzLlNlYXJjaE5lYXJieRACGAQgAA">official / current listing</a>]]></description>
      <styleUrl>#groceryBackup</styleUrl>
      <Point><coordinates>-117.2394275,32.7999715,0</coordinates></Point>
    </Placemark>
    <Placemark><name>Pavilions</name>
      <description><![CDATA[Priority 2: Grocery-store backup.<br/>Address: 4365 Glencoe Ave, Marina Del Rey, CA 90292, USA<br/>Approximate runner mile: 3.8.<br/>Nearest runner geometry: approximately 0.54 mi straight-line (not a walking detour).<br/>Verification: Google Places business backup (operational); confirm customer restroom access and hours on race day.<br/>Source: <a href="https://maps.google.com/?cid=13914397975948112551&g_mp=Cilnb29nbGUubWFwcy5wbGFjZXMudjEuUGxhY2VzLlNlYXJjaE5lYXJieRACGAQgAA">official / current listing</a>]]></description>
      <styleUrl>#groceryBackup</styleUrl>
      <Point><coordinates>-118.4397921,33.9851558,0</coordinates></Point>
    </Placemark>
    <Placemark><name>Pavilions</name>
      <description><![CDATA[Priority 2: Grocery-store backup.<br/>Address: 11030 Jefferson Blvd, Culver City, CA 90230, USA<br/>Approximate runner mile: 6.8.<br/>Nearest runner geometry: approximately 0.83 mi straight-line (not a walking detour).<br/>Verification: Google Places business backup (operational); confirm customer restroom access and hours on race day.<br/>Source: <a href="https://maps.google.com/?cid=2767244064398625102&g_mp=Cilnb29nbGUubWFwcy5wbGFjZXMudjEuUGxhY2VzLlNlYXJjaE5lYXJieRACGAQgAA">official / current listing</a>]]></description>
      <styleUrl>#groceryBackup</styleUrl>
      <Point><coordinates>-118.3937895,33.9968576,0</coordinates></Point>
    </Placemark>
    <Placemark><name>Pavilions</name>
      <description><![CDATA[Priority 2: Grocery-store backup.<br/>Address: 1101 Pacific Coast Hwy, Seal Beach, CA 90740, USA<br/>Approximate runner mile: 41.3.<br/>Nearest runner geometry: approximately 0.06 mi straight-line (not a walking detour).<br/>Verification: Google Places business backup (operational); confirm customer restroom access and hours on race day.<br/>Source: <a href="https://maps.google.com/?cid=523858983611725299&g_mp=Cilnb29nbGUubWFwcy5wbGFjZXMudjEuUGxhY2VzLlNlYXJjaE5lYXJieRACGAQgAA">official / current listing</a>]]></description>
      <styleUrl>#groceryBackup</styleUrl>
      <Point><coordinates>-118.0999777,33.7440004,0</coordinates></Point>
    </Placemark>
    <Placemark><name>Pavilions</name>
      <description><![CDATA[Priority 2: Grocery-store backup.<br/>Address: 3100 W Balboa Blvd, Newport Beach, CA 92663, USA<br/>Approximate runner mile: 54.5.<br/>Nearest runner geometry: approximately 0.44 mi straight-line (not a walking detour).<br/>Verification: Google Places business backup (operational); confirm customer restroom access and hours on race day.<br/>Source: <a href="https://maps.google.com/?cid=16417136843304666226&g_mp=Cilnb29nbGUubWFwcy5wbGFjZXMudjEuUGxhY2VzLlNlYXJjaE5lYXJieRACGAQgAA">official / current listing</a>]]></description>
      <styleUrl>#groceryBackup</styleUrl>
      <Point><coordinates>-117.93108439999999,33.6146866,0</coordinates></Point>
    </Placemark>
    <Placemark><name>Pavilions</name>
      <description><![CDATA[Priority 2: Grocery-store backup.<br/>Address: 1000 Bayside Dr, Newport Beach, CA 92660, USA<br/>Approximate runner mile: 56.8.<br/>Nearest runner geometry: approximately 0.12 mi straight-line (not a walking detour).<br/>Verification: Google Places business backup (operational); confirm customer restroom access and hours on race day.<br/>Source: <a href="https://maps.google.com/?cid=16488597916604034975&g_mp=Cilnb29nbGUubWFwcy5wbGFjZXMudjEuUGxhY2VzLlNlYXJjaE5lYXJieRACGAQgAA">official / current listing</a>]]></description>
      <styleUrl>#groceryBackup</styleUrl>
      <Point><coordinates>-117.89266099999999,33.6112581,0</coordinates></Point>
    </Placemark>
    <Placemark><name>Pavilions</name>
      <description><![CDATA[Priority 2: Grocery-store backup.<br/>Address: 600 N Pacific Coast Hwy, Laguna Beach, CA 92651, USA<br/>Approximate runner mile: 64.4.<br/>Nearest runner geometry: approximately 0.05 mi straight-line (not a walking detour).<br/>Verification: Google Places business backup (operational); confirm customer restroom access and hours on race day.<br/>Source: <a href="https://maps.google.com/?cid=17233823212226887204&g_mp=Cilnb29nbGUubWFwcy5wbGFjZXMudjEuUGxhY2VzLlNlYXJjaE5lYXJieRACGAQgAA">official / current listing</a>]]></description>
      <styleUrl>#groceryBackup</styleUrl>
      <Point><coordinates>-117.7934398,33.546540799999995,0</coordinates></Point>
    </Placemark>
    <Placemark><name>Pavilions</name>
      <description><![CDATA[Priority 2: Grocery-store backup.<br/>Address: 7544 Girard Ave, La Jolla, CA 92037, USA<br/>Approximate runner mile: 110.3.<br/>Nearest runner geometry: approximately 0.05 mi straight-line (not a walking detour).<br/>Verification: Google Places business backup (operational); confirm customer restroom access and hours on race day.<br/>Source: <a href="https://maps.google.com/?cid=13297434222813902774&g_mp=Cilnb29nbGUubWFwcy5wbGFjZXMudjEuUGxhY2VzLlNlYXJjaE5lYXJieRACGAQgAA">official / current listing</a>]]></description>
      <styleUrl>#groceryBackup</styleUrl>
      <Point><coordinates>-117.27365610000001,32.8417542,0</coordinates></Point>
    </Placemark>
    <Placemark><name>Pavilions Deli</name>
      <description><![CDATA[Priority 2: Grocery-store backup.<br/>Address: 3100 W Balboa Blvd, Newport Beach, CA 92663, USA<br/>Approximate runner mile: 54.5.<br/>Nearest runner geometry: approximately 0.44 mi straight-line (not a walking detour).<br/>Verification: Google Places business backup (operational); confirm customer restroom access and hours on race day.<br/>Source: <a href="https://maps.google.com/?cid=8240650074820763156&g_mp=Cilnb29nbGUubWFwcy5wbGFjZXMudjEuUGxhY2VzLlNlYXJjaE5lYXJieRACGAQgAA">official / current listing</a>]]></description>
      <styleUrl>#groceryBackup</styleUrl>
      <Point><coordinates>-117.931033,33.6147135,0</coordinates></Point>
    </Placemark>
    <Placemark><name>Pavilions Deli</name>
      <description><![CDATA[Priority 2: Grocery-store backup.<br/>Address: 600 N Pacific Coast Hwy, Laguna Beach, CA 92651, USA<br/>Approximate runner mile: 64.4.<br/>Nearest runner geometry: approximately 0.05 mi straight-line (not a walking detour).<br/>Verification: Google Places business backup (operational); confirm customer restroom access and hours on race day.<br/>Source: <a href="https://maps.google.com/?cid=9617162293554816995&g_mp=Cilnb29nbGUubWFwcy5wbGFjZXMudjEuUGxhY2VzLlNlYXJjaE5lYXJieRACGAQgAA">official / current listing</a>]]></description>
      <styleUrl>#groceryBackup</styleUrl>
      <Point><coordinates>-117.79351720000001,33.5466019,0</coordinates></Point>
    </Placemark>
    <Placemark><name>Pete's Market</name>
      <description><![CDATA[Priority 2: Grocery-store backup.<br/>Address: 9141 S Hoover St, Los Angeles, CA 90044, USA<br/>Approximate runner mile: 14.9.<br/>Nearest runner geometry: approximately 0.48 mi straight-line (not a walking detour).<br/>Verification: Google Places business backup (operational); confirm customer restroom access and hours on race day.<br/>Source: <a href="https://maps.google.com/?cid=3291802027729725239&g_mp=Cilnb29nbGUubWFwcy5wbGFjZXMudjEuUGxhY2VzLlNlYXJjaE5lYXJieRACGAQgAA">official / current listing</a>]]></description>
      <styleUrl>#groceryBackup</styleUrl>
      <Point><coordinates>-118.2870872,33.9530482,0</coordinates></Point>
    </Placemark>
    <Placemark><name>Pier Market</name>
      <description><![CDATA[Priority 2: Grocery-store backup.<br/>Address: 618 Avenida Victoria, San Clemente, CA 92672, USA<br/>Approximate runner mile: 79.0.<br/>Nearest runner geometry: approximately 0.63 mi straight-line (not a walking detour).<br/>Verification: Google Places business backup (operational); confirm customer restroom access and hours on race day.<br/>Source: <a href="https://maps.google.com/?cid=13470596118080246380&g_mp=Cilnb29nbGUubWFwcy5wbGFjZXMudjEuUGxhY2VzLlNlYXJjaE5lYXJieRACGAQgAA">official / current listing</a>]]></description>
      <styleUrl>#groceryBackup</styleUrl>
      <Point><coordinates>-117.619609,33.4200945,0</coordinates></Point>
    </Placemark>
    <Placemark><name>Plant Beach Farm</name>
      <description><![CDATA[Priority 2: Grocery-store backup.<br/>Address: 444 La Costa Ave, Encinitas, CA 92024, USA<br/>Approximate runner mile: 91.5.<br/>Nearest runner geometry: approximately 0.37 mi straight-line (not a walking detour).<br/>Verification: Google Places business backup (operational); confirm customer restroom access and hours on race day.<br/>Source: <a href="https://maps.google.com/?cid=7185033891875404122&g_mp=Cilnb29nbGUubWFwcy5wbGFjZXMudjEuUGxhY2VzLlNlYXJjaE5lYXJieRACGAQgAA">official / current listing</a>]]></description>
      <styleUrl>#groceryBackup</styleUrl>
      <Point><coordinates>-117.302444,33.0843199,0</coordinates></Point>
    </Placemark>
    <Placemark><name>Ponut Organics Pvt Ltd</name>
      <description><![CDATA[Priority 2: Grocery-store backup.<br/>Address: 1800 Abbot Kinney Blvd Unit D & E, Venice, CA 90291, USA<br/>Approximate runner mile: 3.1.<br/>Nearest runner geometry: approximately 0.42 mi straight-line (not a walking detour).<br/>Verification: Google Places business backup (closed temporarily); confirm customer restroom access and hours on race day.<br/>Source: <a href="https://maps.google.com/?cid=3447636212638886853&g_mp=Cilnb29nbGUubWFwcy5wbGFjZXMudjEuUGxhY2VzLlNlYXJjaE5lYXJieRACGAQgAA">official / current listing</a>]]></description>
      <styleUrl>#groceryBackup</styleUrl>
      <Point><coordinates>-118.4574206,33.9942925,0</coordinates></Point>
    </Placemark>
    <Placemark><name>Primo Foods</name>
      <description><![CDATA[Priority 2: Grocery-store backup.<br/>Address: 2801 S El Camino Real, San Clemente, CA 92672, USA<br/>Approximate runner mile: 80.5.<br/>Nearest runner geometry: approximately 0.06 mi straight-line (not a walking detour).<br/>Verification: Google Places business backup (operational); confirm customer restroom access and hours on race day.<br/>Source: <a href="https://maps.google.com/?cid=12594701175665889888&g_mp=Cilnb29nbGUubWFwcy5wbGFjZXMudjEuUGxhY2VzLlNlYXJjaE5lYXJieRACGAQgAA">official / current listing</a>]]></description>
      <styleUrl>#groceryBackup</styleUrl>
      <Point><coordinates>-117.59738669999999,33.405194,0</coordinates></Point>
    </Placemark>
    <Placemark><name>Primo Market</name>
      <description><![CDATA[Priority 2: Grocery-store backup.<br/>Address: 606 Morse St, Oceanside, CA 92054, USA<br/>Approximate runner mile: 83.8.<br/>Nearest runner geometry: approximately 0.08 mi straight-line (not a walking detour).<br/>Verification: Google Places business backup (operational); confirm customer restroom access and hours on race day.<br/>Source: <a href="https://maps.google.com/?cid=2379606095602543502&g_mp=Cilnb29nbGUubWFwcy5wbGFjZXMudjEuUGxhY2VzLlNlYXJjaE5lYXJieRACGAQgAA">official / current listing</a>]]></description>
      <styleUrl>#groceryBackup</styleUrl>
      <Point><coordinates>-117.36402530000001,33.1791729,0</coordinates></Point>
    </Placemark>
    <Placemark><name>Pronto Italian Market</name>
      <description><![CDATA[Priority 2: Grocery-store backup.<br/>Address: 221 Avenida Del Mar #A, San Clemente, CA 92672, USA<br/>Approximate runner mile: 78.7.<br/>Nearest runner geometry: approximately 0.26 mi straight-line (not a walking detour).<br/>Verification: Google Places business backup (operational); confirm customer restroom access and hours on race day.<br/>Source: <a href="https://maps.google.com/?cid=372312506838955372&g_mp=Cilnb29nbGUubWFwcy5wbGFjZXMudjEuUGxhY2VzLlNlYXJjaE5lYXJieRACGAQgAA">official / current listing</a>]]></description>
      <styleUrl>#groceryBackup</styleUrl>
      <Point><coordinates>-117.6159598,33.4250518,0</coordinates></Point>
    </Placemark>
    <Placemark><name>Prontos' Gourmet Market</name>
      <description><![CDATA[Priority 2: Grocery-store backup.<br/>Address: 2812 Roosevelt St, Carlsbad, CA 92008, USA<br/>Approximate runner mile: 85.4.<br/>Nearest runner geometry: approximately 0.26 mi straight-line (not a walking detour).<br/>Verification: Google Places business backup (operational); confirm customer restroom access and hours on race day.<br/>Source: <a href="https://maps.google.com/?cid=1227429494284669029&g_mp=Cilnb29nbGUubWFwcy5wbGFjZXMudjEuUGxhY2VzLlNlYXJjaE5lYXJieRACGAQgAA">official / current listing</a>]]></description>
      <styleUrl>#groceryBackup</styleUrl>
      <Point><coordinates>-117.3489024,33.162143799999996,0</coordinates></Point>
    </Placemark>
    <Placemark><name>Pun 99 Cents Plus Market</name>
      <description><![CDATA[Priority 2: Grocery-store backup.<br/>Address: 1501 Magnolia Ave, Long Beach, CA 90813, USA<br/>Approximate runner mile: 33.9.<br/>Nearest runner geometry: approximately 0.25 mi straight-line (not a walking detour).<br/>Verification: Google Places business backup (closed temporarily); confirm customer restroom access and hours on race day.<br/>Source: <a href="https://maps.google.com/?cid=10369895284530621597&g_mp=Cilnb29nbGUubWFwcy5wbGFjZXMudjEuUGxhY2VzLlNlYXJjaE5lYXJieRACGAQgAA">official / current listing</a>]]></description>
      <styleUrl>#groceryBackup</styleUrl>
      <Point><coordinates>-118.1984579,33.7860836,0</coordinates></Point>
    </Placemark>
    <Placemark><name>Pure Green - Juice Bar Huntington Beach</name>
      <description><![CDATA[Priority 2: Grocery-store backup.<br/>Address: 16390 Pacific Coast Hwy, Huntington Beach, CA 92649, USA<br/>Approximate runner mile: 43.3.<br/>Nearest runner geometry: approximately 0.04 mi straight-line (not a walking detour).<br/>Verification: Google Places business backup (operational); confirm customer restroom access and hours on race day.<br/>Source: <a href="https://maps.google.com/?cid=2390894437045315435&g_mp=Cilnb29nbGUubWFwcy5wbGFjZXMudjEuUGxhY2VzLlNlYXJjaE5lYXJieRACGAQgAA">official / current listing</a>]]></description>
      <styleUrl>#groceryBackup</styleUrl>
      <Point><coordinates>-118.07617169999999,33.7242253,0</coordinates></Point>
    </Placemark>
    <Placemark><name>Pure Waterland</name>
      <description><![CDATA[Priority 2: Grocery-store backup.<br/>Address: 8671 State St, South Gate, CA 90280, USA<br/>Approximate runner mile: 19.4.<br/>Nearest runner geometry: approximately 0.09 mi straight-line (not a walking detour).<br/>Verification: Google Places business backup (operational); confirm customer restroom access and hours on race day.<br/>Source: <a href="https://maps.google.com/?cid=13986445316322869256&g_mp=Cilnb29nbGUubWFwcy5wbGFjZXMudjEuUGxhY2VzLlNlYXJjaE5lYXJieRACGAQgAA">official / current listing</a>]]></description>
      <styleUrl>#groceryBackup</styleUrl>
      <Point><coordinates>-118.21240770000001,33.9560147,0</coordinates></Point>
    </Placemark>
    <Placemark><name>Q &amp; M Market</name>
      <description><![CDATA[Priority 2: Grocery-store backup.<br/>Address: 853 E 91st St, Los Angeles, CA 90002, USA<br/>Approximate runner mile: 16.5.<br/>Nearest runner geometry: approximately 0.42 mi straight-line (not a walking detour).<br/>Verification: Google Places business backup (operational); confirm customer restroom access and hours on race day.<br/>Source: <a href="https://maps.google.com/?cid=8784763537161502885&g_mp=Cilnb29nbGUubWFwcy5wbGFjZXMudjEuUGxhY2VzLlNlYXJjaE5lYXJieRACGAQgAA">official / current listing</a>]]></description>
      <styleUrl>#groceryBackup</styleUrl>
      <Point><coordinates>-118.2589227,33.9540121,0</coordinates></Point>
    </Placemark>
    <Placemark><name>Qwik-Korner Deli-Grocery</name>
      <description><![CDATA[Priority 2: Grocery-store backup.<br/>Address: 731 S Hwy 101 # 1A2, Solana Beach, CA 92075, USA<br/>Approximate runner mile: 98.8.<br/>Nearest runner geometry: approximately 0.04 mi straight-line (not a walking detour).<br/>Verification: Google Places business backup (operational); confirm customer restroom access and hours on race day.<br/>Source: <a href="https://maps.google.com/?cid=2600496858984128983&g_mp=Cilnb29nbGUubWFwcy5wbGFjZXMudjEuUGxhY2VzLlNlYXJjaE5lYXJieRACGAQgAA">official / current listing</a>]]></description>
      <styleUrl>#groceryBackup</styleUrl>
      <Point><coordinates>-117.2699545,32.9820991,0</coordinates></Point>
    </Placemark>
    <Placemark><name>R &amp; G Grocery</name>
      <description><![CDATA[Priority 2: Grocery-store backup.<br/>Address: 1650 Obispo Ave, Long Beach, CA 90804, USA<br/>Approximate runner mile: 36.4.<br/>Nearest runner geometry: approximately 0.14 mi straight-line (not a walking detour).<br/>Verification: Google Places business backup (operational); confirm customer restroom access and hours on race day.<br/>Source: <a href="https://maps.google.com/?cid=16008685012327277694&g_mp=Cilnb29nbGUubWFwcy5wbGFjZXMudjEuUGxhY2VzLlNlYXJjaE5lYXJieRACGAQgAA">official / current listing</a>]]></description>
      <styleUrl>#groceryBackup</styleUrl>
      <Point><coordinates>-118.15448260000001,33.7877419,0</coordinates></Point>
    </Placemark>
    <Placemark><name>ROOTS the Beauty Underground</name>
      <description><![CDATA[Priority 2: Grocery-store backup.<br/>Address: 384 Forest Ave #9, Laguna Beach, CA 92651, USA<br/>Approximate runner mile: 65.1.<br/>Nearest runner geometry: approximately 0.21 mi straight-line (not a walking detour).<br/>Verification: Google Places business backup (operational); confirm customer restroom access and hours on race day.<br/>Source: <a href="https://maps.google.com/?cid=2543009498934920325&g_mp=Cilnb29nbGUubWFwcy5wbGFjZXMudjEuUGxhY2VzLlNlYXJjaE5lYXJieRACGAQgAA">official / current listing</a>]]></description>
      <styleUrl>#groceryBackup</styleUrl>
      <Point><coordinates>-117.7819372,33.5447719,0</coordinates></Point>
    </Placemark>
    <Placemark><name>Rainbow Acres Natural Foods</name>
      <description><![CDATA[Priority 2: Grocery-store backup.<br/>Address: 13208 Washington Blvd, Los Angeles, CA 90066, USA<br/>Approximate runner mile: 4.0.<br/>Nearest runner geometry: approximately 0.00 mi straight-line (not a walking detour).<br/>Verification: Google Places business backup (operational); confirm customer restroom access and hours on race day.<br/>Source: <a href="https://maps.google.com/?cid=7176031010461419976&g_mp=Cilnb29nbGUubWFwcy5wbGFjZXMudjEuUGxhY2VzLlNlYXJjaE5lYXJieRACGAQgAA">official / current listing</a>]]></description>
      <styleUrl>#groceryBackup</styleUrl>
      <Point><coordinates>-118.44175899999999,33.993270599999995,0</coordinates></Point>
    </Placemark>
    <Placemark><name>Ralphs</name>
      <description><![CDATA[Priority 2: Grocery-store backup.<br/>Address: 910 Lincoln Blvd, Venice, CA 90291, USA<br/>Approximate runner mile: 2.5.<br/>Nearest runner geometry: approximately 0.64 mi straight-line (not a walking detour).<br/>Verification: Google Places business backup (operational); confirm customer restroom access and hours on race day.<br/>Source: <a href="https://maps.google.com/?cid=10904904900497633447&g_mp=Cilnb29nbGUubWFwcy5wbGFjZXMudjEuUGxhY2VzLlNlYXJjaE5lYXJieRACGAQgAA">official / current listing</a>]]></description>
      <styleUrl>#groceryBackup</styleUrl>
      <Point><coordinates>-118.46129719999999,33.999184,0</coordinates></Point>
    </Placemark>
    <Placemark><name>Ralphs</name>
      <description><![CDATA[Priority 2: Grocery-store backup.<br/>Address: 5245 W Centinela Ave, Los Angeles, CA 90045, USA<br/>Approximate runner mile: 9.0.<br/>Nearest runner geometry: approximately 0.94 mi straight-line (not a walking detour).<br/>Verification: Google Places business backup (operational); confirm customer restroom access and hours on race day.<br/>Source: <a href="https://maps.google.com/?cid=9313301585996894766&g_mp=Cilnb29nbGUubWFwcy5wbGFjZXMudjEuUGxhY2VzLlNlYXJjaE5lYXJieRACGAQgAA">official / current listing</a>]]></description>
      <styleUrl>#groceryBackup</styleUrl>
      <Point><coordinates>-118.37156639999999,33.9790324,0</coordinates></Point>
    </Placemark>
    <Placemark><name>Ralphs</name>
      <description><![CDATA[Priority 2: Grocery-store backup.<br/>Address: 8824 S Sepulveda Blvd, Los Angeles, CA 90045, USA<br/>Approximate runner mile: 8.3.<br/>Nearest runner geometry: approximately 0.95 mi straight-line (not a walking detour).<br/>Verification: Google Places business backup (operational); confirm customer restroom access and hours on race day.<br/>Source: <a href="https://maps.google.com/?cid=12786648995507866512&g_mp=Cilnb29nbGUubWFwcy5wbGFjZXMudjEuUGxhY2VzLlNlYXJjaE5lYXJieRACGAQgAA">official / current listing</a>]]></description>
      <styleUrl>#groceryBackup</styleUrl>
      <Point><coordinates>-118.39780209999999,33.9563146,0</coordinates></Point>
    </Placemark>
    <Placemark><name>Ralphs</name>
      <description><![CDATA[Priority 2: Grocery-store backup.<br/>Address: 950 N La Brea Ave, Inglewood, CA 90302, USA<br/>Approximate runner mile: 10.7.<br/>Nearest runner geometry: approximately 0.94 mi straight-line (not a walking detour).<br/>Verification: Google Places business backup (operational); confirm customer restroom access and hours on race day.<br/>Source: <a href="https://maps.google.com/?cid=3819233243758873966&g_mp=Cilnb29nbGUubWFwcy5wbGFjZXMudjEuUGxhY2VzLlNlYXJjaE5lYXJieRACGAQgAA">official / current listing</a>]]></description>
      <styleUrl>#groceryBackup</styleUrl>
      <Point><coordinates>-118.35703439999999,33.975426999999996,0</coordinates></Point>
    </Placemark>
    <Placemark><name>Ralphs</name>
      <description><![CDATA[Priority 2: Grocery-store backup.<br/>Address: 1730 W Manchester Ave, Los Angeles, CA 90047, USA<br/>Approximate runner mile: 13.7.<br/>Nearest runner geometry: approximately 0.04 mi straight-line (not a walking detour).<br/>Verification: Google Places business backup (operational); confirm customer restroom access and hours on race day.<br/>Source: <a href="https://maps.google.com/?cid=6832031248564669848&g_mp=Cilnb29nbGUubWFwcy5wbGFjZXMudjEuUGxhY2VzLlNlYXJjaE5lYXJieRACGAQgAA">official / current listing</a>]]></description>
      <styleUrl>#groceryBackup</styleUrl>
      <Point><coordinates>-118.3079656,33.9593106,0</coordinates></Point>
    </Placemark>
    <Placemark><name>Ralphs</name>
      <description><![CDATA[Priority 2: Grocery-store backup.<br/>Address: 1930 N Lakewood Blvd, Long Beach, CA 90815, USA<br/>Approximate runner mile: 37.1.<br/>Nearest runner geometry: approximately 0.20 mi straight-line (not a walking detour).<br/>Verification: Google Places business backup (operational); confirm customer restroom access and hours on race day.<br/>Source: <a href="https://maps.google.com/?cid=1833952048321855340&g_mp=Cilnb29nbGUubWFwcy5wbGFjZXMudjEuUGxhY2VzLlNlYXJjaE5lYXJieRACGAQgAA">official / current listing</a>]]></description>
      <styleUrl>#groceryBackup</styleUrl>
      <Point><coordinates>-118.14143120000001,33.792139399999996,0</coordinates></Point>
    </Placemark>
    <Placemark><name>Ralphs</name>
      <description><![CDATA[Priority 2: Grocery-store backup.<br/>Address: 24871 Del Prado Ave, Dana Point, CA 92629, USA<br/>Approximate runner mile: 72.7.<br/>Nearest runner geometry: approximately 0.10 mi straight-line (not a walking detour).<br/>Verification: Google Places business backup (operational); confirm customer restroom access and hours on race day.<br/>Source: <a href="https://maps.google.com/?cid=10845275495556063499&g_mp=Cilnb29nbGUubWFwcy5wbGFjZXMudjEuUGxhY2VzLlNlYXJjaE5lYXJieRACGAQgAA">official / current listing</a>]]></description>
      <styleUrl>#groceryBackup</styleUrl>
      <Point><coordinates>-117.69603569999998,33.4666023,0</coordinates></Point>
    </Placemark>
    <Placemark><name>Ralphs</name>
      <description><![CDATA[Priority 2: Grocery-store backup.<br/>Address: 638 Camino De Los Mares, San Clemente, CA 92673, USA<br/>Approximate runner mile: 75.4.<br/>Nearest runner geometry: approximately 0.61 mi straight-line (not a walking detour).<br/>Verification: Google Places business backup (operational); confirm customer restroom access and hours on race day.<br/>Source: <a href="https://maps.google.com/?cid=668417617286375754&g_mp=Cilnb29nbGUubWFwcy5wbGFjZXMudjEuUGxhY2VzLlNlYXJjaE5lYXJieRACGAQgAA">official / current listing</a>]]></description>
      <styleUrl>#groceryBackup</styleUrl>
      <Point><coordinates>-117.651534,33.457429,0</coordinates></Point>
    </Placemark>
    <Placemark><name>Ralphs</name>
      <description><![CDATA[Priority 2: Grocery-store backup.<br/>Address: 903 S El Camino Real, San Clemente, CA 92672, USA<br/>Approximate runner mile: 79.1.<br/>Nearest runner geometry: approximately 0.02 mi straight-line (not a walking detour).<br/>Verification: Google Places business backup (operational); confirm customer restroom access and hours on race day.<br/>Source: <a href="https://maps.google.com/?cid=51281004209601112&g_mp=Cilnb29nbGUubWFwcy5wbGFjZXMudjEuUGxhY2VzLlNlYXJjaE5lYXJieRACGAQgAA">official / current listing</a>]]></description>
      <styleUrl>#groceryBackup</styleUrl>
      <Point><coordinates>-117.6086663,33.422842599999996,0</coordinates></Point>
    </Placemark>
    <Placemark><name>Ralphs</name>
      <description><![CDATA[Priority 2: Grocery-store backup.<br/>Address: 4315 Mission Blvd, San Diego, CA 92109, USA<br/>Approximate runner mile: 114.3.<br/>Nearest runner geometry: approximately 0.17 mi straight-line (not a walking detour).<br/>Verification: Google Places business backup (operational); confirm customer restroom access and hours on race day.<br/>Source: <a href="https://maps.google.com/?cid=3008825475471490752&g_mp=Cilnb29nbGUubWFwcy5wbGFjZXMudjEuUGxhY2VzLlNlYXJjaE5lYXJieRACGAQgAA">official / current listing</a>]]></description>
      <styleUrl>#groceryBackup</styleUrl>
      <Point><coordinates>-117.25412960000001,32.794280199999996,0</coordinates></Point>
    </Placemark>
    <Placemark><name>Ralphs Circle Center</name>
      <description><![CDATA[Priority 2: Grocery-store backup.<br/>Address: 1900 N Lakewood Blvd, Long Beach, CA 90815, USA<br/>Approximate runner mile: 37.1.<br/>Nearest runner geometry: approximately 0.20 mi straight-line (not a walking detour).<br/>Verification: Google Places business backup (operational); confirm customer restroom access and hours on race day.<br/>Source: <a href="https://maps.google.com/?cid=3813975504144306025&g_mp=Cilnb29nbGUubWFwcy5wbGFjZXMudjEuUGxhY2VzLlNlYXJjaE5lYXJieRACGAQgAA">official / current listing</a>]]></description>
      <styleUrl>#groceryBackup</styleUrl>
      <Point><coordinates>-118.1415217,33.792120499999996,0</coordinates></Point>
    </Placemark>
    <Placemark><name>Ralphs Fresh Fare</name>
      <description><![CDATA[Priority 2: Grocery-store backup.<br/>Address: 4311 Lincoln Blvd, Marina Del Rey, CA 90292, USA<br/>Approximate runner mile: 3.6.<br/>Nearest runner geometry: approximately 0.49 mi straight-line (not a walking detour).<br/>Verification: Google Places business backup (operational); confirm customer restroom access and hours on race day.<br/>Source: <a href="https://maps.google.com/?cid=600117457356520173&g_mp=Cilnb29nbGUubWFwcy5wbGFjZXMudjEuUGxhY2VzLlNlYXJjaE5lYXJieRACGAQgAA">official / current listing</a>]]></description>
      <styleUrl>#groceryBackup</styleUrl>
      <Point><coordinates>-118.4432258,33.9842533,0</coordinates></Point>
    </Placemark>
    <Placemark><name>Ralphs Fresh Fare</name>
      <description><![CDATA[Priority 2: Grocery-store backup.<br/>Address: 6290 E Pacific Coast Hwy, Long Beach, CA 90803, USA<br/>Approximate runner mile: 39.7.<br/>Nearest runner geometry: approximately 0.10 mi straight-line (not a walking detour).<br/>Verification: Google Places business backup (operational); confirm customer restroom access and hours on race day.<br/>Source: <a href="https://maps.google.com/?cid=1333276269070741341&g_mp=Cilnb29nbGUubWFwcy5wbGFjZXMudjEuUGxhY2VzLlNlYXJjaE5lYXJieRACGAQgAA">official / current listing</a>]]></description>
      <styleUrl>#groceryBackup</styleUrl>
      <Point><coordinates>-118.11609759999997,33.7609644,0</coordinates></Point>
    </Placemark>
    <Placemark><name>Ralphs Fresh Fare</name>
      <description><![CDATA[Priority 2: Grocery-store backup.<br/>Address: 1150 Irvine Ave, Newport Beach, CA 92660, USA<br/>Approximate runner mile: 56.0.<br/>Nearest runner geometry: approximately 0.88 mi straight-line (not a walking detour).<br/>Verification: Google Places business backup (operational); confirm customer restroom access and hours on race day.<br/>Source: <a href="https://maps.google.com/?cid=1095772750515743428&g_mp=Cilnb29nbGUubWFwcy5wbGFjZXMudjEuUGxhY2VzLlNlYXJjaE5lYXJieRACGAQgAA">official / current listing</a>]]></description>
      <styleUrl>#groceryBackup</styleUrl>
      <Point><coordinates>-117.9067688,33.629402999999996,0</coordinates></Point>
    </Placemark>
    <Placemark><name>Ralphs Fresh Fare</name>
      <description><![CDATA[Priority 2: Grocery-store backup.<br/>Address: 700 S Coast Hwy, Laguna Beach, CA 92651, USA<br/>Approximate runner mile: 65.5.<br/>Nearest runner geometry: approximately 0.04 mi straight-line (not a walking detour).<br/>Verification: Google Places business backup (operational); confirm customer restroom access and hours on race day.<br/>Source: <a href="https://maps.google.com/?cid=10453577489882727556&g_mp=Cilnb29nbGUubWFwcy5wbGFjZXMudjEuUGxhY2VzLlNlYXJjaE5lYXJieRACGAQgAA">official / current listing</a>]]></description>
      <styleUrl>#groceryBackup</styleUrl>
      <Point><coordinates>-117.77880379999999,33.5376281,0</coordinates></Point>
    </Placemark>
    <Placemark><name>Ralphs Fresh Fare</name>
      <description><![CDATA[Priority 2: Grocery-store backup.<br/>Address: 7140 Avenida Encinas, Carlsbad, CA 92011, USA<br/>Approximate runner mile: 90.1.<br/>Nearest runner geometry: approximately 0.40 mi straight-line (not a walking detour).<br/>Verification: Google Places business backup (operational); confirm customer restroom access and hours on race day.<br/>Source: <a href="https://maps.google.com/?cid=16905626056728453846&g_mp=Cilnb29nbGUubWFwcy5wbGFjZXMudjEuUGxhY2VzLlNlYXJjaE5lYXJieRACGAQgAA">official / current listing</a>]]></description>
      <styleUrl>#groceryBackup</styleUrl>
      <Point><coordinates>-117.3104647,33.101154199999996,0</coordinates></Point>
    </Placemark>
    <Placemark><name>Ralphs Fresh Fare</name>
      <description><![CDATA[Priority 2: Grocery-store backup.<br/>Address: 8657 Villa La Jolla Dr, La Jolla, CA 92037, USA<br/>Approximate runner mile: 107.1.<br/>Nearest runner geometry: approximately 0.90 mi straight-line (not a walking detour).<br/>Verification: Google Places business backup (operational); confirm customer restroom access and hours on race day.<br/>Source: <a href="https://maps.google.com/?cid=9174553608735921014&g_mp=Cilnb29nbGUubWFwcy5wbGFjZXMudjEuUGxhY2VzLlNlYXJjaE5lYXJieRACGAQgAA">official / current listing</a>]]></description>
      <styleUrl>#groceryBackup</styleUrl>
      <Point><coordinates>-117.2319301,32.866013099999996,0</coordinates></Point>
    </Placemark>
    <Placemark><name>Ralphs — South San Clemente</name>
      <description><![CDATA[Priority 2: Grocery-store backup.<br/>Address: 903 S El Camino Real, San Clemente, CA 92672<br/>Approximate runner mile: 79.6.<br/>Nearest runner geometry: approximately 0.30 mi straight-line (not a walking detour).<br/>Verification: Business backup only; confirm race-day hours and customer restroom access before relying on it.<br/>Source: <a href="https://www.ralphs.com/stores/grocery/ca/san-clemente/s-san-clemente/703/00221">official / current listing</a>]]></description>
      <styleUrl>#groceryBackup</styleUrl>
      <Point><coordinates>-117.6092,33.4146,0</coordinates></Point>
    </Placemark>
    <Placemark><name>Ramirez Ranch Market</name>
      <description><![CDATA[Priority 2: Grocery-store backup.<br/>Address: 4945 Long Beach Blvd, Long Beach, CA 90807, USA<br/>Approximate runner mile: 29.7.<br/>Nearest runner geometry: approximately 0.50 mi straight-line (not a walking detour).<br/>Verification: Google Places business backup (operational); confirm customer restroom access and hours on race day.<br/>Source: <a href="https://maps.google.com/?cid=17691973675038422404&g_mp=Cilnb29nbGUubWFwcy5wbGFjZXMudjEuUGxhY2VzLlNlYXJjaE5lYXJieRACGAQgAA">official / current listing</a>]]></description>
      <styleUrl>#groceryBackup</styleUrl>
      <Point><coordinates>-118.19379409999999,33.845811,0</coordinates></Point>
    </Placemark>
    <Placemark><name>Rapido Long Beach Market</name>
      <description><![CDATA[Priority 2: Grocery-store backup.<br/>Address: 6820 Long Beach Blvd, Long Beach, CA 90805, USA<br/>Approximate runner mile: 27.4.<br/>Nearest runner geometry: approximately 0.84 mi straight-line (not a walking detour).<br/>Verification: Google Places business backup (operational); confirm customer restroom access and hours on race day.<br/>Source: <a href="https://maps.google.com/?cid=9018944443196456413&g_mp=Cilnb29nbGUubWFwcy5wbGFjZXMudjEuUGxhY2VzLlNlYXJjaE5lYXJieRACGAQgAA">official / current listing</a>]]></description>
      <styleUrl>#groceryBackup</styleUrl>
      <Point><coordinates>-118.20362349999999,33.8781414,0</coordinates></Point>
    </Placemark>
    <Placemark><name>Raul's Market</name>
      <description><![CDATA[Priority 2: Grocery-store backup.<br/>Address: 1939 Nadeau St, Los Angeles, CA 90001, USA<br/>Approximate runner mile: 17.8.<br/>Nearest runner geometry: approximately 0.51 mi straight-line (not a walking detour).<br/>Verification: Google Places business backup (operational); confirm customer restroom access and hours on race day.<br/>Source: <a href="https://maps.google.com/?cid=13360427277699919817&g_mp=Cilnb29nbGUubWFwcy5wbGFjZXMudjEuUGxhY2VzLlNlYXJjaE5lYXJieRACGAQgAA">official / current listing</a>]]></description>
      <styleUrl>#groceryBackup</styleUrl>
      <Point><coordinates>-118.2376403,33.967717,0</coordinates></Point>
    </Placemark>
    <Placemark><name>Ray &amp; Roy's Market</name>
      <description><![CDATA[Priority 2: Grocery-store backup.<br/>Address: 2093 Pacific Ave, Long Beach, CA 90806, USA<br/>Approximate runner mile: 34.1.<br/>Nearest runner geometry: approximately 0.38 mi straight-line (not a walking detour).<br/>Verification: Google Places business backup (operational); confirm customer restroom access and hours on race day.<br/>Source: <a href="https://maps.google.com/?cid=11852407574984963883&g_mp=Cilnb29nbGUubWFwcy5wbGFjZXMudjEuUGxhY2VzLlNlYXJjaE5lYXJieRACGAQgAA">official / current listing</a>]]></description>
      <styleUrl>#groceryBackup</styleUrl>
      <Point><coordinates>-118.19398350000002,33.7952076,0</coordinates></Point>
    </Placemark>
    <Placemark><name>Raymond Market</name>
      <description><![CDATA[Priority 2: Grocery-store backup.<br/>Address: 7305 Raymond Ave, Los Angeles, CA 90044, USA<br/>Approximate runner mile: 14.2.<br/>Nearest runner geometry: approximately 0.94 mi straight-line (not a walking detour).<br/>Verification: Google Places business backup (closed temporarily); confirm customer restroom access and hours on race day.<br/>Source: <a href="https://maps.google.com/?cid=5456534803943924586&g_mp=Cilnb29nbGUubWFwcy5wbGFjZXMudjEuUGxhY2VzLlNlYXJjaE5lYXJieRACGAQgAA">official / current listing</a>]]></description>
      <styleUrl>#groceryBackup</styleUrl>
      <Point><coordinates>-118.29825699999999,33.973504399999996,0</coordinates></Point>
    </Placemark>
    <Placemark><name>Rio Grande Market</name>
      <description><![CDATA[Priority 2: Grocery-store backup.<br/>Address: 8741 S Fir Ave, Los Angeles, CA 90002, USA<br/>Approximate runner mile: 17.8.<br/>Nearest runner geometry: approximately 0.22 mi straight-line (not a walking detour).<br/>Verification: Google Places business backup (operational); confirm customer restroom access and hours on race day.<br/>Source: <a href="https://maps.google.com/?cid=15548202874065595661&g_mp=Cilnb29nbGUubWFwcy5wbGFjZXMudjEuUGxhY2VzLlNlYXJjaE5lYXJieRACGAQgAA">official / current listing</a>]]></description>
      <styleUrl>#groceryBackup</styleUrl>
      <Point><coordinates>-118.2375754,33.957035999999995,0</coordinates></Point>
    </Placemark>
    <Placemark><name>Rivera's Market</name>
      <description><![CDATA[Priority 2: Grocery-store backup.<br/>Address: 16200 Hunsaker Ave, Paramount, CA 90723, USA<br/>Approximate runner mile: 26.6.<br/>Nearest runner geometry: approximately 0.19 mi straight-line (not a walking detour).<br/>Verification: Google Places business backup (operational); confirm customer restroom access and hours on race day.<br/>Source: <a href="https://maps.google.com/?cid=7273416526822143945&g_mp=Cilnb29nbGUubWFwcy5wbGFjZXMudjEuUGxhY2VzLlNlYXJjaE5lYXJieRACGAQgAA">official / current listing</a>]]></description>
      <styleUrl>#groceryBackup</styleUrl>
      <Point><coordinates>-118.1837858,33.8872765,0</coordinates></Point>
    </Placemark>
    <Placemark><name>Riverside Supermarket</name>
      <description><![CDATA[Priority 2: Grocery-store backup.<br/>Address: 1842 E Anaheim St, Long Beach, CA 90813, USA<br/>Approximate runner mile: 35.5.<br/>Nearest runner geometry: approximately 0.51 mi straight-line (not a walking detour).<br/>Verification: Google Places business backup (operational); confirm customer restroom access and hours on race day.<br/>Source: <a href="https://maps.google.com/?cid=7746380672009006365&g_mp=Cilnb29nbGUubWFwcy5wbGFjZXMudjEuUGxhY2VzLlNlYXJjaE5lYXJieRACGAQgAA">official / current listing</a>]]></description>
      <styleUrl>#groceryBackup</styleUrl>
      <Point><coordinates>-118.1691797,33.7824111,0</coordinates></Point>
    </Placemark>
    <Placemark><name>Robert's Market</name>
      <description><![CDATA[Priority 2: Grocery-store backup.<br/>Address: 5744 W Manchester Ave, Los Angeles, CA 90045, USA<br/>Approximate runner mile: 9.4.<br/>Nearest runner geometry: approximately 0.47 mi straight-line (not a walking detour).<br/>Verification: Google Places business backup (operational); confirm customer restroom access and hours on race day.<br/>Source: <a href="https://maps.google.com/?cid=3226631450314116670&g_mp=Cilnb29nbGUubWFwcy5wbGFjZXMudjEuUGxhY2VzLlNlYXJjaE5lYXJieRACGAQgAA">official / current listing</a>]]></description>
      <styleUrl>#groceryBackup</styleUrl>
      <Point><coordinates>-118.3819724,33.9596596,0</coordinates></Point>
    </Placemark>
    <Placemark><name>Rock Ridge Jerky LLC</name>
      <description><![CDATA[Priority 2: Grocery-store backup.<br/>Address: 475 Washington Blvd, Marina Del Rey, CA 90292, USA<br/>Approximate runner mile: 2.9.<br/>Nearest runner geometry: approximately 0.40 mi straight-line (not a walking detour).<br/>Verification: Google Places business backup (operational); confirm customer restroom access and hours on race day.<br/>Source: <a href="https://maps.google.com/?cid=238096676608201579&g_mp=Cilnb29nbGUubWFwcy5wbGFjZXMudjEuUGxhY2VzLlNlYXJjaE5lYXJieRACGAQgAA">official / current listing</a>]]></description>
      <styleUrl>#groceryBackup</styleUrl>
      <Point><coordinates>-118.4618869,33.9825137,0</coordinates></Point>
    </Placemark>
    <Placemark><name>Roger's Place and Market</name>
      <description><![CDATA[Priority 2: Grocery-store backup.<br/>Address: 9249 S Scholars Dr, La Jolla, CA 92093, USA<br/>Approximate runner mile: 106.8.<br/>Nearest runner geometry: approximately 0.12 mi straight-line (not a walking detour).<br/>Verification: Google Places business backup (operational); confirm customer restroom access and hours on race day.<br/>Source: <a href="https://maps.google.com/?cid=11290411252416056090&g_mp=Cilnb29nbGUubWFwcy5wbGFjZXMudjEuUGxhY2VzLlNlYXJjaE5lYXJieRACGAQgAA">official / current listing</a>]]></description>
      <styleUrl>#groceryBackup</styleUrl>
      <Point><coordinates>-117.24226489999998,32.874531999999995,0</coordinates></Point>
    </Placemark>
    <Placemark><name>Rosemonts Cafe</name>
      <description><![CDATA[Priority 2: Grocery-store backup.<br/>Address: 6830 La Jolla Blvd #101, La Jolla, CA 92037, USA<br/>Approximate runner mile: 111.4.<br/>Nearest runner geometry: approximately 0.02 mi straight-line (not a walking detour).<br/>Verification: Google Places business backup (operational); confirm customer restroom access and hours on race day.<br/>Source: <a href="https://maps.google.com/?cid=18127669167145200790&g_mp=Cilnb29nbGUubWFwcy5wbGFjZXMudjEuUGxhY2VzLlNlYXJjaE5lYXJieRACGAQgAA">official / current listing</a>]]></description>
      <styleUrl>#groceryBackup</styleUrl>
      <Point><coordinates>-117.27665900000001,32.8311437,0</coordinates></Point>
    </Placemark>
    <Placemark><name>Rosie's Market</name>
      <description><![CDATA[Priority 2: Grocery-store backup.<br/>Address: 7701 S Hoover St, Los Angeles, CA 90044, USA<br/>Approximate runner mile: 14.9.<br/>Nearest runner geometry: approximately 0.67 mi straight-line (not a walking detour).<br/>Verification: Google Places business backup (operational); confirm customer restroom access and hours on race day.<br/>Source: <a href="https://maps.google.com/?cid=15372337733007611441&g_mp=Cilnb29nbGUubWFwcy5wbGFjZXMudjEuUGxhY2VzLlNlYXJjaE5lYXJieRACGAQgAA">official / current listing</a>]]></description>
      <styleUrl>#groceryBackup</styleUrl>
      <Point><coordinates>-118.2873012,33.9696494,0</coordinates></Point>
    </Placemark>
    <Placemark><name>Royal Market</name>
      <description><![CDATA[Priority 2: Grocery-store backup.<br/>Address: 3356 Santa Fe Ave, Long Beach, CA 90810, USA<br/>Approximate runner mile: 31.5.<br/>Nearest runner geometry: approximately 0.60 mi straight-line (not a walking detour).<br/>Verification: Google Places business backup (operational); confirm customer restroom access and hours on race day.<br/>Source: <a href="https://maps.google.com/?cid=1889647122586194897&g_mp=Cilnb29nbGUubWFwcy5wbGFjZXMudjEuUGxhY2VzLlNlYXJjaE5lYXJieRACGAQgAA">official / current listing</a>]]></description>
      <styleUrl>#groceryBackup</styleUrl>
      <Point><coordinates>-118.21519339999999,33.8182589,0</coordinates></Point>
    </Placemark>
    <Placemark><name>S&amp;P Market</name>
      <description><![CDATA[Priority 2: Grocery-store backup.<br/>Address: 8400 S Figueroa St, Los Angeles, CA 90003, USA<br/>Approximate runner mile: 15.1.<br/>Nearest runner geometry: approximately 0.22 mi straight-line (not a walking detour).<br/>Verification: Google Places business backup (operational); confirm customer restroom access and hours on race day.<br/>Source: <a href="https://maps.google.com/?cid=8010463794264819476&g_mp=Cilnb29nbGUubWFwcy5wbGFjZXMudjEuUGxhY2VzLlNlYXJjaE5lYXJieRACGAQgAA">official / current listing</a>]]></description>
      <styleUrl>#groceryBackup</styleUrl>
      <Point><coordinates>-118.28252829999998,33.963158899999996,0</coordinates></Point>
    </Placemark>
    <Placemark><name>S&amp;S Market</name>
      <description><![CDATA[Priority 2: Grocery-store backup.<br/>Address: 1744 E 92nd St, Los Angeles, CA 90002, USA<br/>Approximate runner mile: 17.5.<br/>Nearest runner geometry: approximately 0.49 mi straight-line (not a walking detour).<br/>Verification: Google Places business backup (operational); confirm customer restroom access and hours on race day.<br/>Source: <a href="https://maps.google.com/?cid=489533575203599773&g_mp=Cilnb29nbGUubWFwcy5wbGFjZXMudjEuUGxhY2VzLlNlYXJjaE5lYXJieRACGAQgAA">official / current listing</a>]]></description>
      <styleUrl>#groceryBackup</styleUrl>
      <Point><coordinates>-118.2418283,33.9531673,0</coordinates></Point>
    </Placemark>
    <Placemark><name>SEABLAST</name>
      <description><![CDATA[Priority 2: Grocery-store backup.<br/>Address: 322 Marine Ave, Balboa Island, CA 92662, USA<br/>Approximate runner mile: 57.1.<br/>Nearest runner geometry: approximately 0.30 mi straight-line (not a walking detour).<br/>Verification: Google Places business backup (operational); confirm customer restroom access and hours on race day.<br/>Source: <a href="https://maps.google.com/?cid=16809019185050889885&g_mp=Cilnb29nbGUubWFwcy5wbGFjZXMudjEuUGxhY2VzLlNlYXJjaE5lYXJieRACGAQgAA">official / current listing</a>]]></description>
      <styleUrl>#groceryBackup</styleUrl>
      <Point><coordinates>-117.88965610000001,33.607994999999995,0</coordinates></Point>
    </Placemark>
    <Placemark><name>SNTSUSHI</name>
      <description><![CDATA[Priority 2: Grocery-store backup.<br/>Address: 5245 W Centinela Ave, Los Angeles, CA 90045, USA<br/>Approximate runner mile: 9.0.<br/>Nearest runner geometry: approximately 0.93 mi straight-line (not a walking detour).<br/>Verification: Google Places business backup (operational); confirm customer restroom access and hours on race day.<br/>Source: <a href="https://maps.google.com/?cid=5753314216863406712&g_mp=Cilnb29nbGUubWFwcy5wbGFjZXMudjEuUGxhY2VzLlNlYXJjaE5lYXJieRACGAQgAA">official / current listing</a>]]></description>
      <styleUrl>#groceryBackup</styleUrl>
      <Point><coordinates>-118.3719437,33.9790779,0</coordinates></Point>
    </Placemark>
    <Placemark><name>Sabor Del Sol</name>
      <description><![CDATA[Priority 2: Grocery-store backup.<br/>Address: Ocean Front Walk &, Oliver Ave, San Diego, CA 92109, USA<br/>Approximate runner mile: 114.2.<br/>Nearest runner geometry: approximately 0.34 mi straight-line (not a walking detour).<br/>Verification: Google Places business backup (operational); confirm customer restroom access and hours on race day.<br/>Source: <a href="https://maps.google.com/?cid=12675429784722793575&g_mp=Cilnb29nbGUubWFwcy5wbGFjZXMudjEuUGxhY2VzLlNlYXJjaE5lYXJieRACGAQgAA">official / current listing</a>]]></description>
      <styleUrl>#groceryBackup</styleUrl>
      <Point><coordinates>-117.2554196,32.7915963,0</coordinates></Point>
    </Placemark>
    <Placemark><name>Salt + Soil | Organic &amp; Seed Oil-Free Private Chef &amp; Meal Delivery</name>
      <description><![CDATA[Priority 2: Grocery-store backup.<br/>Address: 888 Prospect St, La Jolla, CA 92037, USA<br/>Approximate runner mile: 110.1.<br/>Nearest runner geometry: approximately 0.30 mi straight-line (not a walking detour).<br/>Verification: Google Places business backup (operational); confirm customer restroom access and hours on race day.<br/>Source: <a href="https://maps.google.com/?cid=13230252326335181121&g_mp=Cilnb29nbGUubWFwcy5wbGFjZXMudjEuUGxhY2VzLlNlYXJjaE5lYXJieRACGAQgAA">official / current listing</a>]]></description>
      <styleUrl>#groceryBackup</styleUrl>
      <Point><coordinates>-117.27484489999998,32.8466265,0</coordinates></Point>
    </Placemark>
    <Placemark><name>Samosa House - West Culver City</name>
      <description><![CDATA[Priority 2: Grocery-store backup.<br/>Address: 11510 Washington Blvd, Los Angeles, CA 90066, USA<br/>Approximate runner mile: 5.4.<br/>Nearest runner geometry: approximately 0.38 mi straight-line (not a walking detour).<br/>Verification: Google Places business backup (operational); confirm customer restroom access and hours on race day.<br/>Source: <a href="https://maps.google.com/?cid=781926253971036792&g_mp=Cilnb29nbGUubWFwcy5wbGFjZXMudjEuUGxhY2VzLlNlYXJjaE5lYXJieRACGAQgAA">official / current listing</a>]]></description>
      <styleUrl>#groceryBackup</styleUrl>
      <Point><coordinates>-118.41610929999999,34.0009179,0</coordinates></Point>
    </Placemark>
    <Placemark><name>San Clemente Park</name>
      <description><![CDATA[Priority 2: Grocery-store backup.<br/>Address: Public Restroom, 2729 Calle Del Comercio, San Clemente, CA 92672, USA<br/>Approximate runner mile: 80.5.<br/>Nearest runner geometry: approximately 0.10 mi straight-line (not a walking detour).<br/>Verification: Google Places business backup (operational); confirm customer restroom access and hours on race day.<br/>Source: <a href="https://maps.google.com/?cid=15154449752481775118&g_mp=Cilnb29nbGUubWFwcy5wbGFjZXMudjEuUGxhY2VzLlNlYXJjaE5lYXJieRACGAQgAA">official / current listing</a>]]></description>
      <styleUrl>#groceryBackup</styleUrl>
      <Point><coordinates>-117.59706050000001,33.4058029,0</coordinates></Point>
    </Placemark>
    <Placemark><name>San Clemente Ranch Market</name>
      <description><![CDATA[Priority 2: Grocery-store backup.<br/>Address: 101 W El Portal, San Clemente, CA 92672, USA<br/>Approximate runner mile: 78.1.<br/>Nearest runner geometry: approximately 0.05 mi straight-line (not a walking detour).<br/>Verification: Google Places business backup (operational); confirm customer restroom access and hours on race day.<br/>Source: <a href="https://maps.google.com/?cid=15342784518998728972&g_mp=Cilnb29nbGUubWFwcy5wbGFjZXMudjEuUGxhY2VzLlNlYXJjaE5lYXJieRACGAQgAA">official / current listing</a>]]></description>
      <styleUrl>#groceryBackup</styleUrl>
      <Point><coordinates>-117.62154520000001,33.4304184,0</coordinates></Point>
    </Placemark>
    <Placemark><name>San Luis Market</name>
      <description><![CDATA[Priority 2: Grocery-store backup.<br/>Address: 3926 Ardmore Ave, South Gate, CA 90280, USA<br/>Approximate runner mile: 20.1.<br/>Nearest runner geometry: approximately 0.21 mi straight-line (not a walking detour).<br/>Verification: Google Places business backup (operational); confirm customer restroom access and hours on race day.<br/>Source: <a href="https://maps.google.com/?cid=2339132141469195426&g_mp=Cilnb29nbGUubWFwcy5wbGFjZXMudjEuUGxhY2VzLlNlYXJjaE5lYXJieRACGAQgAA">official / current listing</a>]]></description>
      <styleUrl>#groceryBackup</styleUrl>
      <Point><coordinates>-118.20005210000001,33.9566656,0</coordinates></Point>
    </Placemark>
    <Placemark><name>Santa Monica Farms Jr</name>
      <description><![CDATA[Priority 2: Grocery-store backup.<br/>Address: 2015 Main St, Santa Monica, CA 90405, USA<br/>Approximate runner mile: 0.7.<br/>Nearest runner geometry: approximately 0.01 mi straight-line (not a walking detour).<br/>Verification: Google Places business backup (operational); confirm customer restroom access and hours on race day.<br/>Source: <a href="https://maps.google.com/?cid=5588601818561562191&g_mp=Cilnb29nbGUubWFwcy5wbGFjZXMudjEuUGxhY2VzLlNlYXJjaE5lYXJieRACGAQgAA">official / current listing</a>]]></description>
      <styleUrl>#groceryBackup</styleUrl>
      <Point><coordinates>-118.4884717,34.0069051,0</coordinates></Point>
    </Placemark>
    <Placemark><name>Santa Monica Market</name>
      <description><![CDATA[Priority 2: Grocery-store backup.<br/>Address: 2015 Main St, Santa Monica, CA 90405, USA<br/>Approximate runner mile: 0.7.<br/>Nearest runner geometry: approximately 0.02 mi straight-line (not a walking detour).<br/>Verification: Google Places business backup (operational); confirm customer restroom access and hours on race day.<br/>Source: <a href="https://maps.google.com/?cid=863847452658396747&g_mp=Cilnb29nbGUubWFwcy5wbGFjZXMudjEuUGxhY2VzLlNlYXJjaE5lYXJieRACGAQgAA">official / current listing</a>]]></description>
      <styleUrl>#groceryBackup</styleUrl>
      <Point><coordinates>-118.4883289,34.0069502,0</coordinates></Point>
    </Placemark>
    <Placemark><name>Santa’s Garden</name>
      <description><![CDATA[Priority 2: Grocery-store backup.<br/>Address: 1131 Back Bay Dr, Newport Beach, CA 92660, USA<br/>Approximate runner mile: 56.9.<br/>Nearest runner geometry: approximately 0.26 mi straight-line (not a walking detour).<br/>Verification: Google Places business backup (operational); confirm customer restroom access and hours on race day.<br/>Source: <a href="https://maps.google.com/?cid=237787391986464191&g_mp=Cilnb29nbGUubWFwcy5wbGFjZXMudjEuUGxhY2VzLlNlYXJjaE5lYXJieRACGAQgAA">official / current listing</a>]]></description>
      <styleUrl>#groceryBackup</styleUrl>
      <Point><coordinates>-117.8911308,33.61655,0</coordinates></Point>
    </Placemark>
    <Placemark><name>Seal Beach Center</name>
      <description><![CDATA[Priority 2: Grocery-store backup.<br/>Address: 901-1101 Pacific Coast Hwy, Seal Beach, CA 90740, USA<br/>Approximate runner mile: 41.2.<br/>Nearest runner geometry: approximately 0.07 mi straight-line (not a walking detour).<br/>Verification: Google Places business backup (operational); confirm customer restroom access and hours on race day.<br/>Source: <a href="https://maps.google.com/?cid=6906905474471528969&g_mp=Cilnb29nbGUubWFwcy5wbGFjZXMudjEuUGxhY2VzLlNlYXJjaE5lYXJieRACGAQgAA">official / current listing</a>]]></description>
      <styleUrl>#groceryBackup</styleUrl>
      <Point><coordinates>-118.1009427,33.7445513,0</coordinates></Point>
    </Placemark>
    <Placemark><name>Seventh Market</name>
      <description><![CDATA[Priority 2: Grocery-store backup.<br/>Address: 10133 Scholars Dr N, La Jolla, CA 92093, USA<br/>Approximate runner mile: 105.9.<br/>Nearest runner geometry: approximately 0.10 mi straight-line (not a walking detour).<br/>Verification: Google Places business backup (closed temporarily); confirm customer restroom access and hours on race day.<br/>Source: <a href="https://maps.google.com/?cid=12208520044459791435&g_mp=Cilnb29nbGUubWFwcy5wbGFjZXMudjEuUGxhY2VzLlNlYXJjaE5lYXJieRACGAQgAA">official / current listing</a>]]></description>
      <styleUrl>#groceryBackup</styleUrl>
      <Point><coordinates>-117.2419809,32.8876737,0</coordinates></Point>
    </Placemark>
    <Placemark><name>Shine Natural Market</name>
      <description><![CDATA[Priority 2: Grocery-store backup.<br/>Address: 937 S Coast Hwy 101 C-110, Encinitas, CA 92024, USA<br/>Approximate runner mile: 94.5.<br/>Nearest runner geometry: approximately 0.04 mi straight-line (not a walking detour).<br/>Verification: Google Places business backup (operational); confirm customer restroom access and hours on race day.<br/>Source: <a href="https://maps.google.com/?cid=16145604110066733741&g_mp=Cilnb29nbGUubWFwcy5wbGFjZXMudjEuUGxhY2VzLlNlYXJjaE5lYXJieRACGAQgAA">official / current listing</a>]]></description>
      <styleUrl>#groceryBackup</styleUrl>
      <Point><coordinates>-117.29250329999999,33.040394,0</coordinates></Point>
    </Placemark>
    <Placemark><name>Smallgoods Cheese Shop &amp; Cafe</name>
      <description><![CDATA[Priority 2: Grocery-store backup.<br/>Address: 7524 La Jolla Blvd, La Jolla, CA 92037, USA<br/>Approximate runner mile: 110.5.<br/>Nearest runner geometry: approximately 0.31 mi straight-line (not a walking detour).<br/>Verification: Google Places business backup (operational); confirm customer restroom access and hours on race day.<br/>Source: <a href="https://maps.google.com/?cid=8426398881072879918&g_mp=Cilnb29nbGUubWFwcy5wbGFjZXMudjEuUGxhY2VzLlNlYXJjaE5lYXJieRACGAQgAA">official / current listing</a>]]></description>
      <styleUrl>#groceryBackup</styleUrl>
      <Point><coordinates>-117.27892209999999,32.8396007,0</coordinates></Point>
    </Placemark>
    <Placemark><name>Smart &amp; Final</name>
      <description><![CDATA[Priority 2: Grocery-store backup.<br/>Address: 1575 Centinela Ave, Inglewood, CA 90302, USA<br/>Approximate runner mile: 9.8.<br/>Nearest runner geometry: approximately 0.93 mi straight-line (not a walking detour).<br/>Verification: Google Places business backup (operational); confirm customer restroom access and hours on race day.<br/>Source: <a href="https://maps.google.com/?cid=5960234930965949610&g_mp=Cilnb29nbGUubWFwcy5wbGFjZXMudjEuUGxhY2VzLlNlYXJjaE5lYXJieRACGAQgAA">official / current listing</a>]]></description>
      <styleUrl>#groceryBackup</styleUrl>
      <Point><coordinates>-118.36632270000001,33.9766039,0</coordinates></Point>
    </Placemark>
    <Placemark><name>Smart &amp; Final</name>
      <description><![CDATA[Priority 2: Grocery-store backup.<br/>Address: 8137 S Vermont Ave, Los Angeles, CA 90044, USA<br/>Approximate runner mile: 14.6.<br/>Nearest runner geometry: approximately 0.33 mi straight-line (not a walking detour).<br/>Verification: Google Places business backup (operational); confirm customer restroom access and hours on race day.<br/>Source: <a href="https://maps.google.com/?cid=18106420242913389177&g_mp=Cilnb29nbGUubWFwcy5wbGFjZXMudjEuUGxhY2VzLlNlYXJjaE5lYXJieRACGAQgAA">official / current listing</a>]]></description>
      <styleUrl>#groceryBackup</styleUrl>
      <Point><coordinates>-118.29217899999999,33.9647443,0</coordinates></Point>
    </Placemark>
    <Placemark><name>Smart &amp; Final</name>
      <description><![CDATA[Priority 2: Grocery-store backup.<br/>Address: 20410 S Susana Rd, Carson, CA 90810, USA<br/>Approximate runner mile: 29.6.<br/>Nearest runner geometry: approximately 0.20 mi straight-line (not a walking detour).<br/>Verification: Google Places business backup (operational); confirm customer restroom access and hours on race day.<br/>Source: <a href="https://maps.google.com/?cid=8705800190916467696&g_mp=Cilnb29nbGUubWFwcy5wbGFjZXMudjEuUGxhY2VzLlNlYXJjaE5lYXJieRACGAQgAA">official / current listing</a>]]></description>
      <styleUrl>#groceryBackup</styleUrl>
      <Point><coordinates>-118.20615989999999,33.8460908,0</coordinates></Point>
    </Placemark>
    <Placemark><name>Smart &amp; Final Extra!</name>
      <description><![CDATA[Priority 2: Grocery-store backup.<br/>Address: 604 Lincoln Blvd, Venice, CA 90291, USA<br/>Approximate runner mile: 2.3.<br/>Nearest runner geometry: approximately 0.68 mi straight-line (not a walking detour).<br/>Verification: Google Places business backup (operational); confirm customer restroom access and hours on race day.<br/>Source: <a href="https://maps.google.com/?cid=2392167389795895254&g_mp=Cilnb29nbGUubWFwcy5wbGFjZXMudjEuUGxhY2VzLlNlYXJjaE5lYXJieRACGAQgAA">official / current listing</a>]]></description>
      <styleUrl>#groceryBackup</styleUrl>
      <Point><coordinates>-118.46421579999999,34.000636799999995,0</coordinates></Point>
    </Placemark>
    <Placemark><name>Smart &amp; Final Extra!</name>
      <description><![CDATA[Priority 2: Grocery-store backup.<br/>Address: 1320 Atlantic Ave, Long Beach, CA 90813, USA<br/>Approximate runner mile: 34.7.<br/>Nearest runner geometry: approximately 0.46 mi straight-line (not a walking detour).<br/>Verification: Google Places business backup (operational); confirm customer restroom access and hours on race day.<br/>Source: <a href="https://maps.google.com/?cid=9236435766722148950&g_mp=Cilnb29nbGUubWFwcy5wbGFjZXMudjEuUGxhY2VzLlNlYXJjaE5lYXJieRACGAQgAA">official / current listing</a>]]></description>
      <styleUrl>#groceryBackup</styleUrl>
      <Point><coordinates>-118.184216,33.7831148,0</coordinates></Point>
    </Placemark>
    <Placemark><name>Smart &amp; Final Extra!</name>
      <description><![CDATA[Priority 2: Grocery-store backup.<br/>Address: 34091 Doheny Park Rd, Capistrano Beach, CA 92624, USA<br/>Approximate runner mile: 73.9.<br/>Nearest runner geometry: approximately 0.35 mi straight-line (not a walking detour).<br/>Verification: Google Places business backup (operational); confirm customer restroom access and hours on race day.<br/>Source: <a href="https://maps.google.com/?cid=14338995620824476643&g_mp=Cilnb29nbGUubWFwcy5wbGFjZXMudjEuUGxhY2VzLlNlYXJjaE5lYXJieRACGAQgAA">official / current listing</a>]]></description>
      <styleUrl>#groceryBackup</styleUrl>
      <Point><coordinates>-117.67795389999999,33.4678231,0</coordinates></Point>
    </Placemark>
    <Placemark><name>Smart &amp; Final Extra!</name>
      <description><![CDATA[Priority 2: Grocery-store backup.<br/>Address: 1737 Oceanside Blvd, Oceanside, CA 92054, USA<br/>Approximate runner mile: 83.3.<br/>Nearest runner geometry: approximately 0.68 mi straight-line (not a walking detour).<br/>Verification: Google Places business backup (operational); confirm customer restroom access and hours on race day.<br/>Source: <a href="https://maps.google.com/?cid=13235739574299866607&g_mp=Cilnb29nbGUubWFwcy5wbGFjZXMudjEuUGxhY2VzLlNlYXJjaE5lYXJieRACGAQgAA">official / current listing</a>]]></description>
      <styleUrl>#groceryBackup</styleUrl>
      <Point><coordinates>-117.36002329999998,33.189659299999995,0</coordinates></Point>
    </Placemark>
    <Placemark><name>Smart &amp; Final Extra!</name>
      <description><![CDATA[Priority 2: Grocery-store backup.<br/>Address: 479 Encinitas Blvd, Encinitas, CA 92024, USA<br/>Approximate runner mile: 94.2.<br/>Nearest runner geometry: approximately 0.66 mi straight-line (not a walking detour).<br/>Verification: Google Places business backup (operational); confirm customer restroom access and hours on race day.<br/>Source: <a href="https://maps.google.com/?cid=11797755929645222786&g_mp=Cilnb29nbGUubWFwcy5wbGFjZXMudjEuUGxhY2VzLlNlYXJjaE5lYXJieRACGAQgAA">official / current listing</a>]]></description>
      <styleUrl>#groceryBackup</styleUrl>
      <Point><coordinates>-117.28225509999999,33.0464579,0</coordinates></Point>
    </Placemark>
    <Placemark><name>Smart Tobacco</name>
      <description><![CDATA[Priority 2: Grocery-store backup.<br/>Address: 533 W Manchester Ave, Los Angeles, CA 90044, USA<br/>Approximate runner mile: 15.0.<br/>Nearest runner geometry: approximately 0.02 mi straight-line (not a walking detour).<br/>Verification: Google Places business backup (operational); confirm customer restroom access and hours on race day.<br/>Source: <a href="https://maps.google.com/?cid=4283420706478641311&g_mp=Cilnb29nbGUubWFwcy5wbGFjZXMudjEuUGxhY2VzLlNlYXJjaE5lYXJieRACGAQgAA">official / current listing</a>]]></description>
      <styleUrl>#groceryBackup</styleUrl>
      <Point><coordinates>-118.2839273,33.960223899999995,0</coordinates></Point>
    </Placemark>
    <Placemark><name>Solmade</name>
      <description><![CDATA[Priority 2: Grocery-store backup.<br/>Address: 12740 Culver Blvd Unit f, Los Angeles, CA 90066, USA<br/>Approximate runner mile: 5.7.<br/>Nearest runner geometry: approximately 0.76 mi straight-line (not a walking detour).<br/>Verification: Google Places business backup (closed temporarily); confirm customer restroom access and hours on race day.<br/>Source: <a href="https://maps.google.com/?cid=12711528181802124375&g_mp=Cilnb29nbGUubWFwcy5wbGFjZXMudjEuUGxhY2VzLlNlYXJjaE5lYXJieRACGAQgAA">official / current listing</a>]]></description>
      <styleUrl>#groceryBackup</styleUrl>
      <Point><coordinates>-118.42454309999998,33.9853607,0</coordinates></Point>
    </Placemark>
    <Placemark><name>Son Rise Ranch - Grass fed and Finished Beef</name>
      <description><![CDATA[Priority 2: Grocery-store backup.<br/>Address: 1759 Oceanside Blvd Ste. C #135, Oceanside, CA 92057, USA<br/>Approximate runner mile: 83.2.<br/>Nearest runner geometry: approximately 0.78 mi straight-line (not a walking detour).<br/>Verification: Google Places business backup (operational); confirm customer restroom access and hours on race day.<br/>Source: <a href="https://maps.google.com/?cid=5399100469398123852&g_mp=Cilnb29nbGUubWFwcy5wbGFjZXMudjEuUGxhY2VzLlNlYXJjaE5lYXJieRACGAQgAA">official / current listing</a>]]></description>
      <styleUrl>#groceryBackup</styleUrl>
      <Point><coordinates>-117.35985269999999,33.1918054,0</coordinates></Point>
    </Placemark>
    <Placemark><name>Sorrento Italian Market</name>
      <description><![CDATA[Priority 2: Grocery-store backup.<br/>Address: 5518 Sepulveda Blvd, Culver City, CA 90230, USA<br/>Approximate runner mile: 6.9.<br/>Nearest runner geometry: approximately 0.56 mi straight-line (not a walking detour).<br/>Verification: Google Places business backup (operational); confirm customer restroom access and hours on race day.<br/>Source: <a href="https://maps.google.com/?cid=1777768214606461813&g_mp=Cilnb29nbGUubWFwcy5wbGFjZXMudjEuUGxhY2VzLlNlYXJjaE5lYXJieRACGAQgAA">official / current listing</a>]]></description>
      <styleUrl>#groceryBackup</styleUrl>
      <Point><coordinates>-118.39508909999998,33.992841999999996,0</coordinates></Point>
    </Placemark>
    <Placemark><name>Sosa Market</name>
      <description><![CDATA[Priority 2: Grocery-store backup.<br/>Address: 9715 Long Beach Blvd # F, South Gate, CA 90280, USA<br/>Approximate runner mile: 19.2.<br/>Nearest runner geometry: approximately 0.52 mi straight-line (not a walking detour).<br/>Verification: Google Places business backup (operational); confirm customer restroom access and hours on race day.<br/>Source: <a href="https://maps.google.com/?cid=9609225860679291974&g_mp=Cilnb29nbGUubWFwcy5wbGFjZXMudjEuUGxhY2VzLlNlYXJjaE5lYXJieRACGAQgAA">official / current listing</a>]]></description>
      <styleUrl>#groceryBackup</styleUrl>
      <Point><coordinates>-118.2173538,33.9475616,0</coordinates></Point>
    </Placemark>
    <Placemark><name>Soto's Produce Market</name>
      <description><![CDATA[Priority 2: Grocery-store backup.<br/>Address: 4900 E Rosecrans Ave, Compton, CA 90221, USA<br/>Approximate runner mile: 24.9.<br/>Nearest runner geometry: approximately 0.01 mi straight-line (not a walking detour).<br/>Verification: Google Places business backup (operational); confirm customer restroom access and hours on race day.<br/>Source: <a href="https://maps.google.com/?cid=839217915235984486&g_mp=Cilnb29nbGUubWFwcy5wbGFjZXMudjEuUGxhY2VzLlNlYXJjaE5lYXJieRACGAQgAA">official / current listing</a>]]></description>
      <styleUrl>#groceryBackup</styleUrl>
      <Point><coordinates>-118.189138,33.903287899999995,0</coordinates></Point>
    </Placemark>
    <Placemark><name>South Central 98cent Store</name>
      <description><![CDATA[Priority 2: Grocery-store backup.<br/>Address: 8514 San Pedro St, Los Angeles, CA 90003, USA<br/>Approximate runner mile: 15.9.<br/>Nearest runner geometry: approximately 0.03 mi straight-line (not a walking detour).<br/>Verification: Google Places business backup (operational); confirm customer restroom access and hours on race day.<br/>Source: <a href="https://maps.google.com/?cid=17705768957456941406&g_mp=Cilnb29nbGUubWFwcy5wbGFjZXMudjEuUGxhY2VzLlNlYXJjaE5lYXJieRACGAQgAA">official / current listing</a>]]></description>
      <styleUrl>#groceryBackup</styleUrl>
      <Point><coordinates>-118.26932000000001,33.96046,0</coordinates></Point>
    </Placemark>
    <Placemark><name>Sprouts Farmers Market</name>
      <description><![CDATA[Priority 2: Grocery-store backup.<br/>Address: 5660 Sepulveda Blvd, Culver City, CA 90230, USA<br/>Approximate runner mile: 7.0.<br/>Nearest runner geometry: approximately 0.44 mi straight-line (not a walking detour).<br/>Verification: Google Places business backup (operational); confirm customer restroom access and hours on race day.<br/>Source: <a href="https://maps.google.com/?cid=3777774911169356822&g_mp=Cilnb29nbGUubWFwcy5wbGFjZXMudjEuUGxhY2VzLlNlYXJjaE5lYXJieRACGAQgAA">official / current listing</a>]]></description>
      <styleUrl>#groceryBackup</styleUrl>
      <Point><coordinates>-118.39412269999998,33.989303299999996,0</coordinates></Point>
    </Placemark>
    <Placemark><name>Sprouts Farmers Market</name>
      <description><![CDATA[Priority 2: Grocery-store backup.<br/>Address: 8451 Crenshaw Blvd, Inglewood, CA 90305, USA<br/>Approximate runner mile: 12.5.<br/>Nearest runner geometry: approximately 0.09 mi straight-line (not a walking detour).<br/>Verification: Google Places business backup (operational); confirm customer restroom access and hours on race day.<br/>Source: <a href="https://maps.google.com/?cid=7424872795697850032&g_mp=Cilnb29nbGUubWFwcy5wbGFjZXMudjEuUGxhY2VzLlNlYXJjaE5lYXJieRACGAQgAA">official / current listing</a>]]></description>
      <styleUrl>#groceryBackup</styleUrl>
      <Point><coordinates>-118.3273931,33.9613422,0</coordinates></Point>
    </Placemark>
    <Placemark><name>Sprouts Farmers Market</name>
      <description><![CDATA[Priority 2: Grocery-store backup.<br/>Address: 7925 Atlantic Ave, Cudahy, CA 90201, USA<br/>Approximate runner mile: 20.8.<br/>Nearest runner geometry: approximately 0.71 mi straight-line (not a walking detour).<br/>Verification: Google Places business backup (operational); confirm customer restroom access and hours on race day.<br/>Source: <a href="https://maps.google.com/?cid=10331584485580868194&g_mp=Cilnb29nbGUubWFwcy5wbGFjZXMudjEuUGxhY2VzLlNlYXJjaE5lYXJieRACGAQgAA">official / current listing</a>]]></description>
      <styleUrl>#groceryBackup</styleUrl>
      <Point><coordinates>-118.18751999999999,33.962542,0</coordinates></Point>
    </Placemark>
    <Placemark><name>Sprouts Farmers Market</name>
      <description><![CDATA[Priority 2: Grocery-store backup.<br/>Address: 4600 CA-1, Long Beach, CA 90804, USA<br/>Approximate runner mile: 37.3.<br/>Nearest runner geometry: approximately 0.05 mi straight-line (not a walking detour).<br/>Verification: Google Places business backup (operational); confirm customer restroom access and hours on race day.<br/>Source: <a href="https://maps.google.com/?cid=15589314666241567507&g_mp=Cilnb29nbGUubWFwcy5wbGFjZXMudjEuUGxhY2VzLlNlYXJjaE5lYXJieRACGAQgAA">official / current listing</a>]]></description>
      <styleUrl>#groceryBackup</styleUrl>
      <Point><coordinates>-118.13958649999998,33.786750999999995,0</coordinates></Point>
    </Placemark>
    <Placemark><name>Sprouts Farmers Market</name>
      <description><![CDATA[Priority 2: Grocery-store backup.<br/>Address: 550 Camino De Estrella C, San Clemente, CA 92672, USA<br/>Approximate runner mile: 75.3.<br/>Nearest runner geometry: approximately 0.44 mi straight-line (not a walking detour).<br/>Verification: Google Places business backup (operational); confirm customer restroom access and hours on race day.<br/>Source: <a href="https://maps.google.com/?cid=5677929266868210484&g_mp=Cilnb29nbGUubWFwcy5wbGFjZXMudjEuUGxhY2VzLlNlYXJjaE5lYXJieRACGAQgAA">official / current listing</a>]]></description>
      <styleUrl>#groceryBackup</styleUrl>
      <Point><coordinates>-117.656021,33.4568254,0</coordinates></Point>
    </Placemark>
    <Placemark><name>Sprouts Farmers Market</name>
      <description><![CDATA[Priority 2: Grocery-store backup.<br/>Address: 659 Lomas Santa Fe Dr, Solana Beach, CA 92075, USA<br/>Approximate runner mile: 98.1.<br/>Nearest runner geometry: approximately 0.72 mi straight-line (not a walking detour).<br/>Verification: Google Places business backup (operational); confirm customer restroom access and hours on race day.<br/>Source: <a href="https://maps.google.com/?cid=8927550765227717447&g_mp=Cilnb29nbGUubWFwcy5wbGFjZXMudjEuUGxhY2VzLlNlYXJjaE5lYXJieRACGAQgAA">official / current listing</a>]]></description>
      <styleUrl>#groceryBackup</styleUrl>
      <Point><coordinates>-117.25978,32.99563,0</coordinates></Point>
    </Placemark>
    <Placemark><name>Sprouts Farmers Market</name>
      <description><![CDATA[Priority 2: Grocery-store backup.<br/>Address: 1260 Garnet Ave, San Diego, CA 92109, USA<br/>Approximate runner mile: 114.8.<br/>Nearest runner geometry: approximately 0.02 mi straight-line (not a walking detour).<br/>Verification: Google Places business backup (operational); confirm customer restroom access and hours on race day.<br/>Source: <a href="https://maps.google.com/?cid=14593003475350620366&g_mp=Cilnb29nbGUubWFwcy5wbGFjZXMudjEuUGxhY2VzLlNlYXJjaE5lYXJieRACGAQgAA">official / current listing</a>]]></description>
      <styleUrl>#groceryBackup</styleUrl>
      <Point><coordinates>-117.24682679999998,32.7986885,0</coordinates></Point>
    </Placemark>
    <Placemark><name>Star Brothers</name>
      <description><![CDATA[Priority 2: Grocery-store backup.<br/>Address: 1827 Orange Ave, Long Beach, CA 90806, USA<br/>Approximate runner mile: 35.1.<br/>Nearest runner geometry: approximately 0.06 mi straight-line (not a walking detour).<br/>Verification: Google Places business backup (operational); confirm customer restroom access and hours on race day.<br/>Source: <a href="https://maps.google.com/?cid=3067692621357732776&g_mp=Cilnb29nbGUubWFwcy5wbGFjZXMudjEuUGxhY2VzLlNlYXJjaE5lYXJieRACGAQgAA">official / current listing</a>]]></description>
      <styleUrl>#groceryBackup</styleUrl>
      <Point><coordinates>-118.17678939999999,33.7905951,0</coordinates></Point>
    </Placemark>
    <Placemark><name>Stars Market</name>
      <description><![CDATA[Priority 2: Grocery-store backup.<br/>Address: N Long Beach Blvd, Long Beach, CA 90805, USA<br/>Approximate runner mile: 27.4.<br/>Nearest runner geometry: approximately 0.88 mi straight-line (not a walking detour).<br/>Verification: Google Places business backup (operational); confirm customer restroom access and hours on race day.<br/>Source: <a href="https://maps.google.com/?cid=11135559351154135057&g_mp=Cilnb29nbGUubWFwcy5wbGFjZXMudjEuUGxhY2VzLlNlYXJjaE5lYXJieRACGAQgAA">official / current listing</a>]]></description>
      <styleUrl>#groceryBackup</styleUrl>
      <Point><coordinates>-118.2038382,33.8791807,0</coordinates></Point>
    </Placemark>
    <Placemark><name>State Street Farmers Market</name>
      <description><![CDATA[Priority 2: Grocery-store backup.<br/>Address: 2907 State St, Carlsbad, CA 92008, USA<br/>Approximate runner mile: 85.4.<br/>Nearest runner geometry: approximately 0.16 mi straight-line (not a walking detour).<br/>Verification: Google Places business backup (operational); confirm customer restroom access and hours on race day.<br/>Source: <a href="https://maps.google.com/?cid=17845555585765170437&g_mp=Cilnb29nbGUubWFwcy5wbGFjZXMudjEuUGxhY2VzLlNlYXJjaE5lYXJieRACGAQgAA">official / current listing</a>]]></description>
      <styleUrl>#groceryBackup</styleUrl>
      <Point><coordinates>-117.349536,33.1603959,0</coordinates></Point>
    </Placemark>
    <Placemark><name>Stater Bros. Markets</name>
      <description><![CDATA[Priority 2: Grocery-store backup.<br/>Address: 616 Camino De Los Mares, San Clemente, CA 92673, USA<br/>Approximate runner mile: 75.4.<br/>Nearest runner geometry: approximately 0.65 mi straight-line (not a walking detour).<br/>Verification: Google Places business backup (operational); confirm customer restroom access and hours on race day.<br/>Source: <a href="https://maps.google.com/?cid=3790642255104568615&g_mp=Cilnb29nbGUubWFwcy5wbGFjZXMudjEuUGxhY2VzLlNlYXJjaE5lYXJieRACGAQgAA">official / current listing</a>]]></description>
      <styleUrl>#groceryBackup</styleUrl>
      <Point><coordinates>-117.65354020000001,33.4591162,0</coordinates></Point>
    </Placemark>
    <Placemark><name>Stonegate Market</name>
      <description><![CDATA[Priority 2: Grocery-store backup.<br/>Address: 8949 S Western Ave, Los Angeles, CA 90047, USA<br/>Approximate runner mile: 13.6.<br/>Nearest runner geometry: approximately 0.34 mi straight-line (not a walking detour).<br/>Verification: Google Places business backup (operational); confirm customer restroom access and hours on race day.<br/>Source: <a href="https://maps.google.com/?cid=8510004367199962139&g_mp=Cilnb29nbGUubWFwcy5wbGFjZXMudjEuUGxhY2VzLlNlYXJjaE5lYXJieRACGAQgAA">official / current listing</a>]]></description>
      <styleUrl>#groceryBackup</styleUrl>
      <Point><coordinates>-118.30921450000001,33.9549431,0</coordinates></Point>
    </Placemark>
    <Placemark><name>Sunday Farmers’ market</name>
      <description><![CDATA[Priority 2: Grocery-store backup.<br/>Address: 8617 Truxton Ave, Los Angeles, CA 90045, USA<br/>Approximate runner mile: 8.4.<br/>Nearest runner geometry: approximately 0.72 mi straight-line (not a walking detour).<br/>Verification: Google Places business backup (operational); confirm customer restroom access and hours on race day.<br/>Source: <a href="https://maps.google.com/?cid=7408205445095762713&g_mp=Cilnb29nbGUubWFwcy5wbGFjZXMudjEuUGxhY2VzLlNlYXJjaE5lYXJieRACGAQgAA">official / current listing</a>]]></description>
      <styleUrl>#groceryBackup</styleUrl>
      <Point><coordinates>-118.3944198,33.9591236,0</coordinates></Point>
    </Placemark>
    <Placemark><name>Sunny Latino Market</name>
      <description><![CDATA[Priority 2: Grocery-store backup.<br/>Address: 2100 W Florence Ave, Los Angeles, CA 90047, USA<br/>Approximate runner mile: 13.2.<br/>Nearest runner geometry: approximately 0.98 mi straight-line (not a walking detour).<br/>Verification: Google Places business backup (operational); confirm customer restroom access and hours on race day.<br/>Source: <a href="https://maps.google.com/?cid=17326030747773358702&g_mp=Cilnb29nbGUubWFwcy5wbGFjZXMudjEuUGxhY2VzLlNlYXJjaE5lYXJieRACGAQgAA">official / current listing</a>]]></description>
      <styleUrl>#groceryBackup</styleUrl>
      <Point><coordinates>-118.3158428,33.9742447,0</coordinates></Point>
    </Placemark>
    <Placemark><name>Sunset Trivia</name>
      <description><![CDATA[Priority 2: Grocery-store backup.<br/>Address: 2132 Balboa Ave #4, San Diego, CA 92109, USA<br/>Approximate runner mile: 115.4.<br/>Nearest runner geometry: approximately 0.30 mi straight-line (not a walking detour).<br/>Verification: Google Places business backup (operational); confirm customer restroom access and hours on race day.<br/>Source: <a href="https://maps.google.com/?cid=3982818148385903014&g_mp=Cilnb29nbGUubWFwcy5wbGFjZXMudjEuUGxhY2VzLlNlYXJjaE5lYXJieRACGAQgAA">official / current listing</a>]]></description>
      <styleUrl>#groceryBackup</styleUrl>
      <Point><coordinates>-117.2308232,32.801339399999996,0</coordinates></Point>
    </Placemark>
    <Placemark><name>Super A Foods</name>
      <description><![CDATA[Priority 2: Grocery-store backup.<br/>Address: 8116 California Ave E, South Gate, CA 90280, USA<br/>Approximate runner mile: 19.8.<br/>Nearest runner geometry: approximately 0.54 mi straight-line (not a walking detour).<br/>Verification: Google Places business backup (operational); confirm customer restroom access and hours on race day.<br/>Source: <a href="https://maps.google.com/?cid=5040125937050339581&g_mp=Cilnb29nbGUubWFwcy5wbGFjZXMudjEuUGxhY2VzLlNlYXJjaE5lYXJieRACGAQgAA">official / current listing</a>]]></description>
      <styleUrl>#groceryBackup</styleUrl>
      <Point><coordinates>-118.2041653,33.9617989,0</coordinates></Point>
    </Placemark>
    <Placemark><name>Super King Markets</name>
      <description><![CDATA[Priority 2: Grocery-store backup.<br/>Address: 5587 Sepulveda Blvd, Culver City, CA 90230, USA<br/>Approximate runner mile: 6.9.<br/>Nearest runner geometry: approximately 0.41 mi straight-line (not a walking detour).<br/>Verification: Google Places business backup (operational); confirm customer restroom access and hours on race day.<br/>Source: <a href="https://maps.google.com/?cid=16506929180024529199&g_mp=Cilnb29nbGUubWFwcy5wbGFjZXMudjEuUGxhY2VzLlNlYXJjaE5lYXJieRACGAQgAA">official / current listing</a>]]></description>
      <styleUrl>#groceryBackup</styleUrl>
      <Point><coordinates>-118.39614060000001,33.9907033,0</coordinates></Point>
    </Placemark>
    <Placemark><name>Super Mini Market</name>
      <description><![CDATA[Priority 2: Grocery-store backup.<br/>Address: 9325 California Ave, South Gate, CA 90280, USA<br/>Approximate runner mile: 19.7.<br/>Nearest runner geometry: approximately 0.30 mi straight-line (not a walking detour).<br/>Verification: Google Places business backup (operational); confirm customer restroom access and hours on race day.<br/>Source: <a href="https://maps.google.com/?cid=17083126478027721651&g_mp=Cilnb29nbGUubWFwcy5wbGFjZXMudjEuUGxhY2VzLlNlYXJjaE5lYXJieRACGAQgAA">official / current listing</a>]]></description>
      <styleUrl>#groceryBackup</styleUrl>
      <Point><coordinates>-118.2069158,33.9497351,0</coordinates></Point>
    </Placemark>
    <Placemark><name>Superior Grocers</name>
      <description><![CDATA[Priority 2: Grocery-store backup.<br/>Address: 8811 S Western Ave, Los Angeles, CA 90047, USA<br/>Approximate runner mile: 13.6.<br/>Nearest runner geometry: approximately 0.16 mi straight-line (not a walking detour).<br/>Verification: Google Places business backup (operational); confirm customer restroom access and hours on race day.<br/>Source: <a href="https://maps.google.com/?cid=8851430958270607234&g_mp=Cilnb29nbGUubWFwcy5wbGFjZXMudjEuUGxhY2VzLlNlYXJjaE5lYXJieRACGAQgAA">official / current listing</a>]]></description>
      <styleUrl>#groceryBackup</styleUrl>
      <Point><coordinates>-118.309716,33.957648299999995,0</coordinates></Point>
    </Placemark>
    <Placemark><name>Superior Grocers</name>
      <description><![CDATA[Priority 2: Grocery-store backup.<br/>Address: 3831 Martin Luther King Jr Blvd, Lynwood, CA 90262, USA<br/>Approximate runner mile: 23.0.<br/>Nearest runner geometry: approximately 0.71 mi straight-line (not a walking detour).<br/>Verification: Google Places business backup (operational); confirm customer restroom access and hours on race day.<br/>Source: <a href="https://maps.google.com/?cid=5076270200123865920&g_mp=Cilnb29nbGUubWFwcy5wbGFjZXMudjEuUGxhY2VzLlNlYXJjaE5lYXJieRACGAQgAA">official / current listing</a>]]></description>
      <styleUrl>#groceryBackup</styleUrl>
      <Point><coordinates>-118.19751079999999,33.9289753,0</coordinates></Point>
    </Placemark>
    <Placemark><name>Superior Grocers 303</name>
      <description><![CDATA[Priority 2: Grocery-store backup.<br/>Address: 9127 S Figueroa St, Los Angeles, CA 90003, USA<br/>Approximate runner mile: 15.1.<br/>Nearest runner geometry: approximately 0.44 mi straight-line (not a walking detour).<br/>Verification: Google Places business backup (operational); confirm customer restroom access and hours on race day.<br/>Source: <a href="https://maps.google.com/?cid=9591493130089048109&g_mp=Cilnb29nbGUubWFwcy5wbGFjZXMudjEuUGxhY2VzLlNlYXJjaE5lYXJieRACGAQgAA">official / current listing</a>]]></description>
      <styleUrl>#groceryBackup</styleUrl>
      <Point><coordinates>-118.28312890000001,33.953632999999996,0</coordinates></Point>
    </Placemark>
    <Placemark><name>Superior Grocers 304</name>
      <description><![CDATA[Priority 2: Grocery-store backup.<br/>Address: 310 E Manchester Ave, Los Angeles, CA 90003, USA<br/>Approximate runner mile: 15.9.<br/>Nearest runner geometry: approximately 0.02 mi straight-line (not a walking detour).<br/>Verification: Google Places business backup (operational); confirm customer restroom access and hours on race day.<br/>Source: <a href="https://maps.google.com/?cid=18253588612441629964&g_mp=Cilnb29nbGUubWFwcy5wbGFjZXMudjEuUGxhY2VzLlNlYXJjaE5lYXJieRACGAQgAA">official / current listing</a>]]></description>
      <styleUrl>#groceryBackup</styleUrl>
      <Point><coordinates>-118.26849460000001,33.959778299999996,0</coordinates></Point>
    </Placemark>
    <Placemark><name>Superior Grocers 312</name>
      <description><![CDATA[Priority 2: Grocery-store backup.<br/>Address: 9990 Long Beach Blvd, Lynwood, CA 90262, USA<br/>Approximate runner mile: 19.3.<br/>Nearest runner geometry: approximately 0.70 mi straight-line (not a walking detour).<br/>Verification: Google Places business backup (operational); confirm customer restroom access and hours on race day.<br/>Source: <a href="https://maps.google.com/?cid=12329646687648508426&g_mp=Cilnb29nbGUubWFwcy5wbGFjZXMudjEuUGxhY2VzLlNlYXJjaE5lYXJieRACGAQgAA">official / current listing</a>]]></description>
      <styleUrl>#groceryBackup</styleUrl>
      <Point><coordinates>-118.21488500000001,33.9447022,0</coordinates></Point>
    </Placemark>
    <Placemark><name>Superior Grocers 314</name>
      <description><![CDATA[Priority 2: Grocery-store backup.<br/>Address: 250 N La Brea Ave, Inglewood, CA 90301, USA<br/>Approximate runner mile: 11.0.<br/>Nearest runner geometry: approximately 0.35 mi straight-line (not a walking detour).<br/>Verification: Google Places business backup (operational); confirm customer restroom access and hours on race day.<br/>Source: <a href="https://maps.google.com/?cid=8279341459556159255&g_mp=Cilnb29nbGUubWFwcy5wbGFjZXMudjEuUGxhY2VzLlNlYXJjaE5lYXJieRACGAQgAA">official / current listing</a>]]></description>
      <styleUrl>#groceryBackup</styleUrl>
      <Point><coordinates>-118.3527836,33.9670308,0</coordinates></Point>
    </Placemark>
    <Placemark><name>SupermarketGuru</name>
      <description><![CDATA[Priority 2: Grocery-store backup.<br/>Address: 3015 Main St Ste 400, Santa Monica, CA 90405, USA<br/>Approximate runner mile: 1.4.<br/>Nearest runner geometry: approximately 0.03 mi straight-line (not a walking detour).<br/>Verification: Google Places business backup (operational); confirm customer restroom access and hours on race day.<br/>Source: <a href="https://maps.google.com/?cid=5210468247104759972&g_mp=Cilnb29nbGUubWFwcy5wbGFjZXMudjEuUGxhY2VzLlNlYXJjaE5lYXJieRACGAQgAA">official / current listing</a>]]></description>
      <styleUrl>#groceryBackup</styleUrl>
      <Point><coordinates>-118.4794213,33.99843920000001,0</coordinates></Point>
    </Placemark>
    <Placemark><name>T&amp;T MINI MARKET</name>
      <description><![CDATA[Priority 2: Grocery-store backup.<br/>Address: 1804 Firestone Blvd, Los Angeles, CA 90001, USA<br/>Approximate runner mile: 17.6.<br/>Nearest runner geometry: approximately 0.02 mi straight-line (not a walking detour).<br/>Verification: Google Places business backup (operational); confirm customer restroom access and hours on race day.<br/>Source: <a href="https://maps.google.com/?cid=8602181248565674135&g_mp=Cilnb29nbGUubWFwcy5wbGFjZXMudjEuUGxhY2VzLlNlYXJjaE5lYXJieRACGAQgAA">official / current listing</a>]]></description>
      <styleUrl>#groceryBackup</styleUrl>
      <Point><coordinates>-118.2405739,33.959946599999995,0</coordinates></Point>
    </Placemark>
    <Placemark><name>TESFA GRAND MARKET Ethiopian &amp; Eritrean (African )Market</name>
      <description><![CDATA[Priority 2: Grocery-store backup.<br/>Address: 1721 Centinela Ave, Inglewood, CA 90302, USA<br/>Approximate runner mile: 9.3.<br/>Nearest runner geometry: approximately 0.92 mi straight-line (not a walking detour).<br/>Verification: Google Places business backup (operational); confirm customer restroom access and hours on race day.<br/>Source: <a href="https://maps.google.com/?cid=16947977629876011431&g_mp=Cilnb29nbGUubWFwcy5wbGFjZXMudjEuUGxhY2VzLlNlYXJjaE5lYXJieRACGAQgAA">official / current listing</a>]]></description>
      <styleUrl>#groceryBackup</styleUrl>
      <Point><coordinates>-118.36925660000001,33.9770167,0</coordinates></Point>
    </Placemark>
    <Placemark><name>THE CORNER Mercantile &amp; Eatery</name>
      <description><![CDATA[Priority 2: Grocery-store backup.<br/>Address: 8080 La Jolla Shores Dr, La Jolla, CA 92037, USA<br/>Approximate runner mile: 108.8.<br/>Nearest runner geometry: approximately 0.01 mi straight-line (not a walking detour).<br/>Verification: Google Places business backup (operational); confirm customer restroom access and hours on race day.<br/>Source: <a href="https://maps.google.com/?cid=6540191790762600815&g_mp=Cilnb29nbGUubWFwcy5wbGFjZXMudjEuUGxhY2VzLlNlYXJjaE5lYXJieRACGAQgAA">official / current listing</a>]]></description>
      <styleUrl>#groceryBackup</styleUrl>
      <Point><coordinates>-117.25403109999999,32.8535973,0</coordinates></Point>
    </Placemark>
    <Placemark><name>THE USMANI</name>
      <description><![CDATA[Priority 2: Grocery-store backup.<br/>Address: 1800 Abbot Kinney Blvd Unit D & E, Venice, CA 90291, USA<br/>Approximate runner mile: 2.8.<br/>Nearest runner geometry: approximately 0.01 mi straight-line (not a walking detour).<br/>Verification: Google Places business backup (operational); confirm customer restroom access and hours on race day.<br/>Source: <a href="https://maps.google.com/?cid=4714604424459616818&g_mp=Cilnb29nbGUubWFwcy5wbGFjZXMudjEuUGxhY2VzLlNlYXJjaE5lYXJieRACGAQgAA">official / current listing</a>]]></description>
      <styleUrl>#groceryBackup</styleUrl>
      <Point><coordinates>-118.46050639999999,33.9883267,0</coordinates></Point>
    </Placemark>
    <Placemark><name>Tambuli Supermarket</name>
      <description><![CDATA[Priority 2: Grocery-store backup.<br/>Address: 2520 Santa Fe Ave, Long Beach, CA 90810, USA<br/>Approximate runner mile: 32.6.<br/>Nearest runner geometry: approximately 0.62 mi straight-line (not a walking detour).<br/>Verification: Google Places business backup (operational); confirm customer restroom access and hours on race day.<br/>Source: <a href="https://maps.google.com/?cid=11731763096703761550&g_mp=Cilnb29nbGUubWFwcy5wbGFjZXMudjEuUGxhY2VzLlNlYXJjaE5lYXJieRACGAQgAA">official / current listing</a>]]></description>
      <styleUrl>#groceryBackup</styleUrl>
      <Point><coordinates>-118.215207,33.8027806,0</coordinates></Point>
    </Placemark>
    <Placemark><name>Target Grocery</name>
      <description><![CDATA[Priority 2: Grocery-store backup.<br/>Address: 420 Broadway, Santa Monica, CA 90401, USA<br/>Approximate runner mile: 0.1.<br/>Nearest runner geometry: approximately 0.31 mi straight-line (not a walking detour).<br/>Verification: Google Places business backup (operational); confirm customer restroom access and hours on race day.<br/>Source: <a href="https://maps.google.com/?cid=17478899673529669056&g_mp=Cilnb29nbGUubWFwcy5wbGFjZXMudjEuUGxhY2VzLlNlYXJjaE5lYXJieRACGAQgAA">official / current listing</a>]]></description>
      <styleUrl>#groceryBackup</styleUrl>
      <Point><coordinates>-118.4926916,34.0154169,0</coordinates></Point>
    </Placemark>
    <Placemark><name>Target Grocery</name>
      <description><![CDATA[Priority 2: Grocery-store backup.<br/>Address: 8900 S Sepulveda Blvd, Los Angeles, CA 90045, USA<br/>Approximate runner mile: 8.4.<br/>Nearest runner geometry: approximately 0.97 mi straight-line (not a walking detour).<br/>Verification: Google Places business backup (operational); confirm customer restroom access and hours on race day.<br/>Source: <a href="https://maps.google.com/?cid=105945020536814421&g_mp=Cilnb29nbGUubWFwcy5wbGFjZXMudjEuUGxhY2VzLlNlYXJjaE5lYXJieRACGAQgAA">official / current listing</a>]]></description>
      <styleUrl>#groceryBackup</styleUrl>
      <Point><coordinates>-118.39577949999997,33.955655199999995,0</coordinates></Point>
    </Placemark>
    <Placemark><name>Target Grocery</name>
      <description><![CDATA[Priority 2: Grocery-store backup.<br/>Address: 220 N La Brea Ave, Inglewood, CA 90301, USA<br/>Approximate runner mile: 11.0.<br/>Nearest runner geometry: approximately 0.22 mi straight-line (not a walking detour).<br/>Verification: Google Places business backup (operational); confirm customer restroom access and hours on race day.<br/>Source: <a href="https://maps.google.com/?cid=565382019185833178&g_mp=Cilnb29nbGUubWFwcy5wbGFjZXMudjEuUGxhY2VzLlNlYXJjaE5lYXJieRACGAQgAA">official / current listing</a>]]></description>
      <styleUrl>#groceryBackup</styleUrl>
      <Point><coordinates>-118.3529666,33.965083,0</coordinates></Point>
    </Placemark>
    <Placemark><name>Target Grocery</name>
      <description><![CDATA[Priority 2: Grocery-store backup.<br/>Address: 3471 W Century Blvd, Inglewood, CA 90301, USA<br/>Approximate runner mile: 12.1.<br/>Nearest runner geometry: approximately 0.82 mi straight-line (not a walking detour).<br/>Verification: Google Places business backup (operational); confirm customer restroom access and hours on race day.<br/>Source: <a href="https://maps.google.com/?cid=510797231103600567&g_mp=Cilnb29nbGUubWFwcy5wbGFjZXMudjEuUGxhY2VzLlNlYXJjaE5lYXJieRACGAQgAA">official / current listing</a>]]></description>
      <styleUrl>#groceryBackup</styleUrl>
      <Point><coordinates>-118.33359229999999,33.948312400000006,0</coordinates></Point>
    </Placemark>
    <Placemark><name>Target Grocery</name>
      <description><![CDATA[Priority 2: Grocery-store backup.<br/>Address: 5700 Firestone Blvd, South Gate, CA 90280, USA<br/>Approximate runner mile: 21.6.<br/>Nearest runner geometry: approximately 0.74 mi straight-line (not a walking detour).<br/>Verification: Google Places business backup (operational); confirm customer restroom access and hours on race day.<br/>Source: <a href="https://maps.google.com/?cid=7694383272476991933&g_mp=Cilnb29nbGUubWFwcy5wbGFjZXMudjEuUGxhY2VzLlNlYXJjaE5lYXJieRACGAQgAA">official / current listing</a>]]></description>
      <styleUrl>#groceryBackup</styleUrl>
      <Point><coordinates>-118.1684027,33.9480794,0</coordinates></Point>
    </Placemark>
    <Placemark><name>Target Grocery</name>
      <description><![CDATA[Priority 2: Grocery-store backup.<br/>Address: 5760 E 7th St, Long Beach, CA 90803, USA<br/>Approximate runner mile: 38.8.<br/>Nearest runner geometry: approximately 0.09 mi straight-line (not a walking detour).<br/>Verification: Google Places business backup (operational); confirm customer restroom access and hours on race day.<br/>Source: <a href="https://maps.google.com/?cid=2569493445393902060&g_mp=Cilnb29nbGUubWFwcy5wbGFjZXMudjEuUGxhY2VzLlNlYXJjaE5lYXJieRACGAQgAA">official / current listing</a>]]></description>
      <styleUrl>#groceryBackup</styleUrl>
      <Point><coordinates>-118.1194381,33.7743775,0</coordinates></Point>
    </Placemark>
    <Placemark><name>Target Grocery</name>
      <description><![CDATA[Priority 2: Grocery-store backup.<br/>Address: 289 E 17th St, Costa Mesa, CA 92627, USA<br/>Approximate runner mile: 54.8.<br/>Nearest runner geometry: approximately 0.95 mi straight-line (not a walking detour).<br/>Verification: Google Places business backup (operational); confirm customer restroom access and hours on race day.<br/>Source: <a href="https://maps.google.com/?cid=1416042041423505446&g_mp=Cilnb29nbGUubWFwcy5wbGFjZXMudjEuUGxhY2VzLlNlYXJjaE5lYXJieRACGAQgAA">official / current listing</a>]]></description>
      <styleUrl>#groceryBackup</styleUrl>
      <Point><coordinates>-117.9168069,33.6325145,0</coordinates></Point>
    </Placemark>
    <Placemark><name>Target Grocery</name>
      <description><![CDATA[Priority 2: Grocery-store backup.<br/>Address: 9500 Gilman Dr, La Jolla, CA 92093, USA<br/>Approximate runner mile: 106.5.<br/>Nearest runner geometry: approximately 0.40 mi straight-line (not a walking detour).<br/>Verification: Google Places business backup (operational); confirm customer restroom access and hours on race day.<br/>Source: <a href="https://maps.google.com/?cid=3168919347234761642&g_mp=Cilnb29nbGUubWFwcy5wbGFjZXMudjEuUGxhY2VzLlNlYXJjaE5lYXJieRACGAQgAA">official / current listing</a>]]></description>
      <styleUrl>#groceryBackup</styleUrl>
      <Point><coordinates>-117.23725890000001,32.8793293,0</coordinates></Point>
    </Placemark>
    <Placemark><name>The Butchery Quality Meats</name>
      <description><![CDATA[Priority 2: Grocery-store backup.<br/>Address: 8058 E Pacific Coast Hwy, Newport Coast, CA 92657, USA<br/>Approximate runner mile: 61.7.<br/>Nearest runner geometry: approximately 0.08 mi straight-line (not a walking detour).<br/>Verification: Google Places business backup (operational); confirm customer restroom access and hours on race day.<br/>Source: <a href="https://maps.google.com/?cid=719975781483759690&g_mp=Cilnb29nbGUubWFwcy5wbGFjZXMudjEuUGxhY2VzLlNlYXJjaE5lYXJieRACGAQgAA">official / current listing</a>]]></description>
      <styleUrl>#groceryBackup</styleUrl>
      <Point><coordinates>-117.8312528,33.5689346,0</coordinates></Point>
    </Placemark>
    <Placemark><name>The Canal Market</name>
      <description><![CDATA[Priority 2: Grocery-store backup.<br/>Address: 600 Mildred Ave, Venice, CA 90291, USA<br/>Approximate runner mile: 2.7.<br/>Nearest runner geometry: approximately 0.20 mi straight-line (not a walking detour).<br/>Verification: Google Places business backup (operational); confirm customer restroom access and hours on race day.<br/>Source: <a href="https://maps.google.com/?cid=15539133500413221713&g_mp=Cilnb29nbGUubWFwcy5wbGFjZXMudjEuUGxhY2VzLlNlYXJjaE5lYXJieRACGAQgAA">official / current listing</a>]]></description>
      <styleUrl>#groceryBackup</styleUrl>
      <Point><coordinates>-118.46474810000001,33.9869531,0</coordinates></Point>
    </Placemark>
    <Placemark><name>The Honey Baked Ham Company</name>
      <description><![CDATA[Priority 2: Grocery-store backup.<br/>Address: 459 Encinitas Blvd, Encinitas, CA 92024, USA<br/>Approximate runner mile: 94.2.<br/>Nearest runner geometry: approximately 0.62 mi straight-line (not a walking detour).<br/>Verification: Google Places business backup (operational); confirm customer restroom access and hours on race day.<br/>Source: <a href="https://maps.google.com/?cid=3066472935733298115&g_mp=Cilnb29nbGUubWFwcy5wbGFjZXMudjEuUGxhY2VzLlNlYXJjaE5lYXJieRACGAQgAA">official / current listing</a>]]></description>
      <styleUrl>#groceryBackup</styleUrl>
      <Point><coordinates>-117.2829164,33.0462692,0</coordinates></Point>
    </Placemark>
    <Placemark><name>The Italian Homemade Company (Long Beach)</name>
      <description><![CDATA[Priority 2: Grocery-store backup.<br/>Address: 6460 Pacific Coast Hwy Ste 130, Long Beach, CA 90803, USA<br/>Approximate runner mile: 40.1.<br/>Nearest runner geometry: approximately 0.06 mi straight-line (not a walking detour).<br/>Verification: Google Places business backup (operational); confirm customer restroom access and hours on race day.<br/>Source: <a href="https://maps.google.com/?cid=1937170508580526122&g_mp=Cilnb29nbGUubWFwcy5wbGFjZXMudjEuUGxhY2VzLlNlYXJjaE5lYXJieRACGAQgAA">official / current listing</a>]]></description>
      <styleUrl>#groceryBackup</styleUrl>
      <Point><coordinates>-118.11074800000002,33.7558109,0</coordinates></Point>
    </Placemark>
    <Placemark><name>The Small Market</name>
      <description><![CDATA[Priority 2: Grocery-store backup.<br/>Address: 5666 2nd St, Long Beach, CA 90803, USA<br/>Approximate runner mile: 39.7.<br/>Nearest runner geometry: approximately 0.63 mi straight-line (not a walking detour).<br/>Verification: Google Places business backup (operational); confirm customer restroom access and hours on race day.<br/>Source: <a href="https://maps.google.com/?cid=3802271570401692124&g_mp=Cilnb29nbGUubWFwcy5wbGFjZXMudjEuUGxhY2VzLlNlYXJjaE5lYXJieRACGAQgAA">official / current listing</a>]]></description>
      <styleUrl>#groceryBackup</styleUrl>
      <Point><coordinates>-118.1237846,33.7566938,0</coordinates></Point>
    </Placemark>
    <Placemark><name>The Vitamin Shoppe</name>
      <description><![CDATA[Priority 2: Grocery-store backup.<br/>Address: 13376 W Washington Blvd, Los Angeles, CA 90066, USA<br/>Approximate runner mile: 3.9.<br/>Nearest runner geometry: approximately 0.01 mi straight-line (not a walking detour).<br/>Verification: Google Places business backup (operational); confirm customer restroom access and hours on race day.<br/>Source: <a href="https://maps.google.com/?cid=15427188989736823822&g_mp=Cilnb29nbGUubWFwcy5wbGFjZXMudjEuUGxhY2VzLlNlYXJjaE5lYXJieRACGAQgAA">official / current listing</a>]]></description>
      <styleUrl>#groceryBackup</styleUrl>
      <Point><coordinates>-118.444258,33.9918567,0</coordinates></Point>
    </Placemark>
    <Placemark><name>The Vitamin Shoppe</name>
      <description><![CDATA[Priority 2: Grocery-store backup.<br/>Address: 4741 Firestone Blvd, South Gate, CA 90280, USA<br/>Approximate runner mile: 21.0.<br/>Nearest runner geometry: approximately 0.04 mi straight-line (not a walking detour).<br/>Verification: Google Places business backup (operational); confirm customer restroom access and hours on race day.<br/>Source: <a href="https://maps.google.com/?cid=14456391243790210270&g_mp=Cilnb29nbGUubWFwcy5wbGFjZXMudjEuUGxhY2VzLlNlYXJjaE5lYXJieRACGAQgAA">official / current listing</a>]]></description>
      <styleUrl>#groceryBackup</styleUrl>
      <Point><coordinates>-118.18526720000001,33.9525246,0</coordinates></Point>
    </Placemark>
    <Placemark><name>The Wine Country</name>
      <description><![CDATA[Priority 2: Grocery-store backup.<br/>Address: 2301 Redondo Ave, Signal Hill, CA 90755, USA<br/>Approximate runner mile: 36.5.<br/>Nearest runner geometry: approximately 0.62 mi straight-line (not a walking detour).<br/>Verification: Google Places business backup (operational); confirm customer restroom access and hours on race day.<br/>Source: <a href="https://maps.google.com/?cid=11607669911754314188&g_mp=Cilnb29nbGUubWFwcy5wbGFjZXMudjEuUGxhY2VzLlNlYXJjaE5lYXJieRACGAQgAA">official / current listing</a>]]></description>
      <styleUrl>#groceryBackup</styleUrl>
      <Point><coordinates>-118.15181469999999,33.7987853,0</coordinates></Point>
    </Placemark>
    <Placemark><name>Thrifty</name>
      <description><![CDATA[Priority 2: Grocery-store backup.<br/>Address: 8123B S Figueroa St, Los Angeles, CA 90003, USA<br/>Approximate runner mile: 15.1.<br/>Nearest runner geometry: approximately 0.34 mi straight-line (not a walking detour).<br/>Verification: Google Places business backup (operational); confirm customer restroom access and hours on race day.<br/>Source: <a href="https://maps.google.com/?cid=13406502014241311132&g_mp=Cilnb29nbGUubWFwcy5wbGFjZXMudjEuUGxhY2VzLlNlYXJjaE5lYXJieRACGAQgAA">official / current listing</a>]]></description>
      <styleUrl>#groceryBackup</styleUrl>
      <Point><coordinates>-118.28293579999998,33.9649065,0</coordinates></Point>
    </Placemark>
    <Placemark><name>Tortilleria</name>
      <description><![CDATA[Priority 2: Grocery-store backup.<br/>Address: Compton, CA 90221, USA<br/>Approximate runner mile: 24.5.<br/>Nearest runner geometry: approximately 0.82 mi straight-line (not a walking detour).<br/>Verification: Google Places business backup (operational); confirm customer restroom access and hours on race day.<br/>Source: <a href="https://maps.google.com/?cid=5016421827797290405&g_mp=Cilnb29nbGUubWFwcy5wbGFjZXMudjEuUGxhY2VzLlNlYXJjaE5lYXJieRACGAQgAA">official / current listing</a>]]></description>
      <styleUrl>#groceryBackup</styleUrl>
      <Point><coordinates>-118.20817140000001,33.907980200000004,0</coordinates></Point>
    </Placemark>
    <Placemark><name>Tortilleria "Campos"</name>
      <description><![CDATA[Priority 2: Grocery-store backup.<br/>Address: 11681 Atlantic Ave, Lynwood, CA 90262, USA<br/>Approximate runner mile: 23.6.<br/>Nearest runner geometry: approximately 0.00 mi straight-line (not a walking detour).<br/>Verification: Google Places business backup (operational); confirm customer restroom access and hours on race day.<br/>Source: <a href="https://maps.google.com/?cid=12773239172779918173&g_mp=Cilnb29nbGUubWFwcy5wbGFjZXMudjEuUGxhY2VzLlNlYXJjaE5lYXJieRACGAQgAA">official / current listing</a>]]></description>
      <styleUrl>#groceryBackup</styleUrl>
      <Point><coordinates>-118.1893255,33.9172234,0</coordinates></Point>
    </Placemark>
    <Placemark><name>Tortilleria La Fiesta</name>
      <description><![CDATA[Priority 2: Grocery-store backup.<br/>Address: 1324 Pine Ave, Long Beach, CA 90813, USA<br/>Approximate runner mile: 34.2.<br/>Nearest runner geometry: approximately 0.44 mi straight-line (not a walking detour).<br/>Verification: Google Places business backup (operational); confirm customer restroom access and hours on race day.<br/>Source: <a href="https://maps.google.com/?cid=7893290570661335072&g_mp=Cilnb29nbGUubWFwcy5wbGFjZXMudjEuUGxhY2VzLlNlYXJjaE5lYXJieRACGAQgAA">official / current listing</a>]]></description>
      <styleUrl>#groceryBackup</styleUrl>
      <Point><coordinates>-118.1920902,33.7833349,0</coordinates></Point>
    </Placemark>
    <Placemark><name>Totem Boutique</name>
      <description><![CDATA[Priority 2: Grocery-store backup.<br/>Address: 7650 Girard Ave PH, La Jolla, CA 92037, USA<br/>Approximate runner mile: 110.3.<br/>Nearest runner geometry: approximately 0.07 mi straight-line (not a walking detour).<br/>Verification: Google Places business backup (operational); confirm customer restroom access and hours on race day.<br/>Source: <a href="https://maps.google.com/?cid=127655962366733142&g_mp=Cilnb29nbGUubWFwcy5wbGFjZXMudjEuUGxhY2VzLlNlYXJjaE5lYXJieRACGAQgAA">official / current listing</a>]]></description>
      <styleUrl>#groceryBackup</styleUrl>
      <Point><coordinates>-117.27351429999997,32.843021799999995,0</coordinates></Point>
    </Placemark>
    <Placemark><name>Trabajo</name>
      <description><![CDATA[Priority 2: Grocery-store backup.<br/>Address: 585 S Venice Blvd, Venice, CA 90291, USA<br/>Approximate runner mile: 2.7.<br/>Nearest runner geometry: approximately 0.04 mi straight-line (not a walking detour).<br/>Verification: Google Places business backup (operational); confirm customer restroom access and hours on race day.<br/>Source: <a href="https://maps.google.com/?cid=13753067216211599345&g_mp=Cilnb29nbGUubWFwcy5wbGFjZXMudjEuUGxhY2VzLlNlYXJjaE5lYXJieRACGAQgAA">official / current listing</a>]]></description>
      <styleUrl>#groceryBackup</styleUrl>
      <Point><coordinates>-118.46221369999999,33.9897811,0</coordinates></Point>
    </Placemark>
    <Placemark><name>Trader Joe's</name>
      <description><![CDATA[Priority 2: Grocery-store backup.<br/>Address: 500 Broadway, Santa Monica, CA 90401, USA<br/>Approximate runner mile: 0.1.<br/>Nearest runner geometry: approximately 0.33 mi straight-line (not a walking detour).<br/>Verification: Google Places business backup (operational); confirm customer restroom access and hours on race day.<br/>Source: <a href="https://maps.google.com/?cid=6248337940380763380&g_mp=Cilnb29nbGUubWFwcy5wbGFjZXMudjEuUGxhY2VzLlNlYXJjaE5lYXJieRACGAQgAA">official / current listing</a>]]></description>
      <styleUrl>#groceryBackup</styleUrl>
      <Point><coordinates>-118.4917559,34.0153515,0</coordinates></Point>
    </Placemark>
    <Placemark><name>Trader Joe's</name>
      <description><![CDATA[Priority 2: Grocery-store backup.<br/>Address: 6150 Slauson Ave, Culver City, CA 90230, USA<br/>Approximate runner mile: 7.1.<br/>Nearest runner geometry: approximately 0.45 mi straight-line (not a walking detour).<br/>Verification: Google Places business backup (operational); confirm customer restroom access and hours on race day.<br/>Source: <a href="https://maps.google.com/?cid=15910232993910603977&g_mp=Cilnb29nbGUubWFwcy5wbGFjZXMudjEuUGxhY2VzLlNlYXJjaE5lYXJieRACGAQgAA">official / current listing</a>]]></description>
      <styleUrl>#groceryBackup</styleUrl>
      <Point><coordinates>-118.3928504,33.988009999999996,0</coordinates></Point>
    </Placemark>
    <Placemark><name>Trader Joe's</name>
      <description><![CDATA[Priority 2: Grocery-store backup.<br/>Address: 8645 S Sepulveda Blvd, Westchester, CA 90045, USA<br/>Approximate runner mile: 8.3.<br/>Nearest runner geometry: approximately 0.77 mi straight-line (not a walking detour).<br/>Verification: Google Places business backup (operational); confirm customer restroom access and hours on race day.<br/>Source: <a href="https://maps.google.com/?cid=7306923243516120565&g_mp=Cilnb29nbGUubWFwcy5wbGFjZXMudjEuUGxhY2VzLlNlYXJjaE5lYXJieRACGAQgAA">official / current listing</a>]]></description>
      <styleUrl>#groceryBackup</styleUrl>
      <Point><coordinates>-118.3966617,33.9587392,0</coordinates></Point>
    </Placemark>
    <Placemark><name>Trader Joe's</name>
      <description><![CDATA[Priority 2: Grocery-store backup.<br/>Address: 4210 Long Beach Blvd, Long Beach, CA 90807, USA<br/>Approximate runner mile: 30.3.<br/>Nearest runner geometry: approximately 0.86 mi straight-line (not a walking detour).<br/>Verification: Google Places business backup (operational); confirm customer restroom access and hours on race day.<br/>Source: <a href="https://maps.google.com/?cid=2052116698118464869&g_mp=Cilnb29nbGUubWFwcy5wbGFjZXMudjEuUGxhY2VzLlNlYXJjaE5lYXJieRACGAQgAA">official / current listing</a>]]></description>
      <styleUrl>#groceryBackup</styleUrl>
      <Point><coordinates>-118.18844039999998,33.83553920000001,0</coordinates></Point>
    </Placemark>
    <Placemark><name>Trader Joe's</name>
      <description><![CDATA[Priority 2: Grocery-store backup.<br/>Address: 6451 E Pacific Coast Hwy, Long Beach, CA 90803, USA<br/>Approximate runner mile: 40.1.<br/>Nearest runner geometry: approximately 0.11 mi straight-line (not a walking detour).<br/>Verification: Google Places business backup (operational); confirm customer restroom access and hours on race day.<br/>Source: <a href="https://maps.google.com/?cid=17676903301252315902&g_mp=Cilnb29nbGUubWFwcy5wbGFjZXMudjEuUGxhY2VzLlNlYXJjaE5lYXJieRACGAQgAA">official / current listing</a>]]></description>
      <styleUrl>#groceryBackup</styleUrl>
      <Point><coordinates>-118.1088008,33.7579195,0</coordinates></Point>
    </Placemark>
    <Placemark><name>Trader Joe's</name>
      <description><![CDATA[Priority 2: Grocery-store backup.<br/>Address: 16821 Algonquin St, Huntington Beach, CA 92649, USA<br/>Approximate runner mile: 44.5.<br/>Nearest runner geometry: approximately 0.80 mi straight-line (not a walking detour).<br/>Verification: Google Places business backup (operational); confirm customer restroom access and hours on race day.<br/>Source: <a href="https://maps.google.com/?cid=16217689362392763755&g_mp=Cilnb29nbGUubWFwcy5wbGFjZXMudjEuUGxhY2VzLlNlYXJjaE5lYXJieRACGAQgAA">official / current listing</a>]]></description>
      <styleUrl>#groceryBackup</styleUrl>
      <Point><coordinates>-118.05127959999999,33.7174385,0</coordinates></Point>
    </Placemark>
    <Placemark><name>Trader Joe's</name>
      <description><![CDATA[Priority 2: Grocery-store backup.<br/>Address: 8086 E Pacific Coast Hwy, Newport Beach, CA 92657, USA<br/>Approximate runner mile: 61.7.<br/>Nearest runner geometry: approximately 0.10 mi straight-line (not a walking detour).<br/>Verification: Google Places business backup (operational); confirm customer restroom access and hours on race day.<br/>Source: <a href="https://maps.google.com/?cid=12113035900073322337&g_mp=Cilnb29nbGUubWFwcy5wbGFjZXMudjEuUGxhY2VzLlNlYXJjaE5lYXJieRACGAQgAA">official / current listing</a>]]></description>
      <styleUrl>#groceryBackup</styleUrl>
      <Point><coordinates>-117.83070359999999,33.5688557,0</coordinates></Point>
    </Placemark>
    <Placemark><name>Trader Joe's</name>
      <description><![CDATA[Priority 2: Grocery-store backup.<br/>Address: 638 Camino De Los Mares, San Clemente, CA 92673, USA<br/>Approximate runner mile: 75.4.<br/>Nearest runner geometry: approximately 0.70 mi straight-line (not a walking detour).<br/>Verification: Google Places business backup (operational); confirm customer restroom access and hours on race day.<br/>Source: <a href="https://maps.google.com/?cid=318329254725242147&g_mp=Cilnb29nbGUubWFwcy5wbGFjZXMudjEuUGxhY2VzLlNlYXJjaE5lYXJieRACGAQgAA">official / current listing</a>]]></description>
      <styleUrl>#groceryBackup</styleUrl>
      <Point><coordinates>-117.65245689999998,33.459446,0</coordinates></Point>
    </Placemark>
    <Placemark><name>Trader Joe's</name>
      <description><![CDATA[Priority 2: Grocery-store backup.<br/>Address: 8657 Villa La Jolla Dr, La Jolla, CA 92037, USA<br/>Approximate runner mile: 107.1.<br/>Nearest runner geometry: approximately 0.90 mi straight-line (not a walking detour).<br/>Verification: Google Places business backup (operational); confirm customer restroom access and hours on race day.<br/>Source: <a href="https://maps.google.com/?cid=11295569030434334808&g_mp=Cilnb29nbGUubWFwcy5wbGFjZXMudjEuUGxhY2VzLlNlYXJjaE5lYXJieRACGAQgAA">official / current listing</a>]]></description>
      <styleUrl>#groceryBackup</styleUrl>
      <Point><coordinates>-117.23228849999998,32.865522399999996,0</coordinates></Point>
    </Placemark>
    <Placemark><name>Trader Joe's</name>
      <description><![CDATA[Priority 2: Grocery-store backup.<br/>Address: 1640 Garnet Ave, San Diego, CA 92109, USA<br/>Approximate runner mile: 115.1.<br/>Nearest runner geometry: approximately 0.08 mi straight-line (not a walking detour).<br/>Verification: Google Places business backup (operational); confirm customer restroom access and hours on race day.<br/>Source: <a href="https://maps.google.com/?cid=12654420033176577973&g_mp=Cilnb29nbGUubWFwcy5wbGFjZXMudjEuUGxhY2VzLlNlYXJjaE5lYXJieRACGAQgAA">official / current listing</a>]]></description>
      <styleUrl>#groceryBackup</styleUrl>
      <Point><coordinates>-117.2407426,32.8010115,0</coordinates></Point>
    </Placemark>
    <Placemark><name>Truffles USA</name>
      <description><![CDATA[Priority 2: Grocery-store backup.<br/>Address: Online Store Only, 12842 Walsh Ave, Los Angeles, CA 90066, USA<br/>Approximate runner mile: 4.8.<br/>Nearest runner geometry: approximately 0.66 mi straight-line (not a walking detour).<br/>Verification: Google Places business backup (operational); confirm customer restroom access and hours on race day.<br/>Source: <a href="https://maps.google.com/?cid=13675723027832931959&g_mp=Cilnb29nbGUubWFwcy5wbGFjZXMudjEuUGxhY2VzLlNlYXJjaE5lYXJieRACGAQgAA">official / current listing</a>]]></description>
      <styleUrl>#groceryBackup</styleUrl>
      <Point><coordinates>-118.4290296,33.9872578,0</coordinates></Point>
    </Placemark>
    <Placemark><name>U.S. Farmer's Market</name>
      <description><![CDATA[Priority 2: Grocery-store backup.<br/>Address: 12301 Atlantic Ave, Lynwood, CA 90262, USA<br/>Approximate runner mile: 24.1.<br/>Nearest runner geometry: approximately 0.02 mi straight-line (not a walking detour).<br/>Verification: Google Places business backup (operational); confirm customer restroom access and hours on race day.<br/>Source: <a href="https://maps.google.com/?cid=67204103396254912&g_mp=Cilnb29nbGUubWFwcy5wbGFjZXMudjEuUGxhY2VzLlNlYXJjaE5lYXJieRACGAQgAA">official / current listing</a>]]></description>
      <styleUrl>#groceryBackup</styleUrl>
      <Point><coordinates>-118.1923449,33.9108132,0</coordinates></Point>
    </Placemark>
    <Placemark><name>Ujima Foods</name>
      <description><![CDATA[Priority 2: Grocery-store backup.<br/>Address: Manchester Ave, Los Angeles, CA 90047, USA<br/>Approximate runner mile: 13.5.<br/>Nearest runner geometry: approximately 0.02 mi straight-line (not a walking detour).<br/>Verification: Google Places business backup (operational); confirm customer restroom access and hours on race day.<br/>Source: <a href="https://maps.google.com/?cid=930027517347523025&g_mp=Cilnb29nbGUubWFwcy5wbGFjZXMudjEuUGxhY2VzLlNlYXJjaE5lYXJieRACGAQgAA">official / current listing</a>]]></description>
      <styleUrl>#groceryBackup</styleUrl>
      <Point><coordinates>-118.31011319999998,33.9597829,0</coordinates></Point>
    </Placemark>
    <Placemark><name>Uncle Anthony's Local Market</name>
      <description><![CDATA[Priority 2: Grocery-store backup.<br/>Address: 700 N Coast Hwy, Oceanside, CA 92054, USA<br/>Approximate runner mile: 82.0.<br/>Nearest runner geometry: approximately 0.02 mi straight-line (not a walking detour).<br/>Verification: Google Places business backup (operational); confirm customer restroom access and hours on race day.<br/>Source: <a href="https://maps.google.com/?cid=6345216520315118598&g_mp=Cilnb29nbGUubWFwcy5wbGFjZXMudjEuUGxhY2VzLlNlYXJjaE5lYXJieRACGAQgAA">official / current listing</a>]]></description>
      <styleUrl>#groceryBackup</styleUrl>
      <Point><coordinates>-117.38305419999999,33.2005246,0</coordinates></Point>
    </Placemark>
    <Placemark><name>United Beer &amp; Wine Market</name>
      <description><![CDATA[Priority 2: Grocery-store backup.<br/>Address: 6205 Orange Ave, Long Beach, CA 90805, USA<br/>Approximate runner mile: 27.7.<br/>Nearest runner geometry: approximately 0.79 mi straight-line (not a walking detour).<br/>Verification: Google Places business backup (closed temporarily); confirm customer restroom access and hours on race day.<br/>Source: <a href="https://maps.google.com/?cid=5566832607043121802&g_mp=Cilnb29nbGUubWFwcy5wbGFjZXMudjEuUGxhY2VzLlNlYXJjaE5lYXJieRACGAQgAA">official / current listing</a>]]></description>
      <styleUrl>#groceryBackup</styleUrl>
      <Point><coordinates>-118.1776275,33.8676493,0</coordinates></Point>
    </Placemark>
    <Placemark><name>Urban Sugar Salon / Hand Crafted Soap Store</name>
      <description><![CDATA[Priority 2: Grocery-store backup.<br/>Address: 3939 Long Beach Blvd, Long Beach, CA 90807, USA<br/>Approximate runner mile: 30.7.<br/>Nearest runner geometry: approximately 0.83 mi straight-line (not a walking detour).<br/>Verification: Google Places business backup (operational); confirm customer restroom access and hours on race day.<br/>Source: <a href="https://maps.google.com/?cid=8540892629900937751&g_mp=Cilnb29nbGUubWFwcy5wbGFjZXMudjEuUGxhY2VzLlNlYXJjaE5lYXJieRACGAQgAA">official / current listing</a>]]></description>
      <styleUrl>#groceryBackup</styleUrl>
      <Point><coordinates>-118.1895857,33.830377,0</coordinates></Point>
    </Placemark>
    <Placemark><name>V&amp;E FRUIT MINI MARKET</name>
      <description><![CDATA[Priority 2: Grocery-store backup.<br/>Address: 8322 Compton Ave, Los Angeles, CA 90001, USA<br/>Approximate runner mile: 17.2.<br/>Nearest runner geometry: approximately 0.16 mi straight-line (not a walking detour).<br/>Verification: Google Places business backup (operational); confirm customer restroom access and hours on race day.<br/>Source: <a href="https://maps.google.com/?cid=236293756450636428&g_mp=Cilnb29nbGUubWFwcy5wbGFjZXMudjEuUGxhY2VzLlNlYXJjaE5lYXJieRACGAQgAA">official / current listing</a>]]></description>
      <styleUrl>#groceryBackup</styleUrl>
      <Point><coordinates>-118.24712319999999,33.962632,0</coordinates></Point>
    </Placemark>
    <Placemark><name>Valentino's Market</name>
      <description><![CDATA[Priority 2: Grocery-store backup.<br/>Address: Sunset Ave, Venice, CA 90291, USA<br/>Approximate runner mile: 2.3.<br/>Nearest runner geometry: approximately 0.66 mi straight-line (not a walking detour).<br/>Verification: Google Places business backup (operational); confirm customer restroom access and hours on race day.<br/>Source: <a href="https://maps.google.com/?cid=6047192165034828955&g_mp=Cilnb29nbGUubWFwcy5wbGFjZXMudjEuUGxhY2VzLlNlYXJjaE5lYXJieRACGAQgAA">official / current listing</a>]]></description>
      <styleUrl>#groceryBackup</styleUrl>
      <Point><coordinates>-118.46451220000002,34.0003986,0</coordinates></Point>
    </Placemark>
    <Placemark><name>Valley Farm Market Del Mar</name>
      <description><![CDATA[Priority 2: Grocery-store backup.<br/>Address: 1555 Camino Del Mar Spc 107, Del Mar, CA 92014, USA<br/>Approximate runner mile: 100.4.<br/>Nearest runner geometry: approximately 0.02 mi straight-line (not a walking detour).<br/>Verification: Google Places business backup (operational); confirm customer restroom access and hours on race day.<br/>Source: <a href="https://maps.google.com/?cid=13620422130342535696&g_mp=Cilnb29nbGUubWFwcy5wbGFjZXMudjEuUGxhY2VzLlNlYXJjaE5lYXJieRACGAQgAA">official / current listing</a>]]></description>
      <styleUrl>#groceryBackup</styleUrl>
      <Point><coordinates>-117.2650856,32.9603658,0</coordinates></Point>
    </Placemark>
    <Placemark><name>Valley Farm Market La Jolla</name>
      <description><![CDATA[Priority 2: Grocery-store backup.<br/>Address: 6902 La Jolla Blvd, La Jolla, CA 92037, USA<br/>Approximate runner mile: 111.3.<br/>Nearest runner geometry: approximately 0.03 mi straight-line (not a walking detour).<br/>Verification: Google Places business backup (operational); confirm customer restroom access and hours on race day.<br/>Source: <a href="https://maps.google.com/?cid=13312506864602365207&g_mp=Cilnb29nbGUubWFwcy5wbGFjZXMudjEuUGxhY2VzLlNlYXJjaE5lYXJieRACGAQgAA">official / current listing</a>]]></description>
      <styleUrl>#groceryBackup</styleUrl>
      <Point><coordinates>-117.2769672,32.8319857,0</coordinates></Point>
    </Placemark>
    <Placemark><name>Venice Fine Wines and Spirits</name>
      <description><![CDATA[Priority 2: Grocery-store backup.<br/>Address: 2022 Pacific Ave, Venice, CA 90291, USA<br/>Approximate runner mile: 2.3.<br/>Nearest runner geometry: approximately 0.42 mi straight-line (not a walking detour).<br/>Verification: Google Places business backup (operational); confirm customer restroom access and hours on race day.<br/>Source: <a href="https://maps.google.com/?cid=11936762283732595783&g_mp=Cilnb29nbGUubWFwcy5wbGFjZXMudjEuUGxhY2VzLlNlYXJjaE5lYXJieRACGAQgAA">official / current listing</a>]]></description>
      <styleUrl>#groceryBackup</styleUrl>
      <Point><coordinates>-118.46998339999999,33.9853314,0</coordinates></Point>
    </Placemark>
    <Placemark><name>Vera's Market</name>
      <description><![CDATA[Priority 2: Grocery-store backup.<br/>Address: 3667 Delta Ave, Long Beach, CA 90810, USA<br/>Approximate runner mile: 31.1.<br/>Nearest runner geometry: approximately 0.38 mi straight-line (not a walking detour).<br/>Verification: Google Places business backup (operational); confirm customer restroom access and hours on race day.<br/>Source: <a href="https://maps.google.com/?cid=3903196095061616303&g_mp=Cilnb29nbGUubWFwcy5wbGFjZXMudjEuUGxhY2VzLlNlYXJjaE5lYXJieRACGAQgAA">official / current listing</a>]]></description>
      <styleUrl>#groceryBackup</styleUrl>
      <Point><coordinates>-118.2114801,33.8237812,0</coordinates></Point>
    </Placemark>
    <Placemark><name>Vermont Food Market</name>
      <description><![CDATA[Priority 2: Grocery-store backup.<br/>Address: 8451 S Vermont Ave, Los Angeles, CA 90044, USA<br/>Approximate runner mile: 14.6.<br/>Nearest runner geometry: approximately 0.12 mi straight-line (not a walking detour).<br/>Verification: Google Places business backup (operational); confirm customer restroom access and hours on race day.<br/>Source: <a href="https://maps.google.com/?cid=15346300871276726721&g_mp=Cilnb29nbGUubWFwcy5wbGFjZXMudjEuUGxhY2VzLlNlYXJjaE5lYXJieRACGAQgAA">official / current listing</a>]]></description>
      <styleUrl>#groceryBackup</styleUrl>
      <Point><coordinates>-118.2922105,33.9617183,0</coordinates></Point>
    </Placemark>
    <Placemark><name>Victoria Market &amp; Liquor</name>
      <description><![CDATA[Priority 2: Grocery-store backup.<br/>Address: 201 Avenida Victoria, San Clemente, CA 92672, USA<br/>Approximate runner mile: 78.8.<br/>Nearest runner geometry: approximately 0.17 mi straight-line (not a walking detour).<br/>Verification: Google Places business backup (operational); confirm customer restroom access and hours on race day.<br/>Source: <a href="https://maps.google.com/?cid=7654198080722968108&g_mp=Cilnb29nbGUubWFwcy5wbGFjZXMudjEuUGxhY2VzLlNlYXJjaE5lYXJieRACGAQgAA">official / current listing</a>]]></description>
      <styleUrl>#groceryBackup</styleUrl>
      <Point><coordinates>-117.61370099999999,33.4247729,0</coordinates></Point>
    </Placemark>
    <Placemark><name>Viva Market</name>
      <description><![CDATA[Priority 2: Grocery-store backup.<br/>Address: 2201 Long Beach Blvd, Long Beach, CA 90806, USA<br/>Approximate runner mile: 34.4.<br/>Nearest runner geometry: approximately 0.52 mi straight-line (not a walking detour).<br/>Verification: Google Places business backup (operational); confirm customer restroom access and hours on race day.<br/>Source: <a href="https://maps.google.com/?cid=12250095866549969502&g_mp=Cilnb29nbGUubWFwcy5wbGFjZXMudjEuUGxhY2VzLlNlYXJjaE5lYXJieRACGAQgAA">official / current listing</a>]]></description>
      <styleUrl>#groceryBackup</styleUrl>
      <Point><coordinates>-118.18977819999998,33.7973017,0</coordinates></Point>
    </Placemark>
    <Placemark><name>Vons</name>
      <description><![CDATA[Priority 2: Grocery-store backup.<br/>Address: 710 Broadway, Santa Monica, CA 90401, USA<br/>Approximate runner mile: 0.1.<br/>Nearest runner geometry: approximately 0.50 mi straight-line (not a walking detour).<br/>Verification: Google Places business backup (operational); confirm customer restroom access and hours on race day.<br/>Source: <a href="https://maps.google.com/?cid=8967503366619865870&g_mp=Cilnb29nbGUubWFwcy5wbGFjZXMudjEuUGxhY2VzLlNlYXJjaE5lYXJieRACGAQgAA">official / current listing</a>]]></description>
      <styleUrl>#groceryBackup</styleUrl>
      <Point><coordinates>-118.4901344,34.017342299999996,0</coordinates></Point>
    </Placemark>
    <Placemark><name>Vons</name>
      <description><![CDATA[Priority 2: Grocery-store backup.<br/>Address: 4030 S Centinela Ave, Los Angeles, CA 90066, USA<br/>Approximate runner mile: 4.9.<br/>Nearest runner geometry: approximately 0.16 mi straight-line (not a walking detour).<br/>Verification: Google Places business backup (operational); confirm customer restroom access and hours on race day.<br/>Source: <a href="https://maps.google.com/?cid=17325263646256882455&g_mp=Cilnb29nbGUubWFwcy5wbGFjZXMudjEuUGxhY2VzLlNlYXJjaE5lYXJieRACGAQgAA">official / current listing</a>]]></description>
      <styleUrl>#groceryBackup</styleUrl>
      <Point><coordinates>-118.4289707,33.9991537,0</coordinates></Point>
    </Placemark>
    <Placemark><name>Vons</name>
      <description><![CDATA[Priority 2: Grocery-store backup.<br/>Address: 6571 W 80th St, Los Angeles, CA 90045, USA<br/>Approximate runner mile: 8.2.<br/>Nearest runner geometry: approximately 0.57 mi straight-line (not a walking detour).<br/>Verification: Google Places business backup (operational); confirm customer restroom access and hours on race day.<br/>Source: <a href="https://maps.google.com/?cid=16407713311834726291&g_mp=Cilnb29nbGUubWFwcy5wbGFjZXMudjEuUGxhY2VzLlNlYXJjaE5lYXJieRACGAQgAA">official / current listing</a>]]></description>
      <styleUrl>#groceryBackup</styleUrl>
      <Point><coordinates>-118.40543679999999,33.969294399999995,0</coordinates></Point>
    </Placemark>
    <Placemark><name>Vons</name>
      <description><![CDATA[Priority 2: Grocery-store backup.<br/>Address: 500 E Manchester Blvd, Inglewood, CA 90301, USA<br/>Approximate runner mile: 11.3.<br/>Nearest runner geometry: approximately 0.10 mi straight-line (not a walking detour).<br/>Verification: Google Places business backup (operational); confirm customer restroom access and hours on race day.<br/>Source: <a href="https://maps.google.com/?cid=7975467310355213390&g_mp=Cilnb29nbGUubWFwcy5wbGFjZXMudjEuUGxhY2VzLlNlYXJjaE5lYXJieRACGAQgAA">official / current listing</a>]]></description>
      <styleUrl>#groceryBackup</styleUrl>
      <Point><coordinates>-118.3491315,33.9603234,0</coordinates></Point>
    </Placemark>
    <Placemark><name>Vons</name>
      <description><![CDATA[Priority 2: Grocery-store backup.<br/>Address: 1820 Ximeno Ave, Long Beach, CA 90815, USA<br/>Approximate runner mile: 37.3.<br/>Nearest runner geometry: approximately 0.24 mi straight-line (not a walking detour).<br/>Verification: Google Places business backup (operational); confirm customer restroom access and hours on race day.<br/>Source: <a href="https://maps.google.com/?cid=17809550151925666324&g_mp=Cilnb29nbGUubWFwcy5wbGFjZXMudjEuUGxhY2VzLlNlYXJjaE5lYXJieRACGAQgAA">official / current listing</a>]]></description>
      <styleUrl>#groceryBackup</styleUrl>
      <Point><coordinates>-118.13735729999998,33.790640499999995,0</coordinates></Point>
    </Placemark>
    <Placemark><name>Vons</name>
      <description><![CDATA[Priority 2: Grocery-store backup.<br/>Address: 185 E 17th St, Costa Mesa, CA 92627, USA<br/>Approximate runner mile: 54.7.<br/>Nearest runner geometry: approximately 0.99 mi straight-line (not a walking detour).<br/>Verification: Google Places business backup (operational); confirm customer restroom access and hours on race day.<br/>Source: <a href="https://maps.google.com/?cid=8551687274971627631&g_mp=Cilnb29nbGUubWFwcy5wbGFjZXMudjEuUGxhY2VzLlNlYXJjaE5lYXJieRACGAQgAA">official / current listing</a>]]></description>
      <styleUrl>#groceryBackup</styleUrl>
      <Point><coordinates>-117.9203653,33.634523,0</coordinates></Point>
    </Placemark>
    <Placemark><name>Vons</name>
      <description><![CDATA[Priority 2: Grocery-store backup.<br/>Address: 985 Tamarack Ave, Carlsbad, CA 92008, USA<br/>Approximate runner mile: 86.5.<br/>Nearest runner geometry: approximately 0.73 mi straight-line (not a walking detour).<br/>Verification: Google Places business backup (operational); confirm customer restroom access and hours on race day.<br/>Source: <a href="https://maps.google.com/?cid=10874192142030955470&g_mp=Cilnb29nbGUubWFwcy5wbGFjZXMudjEuUGxhY2VzLlNlYXJjaE5lYXJieRACGAQgAA">official / current listing</a>]]></description>
      <styleUrl>#groceryBackup</styleUrl>
      <Point><coordinates>-117.33399349999998,33.1522758,0</coordinates></Point>
    </Placemark>
    <Placemark><name>Vons</name>
      <description><![CDATA[Priority 2: Grocery-store backup.<br/>Address: 453 Santa Fe Dr, Encinitas, CA 92024, USA<br/>Approximate runner mile: 95.1.<br/>Nearest runner geometry: approximately 0.45 mi straight-line (not a walking detour).<br/>Verification: Google Places business backup (operational); confirm customer restroom access and hours on race day.<br/>Source: <a href="https://maps.google.com/?cid=5776230990949737257&g_mp=Cilnb29nbGUubWFwcy5wbGFjZXMudjEuUGxhY2VzLlNlYXJjaE5lYXJieRACGAQgAA">official / current listing</a>]]></description>
      <styleUrl>#groceryBackup</styleUrl>
      <Point><coordinates>-117.28274,33.034830299999996,0</coordinates></Point>
    </Placemark>
    <Placemark><name>Vons</name>
      <description><![CDATA[Priority 2: Grocery-store backup.<br/>Address: 931 Lomas Santa Fe Dr, Solana Beach, CA 92075, USA<br/>Approximate runner mile: 98.1.<br/>Nearest runner geometry: approximately 1.00 mi straight-line (not a walking detour).<br/>Verification: Google Places business backup (operational); confirm customer restroom access and hours on race day.<br/>Source: <a href="https://maps.google.com/?cid=13083107679789444931&g_mp=Cilnb29nbGUubWFwcy5wbGFjZXMudjEuUGxhY2VzLlNlYXJjaE5lYXJieRACGAQgAA">official / current listing</a>]]></description>
      <styleUrl>#groceryBackup</styleUrl>
      <Point><coordinates>-117.25451189999998,32.994060999999995,0</coordinates></Point>
    </Placemark>
    <Placemark><name>Vons</name>
      <description><![CDATA[Priority 2: Grocery-store backup.<br/>Address: 2606 Del Mar Heights Rd, Del Mar, CA 92014, USA<br/>Approximate runner mile: 101.4.<br/>Nearest runner geometry: approximately 0.88 mi straight-line (not a walking detour).<br/>Verification: Google Places business backup (operational); confirm customer restroom access and hours on race day.<br/>Source: <a href="https://maps.google.com/?cid=2118786988549181556&g_mp=Cilnb29nbGUubWFwcy5wbGFjZXMudjEuUGxhY2VzLlNlYXJjaE5lYXJieRACGAQgAA">official / current listing</a>]]></description>
      <styleUrl>#groceryBackup</styleUrl>
      <Point><coordinates>-117.2464237,32.9514509,0</coordinates></Point>
    </Placemark>
    <Placemark><name>Vons</name>
      <description><![CDATA[Priority 2: Grocery-store backup.<br/>Address: 1702 Garnet Ave, San Diego, CA 92109, USA<br/>Approximate runner mile: 115.3.<br/>Nearest runner geometry: approximately 0.12 mi straight-line (not a walking detour).<br/>Verification: Google Places business backup (operational); confirm customer restroom access and hours on race day.<br/>Source: <a href="https://maps.google.com/?cid=9208968902397370686&g_mp=Cilnb29nbGUubWFwcy5wbGFjZXMudjEuUGxhY2VzLlNlYXJjaE5lYXJieRACGAQgAA">official / current listing</a>]]></description>
      <styleUrl>#groceryBackup</styleUrl>
      <Point><coordinates>-117.2389846,32.801991199999996,0</coordinates></Point>
    </Placemark>
    <Placemark><name>Vons Circle Center</name>
      <description><![CDATA[Priority 2: Grocery-store backup.<br/>Address: 1800-2000 Ximeno Ave, Long Beach, CA 90815, USA<br/>Approximate runner mile: 37.3.<br/>Nearest runner geometry: approximately 0.22 mi straight-line (not a walking detour).<br/>Verification: Google Places business backup (operational); confirm customer restroom access and hours on race day.<br/>Source: <a href="https://maps.google.com/?cid=2481231778761279306&g_mp=Cilnb29nbGUubWFwcy5wbGFjZXMudjEuUGxhY2VzLlNlYXJjaE5lYXJieRACGAQgAA">official / current listing</a>]]></description>
      <styleUrl>#groceryBackup</styleUrl>
      <Point><coordinates>-118.13755689999999,33.790409,0</coordinates></Point>
    </Placemark>
    <Placemark><name>Vons Signature Cafe</name>
      <description><![CDATA[Priority 2: Grocery-store backup.<br/>Address: 1820 Ximeno Ave, Long Beach, CA 90815, USA<br/>Approximate runner mile: 37.3.<br/>Nearest runner geometry: approximately 0.22 mi straight-line (not a walking detour).<br/>Verification: Google Places business backup (operational); confirm customer restroom access and hours on race day.<br/>Source: <a href="https://maps.google.com/?cid=285431127247674466&g_mp=Cilnb29nbGUubWFwcy5wbGFjZXMudjEuUGxhY2VzLlNlYXJjaE5lYXJieRACGAQgAA">official / current listing</a>]]></description>
      <styleUrl>#groceryBackup</styleUrl>
      <Point><coordinates>-118.1375835,33.7904019,0</coordinates></Point>
    </Placemark>
    <Placemark><name>Walmart Grocery Pickup</name>
      <description><![CDATA[Priority 2: Grocery-store backup.<br/>Address: Azalea W, South Gate, CA 90280, USA<br/>Approximate runner mile: 20.8.<br/>Nearest runner geometry: approximately 0.14 mi straight-line (not a walking detour).<br/>Verification: Google Places business backup (operational); confirm customer restroom access and hours on race day.<br/>Source: <a href="https://maps.google.com/?cid=13738926812826178853&g_mp=Cilnb29nbGUubWFwcy5wbGFjZXMudjEuUGxhY2VzLlNlYXJjaE5lYXJieRACGAQgAA">official / current listing</a>]]></description>
      <styleUrl>#groceryBackup</styleUrl>
      <Point><coordinates>-118.1887702,33.954388699999996,0</coordinates></Point>
    </Placemark>
    <Placemark><name>Walmart Neighborhood Market</name>
      <description><![CDATA[Priority 2: Grocery-store backup.<br/>Address: 21132 Beach Blvd, Huntington Beach, CA 92648, USA<br/>Approximate runner mile: 50.3.<br/>Nearest runner geometry: approximately 0.42 mi straight-line (not a walking detour).<br/>Verification: Google Places business backup (operational); confirm customer restroom access and hours on race day.<br/>Source: <a href="https://maps.google.com/?cid=3874810369844184945&g_mp=Cilnb29nbGUubWFwcy5wbGFjZXMudjEuUGxhY2VzLlNlYXJjaE5lYXJieRACGAQgAA">official / current listing</a>]]></description>
      <styleUrl>#groceryBackup</styleUrl>
      <Point><coordinates>-117.9872717,33.6555727,0</coordinates></Point>
    </Placemark>
    <Placemark><name>Walmart Neighborhood Market</name>
      <description><![CDATA[Priority 2: Grocery-store backup.<br/>Address: 1046 Mission Ave, Oceanside, CA 92054, USA<br/>Approximate runner mile: 82.3.<br/>Nearest runner geometry: approximately 0.39 mi straight-line (not a walking detour).<br/>Verification: Google Places business backup (operational); confirm customer restroom access and hours on race day.<br/>Source: <a href="https://maps.google.com/?cid=8554532815933366501&g_mp=Cilnb29nbGUubWFwcy5wbGFjZXMudjEuUGxhY2VzLlNlYXJjaE5lYXJieRACGAQgAA">official / current listing</a>]]></description>
      <styleUrl>#groceryBackup</styleUrl>
      <Point><coordinates>-117.37495960000001,33.20002,0</coordinates></Point>
    </Placemark>
    <Placemark><name>Walmart Supercenter</name>
      <description><![CDATA[Priority 2: Grocery-store backup.<br/>Address: 4651 Firestone Blvd, South Gate, CA 90280, USA<br/>Approximate runner mile: 20.8.<br/>Nearest runner geometry: approximately 0.17 mi straight-line (not a walking detour).<br/>Verification: Google Places business backup (operational); confirm customer restroom access and hours on race day.<br/>Source: <a href="https://maps.google.com/?cid=3913602632277675622&g_mp=Cilnb29nbGUubWFwcy5wbGFjZXMudjEuUGxhY2VzLlNlYXJjaE5lYXJieRACGAQgAA">official / current listing</a>]]></description>
      <styleUrl>#groceryBackup</styleUrl>
      <Point><coordinates>-118.1877801,33.954814899999995,0</coordinates></Point>
    </Placemark>
    <Placemark><name>Walmart Supercenter</name>
      <description><![CDATA[Priority 2: Grocery-store backup.<br/>Address: 2100 N Long Beach Blvd, Compton, CA 90221, USA<br/>Approximate runner mile: 24.5.<br/>Nearest runner geometry: approximately 0.86 mi straight-line (not a walking detour).<br/>Verification: Google Places business backup (operational); confirm customer restroom access and hours on race day.<br/>Source: <a href="https://maps.google.com/?cid=12486314481787862660&g_mp=Cilnb29nbGUubWFwcy5wbGFjZXMudjEuUGxhY2VzLlNlYXJjaE5lYXJieRACGAQgAA">official / current listing</a>]]></description>
      <styleUrl>#groceryBackup</styleUrl>
      <Point><coordinates>-118.2080573,33.910083,0</coordinates></Point>
    </Placemark>
    <Placemark><name>Walmart Supercenter</name>
      <description><![CDATA[Priority 2: Grocery-store backup.<br/>Address: 2100 Vista Way, Oceanside, CA 92054, USA<br/>Approximate runner mile: 84.3.<br/>Nearest runner geometry: approximately 0.95 mi straight-line (not a walking detour).<br/>Verification: Google Places business backup (operational); confirm customer restroom access and hours on race day.<br/>Source: <a href="https://maps.google.com/?cid=517795212985827520&g_mp=Cilnb29nbGUubWFwcy5wbGFjZXMudjEuUGxhY2VzLlNlYXJjaE5lYXJieRACGAQgAA">official / current listing</a>]]></description>
      <styleUrl>#groceryBackup</styleUrl>
      <Point><coordinates>-117.34732469999999,33.1813236,0</coordinates></Point>
    </Placemark>
    <Placemark><name>We Olive &amp; Wine Bar</name>
      <description><![CDATA[Priority 2: Grocery-store backup.<br/>Address: 1158 Prospect St, La Jolla, CA 92037, USA<br/>Approximate runner mile: 109.9.<br/>Nearest runner geometry: approximately 0.33 mi straight-line (not a walking detour).<br/>Verification: Google Places business backup (operational); confirm customer restroom access and hours on race day.<br/>Source: <a href="https://maps.google.com/?cid=12191363550647025374&g_mp=Cilnb29nbGUubWFwcy5wbGFjZXMudjEuUGxhY2VzLlNlYXJjaE5lYXJieRACGAQgAA">official / current listing</a>]]></description>
      <styleUrl>#groceryBackup</styleUrl>
      <Point><coordinates>-117.27315469999999,32.8488372,0</coordinates></Point>
    </Placemark>
    <Placemark><name>Western LA Market</name>
      <description><![CDATA[Priority 2: Grocery-store backup.<br/>Address: 7219 S Western Ave, Los Angeles, CA 90047, USA<br/>Approximate runner mile: 13.5.<br/>Nearest runner geometry: approximately 0.96 mi straight-line (not a walking detour).<br/>Verification: Google Places business backup (operational); confirm customer restroom access and hours on race day.<br/>Source: <a href="https://maps.google.com/?cid=9081475441636629901&g_mp=Cilnb29nbGUubWFwcy5wbGFjZXMudjEuUGxhY2VzLlNlYXJjaE5lYXJieRACGAQgAA">official / current listing</a>]]></description>
      <styleUrl>#groceryBackup</styleUrl>
      <Point><coordinates>-118.3094232,33.9739743,0</coordinates></Point>
    </Placemark>
    <Placemark><name>Westside NR Liquor Market</name>
      <description><![CDATA[Priority 2: Grocery-store backup.<br/>Address: 12012 Washington Blvd, Los Angeles, CA 90066, USA<br/>Approximate runner mile: 5.2.<br/>Nearest runner geometry: approximately 0.02 mi straight-line (not a walking detour).<br/>Verification: Google Places business backup (operational); confirm customer restroom access and hours on race day.<br/>Source: <a href="https://maps.google.com/?cid=8735036259477385694&g_mp=Cilnb29nbGUubWFwcy5wbGFjZXMudjEuUGxhY2VzLlNlYXJjaE5lYXJieRACGAQgAA">official / current listing</a>]]></description>
      <styleUrl>#groceryBackup</styleUrl>
      <Point><coordinates>-118.4225276,33.997286599999995,0</coordinates></Point>
    </Placemark>
    <Placemark><name>Wey Up Market</name>
      <description><![CDATA[Priority 2: Grocery-store backup.<br/>Address: 3148 W Florence Ave, Los Angeles, CA 90043, USA<br/>Approximate runner mile: 12.4.<br/>Nearest runner geometry: approximately 0.98 mi straight-line (not a walking detour).<br/>Verification: Google Places business backup (operational); confirm customer restroom access and hours on race day.<br/>Source: <a href="https://maps.google.com/?cid=17255711228014850558&g_mp=Cilnb29nbGUubWFwcy5wbGFjZXMudjEuUGxhY2VzLlNlYXJjaE5lYXJieRACGAQgAA">official / current listing</a>]]></description>
      <styleUrl>#groceryBackup</styleUrl>
      <Point><coordinates>-118.32836429999998,33.9742514,0</coordinates></Point>
    </Placemark>
    <Placemark><name>Whole Foods Market</name>
      <description><![CDATA[Priority 2: Grocery-store backup.<br/>Address: 225 Lincoln Blvd, Venice, CA 90291, USA<br/>Approximate runner mile: 1.7.<br/>Nearest runner geometry: approximately 0.57 mi straight-line (not a walking detour).<br/>Verification: Google Places business backup (operational); confirm customer restroom access and hours on race day.<br/>Source: <a href="https://maps.google.com/?cid=10580612574408040407&g_mp=Cilnb29nbGUubWFwcy5wbGFjZXMudjEuUGxhY2VzLlNlYXJjaE5lYXJieRACGAQgAA">official / current listing</a>]]></description>
      <styleUrl>#groceryBackup</styleUrl>
      <Point><coordinates>-118.4698813,34.0011613,0</coordinates></Point>
    </Placemark>
    <Placemark><name>Whole Foods Market</name>
      <description><![CDATA[Priority 2: Grocery-store backup.<br/>Address: 12746 W Jefferson Blvd, Playa Vista, CA 90094, USA<br/>Approximate runner mile: 6.2.<br/>Nearest runner geometry: approximately 0.97 mi straight-line (not a walking detour).<br/>Verification: Google Places business backup (operational); confirm customer restroom access and hours on race day.<br/>Source: <a href="https://maps.google.com/?cid=9479480078474790924&g_mp=Cilnb29nbGUubWFwcy5wbGFjZXMudjEuUGxhY2VzLlNlYXJjaE5lYXJieRACGAQgAA">official / current listing</a>]]></description>
      <styleUrl>#groceryBackup</styleUrl>
      <Point><coordinates>-118.418124,33.9767443,0</coordinates></Point>
    </Placemark>
    <Placemark><name>Whole Foods Market</name>
      <description><![CDATA[Priority 2: Grocery-store backup.<br/>Address: 6400 E Pacific Coast Hwy Ste A-100, Long Beach, CA 90803, USA<br/>Approximate runner mile: 40.0.<br/>Nearest runner geometry: approximately 0.02 mi straight-line (not a walking detour).<br/>Verification: Google Places business backup (operational); confirm customer restroom access and hours on race day.<br/>Source: <a href="https://maps.google.com/?cid=17150208325402934995&g_mp=Cilnb29nbGUubWFwcy5wbGFjZXMudjEuUGxhY2VzLlNlYXJjaE5lYXJieRACGAQgAA">official / current listing</a>]]></description>
      <styleUrl>#groceryBackup</styleUrl>
      <Point><coordinates>-118.11126,33.7573261,0</coordinates></Point>
    </Placemark>
    <Placemark><name>Whole Foods Market</name>
      <description><![CDATA[Priority 2: Grocery-store backup.<br/>Address: 415 Newport Center Dr, Newport Beach, CA 92660, USA<br/>Approximate runner mile: 57.5.<br/>Nearest runner geometry: approximately 0.66 mi straight-line (not a walking detour).<br/>Verification: Google Places business backup (operational); confirm customer restroom access and hours on race day.<br/>Source: <a href="https://maps.google.com/?cid=8016510129000686640&g_mp=Cilnb29nbGUubWFwcy5wbGFjZXMudjEuUGxhY2VzLlNlYXJjaE5lYXJieRACGAQgAA">official / current listing</a>]]></description>
      <styleUrl>#groceryBackup</styleUrl>
      <Point><coordinates>-117.8739511,33.616697099999996,0</coordinates></Point>
    </Placemark>
    <Placemark><name>Whole Foods Market</name>
      <description><![CDATA[Priority 2: Grocery-store backup.<br/>Address: 283 Broadway St, Laguna Beach, CA 92651, USA<br/>Approximate runner mile: 65.0.<br/>Nearest runner geometry: approximately 0.12 mi straight-line (not a walking detour).<br/>Verification: Google Places business backup (operational); confirm customer restroom access and hours on race day.<br/>Source: <a href="https://maps.google.com/?cid=15743133598992455503&g_mp=Cilnb29nbGUubWFwcy5wbGFjZXMudjEuUGxhY2VzLlNlYXJjaE5lYXJieRACGAQgAA">official / current listing</a>]]></description>
      <styleUrl>#groceryBackup</styleUrl>
      <Point><coordinates>-117.78383099999998,33.543877699999996,0</coordinates></Point>
    </Placemark>
    <Placemark><name>Whole Foods Market</name>
      <description><![CDATA[Priority 2: Grocery-store backup.<br/>Address: 2600 Via De La Valle Ste 100, Del Mar, CA 92014, USA<br/>Approximate runner mile: 99.0.<br/>Nearest runner geometry: approximately 0.99 mi straight-line (not a walking detour).<br/>Verification: Google Places business backup (operational); confirm customer restroom access and hours on race day.<br/>Source: <a href="https://maps.google.com/?cid=3999560121273000962&g_mp=Cilnb29nbGUubWFwcy5wbGFjZXMudjEuUGxhY2VzLlNlYXJjaE5lYXJieRACGAQgAA">official / current listing</a>]]></description>
      <styleUrl>#groceryBackup</styleUrl>
      <Point><coordinates>-117.25196649999998,32.9811507,0</coordinates></Point>
    </Placemark>
    <Placemark><name>Whole Foods Market</name>
      <description><![CDATA[Priority 2: Grocery-store backup.<br/>Address: 8825 Villa La Jolla Dr, La Jolla, CA 92037, USA<br/>Approximate runner mile: 107.0.<br/>Nearest runner geometry: approximately 0.90 mi straight-line (not a walking detour).<br/>Verification: Google Places business backup (operational); confirm customer restroom access and hours on race day.<br/>Source: <a href="https://maps.google.com/?cid=15622317291674093173&g_mp=Cilnb29nbGUubWFwcy5wbGFjZXMudjEuUGxhY2VzLlNlYXJjaE5lYXJieRACGAQgAA">official / current listing</a>]]></description>
      <styleUrl>#groceryBackup</styleUrl>
      <Point><coordinates>-117.2306258,32.8687404,0</coordinates></Point>
    </Placemark>
    <Placemark><name>Wild Fork Meat &amp; Seafood Market - Costa Mesa</name>
      <description><![CDATA[Priority 2: Grocery-store backup.<br/>Address: 495 E 17th St, Costa Mesa, CA 92627, USA<br/>Approximate runner mile: 56.0.<br/>Nearest runner geometry: approximately 0.85 mi straight-line (not a walking detour).<br/>Verification: Google Places business backup (operational); confirm customer restroom access and hours on race day.<br/>Source: <a href="https://maps.google.com/?cid=15392387643670078489&g_mp=Cilnb29nbGUubWFwcy5wbGFjZXMudjEuUGxhY2VzLlNlYXJjaE5lYXJieRACGAQgAA">official / current listing</a>]]></description>
      <styleUrl>#groceryBackup</styleUrl>
      <Point><coordinates>-117.9091486,33.6285045,0</coordinates></Point>
    </Placemark>
    <Placemark><name>Wild Fork Meat &amp; Seafood Market - Long Beach</name>
      <description><![CDATA[Priority 2: Grocery-store backup.<br/>Address: 6405 E Pacific Coast Hwy, Long Beach, CA 90803, USA<br/>Approximate runner mile: 40.0.<br/>Nearest runner geometry: approximately 0.08 mi straight-line (not a walking detour).<br/>Verification: Google Places business backup (operational); confirm customer restroom access and hours on race day.<br/>Source: <a href="https://maps.google.com/?cid=11171940769332354896&g_mp=Cilnb29nbGUubWFwcy5wbGFjZXMudjEuUGxhY2VzLlNlYXJjaE5lYXJieRACGAQgAA">official / current listing</a>]]></description>
      <styleUrl>#groceryBackup</styleUrl>
      <Point><coordinates>-118.1097493,33.7580372,0</coordinates></Point>
    </Placemark>
    <Placemark><name>Wild Fork Meat &amp; Seafood Market - Venice</name>
      <description><![CDATA[Priority 2: Grocery-store backup.<br/>Address: 2570 Lincoln Blvd, Venice, CA 90291, USA<br/>Approximate runner mile: 3.6.<br/>Nearest runner geometry: approximately 0.03 mi straight-line (not a walking detour).<br/>Verification: Google Places business backup (operational); confirm customer restroom access and hours on race day.<br/>Source: <a href="https://maps.google.com/?cid=13941762768602118811&g_mp=Cilnb29nbGUubWFwcy5wbGFjZXMudjEuUGxhY2VzLlNlYXJjaE5lYXJieRACGAQgAA">official / current listing</a>]]></description>
      <styleUrl>#groceryBackup</styleUrl>
      <Point><coordinates>-118.4477605,33.9908411,0</coordinates></Point>
    </Placemark>
    <Placemark><name>Williams-Sonoma</name>
      <description><![CDATA[Priority 2: Grocery-store backup.<br/>Address: 8032 East Coast Hwy, Newport Coast, CA 92657, USA<br/>Approximate runner mile: 61.6.<br/>Nearest runner geometry: approximately 0.08 mi straight-line (not a walking detour).<br/>Verification: Google Places business backup (operational); confirm customer restroom access and hours on race day.<br/>Source: <a href="https://maps.google.com/?cid=7241720917486641178&g_mp=Cilnb29nbGUubWFwcy5wbGFjZXMudjEuUGxhY2VzLlNlYXJjaE5lYXJieRACGAQgAA">official / current listing</a>]]></description>
      <styleUrl>#groceryBackup</styleUrl>
      <Point><coordinates>-117.8316219,33.569121599999995,0</coordinates></Point>
    </Placemark>
    <Placemark><name>Wisconsin Market &amp; Spirits</name>
      <description><![CDATA[Priority 2: Grocery-store backup.<br/>Address: 202 Wisconsin Ave, Oceanside, CA 92054, USA<br/>Approximate runner mile: 83.0.<br/>Nearest runner geometry: approximately 0.17 mi straight-line (not a walking detour).<br/>Verification: Google Places business backup (operational); confirm customer restroom access and hours on race day.<br/>Source: <a href="https://maps.google.com/?cid=15811765180444826032&g_mp=Cilnb29nbGUubWFwcy5wbGFjZXMudjEuUGxhY2VzLlNlYXJjaE5lYXJieRACGAQgAA">official / current listing</a>]]></description>
      <styleUrl>#groceryBackup</styleUrl>
      <Point><coordinates>-117.37591469999998,33.18695350000001,0</coordinates></Point>
    </Placemark>
    <Placemark><name>World Market</name>
      <description><![CDATA[Priority 2: Grocery-store backup.<br/>Address: 8657 Villa La Jolla Dr Suite 117, La Jolla, CA 92037, USA<br/>Approximate runner mile: 107.1.<br/>Nearest runner geometry: approximately 0.91 mi straight-line (not a walking detour).<br/>Verification: Google Places business backup (operational); confirm customer restroom access and hours on race day.<br/>Source: <a href="https://maps.google.com/?cid=238006482889811343&g_mp=Cilnb29nbGUubWFwcy5wbGFjZXMudjEuUGxhY2VzLlNlYXJjaE5lYXJieRACGAQgAA">official / current listing</a>]]></description>
      <styleUrl>#groceryBackup</styleUrl>
      <Point><coordinates>-117.23196499999999,32.8656852,0</coordinates></Point>
    </Placemark>
    <Placemark><name>World's Finest Chocolate</name>
      <description><![CDATA[Priority 2: Grocery-store backup.<br/>Address: 4900 Rosecrans Ave, Compton, CA 90221, USA<br/>Approximate runner mile: 24.9.<br/>Nearest runner geometry: approximately 0.01 mi straight-line (not a walking detour).<br/>Verification: Google Places business backup (operational); confirm customer restroom access and hours on race day.<br/>Source: <a href="https://maps.google.com/?cid=9262184364514426066&g_mp=Cilnb29nbGUubWFwcy5wbGFjZXMudjEuUGxhY2VzLlNlYXJjaE5lYXJieRACGAQgAA">official / current listing</a>]]></description>
      <styleUrl>#groceryBackup</styleUrl>
      <Point><coordinates>-118.18913510000002,33.903301400000004,0</coordinates></Point>
    </Placemark>
    <Placemark><name>Zaragozas Mini Market</name>
      <description><![CDATA[Priority 2: Grocery-store backup.<br/>Address: 8103 Alix Ave, Los Angeles, CA 90001, USA<br/>Approximate runner mile: 17.9.<br/>Nearest runner geometry: approximately 0.33 mi straight-line (not a walking detour).<br/>Verification: Google Places business backup (operational); confirm customer restroom access and hours on race day.<br/>Source: <a href="https://maps.google.com/?cid=1358375822923544241&g_mp=Cilnb29nbGUubWFwcy5wbGFjZXMudjEuUGxhY2VzLlNlYXJjaE5lYXJieRACGAQgAA">official / current listing</a>]]></description>
      <styleUrl>#groceryBackup</styleUrl>
      <Point><coordinates>-118.23601889999999,33.9650915,0</coordinates></Point>
    </Placemark>
    <Placemark><name>Zona Little Italy</name>
      <description><![CDATA[Priority 2: Grocery-store backup.<br/>Address: 2400 Main St # B3, Santa Monica, CA 90405, USA<br/>Approximate runner mile: 0.9.<br/>Nearest runner geometry: approximately 0.01 mi straight-line (not a walking detour).<br/>Verification: Google Places business backup (operational); confirm customer restroom access and hours on race day.<br/>Source: <a href="https://maps.google.com/?cid=6392801449012605678&g_mp=Cilnb29nbGUubWFwcy5wbGFjZXMudjEuUGxhY2VzLlNlYXJjaE5lYXJieRACGAQgAA">official / current listing</a>]]></description>
      <styleUrl>#groceryBackup</styleUrl>
      <Point><coordinates>-118.4859251,34.003933499999995,0</coordinates></Point>
    </Placemark>
    <Placemark><name>Zone Perfect Fresh Food</name>
      <description><![CDATA[Priority 2: Grocery-store backup.<br/>Address: 215 Forest Ave, Laguna Beach, CA 92651, USA<br/>Approximate runner mile: 65.1.<br/>Nearest runner geometry: approximately 0.03 mi straight-line (not a walking detour).<br/>Verification: Google Places business backup (operational); confirm customer restroom access and hours on race day.<br/>Source: <a href="https://maps.google.com/?cid=521783627182298307&g_mp=Cilnb29nbGUubWFwcy5wbGFjZXMudjEuUGxhY2VzLlNlYXJjaE5lYXJieRACGAQgAA">official / current listing</a>]]></description>
      <styleUrl>#groceryBackup</styleUrl>
      <Point><coordinates>-117.78309580000001,33.5422405,0</coordinates></Point>
    </Placemark>
    <Placemark><name>absolute CAVIAR</name>
      <description><![CDATA[Priority 2: Grocery-store backup.<br/>Address: 3135 East Coast Hwy, Corona Del Mar, CA 92625, USA<br/>Approximate runner mile: 58.6.<br/>Nearest runner geometry: approximately 0.01 mi straight-line (not a walking detour).<br/>Verification: Google Places business backup (operational); confirm customer restroom access and hours on race day.<br/>Source: <a href="https://maps.google.com/?cid=6632381413311295393&g_mp=Cilnb29nbGUubWFwcy5wbGFjZXMudjEuUGxhY2VzLlNlYXJjaE5lYXJieRACGAQgAA">official / current listing</a>]]></description>
      <styleUrl>#groceryBackup</styleUrl>
      <Point><coordinates>-117.87168889999998,33.5973174,0</coordinates></Point>
    </Placemark>
    <Placemark><name>ampm</name>
      <description><![CDATA[Priority 2: Grocery-store backup.<br/>Address: 332 Pico Blvd, Santa Monica, CA 90405, USA<br/>Approximate runner mile: 0.6.<br/>Nearest runner geometry: approximately 0.17 mi straight-line (not a walking detour).<br/>Verification: Google Places business backup (operational); confirm customer restroom access and hours on race day.<br/>Source: <a href="https://maps.google.com/?cid=11637552547213152676&g_mp=Cilnb29nbGUubWFwcy5wbGFjZXMudjEuUGxhY2VzLlNlYXJjaE5lYXJieRACGAQgAA">official / current listing</a>]]></description>
      <styleUrl>#groceryBackup</styleUrl>
      <Point><coordinates>-118.48737039999999,34.0092273,0</coordinates></Point>
    </Placemark>
    <Placemark><name>ampm</name>
      <description><![CDATA[Priority 2: Grocery-store backup.<br/>Address: 6300 W Slauson Ave, Culver City, CA 90230, USA<br/>Approximate runner mile: 7.0.<br/>Nearest runner geometry: approximately 0.32 mi straight-line (not a walking detour).<br/>Verification: Google Places business backup (operational); confirm customer restroom access and hours on race day.<br/>Source: <a href="https://maps.google.com/?cid=1641763357621891172&g_mp=Cilnb29nbGUubWFwcy5wbGFjZXMudjEuUGxhY2VzLlNlYXJjaE5lYXJieRACGAQgAA">official / current listing</a>]]></description>
      <styleUrl>#groceryBackup</styleUrl>
      <Point><coordinates>-118.39588830000001,33.988364,0</coordinates></Point>
    </Placemark>
    <Placemark><name>ampm</name>
      <description><![CDATA[Priority 2: Grocery-store backup.<br/>Address: 11181 Washington Blvd, Culver City, CA 90232, USA<br/>Approximate runner mile: 5.3.<br/>Nearest runner geometry: approximately 0.87 mi straight-line (not a walking detour).<br/>Verification: Google Places business backup (operational); confirm customer restroom access and hours on race day.<br/>Source: <a href="https://maps.google.com/?cid=12476841451797297932&g_mp=Cilnb29nbGUubWFwcy5wbGFjZXMudjEuUGxhY2VzLlNlYXJjaE5lYXJieRACGAQgAA">official / current listing</a>]]></description>
      <styleUrl>#groceryBackup</styleUrl>
      <Point><coordinates>-118.4130517,34.007878,0</coordinates></Point>
    </Placemark>
    <Placemark><name>ampm</name>
      <description><![CDATA[Priority 2: Grocery-store backup.<br/>Address: 7370 S La Tijera Blvd, Los Angeles, CA 90045, USA<br/>Approximate runner mile: 9.0.<br/>Nearest runner geometry: approximately 0.21 mi straight-line (not a walking detour).<br/>Verification: Google Places business backup (operational); confirm customer restroom access and hours on race day.<br/>Source: <a href="https://maps.google.com/?cid=14549979477382397037&g_mp=Cilnb29nbGUubWFwcy5wbGFjZXMudjEuUGxhY2VzLlNlYXJjaE5lYXJieRACGAQgAA">official / current listing</a>]]></description>
      <styleUrl>#groceryBackup</styleUrl>
      <Point><coordinates>-118.3788559,33.9703331,0</coordinates></Point>
    </Placemark>
    <Placemark><name>ampm</name>
      <description><![CDATA[Priority 2: Grocery-store backup.<br/>Address: 8904 Long Beach Blvd, South Gate, CA 90280, USA<br/>Approximate runner mile: 19.0.<br/>Nearest runner geometry: approximately 0.02 mi straight-line (not a walking detour).<br/>Verification: Google Places business backup (operational); confirm customer restroom access and hours on race day.<br/>Source: <a href="https://maps.google.com/?cid=14293468413783270326&g_mp=Cilnb29nbGUubWFwcy5wbGFjZXMudjEuUGxhY2VzLlNlYXJjaE5lYXJieRACGAQgAA">official / current listing</a>]]></description>
      <styleUrl>#groceryBackup</styleUrl>
      <Point><coordinates>-118.2195052,33.9551669,0</coordinates></Point>
    </Placemark>
    <Placemark><name>ampm</name>
      <description><![CDATA[Priority 2: Grocery-store backup.<br/>Address: 2820 E Alondra Blvd, Compton, CA 90221, USA<br/>Approximate runner mile: 26.6.<br/>Nearest runner geometry: approximately 0.37 mi straight-line (not a walking detour).<br/>Verification: Google Places business backup (operational); confirm customer restroom access and hours on race day.<br/>Source: <a href="https://maps.google.com/?cid=8059606881310737289&g_mp=Cilnb29nbGUubWFwcy5wbGFjZXMudjEuUGxhY2VzLlNlYXJjaE5lYXJieRACGAQgAA">official / current listing</a>]]></description>
      <styleUrl>#groceryBackup</styleUrl>
      <Point><coordinates>-118.1933625,33.8882629,0</coordinates></Point>
    </Placemark>
    <Placemark><name>ampm</name>
      <description><![CDATA[Priority 2: Grocery-store backup.<br/>Address: 6001 Long Beach Blvd, Long Beach, CA 90805, USA<br/>Approximate runner mile: 28.3.<br/>Nearest runner geometry: approximately 0.33 mi straight-line (not a walking detour).<br/>Verification: Google Places business backup (operational); confirm customer restroom access and hours on race day.<br/>Source: <a href="https://maps.google.com/?cid=10722366678341403328&g_mp=Cilnb29nbGUubWFwcy5wbGFjZXMudjEuUGxhY2VzLlNlYXJjaE5lYXJieRACGAQgAA">official / current listing</a>]]></description>
      <styleUrl>#groceryBackup</styleUrl>
      <Point><coordinates>-118.2007081,33.8656121,0</coordinates></Point>
    </Placemark>
    <Placemark><name>ampm</name>
      <description><![CDATA[Priority 2: Grocery-store backup.<br/>Address: 3401 Long Beach Blvd, Long Beach, CA 90807, USA<br/>Approximate runner mile: 31.4.<br/>Nearest runner geometry: approximately 0.87 mi straight-line (not a walking detour).<br/>Verification: Google Places business backup (operational); confirm customer restroom access and hours on race day.<br/>Source: <a href="https://maps.google.com/?cid=14271401516822560931&g_mp=Cilnb29nbGUubWFwcy5wbGFjZXMudjEuUGxhY2VzLlNlYXJjaE5lYXJieRACGAQgAA">official / current listing</a>]]></description>
      <styleUrl>#groceryBackup</styleUrl>
      <Point><coordinates>-118.18972610000002,33.8195066,0</coordinates></Point>
    </Placemark>
    <Placemark><name>ampm</name>
      <description><![CDATA[Priority 2: Grocery-store backup.<br/>Address: 200 W Willow St, Long Beach, CA 90806, USA<br/>Approximate runner mile: 32.6.<br/>Nearest runner geometry: approximately 0.59 mi straight-line (not a walking detour).<br/>Verification: Google Places business backup (operational); confirm customer restroom access and hours on race day.<br/>Source: <a href="https://maps.google.com/?cid=12409010810552185000&g_mp=Cilnb29nbGUubWFwcy5wbGFjZXMudjEuUGxhY2VzLlNlYXJjaE5lYXJieRACGAQgAA">official / current listing</a>]]></description>
      <styleUrl>#groceryBackup</styleUrl>
      <Point><coordinates>-118.1941629,33.8039668,0</coordinates></Point>
    </Placemark>
    <Placemark><name>ampm</name>
      <description><![CDATA[Priority 2: Grocery-store backup.<br/>Address: 2601 Santa Fe Ave, Long Beach, CA 90810, USA<br/>Approximate runner mile: 32.5.<br/>Nearest runner geometry: approximately 0.65 mi straight-line (not a walking detour).<br/>Verification: Google Places business backup (operational); confirm customer restroom access and hours on race day.<br/>Source: <a href="https://maps.google.com/?cid=8200371615016183380&g_mp=Cilnb29nbGUubWFwcy5wbGFjZXMudjEuUGxhY2VzLlNlYXJjaE5lYXJieRACGAQgAA">official / current listing</a>]]></description>
      <styleUrl>#groceryBackup</styleUrl>
      <Point><coordinates>-118.2158182,33.8047237,0</coordinates></Point>
    </Placemark>
    <Placemark><name>ampm</name>
      <description><![CDATA[Priority 2: Grocery-store backup.<br/>Address: 1001 Redondo Ave, Long Beach, CA 90804, USA<br/>Approximate runner mile: 36.5.<br/>Nearest runner geometry: approximately 0.72 mi straight-line (not a walking detour).<br/>Verification: Google Places business backup (operational); confirm customer restroom access and hours on race day.<br/>Source: <a href="https://maps.google.com/?cid=5687182034331473809&g_mp=Cilnb29nbGUubWFwcy5wbGFjZXMudjEuUGxhY2VzLlNlYXJjaE5lYXJieRACGAQgAA">official / current listing</a>]]></description>
      <styleUrl>#groceryBackup</styleUrl>
      <Point><coordinates>-118.15288520000001,33.7793231,0</coordinates></Point>
    </Placemark>
    <Placemark><name>ampm</name>
      <description><![CDATA[Priority 2: Grocery-store backup.<br/>Address: 1785 N Bellflower Blvd, Long Beach, CA 90815, USA<br/>Approximate runner mile: 37.9.<br/>Nearest runner geometry: approximately 0.59 mi straight-line (not a walking detour).<br/>Verification: Google Places business backup (operational); confirm customer restroom access and hours on race day.<br/>Source: <a href="https://maps.google.com/?cid=8347278782201784510&g_mp=Cilnb29nbGUubWFwcy5wbGFjZXMudjEuUGxhY2VzLlNlYXJjaE5lYXJieRACGAQgAA">official / current listing</a>]]></description>
      <styleUrl>#groceryBackup</styleUrl>
      <Point><coordinates>-118.12463659999997,33.7880754,0</coordinates></Point>
    </Placemark>
    <Placemark><name>ampm</name>
      <description><![CDATA[Priority 2: Grocery-store backup.<br/>Address: 34342 Pacific Coast Hwy, Dana Point, CA 92629, USA<br/>Approximate runner mile: 73.6.<br/>Nearest runner geometry: approximately 0.04 mi straight-line (not a walking detour).<br/>Verification: Google Places business backup (operational); confirm customer restroom access and hours on race day.<br/>Source: <a href="https://maps.google.com/?cid=13850192275007069308&g_mp=Cilnb29nbGUubWFwcy5wbGFjZXMudjEuUGxhY2VzLlNlYXJjaE5lYXJieRACGAQgAA">official / current listing</a>]]></description>
      <styleUrl>#groceryBackup</styleUrl>
      <Point><coordinates>-117.6848716,33.4647554,0</coordinates></Point>
    </Placemark>
    <Placemark><name>ampm</name>
      <description><![CDATA[Priority 2: Grocery-store backup.<br/>Address: 810 Tamarack Ave, Carlsbad, CA 92008, USA<br/>Approximate runner mile: 86.3.<br/>Nearest runner geometry: approximately 0.53 mi straight-line (not a walking detour).<br/>Verification: Google Places business backup (operational); confirm customer restroom access and hours on race day.<br/>Source: <a href="https://maps.google.com/?cid=13455315079179948288&g_mp=Cilnb29nbGUubWFwcy5wbGFjZXMudjEuUGxhY2VzLlNlYXJjaE5lYXJieRACGAQgAA">official / current listing</a>]]></description>
      <styleUrl>#groceryBackup</styleUrl>
      <Point><coordinates>-117.3381177,33.152079900000004,0</coordinates></Point>
    </Placemark>
    <Placemark><name>ampm</name>
      <description><![CDATA[Priority 2: Grocery-store backup.<br/>Address: 985 Turquoise St, San Diego, CA 92109, USA<br/>Approximate runner mile: 113.5.<br/>Nearest runner geometry: approximately 0.30 mi straight-line (not a walking detour).<br/>Verification: Google Places business backup (operational); confirm customer restroom access and hours on race day.<br/>Source: <a href="https://maps.google.com/?cid=15126162426847113197&g_mp=Cilnb29nbGUubWFwcy5wbGFjZXMudjEuUGxhY2VzLlNlYXJjaE5lYXJieRACGAQgAA">official / current listing</a>]]></description>
      <styleUrl>#groceryBackup</styleUrl>
      <Point><coordinates>-117.2558152,32.809121399999995,0</coordinates></Point>
    </Placemark>
    <Placemark><name>ampm</name>
      <description><![CDATA[Priority 2: Grocery-store backup.<br/>Address: 1875 Grand Ave, San Diego, CA 92109, USA<br/>Approximate runner mile: 115.4.<br/>Nearest runner geometry: approximately 0.16 mi straight-line (not a walking detour).<br/>Verification: Google Places business backup (operational); confirm customer restroom access and hours on race day.<br/>Source: <a href="https://maps.google.com/?cid=16204765107845560307&g_mp=Cilnb29nbGUubWFwcy5wbGFjZXMudjEuUGxhY2VzLlNlYXJjaE5lYXJieRACGAQgAA">official / current listing</a>]]></description>
      <styleUrl>#groceryBackup</styleUrl>
      <Point><coordinates>-117.2349642,32.7986076,0</coordinates></Point>
    </Placemark>
    <Placemark><name>re_ grocery</name>
      <description><![CDATA[Priority 2: Grocery-store backup.<br/>Address: 12928 Venice Blvd., Los Angeles, CA 90066, USA<br/>Approximate runner mile: 4.2.<br/>Nearest runner geometry: approximately 0.35 mi straight-line (not a walking detour).<br/>Verification: Google Places business backup (operational); confirm customer restroom access and hours on race day.<br/>Source: <a href="https://maps.google.com/?cid=14839716506352431550&g_mp=Cilnb29nbGUubWFwcy5wbGFjZXMudjEuUGxhY2VzLlNlYXJjaE5lYXJieRACGAQgAA">official / current listing</a>]]></description>
      <styleUrl>#groceryBackup</styleUrl>
      <Point><coordinates>-118.44207649999998,33.9991395,0</coordinates></Point>
    </Placemark>
    <Placemark><name>velazquez mini market</name>
      <description><![CDATA[Priority 2: Grocery-store backup.<br/>Address: 8504 S Broadway, Los Angeles, CA 90003, USA<br/>Approximate runner mile: 15.4.<br/>Nearest runner geometry: approximately 0.09 mi straight-line (not a walking detour).<br/>Verification: Google Places business backup (operational); confirm customer restroom access and hours on race day.<br/>Source: <a href="https://maps.google.com/?cid=12795477632652896038&g_mp=Cilnb29nbGUubWFwcy5wbGFjZXMudjEuUGxhY2VzLlNlYXJjaE5lYXJieRACGAQgAA">official / current listing</a>]]></description>
      <styleUrl>#groceryBackup</styleUrl>
      <Point><coordinates>-118.2781249,33.961286199999996,0</coordinates></Point>
    </Placemark>
  </Folder></Document></kml>
