<?xml version="1.0" encoding="UTF-8"?>
<gpx version="1.1" creator="NSTT course planner" xmlns="http://www.topografix.com/GPX/1/1"><metadata><name>NSTT 2026 Runner Route</name><desc>Runner-only draft course for the No Shortcuts Time Trial (Santa Monica to San Diego, 23 Oct 2026). Built from the organizer's published runner turn list. It is split into independently editable half-mile route segments and intentionally excludes vehicle logistics, relay assignments, and handoffs. Important: validate the LA River Trail and coastal portions against the organizer's notes; this is a planning map, not a safety or navigation authority. The PCH exit is interpreted as Ocean Blue Environmental at 925 W Esther Street in Long Beach. The line from Ocean Blue to Del Prado is pinned to the organizer's Highway 1/PCH corridor and is a road-alignment reference, not a pedestrian-safety validation. At San Mateo Point, the support car picks up the runner, drives I-5 to Exit 54C, and drops the runner at the Oceanside Chevron. That is an intentional runner-route gap: no runner geometry is generated on I-5.</desc></metadata>
  <trk><name>NSTT 2026 Runner Route</name>
  <trkseg>
      <trkpt lat="34.00997" lon="-118.4966"/>
      <trkpt lat="34.01136" lon="-118.49495"/>
      <trkpt lat="34.007586" lon="-118.490485"/>
      <trkpt lat="34.007438" lon="-118.49031"/>
      <trkpt lat="34.00784" lon="-118.48974"/>
      <trkpt lat="34.00358" lon="-118.485342"/>
      <trkpt lat="34.003071" lon="-118.484817"/>
      <trkpt lat="34.00297" lon="-118.484713"/>
      <trkpt lat="34.00287" lon="-118.48461"/>
      <trkpt lat="34.00266" lon="-118.48442"/>
      <trkpt lat="34.00234" lon="-118.48409"/>
      <trkpt lat="34.00233" lon="-118.48411"/>
      <trkpt lat="34.00214" lon="-118.48392"/>
      <trkpt lat="34.00215" lon="-118.4839"/>
      <trkpt lat="34.00197" lon="-118.48372"/>
      <trkpt lat="34.00186" lon="-118.48363"/>
      <trkpt lat="34.00179" lon="-118.48353"/>
      <trkpt lat="34.0015" lon="-118.48326"/>
      <trkpt lat="34.00008" lon="-118.48182"/>
      <trkpt lat="33.99953" lon="-118.48126"/>
      <trkpt lat="33.99952" lon="-118.48128"/>
      <trkpt lat="33.99944" lon="-118.4812"/>
      <trkpt lat="33.99946" lon="-118.48117"/>
      <trkpt lat="33.99869" lon="-118.48045"/>
      <trkpt lat="33.99854" lon="-118.48027"/>
      <trkpt lat="33.99815" lon="-118.4799"/>
      <trkpt lat="33.99801" lon="-118.47975"/>
      <trkpt lat="33.998" lon="-118.47976"/>
      <trkpt lat="33.9979" lon="-118.47966"/>
      <trkpt lat="33.997486" lon="-118.479219"/>
      <trkpt lat="33.99745" lon="-118.47918"/>
      <trkpt lat="33.99728" lon="-118.47904"/>
      <trkpt lat="33.99695" lon="-118.47872"/>
      <trkpt lat="33.99674" lon="-118.47847"/>
      <trkpt lat="33.99647" lon="-118.47821"/>
      <trkpt lat="33.99638" lon="-118.47809"/>
      <trkpt lat="33.99618" lon="-118.47791"/>
      <trkpt lat="33.99616" lon="-118.47795"/>
      <trkpt lat="33.99602" lon="-118.47781"/>
      <trkpt lat="33.99603" lon="-118.47778"/>
      <trkpt lat="33.9955" lon="-118.47735"/>
      <trkpt lat="33.99548" lon="-118.47707"/>
      <trkpt lat="33.99449" lon="-118.47623"/>
      <trkpt lat="33.99445" lon="-118.47615"/>
      <trkpt lat="33.99343" lon="-118.47502"/>
      <trkpt lat="33.993318" lon="-118.474924"/>
      <trkpt lat="33.99272" lon="-118.47441"/>
      <trkpt lat="33.99258" lon="-118.47426"/>
      <trkpt lat="33.99256" lon="-118.47426"/>
      <trkpt lat="33.99243" lon="-118.47412"/>
      <trkpt lat="33.99251" lon="-118.47395"/>
      <trkpt lat="33.99252" lon="-118.47384"/>
      <trkpt lat="33.992498" lon="-118.47364"/>
      <trkpt lat="33.992489" lon="-118.473559"/>
      <trkpt lat="33.99248" lon="-118.47347"/>
      <trkpt lat="33.99244" lon="-118.47332"/>
      <trkpt lat="33.99241" lon="-118.47303"/>
      <trkpt lat="33.99223" lon="-118.47211"/>
      <trkpt lat="33.99217" lon="-118.47193"/>
      <trkpt lat="33.99206" lon="-118.47141"/>
      <trkpt lat="33.99201" lon="-118.47107"/>
      <trkpt lat="33.99194" lon="-118.47071"/>
      <trkpt lat="33.99192" lon="-118.47058"/>
      <trkpt lat="33.9919" lon="-118.47059"/>
      <trkpt lat="33.99155" lon="-118.46921"/>
      <trkpt lat="33.99151" lon="-118.46896"/>
      <trkpt lat="33.9912" lon="-118.46782"/>
      <trkpt lat="33.99074" lon="-118.46603"/>
      <trkpt lat="33.99076" lon="-118.46602"/>
      <trkpt lat="33.99073" lon="-118.46589"/>
      <trkpt lat="33.99071" lon="-118.4659"/>
      <trkpt lat="33.990543" lon="-118.46525"/>
      <trkpt lat="33.990543" lon="-118.465249"/>
      <trkpt lat="33.99028" lon="-118.46422"/>
      <trkpt lat="33.99017" lon="-118.46402"/>
      <trkpt lat="33.99017" lon="-118.46401"/>
      <trkpt lat="33.99009" lon="-118.46388"/>
      <trkpt lat="33.99008" lon="-118.46389"/>
      <trkpt lat="33.98984" lon="-118.46351"/>
      <trkpt lat="33.98976" lon="-118.46342"/>
      <trkpt lat="33.98971" lon="-118.4633"/>
      <trkpt lat="33.98922" lon="-118.46257"/>
      <trkpt lat="33.98923" lon="-118.46255"/>
      <trkpt lat="33.98906" lon="-118.46227"/>
      <trkpt lat="33.98905" lon="-118.46229"/>
      <trkpt lat="33.98843" lon="-118.46133"/>
      <trkpt lat="33.988167" lon="-118.460356"/>
      <trkpt lat="33.98806" lon="-118.45996"/>
      <trkpt lat="33.988" lon="-118.45968"/>
      <trkpt lat="33.98798" lon="-118.45935"/>
      <trkpt lat="33.98801" lon="-118.45905"/>
      <trkpt lat="33.98802" lon="-118.45886"/>
      <trkpt lat="33.98806" lon="-118.45861"/>
      <trkpt lat="33.98807" lon="-118.4586"/>
      <trkpt lat="33.98809" lon="-118.45844"/>
      <trkpt lat="33.98808" lon="-118.45845"/>
      <trkpt lat="33.98817" lon="-118.45769"/>
      <trkpt lat="33.9882" lon="-118.4576"/>
      <trkpt lat="33.988205" lon="-118.457541"/>
      <trkpt lat="33.988205" lon="-118.457537"/>
      <trkpt lat="33.98826" lon="-118.45687"/>
      <trkpt lat="33.98832" lon="-118.45618"/>
      <trkpt lat="33.98844" lon="-118.45484"/>
      <trkpt lat="33.98846" lon="-118.45469"/>
      <trkpt lat="33.98846" lon="-118.45458"/>
      <trkpt lat="33.98842" lon="-118.4546"/>
      <trkpt lat="33.98852" lon="-118.45327"/>
      <trkpt lat="33.98851" lon="-118.45264"/>
      <trkpt lat="33.98848" lon="-118.4524"/>
      <trkpt lat="33.9885" lon="-118.45231"/>
      <trkpt lat="33.98844" lon="-118.45227"/>
      <trkpt lat="33.98844" lon="-118.45229"/>
      <trkpt lat="33.98837" lon="-118.45216"/>
      <trkpt lat="33.98846" lon="-118.452"/>
      <trkpt lat="33.98875" lon="-118.45153"/>
      <trkpt lat="33.98952" lon="-118.44998"/>
      <trkpt lat="33.989755" lon="-118.449501"/>
      <trkpt lat="33.98977" lon="-118.44947"/>
      <trkpt lat="33.9899" lon="-118.44922"/>
      <trkpt lat="33.9897" lon="-118.44907"/>
      <trkpt lat="33.98969" lon="-118.44904"/>
      <trkpt lat="33.98993" lon="-118.4486"/>
      <trkpt lat="33.99029" lon="-118.44789"/>
      <trkpt lat="33.99027" lon="-118.44787"/>
      <trkpt lat="33.9904" lon="-118.4476"/>
      <trkpt lat="33.99042" lon="-118.44763"/>
      <trkpt lat="33.99095" lon="-118.44656"/>
      <trkpt lat="33.99112" lon="-118.44623"/>
      <trkpt lat="33.99119" lon="-118.44606"/>
      <trkpt lat="33.991471" lon="-118.445516"/>
      <trkpt lat="33.99166" lon="-118.44515"/>
      <trkpt lat="33.9919" lon="-118.44461"/>
      <trkpt lat="33.99192" lon="-118.44463"/>
      <trkpt lat="33.9926" lon="-118.44325"/>
      <trkpt lat="33.9927" lon="-118.44309"/>
      <trkpt lat="33.9929" lon="-118.44264"/>
      <trkpt lat="33.99297" lon="-118.44255"/>
      <trkpt lat="33.99299" lon="-118.44247"/>
      <trkpt lat="33.993105" lon="-118.442232"/>
      <trkpt lat="33.99312" lon="-118.4422"/>
      <trkpt lat="33.993136" lon="-118.442169"/>
      <trkpt lat="33.99343" lon="-118.44161"/>
      <trkpt lat="33.99374" lon="-118.44097"/>
      <trkpt lat="33.99424" lon="-118.43996"/>
      <trkpt lat="33.99442" lon="-118.43962"/>
      <trkpt lat="33.9947" lon="-118.43903"/>
      <trkpt lat="33.99482" lon="-118.43884"/>
      <trkpt lat="33.9951" lon="-118.43822"/>
      <trkpt lat="33.99534" lon="-118.43778"/>
      <trkpt lat="33.9954" lon="-118.4377"/>
      <trkpt lat="33.99543" lon="-118.43758"/>
      <trkpt lat="33.99591" lon="-118.43662"/>
      <trkpt lat="33.99591" lon="-118.43661"/>
      <trkpt lat="33.99597" lon="-118.43649"/>
      <trkpt lat="33.99598" lon="-118.4365"/>
      <trkpt lat="33.99616" lon="-118.43615"/>
      <trkpt lat="33.99623" lon="-118.43603"/>
      <trkpt lat="33.99621" lon="-118.43602"/>
      <trkpt lat="33.99627" lon="-118.43588"/>
      <trkpt lat="33.99629" lon="-118.4359"/>
      <trkpt lat="33.99639" lon="-118.43565"/>
      <trkpt lat="33.99652" lon="-118.43547"/>
      <trkpt lat="33.99652" lon="-118.43539"/>
      <trkpt lat="33.9967" lon="-118.435"/>
      <trkpt lat="33.996757" lon="-118.434829"/>
      <trkpt lat="33.99676" lon="-118.43482"/>
      <trkpt lat="33.99679" lon="-118.43458"/>
      <trkpt lat="33.99678" lon="-118.43446"/>
      <trkpt lat="33.99676" lon="-118.43446"/>
      <trkpt lat="33.99679" lon="-118.43432"/>
      <trkpt lat="33.99671" lon="-118.43342"/>
      <trkpt lat="33.99664" lon="-118.43251"/>
      <trkpt lat="33.99665" lon="-118.4323"/>
      <trkpt lat="33.99672" lon="-118.43218"/>
      <trkpt lat="33.99666" lon="-118.4321"/>
      <trkpt lat="33.99667" lon="-118.43196"/>
      <trkpt lat="33.99673" lon="-118.43176"/>
      <trkpt lat="33.99667" lon="-118.43166"/>
      <trkpt lat="33.996692" lon="-118.431076"/>
      <trkpt lat="33.9967" lon="-118.43085"/>
      <trkpt lat="33.99672" lon="-118.4307"/>
      <trkpt lat="33.99671" lon="-118.4306"/>
      <trkpt lat="33.99675" lon="-118.42978"/>
      <trkpt lat="33.9968" lon="-118.42972"/>
      <trkpt lat="33.99677" lon="-118.42969"/>
      <trkpt lat="33.99684" lon="-118.42874"/>
      <trkpt lat="33.99686" lon="-118.42853"/>
      <trkpt lat="33.99684" lon="-118.42851"/>
      <trkpt lat="33.99684" lon="-118.4282"/>
      <trkpt lat="33.99689" lon="-118.42826"/>
      <trkpt lat="33.9969" lon="-118.42817"/>
      <trkpt lat="33.99693" lon="-118.42797"/>
      <trkpt lat="33.99694" lon="-118.42791"/>
      <trkpt lat="33.9969" lon="-118.42793"/>
      <trkpt lat="33.99684" lon="-118.42788"/>
      <trkpt lat="33.99693" lon="-118.42785"/>
      <trkpt lat="33.99701" lon="-118.42707"/>
      <trkpt lat="33.99707" lon="-118.42687"/>
      <trkpt lat="33.99709" lon="-118.42666"/>
      <trkpt lat="33.997105" lon="-118.42651"/>
      <trkpt lat="33.99712" lon="-118.42636"/>
      <trkpt lat="33.99712" lon="-118.42614"/>
      <trkpt lat="33.99716" lon="-118.42566"/>
      <trkpt lat="33.99718" lon="-118.42546"/>
      <trkpt lat="33.99719" lon="-118.42548"/>
      <trkpt lat="33.99732" lon="-118.42423"/>
      <trkpt lat="33.99737" lon="-118.42397"/>
      <trkpt lat="33.99739" lon="-118.42355"/>
      <trkpt lat="33.99747" lon="-118.42286"/>
      <trkpt lat="33.99746" lon="-118.4228"/>
      <trkpt lat="33.9975" lon="-118.42263"/>
      <trkpt lat="33.99756" lon="-118.42203"/>
      <trkpt lat="33.99753" lon="-118.422"/>
      <trkpt lat="33.99754" lon="-118.42168"/>
      <trkpt lat="33.9976" lon="-118.42177"/>
      <trkpt lat="33.9976" lon="-118.42176"/>
      <trkpt lat="33.99768" lon="-118.42195"/>
      <trkpt lat="33.9976" lon="-118.42176"/>
      <trkpt lat="33.99746" lon="-118.42162"/>
      <trkpt lat="33.99731" lon="-118.42136"/>
      <trkpt lat="33.99638" lon="-118.41994"/>
      <trkpt lat="33.99628" lon="-118.41977"/>
      <trkpt lat="33.996001" lon="-118.419349"/>
      <trkpt lat="33.99508" lon="-118.41796"/>
      <trkpt lat="33.99505" lon="-118.41786"/>
      <trkpt lat="33.99498" lon="-118.41784"/>
      <trkpt lat="33.99501" lon="-118.41781"/>
      <trkpt lat="33.99488" lon="-118.41764"/>
      <trkpt lat="33.99487" lon="-118.41766"/>
      <trkpt lat="33.994547" lon="-118.417146"/>
      <trkpt lat="33.99445" lon="-118.41699"/>
      <trkpt lat="33.99311" lon="-118.41493"/>
      <trkpt lat="33.99281" lon="-118.41447"/>
      <trkpt lat="33.99284" lon="-118.41445"/>
      <trkpt lat="33.9924" lon="-118.41402"/>
      <trkpt lat="33.99224" lon="-118.41386"/>
      <trkpt lat="33.99205" lon="-118.41372"/>
      <trkpt lat="33.99154" lon="-118.41322"/>
      <trkpt lat="33.99155" lon="-118.4132"/>
      <trkpt lat="33.99144" lon="-118.41309"/>
      <trkpt lat="33.99143" lon="-118.41312"/>
      <trkpt lat="33.991337" lon="-118.413024"/>
      <trkpt lat="33.991194" lon="-118.412874"/>
      <trkpt lat="33.99119" lon="-118.41287"/>
      <trkpt lat="33.99103" lon="-118.41272"/>
      <trkpt lat="33.9909" lon="-118.41255"/>
      <trkpt lat="33.99031" lon="-118.41201"/>
      <trkpt lat="33.98963" lon="-118.41135"/>
      <trkpt lat="33.9898" lon="-118.41106"/>
      <trkpt lat="33.98986" lon="-118.41091"/>
      <trkpt lat="33.99087" lon="-118.40919"/>
      <trkpt lat="33.99091" lon="-118.40911"/>
      <trkpt lat="33.99101" lon="-118.409"/>
      <trkpt lat="33.99104" lon="-118.4089"/>
      <trkpt lat="33.99102" lon="-118.40877"/>
      <trkpt lat="33.99092" lon="-118.40861"/>
      <trkpt lat="33.99085" lon="-118.40844"/>
      <trkpt lat="33.989597" lon="-118.406378"/>
      <trkpt lat="33.98896" lon="-118.40533"/>
      <trkpt lat="33.98895" lon="-118.40537"/>
      <trkpt lat="33.98884" lon="-118.40516"/>
      <trkpt lat="33.988661" lon="-118.404873"/>
      <trkpt lat="33.98791" lon="-118.40367"/>
      <trkpt lat="33.98749" lon="-118.40295"/>
      <trkpt lat="33.9874" lon="-118.40276"/>
      <trkpt lat="33.98665" lon="-118.40152"/>
      <trkpt lat="33.98638" lon="-118.40105"/>
      <trkpt lat="33.98636" lon="-118.40108"/>
      <trkpt lat="33.98576" lon="-118.40056"/>
      <trkpt lat="33.985002" lon="-118.399884"/>
      <trkpt lat="33.984797" lon="-118.399701"/>
      <trkpt lat="33.9832" lon="-118.39831"/>
      <trkpt lat="33.981602" lon="-118.395754"/>
      <trkpt lat="33.981298" lon="-118.395008"/>
      <trkpt lat="33.980798" lon="-118.394871"/>
      <trkpt lat="33.979665" lon="-118.394597"/>
      <trkpt lat="33.978868" lon="-118.394404"/>
      <trkpt lat="33.978261" lon="-118.394258"/>
      <trkpt lat="33.97654" lon="-118.394135"/>
      <trkpt lat="33.974789" lon="-118.394229"/>
      <trkpt lat="33.9729" lon="-118.39469"/>
      <trkpt lat="33.972508" lon="-118.394789"/>
      <trkpt lat="33.97116" lon="-118.39513"/>
      <trkpt lat="33.96996" lon="-118.39546"/>
      <trkpt lat="33.96994" lon="-118.39536"/>
      <trkpt lat="33.96993" lon="-118.39533"/>
      <trkpt lat="33.968963" lon="-118.39001"/>
      <trkpt lat="33.968961" lon="-118.389999"/>
      <trkpt lat="33.96877" lon="-118.38895"/>
      <trkpt lat="33.96876" lon="-118.38861"/>
      <trkpt lat="33.96881" lon="-118.38834"/>
      <trkpt lat="33.96887" lon="-118.3882"/>
      <trkpt lat="33.96948" lon="-118.38695"/>
      <trkpt lat="33.96955" lon="-118.38683"/>
      <trkpt lat="33.96968" lon="-118.38642"/>
      <trkpt lat="33.96969" lon="-118.38617"/>
      <trkpt lat="33.969325" lon="-118.384373"/>
      <trkpt lat="33.968871" lon="-118.382555"/>
      <trkpt lat="33.96859" lon="-118.381954"/>
      <trkpt lat="33.968503" lon="-118.38186"/>
      <trkpt lat="33.968208" lon="-118.381542"/>
      <trkpt lat="33.966867" lon="-118.380163"/>
      <trkpt lat="33.966458" lon="-118.379541"/>
      <trkpt lat="33.966081" lon="-118.378435"/>
      <trkpt lat="33.96537" lon="-118.377618"/>
      <trkpt lat="33.964908" lon="-118.376827"/>
      <trkpt lat="33.964702" lon="-118.376063"/>
      <trkpt lat="33.964681" lon="-118.375842"/>
      <trkpt lat="33.964638" lon="-118.375406"/>
      <trkpt lat="33.964209" lon="-118.375395"/>
      <trkpt lat="33.963614" lon="-118.375379"/>
      <trkpt lat="33.963592" lon="-118.374339"/>
      <trkpt lat="33.9636" lon="-118.37122"/>
      <trkpt lat="33.96364" lon="-118.37104"/>
      <trkpt lat="33.96369" lon="-118.37089"/>
      <trkpt lat="33.96341" lon="-118.37075"/>
      <trkpt lat="33.9634" lon="-118.37077"/>
      <trkpt lat="33.96325" lon="-118.3707"/>
      <trkpt lat="33.96326" lon="-118.37068"/>
      <trkpt lat="33.96324" lon="-118.37067"/>
      <trkpt lat="33.9633" lon="-118.37039"/>
      <trkpt lat="33.96283" lon="-118.37018"/>
      <trkpt lat="33.96225" lon="-118.37002"/>
      <trkpt lat="33.96189" lon="-118.36997"/>
      <trkpt lat="33.96175" lon="-118.36997"/>
      <trkpt lat="33.96173" lon="-118.36981"/>
      <trkpt lat="33.961737" lon="-118.369321"/>
      <trkpt lat="33.96174" lon="-118.36906"/>
      <trkpt lat="33.96176" lon="-118.36815"/>
      <trkpt lat="33.96175" lon="-118.36815"/>
      <trkpt lat="33.96176" lon="-118.36614"/>
      <trkpt lat="33.96176" lon="-118.36556"/>
      <trkpt lat="33.96174" lon="-118.36544"/>
      <trkpt lat="33.96176" lon="-118.36512"/>
      <trkpt lat="33.96174" lon="-118.36499"/>
      <trkpt lat="33.96177" lon="-118.36486"/>
      <trkpt lat="33.96177" lon="-118.36319"/>
      <trkpt lat="33.961775" lon="-118.362543"/>
      <trkpt lat="33.96178" lon="-118.36185"/>
      <trkpt lat="33.9618" lon="-118.36185"/>
      <trkpt lat="33.96181" lon="-118.36166"/>
      <trkpt lat="33.96179" lon="-118.36166"/>
      <trkpt lat="33.961795" lon="-118.360667"/>
      <trkpt lat="33.9618" lon="-118.35963"/>
      <trkpt lat="33.96183" lon="-118.35963"/>
      <trkpt lat="33.96183" lon="-118.35948"/>
      <trkpt lat="33.96181" lon="-118.35948"/>
      <trkpt lat="33.961821" lon="-118.358892"/>
      <trkpt lat="33.96183" lon="-118.35842"/>
      <trkpt lat="33.96177" lon="-118.3583"/>
      <trkpt lat="33.96182" lon="-118.35818"/>
      <trkpt lat="33.96183" lon="-118.35747"/>
      <trkpt lat="33.96185" lon="-118.35745"/>
      <trkpt lat="33.96186" lon="-118.3573"/>
      <trkpt lat="33.96184" lon="-118.3573"/>
      <trkpt lat="33.96184" lon="-118.3568"/>
      <trkpt lat="33.96187" lon="-118.35667"/>
      <trkpt lat="33.96187" lon="-118.3563"/>
      <trkpt lat="33.96185" lon="-118.35617"/>
      <trkpt lat="33.96185" lon="-118.35584"/>
      <trkpt lat="33.96188" lon="-118.3557"/>
      <trkpt lat="33.96189" lon="-118.3554"/>
      <trkpt lat="33.96187" lon="-118.35528"/>
      <trkpt lat="33.96191" lon="-118.35513"/>
      <trkpt lat="33.96191" lon="-118.35502"/>
      <trkpt lat="33.96189" lon="-118.35498"/>
      <trkpt lat="33.96188" lon="-118.35445"/>
      <trkpt lat="33.9619" lon="-118.3535"/>
      <trkpt lat="33.96192" lon="-118.3535"/>
      <trkpt lat="33.96191" lon="-118.35323"/>
      <trkpt lat="33.9619" lon="-118.35323"/>
      <trkpt lat="33.9619" lon="-118.35287"/>
      <trkpt lat="33.96192" lon="-118.35281"/>
      <trkpt lat="33.96191" lon="-118.35263"/>
      <trkpt lat="33.961916" lon="-118.352144"/>
      <trkpt lat="33.96192" lon="-118.35187"/>
      <trkpt lat="33.9619" lon="-118.35187"/>
      <trkpt lat="33.96192" lon="-118.3505"/>
      <trkpt lat="33.96193" lon="-118.3505"/>
      <trkpt lat="33.96195" lon="-118.35028"/>
      <trkpt lat="33.96193" lon="-118.35028"/>
      <trkpt lat="33.96193" lon="-118.3498"/>
      <trkpt lat="33.96192" lon="-118.34971"/>
      <trkpt lat="33.96193" lon="-118.34946"/>
      <trkpt lat="33.96193" lon="-118.34906"/>
      <trkpt lat="33.96191" lon="-118.349"/>
      <trkpt lat="33.96186" lon="-118.34891"/>
      <trkpt lat="33.96191" lon="-118.34888"/>
      <trkpt lat="33.96178" lon="-118.34855"/>
      <trkpt lat="33.96158" lon="-118.34813"/>
      <trkpt lat="33.96143" lon="-118.34799"/>
      <trkpt lat="33.96065" lon="-118.346998"/>
      <trkpt lat="33.96062" lon="-118.34696"/>
      <trkpt lat="33.96062" lon="-118.34698"/>
      <trkpt lat="33.96009" lon="-118.34632"/>
      <trkpt lat="33.95995" lon="-118.34601"/>
      <trkpt lat="33.95986" lon="-118.34565"/>
      <trkpt lat="33.95983" lon="-118.34541"/>
      <trkpt lat="33.95985" lon="-118.34473"/>
      <trkpt lat="33.959878" lon="-118.344483"/>
      <trkpt lat="33.9599" lon="-118.34429"/>
      <trkpt lat="33.95995" lon="-118.34407"/>
      <trkpt lat="33.95998" lon="-118.34408"/>
      <trkpt lat="33.96006" lon="-118.34383"/>
      <trkpt lat="33.96003" lon="-118.34383"/>
      <trkpt lat="33.9601" lon="-118.34344"/>
      <trkpt lat="33.960107" lon="-118.34269"/>
      <trkpt lat="33.96011" lon="-118.34243"/>
      <trkpt lat="33.96011" lon="-118.34043"/>
      <trkpt lat="33.96012" lon="-118.34017"/>
      <trkpt lat="33.96011" lon="-118.34017"/>
      <trkpt lat="33.96011" lon="-118.33762"/>
      <trkpt lat="33.96009" lon="-118.33745"/>
      <trkpt lat="33.96011" lon="-118.33725"/>
      <trkpt lat="33.96011" lon="-118.335895"/>
      <trkpt lat="33.96011" lon="-118.335894"/>
      <trkpt lat="33.96011" lon="-118.33522"/>
      <trkpt lat="33.9601" lon="-118.33498"/>
      <trkpt lat="33.9601" lon="-118.33455"/>
      <trkpt lat="33.96011" lon="-118.33443"/>
      <trkpt lat="33.96012" lon="-118.33236"/>
      <trkpt lat="33.96012" lon="-118.33209"/>
      <trkpt lat="33.960117" lon="-118.331032"/>
      <trkpt lat="33.96011" lon="-118.32886"/>
      <trkpt lat="33.96012" lon="-118.32885"/>
      <trkpt lat="33.96013" lon="-118.32868"/>
      <trkpt lat="33.96011" lon="-118.32868"/>
      <trkpt lat="33.96011" lon="-118.327201"/>
      <trkpt lat="33.96011" lon="-118.32666"/>
      <trkpt lat="33.96014" lon="-118.32666"/>
      <trkpt lat="33.96013" lon="-118.32636"/>
      <trkpt lat="33.96011" lon="-118.32635"/>
      <trkpt lat="33.96011" lon="-118.32571"/>
      <trkpt lat="33.960107" lon="-118.325262"/>
      <trkpt lat="33.9601" lon="-118.32441"/>
      <trkpt lat="33.96013" lon="-118.32441"/>
      <trkpt lat="33.96012" lon="-118.32428"/>
      <trkpt lat="33.96011" lon="-118.32428"/>
      <trkpt lat="33.96011" lon="-118.32223"/>
      <trkpt lat="33.96013" lon="-118.32222"/>
      <trkpt lat="33.96011" lon="-118.32198"/>
      <trkpt lat="33.96011" lon="-118.32003"/>
      <trkpt lat="33.96012" lon="-118.31986"/>
      <trkpt lat="33.9601" lon="-118.31986"/>
      <trkpt lat="33.960106" lon="-118.318619"/>
      <trkpt lat="33.96011" lon="-118.31766"/>
      <trkpt lat="33.9601" lon="-118.31754"/>
      <trkpt lat="33.9601" lon="-118.314724"/>
      <trkpt lat="33.9601" lon="-118.31397"/>
      <trkpt lat="33.96011" lon="-118.31381"/>
      <trkpt lat="33.9601" lon="-118.31349"/>
      <trkpt lat="33.9601" lon="-118.31331"/>
      <trkpt lat="33.96009" lon="-118.31331"/>
      <trkpt lat="33.96009" lon="-118.31031"/>
      <trkpt lat="33.96008" lon="-118.31012"/>
      <trkpt lat="33.96009" lon="-118.30994"/>
      <trkpt lat="33.96009" lon="-118.309909"/>
      <trkpt lat="33.96009" lon="-118.30912"/>
      <trkpt lat="33.96006" lon="-118.30893"/>
      <trkpt lat="33.95987" lon="-118.30904"/>
      <trkpt lat="33.95984" lon="-118.30904"/>
      <trkpt lat="33.95985" lon="-118.30892"/>
      <trkpt lat="33.95986" lon="-118.30892"/>
      <trkpt lat="33.95986" lon="-118.308256"/>
      <trkpt lat="33.95986" lon="-118.30694"/>
      <trkpt lat="33.95984" lon="-118.30694"/>
      <trkpt lat="33.95984" lon="-118.30675"/>
      <trkpt lat="33.95984" lon="-118.30649"/>
      <trkpt lat="33.95987" lon="-118.30632"/>
      <trkpt lat="33.95986" lon="-118.30621"/>
      <trkpt lat="33.95987" lon="-118.30568"/>
      <trkpt lat="33.95988" lon="-118.30476"/>
      <trkpt lat="33.95987" lon="-118.3042"/>
      <trkpt lat="33.95989" lon="-118.30256"/>
      <trkpt lat="33.95988" lon="-118.30256"/>
      <trkpt lat="33.95988" lon="-118.30243"/>
      <trkpt lat="33.95989" lon="-118.30243"/>
      <trkpt lat="33.95989" lon="-118.301653"/>
      <trkpt lat="33.95989" lon="-118.30017"/>
      <trkpt lat="33.95991" lon="-118.30017"/>
      <trkpt lat="33.9599" lon="-118.29885"/>
      <trkpt lat="33.959901" lon="-118.29875"/>
      <trkpt lat="33.95991" lon="-118.29781"/>
      <trkpt lat="33.95993" lon="-118.29764"/>
      <trkpt lat="33.95991" lon="-118.29758"/>
      <trkpt lat="33.95991" lon="-118.296"/>
      <trkpt lat="33.9599" lon="-118.296"/>
      <trkpt lat="33.95991" lon="-118.29583"/>
      <trkpt lat="33.95992" lon="-118.2958"/>
      <trkpt lat="33.95992" lon="-118.29412"/>
      <trkpt lat="33.95994" lon="-118.29402"/>
      <trkpt lat="33.95992" lon="-118.29389"/>
      <trkpt lat="33.95992" lon="-118.292979"/>
      <trkpt lat="33.95992" lon="-118.29192"/>
      <trkpt lat="33.95991" lon="-118.29141"/>
      <trkpt lat="33.959917" lon="-118.290833"/>
      <trkpt lat="33.95992" lon="-118.29055"/>
      <trkpt lat="33.95991" lon="-118.29052"/>
      <trkpt lat="33.95992" lon="-118.29052"/>
      <trkpt lat="33.95993" lon="-118.28943"/>
      <trkpt lat="33.95994" lon="-118.28825"/>
      <trkpt lat="33.95994" lon="-118.28808"/>
      <trkpt lat="33.95994" lon="-118.28714"/>
      <trkpt lat="33.95993" lon="-118.28714"/>
      <trkpt lat="33.95993" lon="-118.28688"/>
      <trkpt lat="33.95995" lon="-118.28688"/>
      <trkpt lat="33.959959" lon="-118.284305"/>
      <trkpt lat="33.95996" lon="-118.28397"/>
      <trkpt lat="33.95995" lon="-118.28397"/>
      <trkpt lat="33.95995" lon="-118.28382"/>
      <trkpt lat="33.95997" lon="-118.28382"/>
      <trkpt lat="33.95997" lon="-118.28283"/>
      <trkpt lat="33.95995" lon="-118.28283"/>
      <trkpt lat="33.95994" lon="-118.28261"/>
      <trkpt lat="33.95997" lon="-118.28261"/>
      <trkpt lat="33.95997" lon="-118.282443"/>
      <trkpt lat="33.95997" lon="-118.28202"/>
      <trkpt lat="33.95994" lon="-118.28202"/>
      <trkpt lat="33.95995" lon="-118.28192"/>
      <trkpt lat="33.95998" lon="-118.28192"/>
      <trkpt lat="33.95997" lon="-118.28146"/>
      <trkpt lat="33.95994" lon="-118.28138"/>
      <trkpt lat="33.95995" lon="-118.27975"/>
      <trkpt lat="33.95996" lon="-118.27945"/>
      <trkpt lat="33.95997" lon="-118.27945"/>
      <trkpt lat="33.95998" lon="-118.27841"/>
      <trkpt lat="33.95997" lon="-118.2784"/>
      <trkpt lat="33.95997" lon="-118.27809"/>
      <trkpt lat="33.959976" lon="-118.275776"/>
      <trkpt lat="33.95998" lon="-118.274"/>
      <trkpt lat="33.95997" lon="-118.27399"/>
      <trkpt lat="33.95997" lon="-118.27377"/>
      <trkpt lat="33.95998" lon="-118.27377"/>
      <trkpt lat="33.959981" lon="-118.27357"/>
      <trkpt lat="33.95999" lon="-118.27177"/>
      <trkpt lat="33.96001" lon="-118.27004"/>
      <trkpt lat="33.96" lon="-118.26963"/>
      <trkpt lat="33.95998" lon="-118.26961"/>
      <trkpt lat="33.95999" lon="-118.26941"/>
      <trkpt lat="33.96" lon="-118.26941"/>
      <trkpt lat="33.96001" lon="-118.26815"/>
      <trkpt lat="33.96" lon="-118.26813"/>
      <trkpt lat="33.96001" lon="-118.26714"/>
      <trkpt lat="33.96001" lon="-118.267097"/>
      <trkpt lat="33.960016" lon="-118.266106"/>
      <trkpt lat="33.96002" lon="-118.26526"/>
      <trkpt lat="33.96001" lon="-118.26526"/>
      <trkpt lat="33.96003" lon="-118.26401"/>
      <trkpt lat="33.96004" lon="-118.26372"/>
      <trkpt lat="33.96005" lon="-118.2613"/>
      <trkpt lat="33.96004" lon="-118.2611"/>
      <trkpt lat="33.96004" lon="-118.26086"/>
      <trkpt lat="33.96004" lon="-118.26069"/>
      <trkpt lat="33.96005" lon="-118.25947"/>
      <trkpt lat="33.96005" lon="-118.25868"/>
      <trkpt lat="33.96005" lon="-118.258385"/>
      <trkpt lat="33.96005" lon="-118.25656"/>
      <trkpt lat="33.96003" lon="-118.25628"/>
      <trkpt lat="33.96009" lon="-118.25628"/>
      <trkpt lat="33.960192" lon="-118.256289"/>
      <trkpt lat="33.96031" lon="-118.2563"/>
      <trkpt lat="33.96007" lon="-118.2563"/>
      <trkpt lat="33.9603" lon="-118.25628"/>
      <trkpt lat="33.9603" lon="-118.25414"/>
      <trkpt lat="33.96028" lon="-118.25412"/>
      <trkpt lat="33.96032" lon="-118.25412"/>
      <trkpt lat="33.96032" lon="-118.25388"/>
      <trkpt lat="33.9603" lon="-118.25388"/>
      <trkpt lat="33.96029" lon="-118.25085"/>
      <trkpt lat="33.96029" lon="-118.250651"/>
      <trkpt lat="33.96029" lon="-118.250628"/>
      <trkpt lat="33.96029" lon="-118.24786"/>
      <trkpt lat="33.9603" lon="-118.24784"/>
      <trkpt lat="33.96027" lon="-118.2478"/>
      <trkpt lat="33.96028" lon="-118.24769"/>
      <trkpt lat="33.96033" lon="-118.2477"/>
      <trkpt lat="33.96032" lon="-118.24749"/>
      <trkpt lat="33.96034" lon="-118.24749"/>
      <trkpt lat="33.96033" lon="-118.2473"/>
      <trkpt lat="33.96029" lon="-118.24722"/>
      <trkpt lat="33.9603" lon="-118.24569"/>
      <trkpt lat="33.96029" lon="-118.24452"/>
      <trkpt lat="33.9603" lon="-118.24452"/>
      <trkpt lat="33.9603" lon="-118.24438"/>
      <trkpt lat="33.96027" lon="-118.24438"/>
      <trkpt lat="33.96028" lon="-118.24314"/>
      <trkpt lat="33.96029" lon="-118.24314"/>
      <trkpt lat="33.96029" lon="-118.24238"/>
      <trkpt lat="33.960282" lon="-118.242114"/>
      <trkpt lat="33.96028" lon="-118.24206"/>
      <trkpt lat="33.96028" lon="-118.24089"/>
      <trkpt lat="33.96027" lon="-118.24074"/>
      <trkpt lat="33.96029" lon="-118.24034"/>
      <trkpt lat="33.96027" lon="-118.24034"/>
      <trkpt lat="33.960275" lon="-118.239759"/>
      <trkpt lat="33.96028" lon="-118.23905"/>
      <trkpt lat="33.96029" lon="-118.23905"/>
      <trkpt lat="33.96029" lon="-118.23894"/>
      <trkpt lat="33.96028" lon="-118.23894"/>
      <trkpt lat="33.96028" lon="-118.2375"/>
      <trkpt lat="33.96029" lon="-118.23749"/>
      <trkpt lat="33.96028" lon="-118.23702"/>
      <trkpt lat="33.96028" lon="-118.23677"/>
      <trkpt lat="33.96027" lon="-118.23636"/>
      <trkpt lat="33.96028" lon="-118.23636"/>
      <trkpt lat="33.96028" lon="-118.23532"/>
      <trkpt lat="33.96026" lon="-118.23515"/>
      <trkpt lat="33.96028" lon="-118.2345"/>
      <trkpt lat="33.960273" lon="-118.234404"/>
      <trkpt lat="33.96025" lon="-118.2341"/>
      <trkpt lat="33.96" lon="-118.23411"/>
      <trkpt lat="33.95999" lon="-118.2341"/>
      <trkpt lat="33.95997" lon="-118.2341"/>
      <trkpt lat="33.95992" lon="-118.23391"/>
      <trkpt lat="33.95994" lon="-118.23391"/>
      <trkpt lat="33.959915" lon="-118.233842"/>
      <trkpt lat="33.959915" lon="-118.233841"/>
      <trkpt lat="33.95986" lon="-118.23369"/>
      <trkpt lat="33.95966" lon="-118.23337"/>
      <trkpt lat="33.95928" lon="-118.23304"/>
      <trkpt lat="33.95878" lon="-118.23269"/>
      <trkpt lat="33.95859" lon="-118.23252"/>
      <trkpt lat="33.95831" lon="-118.23232"/>
      <trkpt lat="33.95807" lon="-118.23208"/>
      <trkpt lat="33.95788" lon="-118.23175"/>
      <trkpt lat="33.95772" lon="-118.23129"/>
      <trkpt lat="33.95765" lon="-118.23123"/>
      <trkpt lat="33.95768" lon="-118.2312"/>
      <trkpt lat="33.95759" lon="-118.23093"/>
      <trkpt lat="33.9576" lon="-118.23094"/>
      <trkpt lat="33.95757" lon="-118.23079"/>
      <trkpt lat="33.95757" lon="-118.23065"/>
      <trkpt lat="33.95753" lon="-118.23058"/>
      <trkpt lat="33.95733" lon="-118.2298"/>
      <trkpt lat="33.95728" lon="-118.22969"/>
      <trkpt lat="33.95711" lon="-118.22906"/>
      <trkpt lat="33.95709" lon="-118.22907"/>
      <trkpt lat="33.95706" lon="-118.22892"/>
      <trkpt lat="33.95708" lon="-118.22891"/>
      <trkpt lat="33.95662" lon="-118.2272"/>
      <trkpt lat="33.95659" lon="-118.22719"/>
      <trkpt lat="33.9565" lon="-118.2269"/>
      <trkpt lat="33.95654" lon="-118.2269"/>
      <trkpt lat="33.956514" lon="-118.226803"/>
      <trkpt lat="33.9562" lon="-118.22565"/>
      <trkpt lat="33.95618" lon="-118.22552"/>
      <trkpt lat="33.95614" lon="-118.22543"/>
      <trkpt lat="33.95601" lon="-118.22496"/>
      <trkpt lat="33.95599" lon="-118.22494"/>
      <trkpt lat="33.95591" lon="-118.22463"/>
      <trkpt lat="33.95596" lon="-118.22465"/>
      <trkpt lat="33.955947" lon="-118.224556"/>
      <trkpt lat="33.95588" lon="-118.22407"/>
      <trkpt lat="33.95588" lon="-118.22386"/>
      <trkpt lat="33.95581" lon="-118.22321"/>
      <trkpt lat="33.95576" lon="-118.22308"/>
      <trkpt lat="33.95566" lon="-118.22198"/>
      <trkpt lat="33.95563" lon="-118.22148"/>
      <trkpt lat="33.95559" lon="-118.22134"/>
      <trkpt lat="33.95557" lon="-118.22106"/>
      <trkpt lat="33.95558" lon="-118.22092"/>
      <trkpt lat="33.95552" lon="-118.22036"/>
      <trkpt lat="33.9555" lon="-118.22035"/>
      <trkpt lat="33.955485" lon="-118.220268"/>
      <trkpt lat="33.95544" lon="-118.22003"/>
      <trkpt lat="33.9555" lon="-118.22007"/>
      <trkpt lat="33.95543" lon="-118.21939"/>
      <trkpt lat="33.95542" lon="-118.21922"/>
      <trkpt lat="33.95539" lon="-118.21913"/>
      <trkpt lat="33.955327" lon="-118.218501"/>
      <trkpt lat="33.95506" lon="-118.21583"/>
      <trkpt lat="33.95504" lon="-118.21583"/>
      <trkpt lat="33.95502" lon="-118.21567"/>
      <trkpt lat="33.95504" lon="-118.21567"/>
      <trkpt lat="33.95495" lon="-118.21467"/>
      <trkpt lat="33.95494" lon="-118.21447"/>
      <trkpt lat="33.95487" lon="-118.21369"/>
      <trkpt lat="33.95483" lon="-118.21353"/>
      <trkpt lat="33.95472" lon="-118.21235"/>
      <trkpt lat="33.95469" lon="-118.21236"/>
      <trkpt lat="33.95466" lon="-118.21208"/>
      <trkpt lat="33.95468" lon="-118.21208"/>
      <trkpt lat="33.95459" lon="-118.21115"/>
      <trkpt lat="33.95458" lon="-118.21114"/>
      <trkpt lat="33.95448" lon="-118.20999"/>
      <trkpt lat="33.95447" lon="-118.20999"/>
      <trkpt lat="33.954469" lon="-118.209976"/>
      <trkpt lat="33.95446" lon="-118.20986"/>
      <trkpt lat="33.95447" lon="-118.20986"/>
      <trkpt lat="33.95437" lon="-118.20897"/>
      <trkpt lat="33.95436" lon="-118.20875"/>
      <trkpt lat="33.95434" lon="-118.20875"/>
      <trkpt lat="33.95432" lon="-118.20861"/>
      <trkpt lat="33.95433" lon="-118.20861"/>
      <trkpt lat="33.954221" lon="-118.207508"/>
      <trkpt lat="33.95419" lon="-118.20719"/>
      <trkpt lat="33.95417" lon="-118.20691"/>
      <trkpt lat="33.95409" lon="-118.20636"/>
      <trkpt lat="33.95408" lon="-118.20623"/>
      <trkpt lat="33.95406" lon="-118.20624"/>
      <trkpt lat="33.95406" lon="-118.20601"/>
      <trkpt lat="33.9541" lon="-118.206"/>
      <trkpt lat="33.95406" lon="-118.20565"/>
      <trkpt lat="33.95402" lon="-118.20547"/>
      <trkpt lat="33.95401" lon="-118.20525"/>
      <trkpt lat="33.95393" lon="-118.20438"/>
      <trkpt lat="33.953922" lon="-118.204303"/>
      <trkpt lat="33.95373" lon="-118.20241"/>
      <trkpt lat="33.95369" lon="-118.20227"/>
      <trkpt lat="33.95367" lon="-118.20209"/>
      <trkpt lat="33.95369" lon="-118.20192"/>
      <trkpt lat="33.95365" lon="-118.20152"/>
      <trkpt lat="33.95362" lon="-118.20152"/>
      <trkpt lat="33.953615" lon="-118.201487"/>
      <trkpt lat="33.9536" lon="-118.20138"/>
      <trkpt lat="33.95363" lon="-118.20137"/>
      <trkpt lat="33.95363" lon="-118.2013"/>
      <trkpt lat="33.95359" lon="-118.20118"/>
      <trkpt lat="33.95355" lon="-118.20078"/>
      <trkpt lat="33.95361" lon="-118.20063"/>
      <trkpt lat="33.95347" lon="-118.19923"/>
      <trkpt lat="33.95339" lon="-118.19924"/>
      <trkpt lat="33.95337" lon="-118.19907"/>
      <trkpt lat="33.95345" lon="-118.19906"/>
      <trkpt lat="33.95321" lon="-118.19666"/>
      <trkpt lat="33.95311" lon="-118.19663"/>
      <trkpt lat="33.95309" lon="-118.19642"/>
      <trkpt lat="33.95318" lon="-118.1964"/>
      <trkpt lat="33.9529" lon="-118.19346"/>
      <trkpt lat="33.95283" lon="-118.19343"/>
      <trkpt lat="33.952814" lon="-118.193311"/>
      <trkpt lat="33.952814" lon="-118.19331"/>
      <trkpt lat="33.95277" lon="-118.19299"/>
      <trkpt lat="33.95278" lon="-118.19299"/>
      <trkpt lat="33.95259" lon="-118.19111"/>
      <trkpt lat="33.95257" lon="-118.19109"/>
      <trkpt lat="33.95255" lon="-118.19094"/>
      <trkpt lat="33.952532" lon="-118.190742"/>
      <trkpt lat="33.95238" lon="-118.18909"/>
      <trkpt lat="33.95236" lon="-118.18892"/>
      <trkpt lat="33.95233" lon="-118.188494"/>
      <trkpt lat="33.9523" lon="-118.18808"/>
      <trkpt lat="33.95226" lon="-118.18784"/>
      <trkpt lat="33.95216" lon="-118.18693"/>
      <trkpt lat="33.95217" lon="-118.18693"/>
      <trkpt lat="33.951949" lon="-118.184687"/>
      <trkpt lat="33.95183" lon="-118.18348"/>
      <trkpt lat="33.9518" lon="-118.18326"/>
      <trkpt lat="33.95178" lon="-118.18325"/>
      <trkpt lat="33.95175" lon="-118.18314"/>
      <trkpt lat="33.9518" lon="-118.18315"/>
      <trkpt lat="33.95175" lon="-118.18314"/>
      <trkpt lat="33.95178" lon="-118.18325"/>
      <trkpt lat="33.95077" lon="-118.18289"/>
      <trkpt lat="33.94859" lon="-118.18207"/>
      <trkpt lat="33.94636" lon="-118.18125"/>
      <trkpt lat="33.94636" lon="-118.1813"/>
      <trkpt lat="33.946343" lon="-118.181291"/>
      <trkpt lat="33.94607" lon="-118.18115"/>
      <trkpt lat="33.94551" lon="-118.18099"/>
      <trkpt lat="33.94528" lon="-118.18093"/>
      <trkpt lat="33.94511" lon="-118.18091"/>
      <trkpt lat="33.94505" lon="-118.18093"/>
      <trkpt lat="33.94465" lon="-118.18093"/>
      <trkpt lat="33.944162" lon="-118.180995"/>
      <trkpt lat="33.94405" lon="-118.18101"/>
      <trkpt lat="33.94363" lon="-118.18111"/>
      <trkpt lat="33.943179" lon="-118.181262"/>
      <trkpt lat="33.94286" lon="-118.18137"/>
      <trkpt lat="33.94196" lon="-118.18158"/>
      <trkpt lat="33.9418" lon="-118.1816"/>
      <trkpt lat="33.94169" lon="-118.18163"/>
      <trkpt lat="33.94169" lon="-118.18165"/>
      <trkpt lat="33.94149" lon="-118.18174"/>
      <trkpt lat="33.94148" lon="-118.18171"/>
      <trkpt lat="33.94053" lon="-118.18185"/>
      <trkpt lat="33.939273" lon="-118.181957"/>
      <trkpt lat="33.93924" lon="-118.18196"/>
      <trkpt lat="33.939" lon="-118.18199"/>
      <trkpt lat="33.939" lon="-118.182"/>
      <trkpt lat="33.93889" lon="-118.18202"/>
      <trkpt lat="33.93889" lon="-118.182"/>
      <trkpt lat="33.93656" lon="-118.18228"/>
      <trkpt lat="33.93639" lon="-118.18228"/>
      <trkpt lat="33.93607" lon="-118.18232"/>
      <trkpt lat="33.93586" lon="-118.18236"/>
      <trkpt lat="33.9346" lon="-118.1825"/>
      <trkpt lat="33.93429" lon="-118.18255"/>
      <trkpt lat="33.93409" lon="-118.18256"/>
      <trkpt lat="33.9341" lon="-118.18259"/>
      <trkpt lat="33.93386" lon="-118.18261"/>
      <trkpt lat="33.93386" lon="-118.18259"/>
      <trkpt lat="33.93343" lon="-118.18265"/>
      <trkpt lat="33.93306" lon="-118.18276"/>
      <trkpt lat="33.93244" lon="-118.183"/>
      <trkpt lat="33.93225" lon="-118.18309"/>
      <trkpt lat="33.93225" lon="-118.18308"/>
      <trkpt lat="33.932212" lon="-118.183095"/>
      <trkpt lat="33.9313" lon="-118.18346"/>
      <trkpt lat="33.93118" lon="-118.18357"/>
      <trkpt lat="33.93086" lon="-118.1837"/>
      <trkpt lat="33.93059" lon="-118.18379"/>
      <trkpt lat="33.93059" lon="-118.18376"/>
      <trkpt lat="33.930074" lon="-118.183962"/>
      <trkpt lat="33.92994" lon="-118.184014"/>
      <trkpt lat="33.9299" lon="-118.18403"/>
      <trkpt lat="33.92956" lon="-118.18419"/>
      <trkpt lat="33.9278" lon="-118.1849"/>
      <trkpt lat="33.92767" lon="-118.18497"/>
      <trkpt lat="33.92767" lon="-118.18495"/>
      <trkpt lat="33.92566" lon="-118.18578"/>
      <trkpt lat="33.92565" lon="-118.18579"/>
      <trkpt lat="33.92549" lon="-118.18586"/>
      <trkpt lat="33.92549" lon="-118.18585"/>
      <trkpt lat="33.925432" lon="-118.185873"/>
      <trkpt lat="33.92487" lon="-118.1861"/>
      <trkpt lat="33.92468" lon="-118.18616"/>
      <trkpt lat="33.92457" lon="-118.18623"/>
      <trkpt lat="33.92334" lon="-118.18673"/>
      <trkpt lat="33.92132" lon="-118.18757"/>
      <trkpt lat="33.92133" lon="-118.18759"/>
      <trkpt lat="33.92111" lon="-118.18769"/>
      <trkpt lat="33.9211" lon="-118.18766"/>
      <trkpt lat="33.91874" lon="-118.18864"/>
      <trkpt lat="33.91876" lon="-118.18867"/>
      <trkpt lat="33.918687" lon="-118.188704"/>
      <trkpt lat="33.91863" lon="-118.18873"/>
      <trkpt lat="33.91861" lon="-118.18869"/>
      <trkpt lat="33.91756" lon="-118.18912"/>
      <trkpt lat="33.917158" lon="-118.189289"/>
      <trkpt lat="33.9168" lon="-118.18944"/>
      <trkpt lat="33.91674" lon="-118.18946"/>
      <trkpt lat="33.9165" lon="-118.18956"/>
      <trkpt lat="33.91647" lon="-118.189572"/>
      <trkpt lat="33.91508" lon="-118.19015"/>
      <trkpt lat="33.91493" lon="-118.19023"/>
      <trkpt lat="33.91447" lon="-118.19042"/>
      <trkpt lat="33.9143" lon="-118.19047"/>
      <trkpt lat="33.91414" lon="-118.19054"/>
      <trkpt lat="33.91415" lon="-118.19056"/>
      <trkpt lat="33.9139" lon="-118.19066"/>
      <trkpt lat="33.91389" lon="-118.19064"/>
      <trkpt lat="33.91301" lon="-118.19102"/>
      <trkpt lat="33.91289" lon="-118.19104"/>
      <trkpt lat="33.91272" lon="-118.19115"/>
      <trkpt lat="33.911908" lon="-118.191486"/>
      <trkpt lat="33.91185" lon="-118.19151"/>
      <trkpt lat="33.91092" lon="-118.19189"/>
      <trkpt lat="33.9103" lon="-118.19215"/>
      <trkpt lat="33.90906" lon="-118.19265"/>
      <trkpt lat="33.90811" lon="-118.19306"/>
      <trkpt lat="33.908" lon="-118.19312"/>
      <trkpt lat="33.90791" lon="-118.19314"/>
      <trkpt lat="33.90777" lon="-118.1932"/>
      <trkpt lat="33.90757" lon="-118.19326"/>
      <trkpt lat="33.90618" lon="-118.19384"/>
      <trkpt lat="33.90614" lon="-118.19394"/>
      <trkpt lat="33.90601" lon="-118.1939"/>
      <trkpt lat="33.90536" lon="-118.19416"/>
      <trkpt lat="33.905091" lon="-118.194198"/>
      <trkpt lat="33.90508" lon="-118.1942"/>
      <trkpt lat="33.90448" lon="-118.19417"/>
      <trkpt lat="33.90428" lon="-118.19414"/>
      <trkpt lat="33.904262" lon="-118.19414"/>
      <trkpt lat="33.9041" lon="-118.19414"/>
      <trkpt lat="33.904" lon="-118.19411"/>
      <trkpt lat="33.90395" lon="-118.19413"/>
      <trkpt lat="33.90372" lon="-118.19412"/>
      <trkpt lat="33.90372" lon="-118.19384"/>
      <trkpt lat="33.90346" lon="-118.19382"/>
      <trkpt lat="33.90347" lon="-118.19337"/>
      <trkpt lat="33.903466" lon="-118.193154"/>
      <trkpt lat="33.903512" lon="-118.187357"/>
      <trkpt lat="33.90356" lon="-118.18131"/>
      <trkpt lat="33.903511" lon="-118.181611"/>
      <trkpt lat="33.902047" lon="-118.183186"/>
      <trkpt lat="33.902025" lon="-118.183209"/>
      <trkpt lat="33.901677" lon="-118.183583"/>
      <trkpt lat="33.90159" lon="-118.18367"/>
      <trkpt lat="33.90116" lon="-118.18406"/>
      <trkpt lat="33.90054" lon="-118.1845"/>
      <trkpt lat="33.90022" lon="-118.1847"/>
      <trkpt lat="33.89951" lon="-118.18503"/>
      <trkpt lat="33.89924" lon="-118.18512"/>
      <trkpt lat="33.8985" lon="-118.18531"/>
      <trkpt lat="33.89744" lon="-118.18547"/>
      <trkpt lat="33.89705" lon="-118.18553"/>
      <trkpt lat="33.89637" lon="-118.1857"/>
      <trkpt lat="33.89596" lon="-118.18578"/>
      <trkpt lat="33.89546" lon="-118.18581"/>
      <trkpt lat="33.89532" lon="-118.185823"/>
      <trkpt lat="33.89524" lon="-118.18583"/>
      <trkpt lat="33.89483" lon="-118.1859"/>
      <trkpt lat="33.89125" lon="-118.18646"/>
      <trkpt lat="33.89096" lon="-118.1865"/>
      <trkpt lat="33.89054" lon="-118.18654"/>
      <trkpt lat="33.89" lon="-118.18665"/>
      <trkpt lat="33.88921" lon="-118.18685"/>
      <trkpt lat="33.88895" lon="-118.1869"/>
      <trkpt lat="33.888924" lon="-118.186901"/>
      <trkpt lat="33.88822" lon="-118.18693"/>
      <trkpt lat="33.88815" lon="-118.186938"/>
      <trkpt lat="33.887592" lon="-118.187"/>
      <trkpt lat="33.8875" lon="-118.18701"/>
      <trkpt lat="33.88713" lon="-118.1871"/>
      <trkpt lat="33.88419" lon="-118.18755"/>
      <trkpt lat="33.88389" lon="-118.18754"/>
      <trkpt lat="33.88278" lon="-118.18763"/>
      <trkpt lat="33.88207" lon="-118.18783"/>
      <trkpt lat="33.88175" lon="-118.18793"/>
      <trkpt lat="33.88165" lon="-118.18798"/>
      <trkpt lat="33.880995" lon="-118.18809"/>
      <trkpt lat="33.880994" lon="-118.18809"/>
      <trkpt lat="33.88028" lon="-118.18821"/>
      <trkpt lat="33.87886" lon="-118.18854"/>
      <trkpt lat="33.87744" lon="-118.18867"/>
      <trkpt lat="33.87624" lon="-118.18896"/>
      <trkpt lat="33.875437" lon="-118.18927"/>
      <trkpt lat="33.87541" lon="-118.18928"/>
      <trkpt lat="33.87526" lon="-118.18934"/>
      <trkpt lat="33.87509" lon="-118.18934"/>
      <trkpt lat="33.87439" lon="-118.18944"/>
      <trkpt lat="33.87422" lon="-118.18949"/>
      <trkpt lat="33.87394" lon="-118.1896"/>
      <trkpt lat="33.873895" lon="-118.189615"/>
      <trkpt lat="33.873894" lon="-118.189615"/>
      <trkpt lat="33.87335" lon="-118.18979"/>
      <trkpt lat="33.873294" lon="-118.189818"/>
      <trkpt lat="33.87319" lon="-118.18987"/>
      <trkpt lat="33.87241" lon="-118.19013"/>
      <trkpt lat="33.87156" lon="-118.19054"/>
      <trkpt lat="33.87107" lon="-118.19082"/>
      <trkpt lat="33.86867" lon="-118.19231"/>
      <trkpt lat="33.86835" lon="-118.19249"/>
      <trkpt lat="33.867304" lon="-118.193146"/>
      <trkpt lat="33.86433" lon="-118.19501"/>
      <trkpt lat="33.862989" lon="-118.195829"/>
      <trkpt lat="33.86114" lon="-118.19696"/>
      <trkpt lat="33.86087" lon="-118.197135"/>
      <trkpt lat="33.8608" lon="-118.19718"/>
      <trkpt lat="33.86042" lon="-118.19745"/>
      <trkpt lat="33.860266" lon="-118.19753"/>
      <trkpt lat="33.86017" lon="-118.19758"/>
      <trkpt lat="33.85998" lon="-118.19765"/>
      <trkpt lat="33.85951" lon="-118.19792"/>
      <trkpt lat="33.85918" lon="-118.19808"/>
      <trkpt lat="33.85908" lon="-118.19815"/>
      <trkpt lat="33.858" lon="-118.19895"/>
      <trkpt lat="33.85787" lon="-118.19907"/>
      <trkpt lat="33.85579" lon="-118.20037"/>
      <trkpt lat="33.85559" lon="-118.20052"/>
      <trkpt lat="33.85517" lon="-118.20079"/>
      <trkpt lat="33.854467" lon="-118.201154"/>
      <trkpt lat="33.854466" lon="-118.201154"/>
      <trkpt lat="33.8543" lon="-118.20124"/>
      <trkpt lat="33.85414" lon="-118.2013"/>
      <trkpt lat="33.85381" lon="-118.20146"/>
      <trkpt lat="33.8536" lon="-118.20154"/>
      <trkpt lat="33.85218" lon="-118.20195"/>
      <trkpt lat="33.85115" lon="-118.20215"/>
      <trkpt lat="33.850528" lon="-118.202218"/>
      <trkpt lat="33.85033" lon="-118.20224"/>
      <trkpt lat="33.84827" lon="-118.2024"/>
      <trkpt lat="33.84817" lon="-118.20238"/>
      <trkpt lat="33.847359" lon="-118.202516"/>
      <trkpt lat="33.84668" lon="-118.20263"/>
      <trkpt lat="33.846612" lon="-118.202636"/>
      <trkpt lat="33.84647" lon="-118.20265"/>
      <trkpt lat="33.84537" lon="-118.20259"/>
      <trkpt lat="33.84528" lon="-118.20255"/>
      <trkpt lat="33.84399" lon="-118.20264"/>
      <trkpt lat="33.84373" lon="-118.20271"/>
      <trkpt lat="33.84222" lon="-118.20282"/>
      <trkpt lat="33.84175" lon="-118.20288"/>
      <trkpt lat="33.84132" lon="-118.20291"/>
      <trkpt lat="33.840153" lon="-118.202994"/>
      <trkpt lat="33.83951" lon="-118.20304"/>
      <trkpt lat="33.83917" lon="-118.20311"/>
      <trkpt lat="33.83851" lon="-118.20314"/>
      <trkpt lat="33.83772" lon="-118.20319"/>
      <trkpt lat="33.836915" lon="-118.203289"/>
      <trkpt lat="33.83383" lon="-118.20367"/>
      <trkpt lat="33.83352" lon="-118.20369"/>
      <trkpt lat="33.832956" lon="-118.203825"/>
      <trkpt lat="33.83231" lon="-118.20398"/>
      <trkpt lat="33.832152" lon="-118.203999"/>
      <trkpt lat="33.83174" lon="-118.20405"/>
      <trkpt lat="33.83075" lon="-118.20403"/>
      <trkpt lat="33.83045" lon="-118.20409"/>
      <trkpt lat="33.82772" lon="-118.20444"/>
      <trkpt lat="33.82718" lon="-118.20446"/>
      <trkpt lat="33.82656" lon="-118.20448"/>
      <trkpt lat="33.825759" lon="-118.204573"/>
      <trkpt lat="33.8257" lon="-118.20458"/>
      <trkpt lat="33.82539" lon="-118.20463"/>
      <trkpt lat="33.82462" lon="-118.20483"/>
      <trkpt lat="33.82415" lon="-118.20482"/>
      <trkpt lat="33.82376" lon="-118.20475"/>
      <trkpt lat="33.82362" lon="-118.20474"/>
      <trkpt lat="33.82334" lon="-118.204783"/>
      <trkpt lat="33.82316" lon="-118.20481"/>
      <trkpt lat="33.8211" lon="-118.2048"/>
      <trkpt lat="33.82027" lon="-118.20478"/>
      <trkpt lat="33.81968" lon="-118.20483"/>
      <trkpt lat="33.818554" lon="-118.204806"/>
      <trkpt lat="33.818553" lon="-118.204806"/>
      <trkpt lat="33.81826" lon="-118.2048"/>
      <trkpt lat="33.81786" lon="-118.20475"/>
      <trkpt lat="33.817673" lon="-118.204744"/>
      <trkpt lat="33.81693" lon="-118.20472"/>
      <trkpt lat="33.81643" lon="-118.20476"/>
      <trkpt lat="33.81562" lon="-118.20478"/>
      <trkpt lat="33.81275" lon="-118.20475"/>
      <trkpt lat="33.811321" lon="-118.204732"/>
      <trkpt lat="33.81113" lon="-118.20473"/>
      <trkpt lat="33.809677" lon="-118.204738"/>
      <trkpt lat="33.80927" lon="-118.20474"/>
      <trkpt lat="33.80882" lon="-118.20476"/>
      <trkpt lat="33.80843" lon="-118.20472"/>
      <trkpt lat="33.80754" lon="-118.20478"/>
      <trkpt lat="33.80712" lon="-118.20476"/>
      <trkpt lat="33.80675" lon="-118.2047"/>
      <trkpt lat="33.8061" lon="-118.20462"/>
      <trkpt lat="33.804095" lon="-118.204561"/>
      <trkpt lat="33.80405" lon="-118.20456"/>
      <trkpt lat="33.80336" lon="-118.20448"/>
      <trkpt lat="33.803151" lon="-118.204479"/>
      <trkpt lat="33.796862" lon="-118.204383"/>
      <trkpt lat="33.796021" lon="-118.20437"/>
      <trkpt lat="33.790325" lon="-118.204283"/>
      <trkpt lat="33.789901" lon="-118.204373"/>
      <trkpt lat="33.789885" lon="-118.204051"/>
      <trkpt lat="33.789861" lon="-118.203588"/>
      <trkpt lat="33.789754" lon="-118.20321"/>
      <trkpt lat="33.789609" lon="-118.203028"/>
      <trkpt lat="33.789731" lon="-118.202284"/>
      <trkpt lat="33.789746" lon="-118.201944"/>
      <trkpt lat="33.789751" lon="-118.195451"/>
      <trkpt lat="33.789751" lon="-118.19545"/>
      <trkpt lat="33.789751" lon="-118.195405"/>
      <trkpt lat="33.789758" lon="-118.186743"/>
      <trkpt lat="33.789759" lon="-118.184796"/>
      <trkpt lat="33.789767" lon="-118.178957"/>
      <trkpt lat="33.789768" lon="-118.178036"/>
      <trkpt lat="33.789768" lon="-118.178035"/>
      <trkpt lat="33.789781" lon="-118.169328"/>
      <trkpt lat="33.789784" lon="-118.166901"/>
      <trkpt lat="33.789785" lon="-118.162508"/>
      <trkpt lat="33.789786" lon="-118.160621"/>
      <trkpt lat="33.789789" lon="-118.151914"/>
      <trkpt lat="33.789789" lon="-118.151913"/>
      <trkpt lat="33.78979" lon="-118.149087"/>
      <trkpt lat="33.789747" lon="-118.14606"/>
      <trkpt lat="33.789715" lon="-118.143794"/>
      <trkpt lat="33.789554" lon="-118.143304"/>
      <trkpt lat="33.789521" lon="-118.143258"/>
      <trkpt lat="33.789277" lon="-118.142911"/>
      <trkpt lat="33.789178" lon="-118.14233"/>
      <trkpt lat="33.789291" lon="-118.141954"/>
      <trkpt lat="33.788913" lon="-118.141303"/>
      <trkpt lat="33.785346" lon="-118.136468"/>
      <trkpt lat="33.783604" lon="-118.134107"/>
      <trkpt lat="33.782643" lon="-118.132819"/>
      <trkpt lat="33.780523" lon="-118.129977"/>
      <trkpt lat="33.77569" lon="-118.123497"/>
      <trkpt lat="33.77569" lon="-118.123496"/>
      <trkpt lat="33.773719" lon="-118.120853"/>
      <trkpt lat="33.773517" lon="-118.120573"/>
      <trkpt lat="33.772802" lon="-118.119579"/>
      <trkpt lat="33.772225" lon="-118.119029"/>
      <trkpt lat="33.771605" lon="-118.118592"/>
      <trkpt lat="33.770233" lon="-118.118114"/>
      <trkpt lat="33.770232" lon="-118.118114"/>
      <trkpt lat="33.768109" lon="-118.117375"/>
      <trkpt lat="33.765695" lon="-118.116446"/>
      <trkpt lat="33.763432" lon="-118.11548"/>
      <trkpt lat="33.763349" lon="-118.115437"/>
      <trkpt lat="33.761093" lon="-118.114267"/>
      <trkpt lat="33.758866" lon="-118.112217"/>
      <trkpt lat="33.757316" lon="-118.110744"/>
      <trkpt lat="33.756609" lon="-118.110072"/>
      <trkpt lat="33.754326" lon="-118.107967"/>
      <trkpt lat="33.753246" lon="-118.106978"/>
      <trkpt lat="33.752699" lon="-118.106643"/>
      <trkpt lat="33.75209" lon="-118.106397"/>
      <trkpt lat="33.751268" lon="-118.106163"/>
      <trkpt lat="33.751267" lon="-118.106163"/>
      <trkpt lat="33.751252" lon="-118.106159"/>
      <trkpt lat="33.750549" lon="-118.106037"/>
      <trkpt lat="33.748939" lon="-118.106075"/>
      <trkpt lat="33.747561" lon="-118.105976"/>
      <trkpt lat="33.746475" lon="-118.105534"/>
      <trkpt lat="33.745584" lon="-118.104841"/>
      <trkpt lat="33.744975" lon="-118.103968"/>
      <trkpt lat="33.744771" lon="-118.103605"/>
      <trkpt lat="33.744688" lon="-118.103457"/>
      <trkpt lat="33.743621" lon="-118.101288"/>
      <trkpt lat="33.741071" lon="-118.096126"/>
      <trkpt lat="33.74089" lon="-118.09576"/>
      <trkpt lat="33.74028" lon="-118.09427"/>
      <trkpt lat="33.73815" lon="-118.08912"/>
      <trkpt lat="33.73796" lon="-118.08875"/>
      <trkpt lat="33.737752" lon="-118.088401"/>
      <trkpt lat="33.73768" lon="-118.08828"/>
      <trkpt lat="33.73726" lon="-118.0877"/>
      <trkpt lat="33.73697" lon="-118.08738"/>
      <trkpt lat="33.73653" lon="-118.08696"/>
      <trkpt lat="33.735956" lon="-118.086548"/>
      <trkpt lat="33.73593" lon="-118.08653"/>
      <trkpt lat="33.73552" lon="-118.08628"/>
      <trkpt lat="33.73508" lon="-118.08608"/>
      <trkpt lat="33.731357" lon="-118.084726"/>
      <trkpt lat="33.72991" lon="-118.0842"/>
      <trkpt lat="33.72936" lon="-118.0839"/>
      <trkpt lat="33.72905" lon="-118.08369"/>
      <trkpt lat="33.72847" lon="-118.08319"/>
      <trkpt lat="33.72773" lon="-118.0824"/>
      <trkpt lat="33.72766" lon="-118.08232"/>
      <trkpt lat="33.72754" lon="-118.08209"/>
      <trkpt lat="33.725544" lon="-118.079835"/>
      <trkpt lat="33.72538" lon="-118.07965"/>
      <trkpt lat="33.72514" lon="-118.07932"/>
      <trkpt lat="33.72492" lon="-118.07887"/>
      <trkpt lat="33.72455" lon="-118.07792"/>
      <trkpt lat="33.72433" lon="-118.07744"/>
      <trkpt lat="33.724287" lon="-118.07737"/>
      <trkpt lat="33.72411" lon="-118.07708"/>
      <trkpt lat="33.72368" lon="-118.07657"/>
      <trkpt lat="33.72297" lon="-118.0758"/>
      <trkpt lat="33.72271" lon="-118.07559"/>
      <trkpt lat="33.72224" lon="-118.0753"/>
      <trkpt lat="33.72214" lon="-118.07533"/>
      <trkpt lat="33.72197" lon="-118.07521"/>
      <trkpt lat="33.72161" lon="-118.07489"/>
      <trkpt lat="33.720612" lon="-118.073772"/>
      <trkpt lat="33.7202" lon="-118.07331"/>
      <trkpt lat="33.72003" lon="-118.07307"/>
      <trkpt lat="33.72" lon="-118.07291"/>
      <trkpt lat="33.71933" lon="-118.07195"/>
      <trkpt lat="33.71838" lon="-118.07085"/>
      <trkpt lat="33.71828" lon="-118.07084"/>
      <trkpt lat="33.71762" lon="-118.0701"/>
      <trkpt lat="33.71757" lon="-118.06998"/>
      <trkpt lat="33.71756" lon="-118.06991"/>
      <trkpt lat="33.71604" lon="-118.06821"/>
      <trkpt lat="33.715581" lon="-118.067634"/>
      <trkpt lat="33.71499" lon="-118.06689"/>
      <trkpt lat="33.713827" lon="-118.06556"/>
      <trkpt lat="33.711586" lon="-118.063293"/>
      <trkpt lat="33.710085" lon="-118.061999"/>
      <trkpt lat="33.709055" lon="-118.061111"/>
      <trkpt lat="33.705922" lon="-118.057717"/>
      <trkpt lat="33.704673" lon="-118.056241"/>
      <trkpt lat="33.702907" lon="-118.054154"/>
      <trkpt lat="33.699493" lon="-118.051018"/>
      <trkpt lat="33.699125" lon="-118.05068"/>
      <trkpt lat="33.696964" lon="-118.048692"/>
      <trkpt lat="33.693428" lon="-118.045317"/>
      <trkpt lat="33.687761" lon="-118.039908"/>
      <trkpt lat="33.686043" lon="-118.038268"/>
      <trkpt lat="33.68245" lon="-118.0349"/>
      <trkpt lat="33.682075" lon="-118.034529"/>
      <trkpt lat="33.68155" lon="-118.03401"/>
      <trkpt lat="33.679" lon="-118.03107"/>
      <trkpt lat="33.676842" lon="-118.028527"/>
      <trkpt lat="33.675249" lon="-118.02665"/>
      <trkpt lat="33.67283" lon="-118.0238"/>
      <trkpt lat="33.67228" lon="-118.0231"/>
      <trkpt lat="33.671748" lon="-118.022355"/>
      <trkpt lat="33.66829" lon="-118.01751"/>
      <trkpt lat="33.667031" lon="-118.015761"/>
      <trkpt lat="33.665548" lon="-118.0137"/>
      <trkpt lat="33.662297" lon="-118.009184"/>
      <trkpt lat="33.66053" lon="-118.00673"/>
      <trkpt lat="33.65992" lon="-118.00596"/>
      <trkpt lat="33.65753" lon="-118.002645"/>
      <trkpt lat="33.656021" lon="-118.000552"/>
      <trkpt lat="33.65589" lon="-118.00037"/>
      <trkpt lat="33.65543" lon="-117.99971"/>
      <trkpt lat="33.65533" lon="-117.99964"/>
      <trkpt lat="33.65472" lon="-117.99865"/>
      <trkpt lat="33.65406" lon="-117.99749"/>
      <trkpt lat="33.65345" lon="-117.99634"/>
      <trkpt lat="33.653152" lon="-117.995757"/>
      <trkpt lat="33.65273" lon="-117.99493"/>
      <trkpt lat="33.65167" lon="-117.99322"/>
      <trkpt lat="33.6516" lon="-117.9931"/>
      <trkpt lat="33.648839" lon="-117.988782"/>
      <trkpt lat="33.64853" lon="-117.9883"/>
      <trkpt lat="33.64828" lon="-117.98798"/>
      <trkpt lat="33.647394" lon="-117.986573"/>
      <trkpt lat="33.64607" lon="-117.98447"/>
      <trkpt lat="33.64562" lon="-117.98372"/>
      <trkpt lat="33.64483" lon="-117.98229"/>
      <trkpt lat="33.644542" lon="-117.981795"/>
      <trkpt lat="33.64328" lon="-117.97963"/>
      <trkpt lat="33.64228" lon="-117.97793"/>
      <trkpt lat="33.640401" lon="-117.974666"/>
      <trkpt lat="33.6403" lon="-117.97449"/>
      <trkpt lat="33.63981" lon="-117.97365"/>
      <trkpt lat="33.63978" lon="-117.97356"/>
      <trkpt lat="33.63909" lon="-117.972288"/>
      <trkpt lat="33.63908" lon="-117.97227"/>
      <trkpt lat="33.6383" lon="-117.97041"/>
      <trkpt lat="33.63726" lon="-117.96791"/>
      <trkpt lat="33.636883" lon="-117.967088"/>
      <trkpt lat="33.63687" lon="-117.96706"/>
      <trkpt lat="33.63669" lon="-117.9667"/>
      <trkpt lat="33.63598" lon="-117.96545"/>
      <trkpt lat="33.63538" lon="-117.96446"/>
      <trkpt lat="33.63479" lon="-117.96348"/>
      <trkpt lat="33.6327" lon="-117.96004"/>
      <trkpt lat="33.632682" lon="-117.960014"/>
      <trkpt lat="33.632682" lon="-117.960013"/>
      <trkpt lat="33.63198" lon="-117.95895"/>
      <trkpt lat="33.63122" lon="-117.957708"/>
      <trkpt lat="33.63075" lon="-117.95694"/>
      <trkpt lat="33.63013" lon="-117.95586"/>
      <trkpt lat="33.62956" lon="-117.95479"/>
      <trkpt lat="33.628463" lon="-117.952957"/>
      <trkpt lat="33.62795" lon="-117.9521"/>
      <trkpt lat="33.62554" lon="-117.94789"/>
      <trkpt lat="33.62537" lon="-117.94749"/>
      <trkpt lat="33.62525" lon="-117.94703"/>
      <trkpt lat="33.62518" lon="-117.9464"/>
      <trkpt lat="33.625091" lon="-117.945446"/>
      <trkpt lat="33.62497" lon="-117.94414"/>
      <trkpt lat="33.62486" lon="-117.94363"/>
      <trkpt lat="33.624486" lon="-117.942624"/>
      <trkpt lat="33.62385" lon="-117.9412"/>
      <trkpt lat="33.623191" lon="-117.9401"/>
      <trkpt lat="33.622776" lon="-117.939418"/>
      <trkpt lat="33.622223" lon="-117.937604"/>
      <trkpt lat="33.622223" lon="-117.937603"/>
      <trkpt lat="33.621874" lon="-117.93646"/>
      <trkpt lat="33.621552" lon="-117.934159"/>
      <trkpt lat="33.621292" lon="-117.932265"/>
      <trkpt lat="33.621025" lon="-117.93067"/>
      <trkpt lat="33.621014" lon="-117.930448"/>
      <trkpt lat="33.621007" lon="-117.929393"/>
      <trkpt lat="33.62104" lon="-117.929081"/>
      <trkpt lat="33.62104" lon="-117.92908"/>
      <trkpt lat="33.621074" lon="-117.928768"/>
      <trkpt lat="33.621181" lon="-117.927977"/>
      <trkpt lat="33.621189" lon="-117.927353"/>
      <trkpt lat="33.621105" lon="-117.926525"/>
      <trkpt lat="33.62075" lon="-117.92527"/>
      <trkpt lat="33.61953" lon="-117.92267"/>
      <trkpt lat="33.61955" lon="-117.92259"/>
      <trkpt lat="33.618851" lon="-117.921086"/>
      <trkpt lat="33.618851" lon="-117.921085"/>
      <trkpt lat="33.61864" lon="-117.92063"/>
      <trkpt lat="33.61822" lon="-117.91994"/>
      <trkpt lat="33.61768" lon="-117.91915"/>
      <trkpt lat="33.61733" lon="-117.9185"/>
      <trkpt lat="33.61705" lon="-117.91784"/>
      <trkpt lat="33.61692" lon="-117.91744"/>
      <trkpt lat="33.61641" lon="-117.91529"/>
      <trkpt lat="33.61614" lon="-117.91408"/>
      <trkpt lat="33.61605" lon="-117.91352"/>
      <trkpt lat="33.616023" lon="-117.913233"/>
      <trkpt lat="33.61597" lon="-117.91266"/>
      <trkpt lat="33.61597" lon="-117.91206"/>
      <trkpt lat="33.616075" lon="-117.909372"/>
      <trkpt lat="33.61609" lon="-117.90898"/>
      <trkpt lat="33.61601" lon="-117.90883"/>
      <trkpt lat="33.61609" lon="-117.90752"/>
      <trkpt lat="33.61612" lon="-117.90725"/>
      <trkpt lat="33.61624" lon="-117.9068"/>
      <trkpt lat="33.61657" lon="-117.90575"/>
      <trkpt lat="33.61667" lon="-117.90528"/>
      <trkpt lat="33.61671" lon="-117.90486"/>
      <trkpt lat="33.61671" lon="-117.904697"/>
      <trkpt lat="33.61671" lon="-117.904696"/>
      <trkpt lat="33.61671" lon="-117.90427"/>
      <trkpt lat="33.61665" lon="-117.90382"/>
      <trkpt lat="33.61657" lon="-117.90342"/>
      <trkpt lat="33.61629" lon="-117.90243"/>
      <trkpt lat="33.61623" lon="-117.90196"/>
      <trkpt lat="33.61619" lon="-117.90073"/>
      <trkpt lat="33.61611" lon="-117.90028"/>
      <trkpt lat="33.61602" lon="-117.89989"/>
      <trkpt lat="33.61584" lon="-117.89935"/>
      <trkpt lat="33.61555" lon="-117.89868"/>
      <trkpt lat="33.61521" lon="-117.89806"/>
      <trkpt lat="33.614316" lon="-117.896742"/>
      <trkpt lat="33.614316" lon="-117.896741"/>
      <trkpt lat="33.61416" lon="-117.89651"/>
      <trkpt lat="33.61397" lon="-117.89619"/>
      <trkpt lat="33.61363" lon="-117.89544"/>
      <trkpt lat="33.6134" lon="-117.89477"/>
      <trkpt lat="33.61329" lon="-117.89437"/>
      <trkpt lat="33.613077" lon="-117.893177"/>
      <trkpt lat="33.61306" lon="-117.89308"/>
      <trkpt lat="33.61229" lon="-117.888493"/>
      <trkpt lat="33.61229" lon="-117.888492"/>
      <trkpt lat="33.61191" lon="-117.88623"/>
      <trkpt lat="33.61177" lon="-117.88562"/>
      <trkpt lat="33.61154" lon="-117.88492"/>
      <trkpt lat="33.61128" lon="-117.88432"/>
      <trkpt lat="33.61104" lon="-117.88386"/>
      <trkpt lat="33.6107" lon="-117.88333"/>
      <trkpt lat="33.609045" lon="-117.880941"/>
      <trkpt lat="33.606939" lon="-117.8779"/>
      <trkpt lat="33.60563" lon="-117.87601"/>
      <trkpt lat="33.60492" lon="-117.87496"/>
      <trkpt lat="33.60445" lon="-117.87437"/>
      <trkpt lat="33.604383" lon="-117.874301"/>
      <trkpt lat="33.604382" lon="-117.8743"/>
      <trkpt lat="33.60417" lon="-117.87408"/>
      <trkpt lat="33.6036" lon="-117.87366"/>
      <trkpt lat="33.60316" lon="-117.87344"/>
      <trkpt lat="33.6017" lon="-117.87296"/>
      <trkpt lat="33.60116" lon="-117.87278"/>
      <trkpt lat="33.6009" lon="-117.87271"/>
      <trkpt lat="33.597557" lon="-117.871595"/>
      <trkpt lat="33.597556" lon="-117.871595"/>
      <trkpt lat="33.59712" lon="-117.87145"/>
      <trkpt lat="33.5968" lon="-117.87132"/>
      <trkpt lat="33.59627" lon="-117.87092"/>
      <trkpt lat="33.596" lon="-117.87063"/>
      <trkpt lat="33.59508" lon="-117.8695"/>
      <trkpt lat="33.594933" lon="-117.86928"/>
      <trkpt lat="33.59492" lon="-117.86926"/>
      <trkpt lat="33.592856" lon="-117.865309"/>
      <trkpt lat="33.592856" lon="-117.865308"/>
      <trkpt lat="33.59175" lon="-117.86319"/>
      <trkpt lat="33.589009" lon="-117.857951"/>
      <trkpt lat="33.589009" lon="-117.85795"/>
      <trkpt lat="33.58868" lon="-117.85732"/>
      <trkpt lat="33.58803" lon="-117.85631"/>
      <trkpt lat="33.586951" lon="-117.854758"/>
      <trkpt lat="33.584473" lon="-117.851192"/>
      <trkpt lat="33.584472" lon="-117.851191"/>
      <trkpt lat="33.584472" lon="-117.85119"/>
      <trkpt lat="33.58384" lon="-117.85028"/>
      <trkpt lat="33.58309" lon="-117.84918"/>
      <trkpt lat="33.58303" lon="-117.84907"/>
      <trkpt lat="33.58242" lon="-117.84822"/>
      <trkpt lat="33.579848" lon="-117.844512"/>
      <trkpt lat="33.579847" lon="-117.844511"/>
      <trkpt lat="33.57907" lon="-117.84339"/>
      <trkpt lat="33.57848" lon="-117.84253"/>
      <trkpt lat="33.57787" lon="-117.84169"/>
      <trkpt lat="33.57763" lon="-117.841415"/>
      <trkpt lat="33.57746" lon="-117.84122"/>
      <trkpt lat="33.5771" lon="-117.84088"/>
      <trkpt lat="33.5766" lon="-117.84049"/>
      <trkpt lat="33.57617" lon="-117.84022"/>
      <trkpt lat="33.57457" lon="-117.83942"/>
      <trkpt lat="33.574283" lon="-117.839241"/>
      <trkpt lat="33.574282" lon="-117.83924"/>
      <trkpt lat="33.57388" lon="-117.83899"/>
      <trkpt lat="33.5734" lon="-117.83863"/>
      <trkpt lat="33.57298" lon="-117.83827"/>
      <trkpt lat="33.57245" lon="-117.83773"/>
      <trkpt lat="33.57111" lon="-117.83612"/>
      <trkpt lat="33.57108" lon="-117.83606"/>
      <trkpt lat="33.57097" lon="-117.83595"/>
      <trkpt lat="33.568934" lon="-117.833459"/>
      <trkpt lat="33.568933" lon="-117.833458"/>
      <trkpt lat="33.568933" lon="-117.833457"/>
      <trkpt lat="33.5686" lon="-117.83305"/>
      <trkpt lat="33.56811" lon="-117.83236"/>
      <trkpt lat="33.566788" lon="-117.830236"/>
      <trkpt lat="33.564517" lon="-117.826587"/>
      <trkpt lat="33.564516" lon="-117.826586"/>
      <trkpt lat="33.564516" lon="-117.826585"/>
      <trkpt lat="33.56417" lon="-117.82603"/>
      <trkpt lat="33.563102" lon="-117.824612"/>
      <trkpt lat="33.56253" lon="-117.824204"/>
      <trkpt lat="33.561893" lon="-117.823563"/>
      <trkpt lat="33.561052" lon="-117.822418"/>
      <trkpt lat="33.560099" lon="-117.82107"/>
      <trkpt lat="33.559544" lon="-117.820341"/>
      <trkpt lat="33.559544" lon="-117.82034"/>
      <trkpt lat="33.559543" lon="-117.820339"/>
      <trkpt lat="33.559306" lon="-117.820027"/>
      <trkpt lat="33.558574" lon="-117.819216"/>
      <trkpt lat="33.55793" lon="-117.81859"/>
      <trkpt lat="33.55753" lon="-117.81813"/>
      <trkpt lat="33.55721" lon="-117.81764"/>
      <trkpt lat="33.55694" lon="-117.81711"/>
      <trkpt lat="33.55569" lon="-117.8142"/>
      <trkpt lat="33.55537" lon="-117.81361"/>
      <trkpt lat="33.55528" lon="-117.813462"/>
      <trkpt lat="33.555279" lon="-117.813461"/>
      <trkpt lat="33.55499" lon="-117.81299"/>
      <trkpt lat="33.55495" lon="-117.81279"/>
      <trkpt lat="33.55378" lon="-117.81084"/>
      <trkpt lat="33.55368" lon="-117.81072"/>
      <trkpt lat="33.5536" lon="-117.81067"/>
      <trkpt lat="33.55335" lon="-117.81018"/>
      <trkpt lat="33.55319" lon="-117.80973"/>
      <trkpt lat="33.55309" lon="-117.80928"/>
      <trkpt lat="33.553" lon="-117.80829"/>
      <trkpt lat="33.55292" lon="-117.80766"/>
      <trkpt lat="33.55279" lon="-117.80727"/>
      <trkpt lat="33.55265" lon="-117.80692"/>
      <trkpt lat="33.55237" lon="-117.80647"/>
      <trkpt lat="33.55207" lon="-117.80611"/>
      <trkpt lat="33.551956" lon="-117.80601"/>
      <trkpt lat="33.551955" lon="-117.806009"/>
      <trkpt lat="33.55174" lon="-117.80582"/>
      <trkpt lat="33.55111" lon="-117.80544"/>
      <trkpt lat="33.55081" lon="-117.80525"/>
      <trkpt lat="33.55077" lon="-117.80518"/>
      <trkpt lat="33.550767" lon="-117.805178"/>
      <trkpt lat="33.55055" lon="-117.80498"/>
      <trkpt lat="33.55018" lon="-117.80455"/>
      <trkpt lat="33.55" lon="-117.80426"/>
      <trkpt lat="33.54942" lon="-117.80297"/>
      <trkpt lat="33.54917" lon="-117.80236"/>
      <trkpt lat="33.54841" lon="-117.80024"/>
      <trkpt lat="33.548004" lon="-117.799079"/>
      <trkpt lat="33.548004" lon="-117.799078"/>
      <trkpt lat="33.548004" lon="-117.799077"/>
      <trkpt lat="33.54752" lon="-117.79769"/>
      <trkpt lat="33.54692" lon="-117.79591"/>
      <trkpt lat="33.54675" lon="-117.79542"/>
      <trkpt lat="33.54658" lon="-117.79504"/>
      <trkpt lat="33.54601" lon="-117.79412"/>
      <trkpt lat="33.54564" lon="-117.79325"/>
      <trkpt lat="33.544912" lon="-117.791262"/>
      <trkpt lat="33.544911" lon="-117.79126"/>
      <trkpt lat="33.54456" lon="-117.7903"/>
      <trkpt lat="33.544345" lon="-117.789695"/>
      <trkpt lat="33.543092" lon="-117.786569"/>
      <trkpt lat="33.54272" lon="-117.78554"/>
      <trkpt lat="33.542287" lon="-117.784688"/>
      <trkpt lat="33.542044" lon="-117.784269"/>
      <trkpt lat="33.54202" lon="-117.783472"/>
      <trkpt lat="33.541968" lon="-117.783424"/>
      <trkpt lat="33.541967" lon="-117.783423"/>
      <trkpt lat="33.541415" lon="-117.782911"/>
      <trkpt lat="33.540416" lon="-117.782026"/>
      <trkpt lat="33.538663" lon="-117.780476"/>
      <trkpt lat="33.5373" lon="-117.77944"/>
      <trkpt lat="33.536048" lon="-117.77844"/>
      <trkpt lat="33.536047" lon="-117.778439"/>
      <trkpt lat="33.536046" lon="-117.778439"/>
      <trkpt lat="33.535861" lon="-117.778291"/>
      <trkpt lat="33.53273" lon="-117.77596"/>
      <trkpt lat="33.53247" lon="-117.77576"/>
      <trkpt lat="33.53037" lon="-117.77317"/>
      <trkpt lat="33.530365" lon="-117.773164"/>
      <trkpt lat="33.530364" lon="-117.773163"/>
      <trkpt lat="33.53007" lon="-117.77283"/>
      <trkpt lat="33.52963" lon="-117.77227"/>
      <trkpt lat="33.52853" lon="-117.77097"/>
      <trkpt lat="33.52533" lon="-117.76712"/>
      <trkpt lat="33.525255" lon="-117.76702"/>
      <trkpt lat="33.525254" lon="-117.767019"/>
      <trkpt lat="33.525253" lon="-117.767018"/>
      <trkpt lat="33.525079" lon="-117.766788"/>
      <trkpt lat="33.52459" lon="-117.76614"/>
      <trkpt lat="33.52355" lon="-117.76489"/>
      <trkpt lat="33.52288" lon="-117.76416"/>
      <trkpt lat="33.5217" lon="-117.76274"/>
      <trkpt lat="33.52141" lon="-117.76224"/>
      <trkpt lat="33.52125" lon="-117.76195"/>
      <trkpt lat="33.52114" lon="-117.76178"/>
      <trkpt lat="33.52085" lon="-117.76143"/>
      <trkpt lat="33.52048" lon="-117.76113"/>
      <trkpt lat="33.520165" lon="-117.760914"/>
      <trkpt lat="33.520164" lon="-117.760913"/>
      <trkpt lat="33.520163" lon="-117.760913"/>
      <trkpt lat="33.51969" lon="-117.76059"/>
      <trkpt lat="33.51899" lon="-117.76005"/>
      <trkpt lat="33.51856" lon="-117.75967"/>
      <trkpt lat="33.51626" lon="-117.75736"/>
      <trkpt lat="33.51617" lon="-117.75725"/>
      <trkpt lat="33.51563" lon="-117.75674"/>
      <trkpt lat="33.514379" lon="-117.75573"/>
      <trkpt lat="33.514378" lon="-117.755729"/>
      <trkpt lat="33.514377" lon="-117.755728"/>
      <trkpt lat="33.514132" lon="-117.75553"/>
      <trkpt lat="33.51293" lon="-117.75456"/>
      <trkpt lat="33.51235" lon="-117.75402"/>
      <trkpt lat="33.51182" lon="-117.75341"/>
      <trkpt lat="33.51084" lon="-117.75213"/>
      <trkpt lat="33.51028" lon="-117.75157"/>
      <trkpt lat="33.50992" lon="-117.75127"/>
      <trkpt lat="33.50968" lon="-117.75111"/>
      <trkpt lat="33.50871" lon="-117.7505"/>
      <trkpt lat="33.508681" lon="-117.750477"/>
      <trkpt lat="33.50868" lon="-117.750476"/>
      <trkpt lat="33.508679" lon="-117.750475"/>
      <trkpt lat="33.50855" lon="-117.75037"/>
      <trkpt lat="33.50811" lon="-117.74991"/>
      <trkpt lat="33.50757" lon="-117.74912"/>
      <trkpt lat="33.50573" lon="-117.74725"/>
      <trkpt lat="33.50438" lon="-117.7458"/>
      <trkpt lat="33.50431" lon="-117.7458"/>
      <trkpt lat="33.50398" lon="-117.74553"/>
      <trkpt lat="33.503161" lon="-117.744955"/>
      <trkpt lat="33.503159" lon="-117.744954"/>
      <trkpt lat="33.50291" lon="-117.74478"/>
      <trkpt lat="33.502868" lon="-117.744762"/>
      <trkpt lat="33.50282" lon="-117.74474"/>
      <trkpt lat="33.50141" lon="-117.74373"/>
      <trkpt lat="33.50135" lon="-117.74361"/>
      <trkpt lat="33.50041" lon="-117.74295"/>
      <trkpt lat="33.49999" lon="-117.74258"/>
      <trkpt lat="33.49974" lon="-117.74231"/>
      <trkpt lat="33.49944" lon="-117.74191"/>
      <trkpt lat="33.49862" lon="-117.74052"/>
      <trkpt lat="33.49834" lon="-117.74011"/>
      <trkpt lat="33.49803" lon="-117.73977"/>
      <trkpt lat="33.497699" lon="-117.739472"/>
      <trkpt lat="33.497697" lon="-117.739471"/>
      <trkpt lat="33.49724" lon="-117.73906"/>
      <trkpt lat="33.49694" lon="-117.73882"/>
      <trkpt lat="33.49468" lon="-117.73737"/>
      <trkpt lat="33.4945" lon="-117.73723"/>
      <trkpt lat="33.494" lon="-117.73674"/>
      <trkpt lat="33.49378" lon="-117.73647"/>
      <trkpt lat="33.4922" lon="-117.734048"/>
      <trkpt lat="33.492199" lon="-117.734046"/>
      <trkpt lat="33.492199" lon="-117.734045"/>
      <trkpt lat="33.491972" lon="-117.733697"/>
      <trkpt lat="33.489337" lon="-117.730287"/>
      <trkpt lat="33.487189" lon="-117.727796"/>
      <trkpt lat="33.487188" lon="-117.727795"/>
      <trkpt lat="33.487187" lon="-117.727794"/>
      <trkpt lat="33.48592" lon="-117.726324"/>
      <trkpt lat="33.482479" lon="-117.722368"/>
      <trkpt lat="33.48197" lon="-117.721785"/>
      <trkpt lat="33.481969" lon="-117.721783"/>
      <trkpt lat="33.480593" lon="-117.720205"/>
      <trkpt lat="33.478764" lon="-117.718788"/>
      <trkpt lat="33.476007" lon="-117.716955"/>
      <trkpt lat="33.476005" lon="-117.716954"/>
      <trkpt lat="33.476004" lon="-117.716954"/>
      <trkpt lat="33.469975" lon="-117.712948"/>
      <trkpt lat="33.469673" lon="-117.712759"/>
      <trkpt lat="33.469672" lon="-117.712758"/>
      <trkpt lat="33.469671" lon="-117.712757"/>
      <trkpt lat="33.468901" lon="-117.712272"/>
      <trkpt lat="33.466516" lon="-117.710676"/>
      <trkpt lat="33.465366" lon="-117.708964"/>
      <trkpt lat="33.46532" lon="-117.707075"/>
      <trkpt lat="33.465373" lon="-117.706816"/>
      <trkpt lat="33.465373" lon="-117.706814"/>
      <trkpt lat="33.465373" lon="-117.706813"/>
      <trkpt lat="33.466545" lon="-117.700947"/>
      <trkpt lat="33.46661" lon="-117.70097"/>
      <trkpt lat="33.46674" lon="-117.70029"/>
      <trkpt lat="33.46666" lon="-117.70029"/>
      <trkpt lat="33.46669" lon="-117.70019"/>
      <trkpt lat="33.46675" lon="-117.70019"/>
      <trkpt lat="33.467058" lon="-117.698646"/>
      <trkpt lat="33.467058" lon="-117.698644"/>
      <trkpt lat="33.467073" lon="-117.698477"/>
      <trkpt lat="33.467084" lon="-117.69822"/>
      <trkpt lat="33.466071" lon="-117.698"/>
      <trkpt lat="33.464912" lon="-117.696455"/>
      <trkpt lat="33.463985" lon="-117.694499"/>
      <trkpt lat="33.463314" lon="-117.693847"/>
      <trkpt lat="33.462667" lon="-117.693901"/>
      <trkpt lat="33.462721" lon="-117.693031"/>
      <trkpt lat="33.462862" lon="-117.69074"/>
      <trkpt lat="33.463366" lon="-117.689492"/>
      <trkpt lat="33.463668" lon="-117.689216"/>
      <trkpt lat="33.463565" lon="-117.688517"/>
      <trkpt lat="33.463505" lon="-117.688027"/>
      <trkpt lat="33.463712" lon="-117.687763"/>
      <trkpt lat="33.463713" lon="-117.687761"/>
      <trkpt lat="33.46389" lon="-117.6875"/>
      <trkpt lat="33.4639" lon="-117.68743"/>
      <trkpt lat="33.46404" lon="-117.68721"/>
      <trkpt lat="33.46411" lon="-117.68703"/>
      <trkpt lat="33.46418" lon="-117.68709"/>
      <trkpt lat="33.46421" lon="-117.68706"/>
      <trkpt lat="33.46412" lon="-117.687"/>
      <trkpt lat="33.46426" lon="-117.68671"/>
      <trkpt lat="33.46432" lon="-117.68647"/>
      <trkpt lat="33.46436" lon="-117.68608"/>
      <trkpt lat="33.46435" lon="-117.68572"/>
      <trkpt lat="33.46429" lon="-117.68535"/>
      <trkpt lat="33.464266" lon="-117.68526"/>
      <trkpt lat="33.46407" lon="-117.68452"/>
      <trkpt lat="33.46399" lon="-117.68364"/>
      <trkpt lat="33.46346" lon="-117.6817"/>
      <trkpt lat="33.46336" lon="-117.68147"/>
      <trkpt lat="33.46328" lon="-117.68095"/>
      <trkpt lat="33.46325" lon="-117.68096"/>
      <trkpt lat="33.46322" lon="-117.68077"/>
      <trkpt lat="33.463" lon="-117.67995"/>
      <trkpt lat="33.46294" lon="-117.67987"/>
      <trkpt lat="33.462934" lon="-117.679856"/>
      <trkpt lat="33.462933" lon="-117.679854"/>
      <trkpt lat="33.46285" lon="-117.67966"/>
      <trkpt lat="33.46282" lon="-117.67957"/>
      <trkpt lat="33.46217" lon="-117.6787"/>
      <trkpt lat="33.4621" lon="-117.67859"/>
      <trkpt lat="33.46198" lon="-117.6785"/>
      <trkpt lat="33.46161" lon="-117.67792"/>
      <trkpt lat="33.461393" lon="-117.67756"/>
      <trkpt lat="33.46026" lon="-117.67568"/>
      <trkpt lat="33.45869" lon="-117.6731"/>
      <trkpt lat="33.45863" lon="-117.67294"/>
      <trkpt lat="33.458621" lon="-117.672925"/>
      <trkpt lat="33.45862" lon="-117.672923"/>
      <trkpt lat="33.457108" lon="-117.670575"/>
      <trkpt lat="33.456609" lon="-117.6698"/>
      <trkpt lat="33.45467" lon="-117.666659"/>
      <trkpt lat="33.454297" lon="-117.665973"/>
      <trkpt lat="33.452943" lon="-117.663488"/>
      <trkpt lat="33.452626" lon="-117.662905"/>
      <trkpt lat="33.450723" lon="-117.658563"/>
      <trkpt lat="33.45067" lon="-117.658479"/>
      <trkpt lat="33.449164" lon="-117.656123"/>
      <trkpt lat="33.447047" lon="-117.65281"/>
      <trkpt lat="33.446111" lon="-117.651767"/>
      <trkpt lat="33.445184" lon="-117.650735"/>
      <trkpt lat="33.444386" lon="-117.649643"/>
      <trkpt lat="33.442835" lon="-117.647519"/>
      <trkpt lat="33.441396" lon="-117.64521"/>
      <trkpt lat="33.440472" lon="-117.643727"/>
      <trkpt lat="33.439909" lon="-117.642837"/>
      <trkpt lat="33.438634" lon="-117.64082"/>
      <trkpt lat="33.43822" lon="-117.64027"/>
      <trkpt lat="33.43799" lon="-117.64001"/>
      <trkpt lat="33.43703" lon="-117.63881"/>
      <trkpt lat="33.436816" lon="-117.638513"/>
      <trkpt lat="33.43672" lon="-117.63838"/>
      <trkpt lat="33.435106" lon="-117.636367"/>
      <trkpt lat="33.43478" lon="-117.63596"/>
      <trkpt lat="33.43448" lon="-117.6356"/>
      <trkpt lat="33.43383" lon="-117.63475"/>
      <trkpt lat="33.433646" lon="-117.634542"/>
      <trkpt lat="33.4336" lon="-117.63449"/>
      <trkpt lat="33.43333" lon="-117.6341"/>
      <trkpt lat="33.43309" lon="-117.63372"/>
      <trkpt lat="33.433" lon="-117.63353"/>
      <trkpt lat="33.43293" lon="-117.63329"/>
      <trkpt lat="33.43283" lon="-117.63277"/>
      <trkpt lat="33.4328" lon="-117.63267"/>
      <trkpt lat="33.43279" lon="-117.63231"/>
      <trkpt lat="33.432834" lon="-117.631669"/>
      <trkpt lat="33.43285" lon="-117.63144"/>
      <trkpt lat="33.43289" lon="-117.63144"/>
      <trkpt lat="33.4329" lon="-117.63118"/>
      <trkpt lat="33.43287" lon="-117.63117"/>
      <trkpt lat="33.4329" lon="-117.63081"/>
      <trkpt lat="33.43288" lon="-117.63018"/>
      <trkpt lat="33.432666" lon="-117.628804"/>
      <trkpt lat="33.43252" lon="-117.62786"/>
      <trkpt lat="33.43254" lon="-117.62786"/>
      <trkpt lat="33.43248" lon="-117.62765"/>
      <trkpt lat="33.43228" lon="-117.626348"/>
      <trkpt lat="33.43222" lon="-117.62596"/>
      <trkpt lat="33.43221" lon="-117.6257"/>
      <trkpt lat="33.43237" lon="-117.62467"/>
      <trkpt lat="33.4324" lon="-117.62418"/>
      <trkpt lat="33.43238" lon="-117.6237"/>
      <trkpt lat="33.43229" lon="-117.623212"/>
      <trkpt lat="33.43224" lon="-117.62294"/>
      <trkpt lat="33.43217" lon="-117.62265"/>
      <trkpt lat="33.43218" lon="-117.62265"/>
      <trkpt lat="33.43207" lon="-117.62238"/>
      <trkpt lat="33.43189" lon="-117.62206"/>
      <trkpt lat="33.43177" lon="-117.62191"/>
      <trkpt lat="33.43153" lon="-117.62167"/>
      <trkpt lat="33.43137" lon="-117.62155"/>
      <trkpt lat="33.43108" lon="-117.62121"/>
      <trkpt lat="33.43095" lon="-117.62104"/>
      <trkpt lat="33.43097" lon="-117.62102"/>
      <trkpt lat="33.430913" lon="-117.620907"/>
      <trkpt lat="33.43091" lon="-117.6209"/>
      <trkpt lat="33.43089" lon="-117.62092"/>
      <trkpt lat="33.43081" lon="-117.62069"/>
      <trkpt lat="33.43065" lon="-117.62009"/>
      <trkpt lat="33.430366" lon="-117.618515"/>
      <trkpt lat="33.43036" lon="-117.61848"/>
      <trkpt lat="33.43032" lon="-117.61837"/>
      <trkpt lat="33.43033" lon="-117.6183"/>
      <trkpt lat="33.43028" lon="-117.61805"/>
      <trkpt lat="33.43027" lon="-117.61784"/>
      <trkpt lat="33.43026" lon="-117.6178"/>
      <trkpt lat="33.43025" lon="-117.6178"/>
      <trkpt lat="33.43015" lon="-117.6174"/>
      <trkpt lat="33.43009" lon="-117.61699"/>
      <trkpt lat="33.42983" lon="-117.61559"/>
      <trkpt lat="33.42986" lon="-117.61558"/>
      <trkpt lat="33.429829" lon="-117.615464"/>
      <trkpt lat="33.42982" lon="-117.61543"/>
      <trkpt lat="33.42968" lon="-117.61496"/>
      <trkpt lat="33.42951" lon="-117.61458"/>
      <trkpt lat="33.42925" lon="-117.61419"/>
      <trkpt lat="33.42898" lon="-117.6139"/>
      <trkpt lat="33.428287" lon="-117.613229"/>
      <trkpt lat="33.42676" lon="-117.61175"/>
      <trkpt lat="33.42664" lon="-117.611648"/>
      <trkpt lat="33.42656" lon="-117.61158"/>
      <trkpt lat="33.42623" lon="-117.61123"/>
      <trkpt lat="33.42624" lon="-117.61122"/>
      <trkpt lat="33.42613" lon="-117.61114"/>
      <trkpt lat="33.42604" lon="-117.61103"/>
      <trkpt lat="33.4259" lon="-117.61094"/>
      <trkpt lat="33.42579" lon="-117.61081"/>
      <trkpt lat="33.42542" lon="-117.6105"/>
      <trkpt lat="33.42521" lon="-117.61034"/>
      <trkpt lat="33.424463" lon="-117.609916"/>
      <trkpt lat="33.42389" lon="-117.60959"/>
      <trkpt lat="33.42378" lon="-117.60954"/>
      <trkpt lat="33.42316" lon="-117.6092"/>
      <trkpt lat="33.42302" lon="-117.60916"/>
      <trkpt lat="33.42284" lon="-117.60905"/>
      <trkpt lat="33.42272" lon="-117.60895"/>
      <trkpt lat="33.42228" lon="-117.60871"/>
      <trkpt lat="33.422224" lon="-117.608667"/>
      <trkpt lat="33.42215" lon="-117.60861"/>
      <trkpt lat="33.42195" lon="-117.60852"/>
      <trkpt lat="33.42075" lon="-117.60784"/>
      <trkpt lat="33.42046" lon="-117.60766"/>
      <trkpt lat="33.42042" lon="-117.60766"/>
      <trkpt lat="33.42039" lon="-117.60762"/>
      <trkpt lat="33.420321" lon="-117.607603"/>
      <trkpt lat="33.42023" lon="-117.60758"/>
      <trkpt lat="33.42012" lon="-117.60748"/>
      <trkpt lat="33.41997" lon="-117.60746"/>
      <trkpt lat="33.41979" lon="-117.60728"/>
      <trkpt lat="33.41939" lon="-117.60679"/>
      <trkpt lat="33.41923" lon="-117.60657"/>
      <trkpt lat="33.419" lon="-117.60613"/>
      <trkpt lat="33.41895" lon="-117.6062"/>
      <trkpt lat="33.41871" lon="-117.60637"/>
      <trkpt lat="33.41848" lon="-117.6066"/>
      <trkpt lat="33.41843" lon="-117.606458"/>
      <trkpt lat="33.4183" lon="-117.60609"/>
      <trkpt lat="33.41803" lon="-117.60563"/>
      <trkpt lat="33.4179" lon="-117.6055"/>
      <trkpt lat="33.41778" lon="-117.60535"/>
      <trkpt lat="33.41755" lon="-117.60515"/>
      <trkpt lat="33.416641" lon="-117.604527"/>
      <trkpt lat="33.41647" lon="-117.60441"/>
      <trkpt lat="33.41589" lon="-117.60405"/>
      <trkpt lat="33.41535" lon="-117.60373"/>
      <trkpt lat="33.41476" lon="-117.60338"/>
      <trkpt lat="33.41444" lon="-117.60319"/>
      <trkpt lat="33.41383" lon="-117.60298"/>
      <trkpt lat="33.41365" lon="-117.60293"/>
      <trkpt lat="33.41359" lon="-117.60284"/>
      <trkpt lat="33.4128" lon="-117.60236"/>
      <trkpt lat="33.41236" lon="-117.60215"/>
      <trkpt lat="33.412344" lon="-117.602145"/>
      <trkpt lat="33.41236" lon="-117.60215"/>
      <trkpt lat="33.41158" lon="-117.60195"/>
      <trkpt lat="33.410864" lon="-117.601628"/>
      <trkpt lat="33.410036" lon="-117.601218"/>
      <trkpt lat="33.410035" lon="-117.601218"/>
      <trkpt lat="33.409569" lon="-117.601096"/>
      <trkpt lat="33.408799" lon="-117.600984"/>
      <trkpt lat="33.40856" lon="-117.600837"/>
      <trkpt lat="33.40797" lon="-117.600165"/>
      <trkpt lat="33.407585" lon="-117.599785"/>
      <trkpt lat="33.407424" lon="-117.599746"/>
      <trkpt lat="33.40741" lon="-117.59978"/>
      <trkpt lat="33.40492" lon="-117.59855"/>
      <trkpt lat="33.40484" lon="-117.5985"/>
      <trkpt lat="33.40488" lon="-117.5984"/>
      <trkpt lat="33.403661" lon="-117.597761"/>
      <trkpt lat="33.40366" lon="-117.59776"/>
      <trkpt lat="33.40259" lon="-117.59716"/>
      <trkpt lat="33.40141" lon="-117.59657"/>
      <trkpt lat="33.39733" lon="-117.59466"/>
      <trkpt lat="33.39705" lon="-117.5946"/>
      <trkpt lat="33.39694" lon="-117.594584"/>
      <trkpt lat="33.39657" lon="-117.59453"/>
      <trkpt lat="33.39602" lon="-117.59441"/>
      <trkpt lat="33.39546" lon="-117.59439"/>
      <trkpt lat="33.39518" lon="-117.5943"/>
      <trkpt lat="33.39493" lon="-117.59413"/>
      <trkpt lat="33.39492" lon="-117.5941"/>
  </trkseg>
  <trkseg>
      <trkpt lat="33.20931" lon="-117.3875"/>
      <trkpt lat="33.20925" lon="-117.3876"/>
      <trkpt lat="33.20907" lon="-117.38749"/>
      <trkpt lat="33.20928" lon="-117.38716"/>
      <trkpt lat="33.20893" lon="-117.38696"/>
      <trkpt lat="33.20875" lon="-117.3869"/>
      <trkpt lat="33.20799" lon="-117.38643"/>
      <trkpt lat="33.2078" lon="-117.3862"/>
      <trkpt lat="33.2074" lon="-117.38584"/>
      <trkpt lat="33.20587" lon="-117.38497"/>
      <trkpt lat="33.20495" lon="-117.38451"/>
      <trkpt lat="33.20472" lon="-117.38442"/>
      <trkpt lat="33.20457" lon="-117.38445"/>
      <trkpt lat="33.204" lon="-117.38442"/>
      <trkpt lat="33.20395" lon="-117.38441"/>
      <trkpt lat="33.20378" lon="-117.38437"/>
      <trkpt lat="33.203277" lon="-117.384361"/>
      <trkpt lat="33.2032" lon="-117.38436"/>
      <trkpt lat="33.20309" lon="-117.38438"/>
      <trkpt lat="33.20247" lon="-117.38439"/>
      <trkpt lat="33.20224" lon="-117.38441"/>
      <trkpt lat="33.20204" lon="-117.38441"/>
      <trkpt lat="33.20158" lon="-117.38434"/>
      <trkpt lat="33.2014" lon="-117.38425"/>
      <trkpt lat="33.20076" lon="-117.38377"/>
      <trkpt lat="33.20056" lon="-117.38358"/>
      <trkpt lat="33.20039" lon="-117.38346"/>
      <trkpt lat="33.20017" lon="-117.38327"/>
      <trkpt lat="33.20004" lon="-117.38312"/>
      <trkpt lat="33.1994" lon="-117.38259"/>
      <trkpt lat="33.19884" lon="-117.38212"/>
      <trkpt lat="33.197031" lon="-117.380594"/>
      <trkpt lat="33.19641" lon="-117.38007"/>
      <trkpt lat="33.19591" lon="-117.37964"/>
      <trkpt lat="33.19589" lon="-117.37967"/>
      <trkpt lat="33.19578" lon="-117.37958"/>
      <trkpt lat="33.1958" lon="-117.37956"/>
      <trkpt lat="33.191167" lon="-117.375655"/>
      <trkpt lat="33.1888" lon="-117.37366"/>
      <trkpt lat="33.18866" lon="-117.37358"/>
      <trkpt lat="33.18857" lon="-117.3735"/>
      <trkpt lat="33.18855" lon="-117.37353"/>
      <trkpt lat="33.18841" lon="-117.37345"/>
      <trkpt lat="33.18843" lon="-117.3734"/>
      <trkpt lat="33.188" lon="-117.37307"/>
      <trkpt lat="33.185278" lon="-117.370781"/>
      <trkpt lat="33.1836" lon="-117.36937"/>
      <trkpt lat="33.18358" lon="-117.36941"/>
      <trkpt lat="33.18347" lon="-117.36935"/>
      <trkpt lat="33.18349" lon="-117.36931"/>
      <trkpt lat="33.18328" lon="-117.36914"/>
      <trkpt lat="33.18301" lon="-117.36889"/>
      <trkpt lat="33.18231" lon="-117.36829"/>
      <trkpt lat="33.179423" lon="-117.365866"/>
      <trkpt lat="33.17838" lon="-117.36499"/>
      <trkpt lat="33.17828" lon="-117.36493"/>
      <trkpt lat="33.17814" lon="-117.36481"/>
      <trkpt lat="33.17805" lon="-117.3647"/>
      <trkpt lat="33.17565" lon="-117.36267"/>
      <trkpt lat="33.17552" lon="-117.36259"/>
      <trkpt lat="33.17523" lon="-117.36234"/>
      <trkpt lat="33.17522" lon="-117.36236"/>
      <trkpt lat="33.17513" lon="-117.36228"/>
      <trkpt lat="33.17515" lon="-117.36225"/>
      <trkpt lat="33.173562" lon="-117.360918"/>
      <trkpt lat="33.17242" lon="-117.35996"/>
      <trkpt lat="33.17223" lon="-117.35982"/>
      <trkpt lat="33.17147" lon="-117.35918"/>
      <trkpt lat="33.17135" lon="-117.35911"/>
      <trkpt lat="33.17059" lon="-117.35846"/>
      <trkpt lat="33.1705" lon="-117.35836"/>
      <trkpt lat="33.1706" lon="-117.35818"/>
      <trkpt lat="33.16978" lon="-117.3575"/>
      <trkpt lat="33.1696" lon="-117.35737"/>
      <trkpt lat="33.16842" lon="-117.35638"/>
      <trkpt lat="33.16823" lon="-117.35624"/>
      <trkpt lat="33.167869" lon="-117.355933"/>
      <trkpt lat="33.16669" lon="-117.35493"/>
      <trkpt lat="33.16661" lon="-117.35489"/>
      <trkpt lat="33.16654" lon="-117.35482"/>
      <trkpt lat="33.16602" lon="-117.35449"/>
      <trkpt lat="33.16599" lon="-117.35454"/>
      <trkpt lat="33.16592" lon="-117.35449"/>
      <trkpt lat="33.16591" lon="-117.35454"/>
      <trkpt lat="33.16598" lon="-117.35457"/>
      <trkpt lat="33.16597" lon="-117.35464"/>
      <trkpt lat="33.16588" lon="-117.35461"/>
      <trkpt lat="33.16579" lon="-117.35465"/>
      <trkpt lat="33.16569" lon="-117.35462"/>
      <trkpt lat="33.16566" lon="-117.35457"/>
      <trkpt lat="33.16559" lon="-117.35456"/>
      <trkpt lat="33.16552" lon="-117.35452"/>
      <trkpt lat="33.1649" lon="-117.35442"/>
      <trkpt lat="33.16481" lon="-117.35442"/>
      <trkpt lat="33.16418" lon="-117.35445"/>
      <trkpt lat="33.16362" lon="-117.3545"/>
      <trkpt lat="33.16352" lon="-117.35456"/>
      <trkpt lat="33.16321" lon="-117.35455"/>
      <trkpt lat="33.16271" lon="-117.35447"/>
      <trkpt lat="33.16232" lon="-117.35434"/>
      <trkpt lat="33.16191" lon="-117.35414"/>
      <trkpt lat="33.161459" lon="-117.353789"/>
      <trkpt lat="33.16137" lon="-117.35372"/>
      <trkpt lat="33.16102" lon="-117.35346"/>
      <trkpt lat="33.15803" lon="-117.351"/>
      <trkpt lat="33.15776" lon="-117.35087"/>
      <trkpt lat="33.15745" lon="-117.35079"/>
      <trkpt lat="33.15717" lon="-117.35079"/>
      <trkpt lat="33.15662" lon="-117.35085"/>
      <trkpt lat="33.15663" lon="-117.35088"/>
      <trkpt lat="33.15658" lon="-117.35089"/>
      <trkpt lat="33.15655" lon="-117.35086"/>
      <trkpt lat="33.15569" lon="-117.35097"/>
      <trkpt lat="33.15525" lon="-117.35095"/>
      <trkpt lat="33.1551" lon="-117.35092"/>
      <trkpt lat="33.15503" lon="-117.350896"/>
      <trkpt lat="33.15475" lon="-117.3508"/>
      <trkpt lat="33.1543" lon="-117.35057"/>
      <trkpt lat="33.15352" lon="-117.35004"/>
      <trkpt lat="33.15184" lon="-117.34884"/>
      <trkpt lat="33.15066" lon="-117.3479"/>
      <trkpt lat="33.15034" lon="-117.34767"/>
      <trkpt lat="33.15011" lon="-117.34752"/>
      <trkpt lat="33.14914" lon="-117.34679"/>
      <trkpt lat="33.148805" lon="-117.346528"/>
      <trkpt lat="33.14817" lon="-117.34603"/>
      <trkpt lat="33.14788" lon="-117.34578"/>
      <trkpt lat="33.14755" lon="-117.34551"/>
      <trkpt lat="33.14719" lon="-117.34523"/>
      <trkpt lat="33.14665" lon="-117.34477"/>
      <trkpt lat="33.14623" lon="-117.34444"/>
      <trkpt lat="33.14489" lon="-117.34324"/>
      <trkpt lat="33.14468" lon="-117.34303"/>
      <trkpt lat="33.14459" lon="-117.34298"/>
      <trkpt lat="33.14388" lon="-117.34235"/>
      <trkpt lat="33.14313" lon="-117.34177"/>
      <trkpt lat="33.14287" lon="-117.341598"/>
      <trkpt lat="33.14233" lon="-117.34124"/>
      <trkpt lat="33.1419" lon="-117.34099"/>
      <trkpt lat="33.1377" lon="-117.33868"/>
      <trkpt lat="33.13762" lon="-117.33861"/>
      <trkpt lat="33.1363" lon="-117.337993"/>
      <trkpt lat="33.13623" lon="-117.33796"/>
      <trkpt lat="33.13569" lon="-117.3377"/>
      <trkpt lat="33.13487" lon="-117.33726"/>
      <trkpt lat="33.13419" lon="-117.33682"/>
      <trkpt lat="33.13323" lon="-117.33609"/>
      <trkpt lat="33.13244" lon="-117.33552"/>
      <trkpt lat="33.13221" lon="-117.33536"/>
      <trkpt lat="33.13214" lon="-117.33533"/>
      <trkpt lat="33.13193" lon="-117.33519"/>
      <trkpt lat="33.13191" lon="-117.33515"/>
      <trkpt lat="33.13012" lon="-117.33389"/>
      <trkpt lat="33.129983" lon="-117.333822"/>
      <trkpt lat="33.12998" lon="-117.33382"/>
      <trkpt lat="33.12986" lon="-117.33374"/>
      <trkpt lat="33.12977" lon="-117.33364"/>
      <trkpt lat="33.12597" lon="-117.33097"/>
      <trkpt lat="33.12593" lon="-117.33075"/>
      <trkpt lat="33.12572" lon="-117.3305"/>
      <trkpt lat="33.12563" lon="-117.33036"/>
      <trkpt lat="33.12553" lon="-117.33005"/>
      <trkpt lat="33.12533" lon="-117.32926"/>
      <trkpt lat="33.12516" lon="-117.32889"/>
      <trkpt lat="33.12499" lon="-117.32863"/>
      <trkpt lat="33.12478" lon="-117.3284"/>
      <trkpt lat="33.124741" lon="-117.32837"/>
      <trkpt lat="33.12456" lon="-117.32823"/>
      <trkpt lat="33.12427" lon="-117.32808"/>
      <trkpt lat="33.12396" lon="-117.32799"/>
      <trkpt lat="33.12316" lon="-117.32782"/>
      <trkpt lat="33.12264" lon="-117.32764"/>
      <trkpt lat="33.12108" lon="-117.32697"/>
      <trkpt lat="33.12098" lon="-117.32686"/>
      <trkpt lat="33.12087" lon="-117.32681"/>
      <trkpt lat="33.12075" lon="-117.3268"/>
      <trkpt lat="33.118019" lon="-117.325317"/>
      <trkpt lat="33.11539" lon="-117.32389"/>
      <trkpt lat="33.11478" lon="-117.32357"/>
      <trkpt lat="33.1147" lon="-117.3235"/>
      <trkpt lat="33.11443" lon="-117.32336"/>
      <trkpt lat="33.11431" lon="-117.32335"/>
      <trkpt lat="33.111307" lon="-117.322142"/>
      <trkpt lat="33.10822" lon="-117.3209"/>
      <trkpt lat="33.10809" lon="-117.32082"/>
      <trkpt lat="33.10687" lon="-117.32032"/>
      <trkpt lat="33.10676" lon="-117.32031"/>
      <trkpt lat="33.10663" lon="-117.32024"/>
      <trkpt lat="33.10656" lon="-117.32018"/>
      <trkpt lat="33.10631" lon="-117.32005"/>
      <trkpt lat="33.10617" lon="-117.32"/>
      <trkpt lat="33.10513" lon="-117.31946"/>
      <trkpt lat="33.104517" lon="-117.319198"/>
      <trkpt lat="33.10197" lon="-117.31811"/>
      <trkpt lat="33.10198" lon="-117.31807"/>
      <trkpt lat="33.10178" lon="-117.31794"/>
      <trkpt lat="33.10177" lon="-117.31797"/>
      <trkpt lat="33.10118" lon="-117.31772"/>
      <trkpt lat="33.10106" lon="-117.31771"/>
      <trkpt lat="33.09933" lon="-117.31698"/>
      <trkpt lat="33.0986" lon="-117.31674"/>
      <trkpt lat="33.09787" lon="-117.31653"/>
      <trkpt lat="33.097727" lon="-117.316468"/>
      <trkpt lat="33.09739" lon="-117.31632"/>
      <trkpt lat="33.09615" lon="-117.31578"/>
      <trkpt lat="33.09546" lon="-117.31542"/>
      <trkpt lat="33.09473" lon="-117.31502"/>
      <trkpt lat="33.0937" lon="-117.31451"/>
      <trkpt lat="33.09219" lon="-117.31391"/>
      <trkpt lat="33.09203" lon="-117.31386"/>
      <trkpt lat="33.09193" lon="-117.31376"/>
      <trkpt lat="33.09192" lon="-117.31378"/>
      <trkpt lat="33.09178" lon="-117.3137"/>
      <trkpt lat="33.09177" lon="-117.31371"/>
      <trkpt lat="33.090995" lon="-117.313425"/>
      <trkpt lat="33.09011" lon="-117.3131"/>
      <trkpt lat="33.08999" lon="-117.31309"/>
      <trkpt lat="33.08606" lon="-117.31161"/>
      <trkpt lat="33.08548" lon="-117.31132"/>
      <trkpt lat="33.08497" lon="-117.31099"/>
      <trkpt lat="33.0844" lon="-117.31052"/>
      <trkpt lat="33.084272" lon="-117.310392"/>
      <trkpt lat="33.08398" lon="-117.3101"/>
      <trkpt lat="33.0833" lon="-117.30937"/>
      <trkpt lat="33.08323" lon="-117.30932"/>
      <trkpt lat="33.08273" lon="-117.30883"/>
      <trkpt lat="33.08264" lon="-117.30874"/>
      <trkpt lat="33.08256" lon="-117.30862"/>
      <trkpt lat="33.08231" lon="-117.30841"/>
      <trkpt lat="33.08176" lon="-117.30805"/>
      <trkpt lat="33.08125" lon="-117.30777"/>
      <trkpt lat="33.08114" lon="-117.30775"/>
      <trkpt lat="33.08087" lon="-117.30762"/>
      <trkpt lat="33.07994" lon="-117.30732"/>
      <trkpt lat="33.07892" lon="-117.30696"/>
      <trkpt lat="33.07852" lon="-117.30684"/>
      <trkpt lat="33.077911" lon="-117.306643"/>
      <trkpt lat="33.07648" lon="-117.30618"/>
      <trkpt lat="33.07631" lon="-117.30608"/>
      <trkpt lat="33.07616" lon="-117.30603"/>
      <trkpt lat="33.07603" lon="-117.30601"/>
      <trkpt lat="33.070943" lon="-117.304334"/>
      <trkpt lat="33.07078" lon="-117.30428"/>
      <trkpt lat="33.07071" lon="-117.30424"/>
      <trkpt lat="33.06913" lon="-117.30373"/>
      <trkpt lat="33.06486" lon="-117.30229"/>
      <trkpt lat="33.06439" lon="-117.30214"/>
      <trkpt lat="33.06431" lon="-117.30211"/>
      <trkpt lat="33.06429" lon="-117.30208"/>
      <trkpt lat="33.063989" lon="-117.301975"/>
      <trkpt lat="33.06389" lon="-117.30194"/>
      <trkpt lat="33.06374" lon="-117.30193"/>
      <trkpt lat="33.06284" lon="-117.30162"/>
      <trkpt lat="33.06179" lon="-117.30122"/>
      <trkpt lat="33.06147" lon="-117.30107"/>
      <trkpt lat="33.06135" lon="-117.30104"/>
      <trkpt lat="33.06062" lon="-117.30066"/>
      <trkpt lat="33.0597" lon="-117.3001"/>
      <trkpt lat="33.057361" lon="-117.298619"/>
      <trkpt lat="33.05703" lon="-117.29841"/>
      <trkpt lat="33.05693" lon="-117.29837"/>
      <trkpt lat="33.05685" lon="-117.29831"/>
      <trkpt lat="33.05682" lon="-117.29826"/>
      <trkpt lat="33.05677" lon="-117.29818"/>
      <trkpt lat="33.05669" lon="-117.29816"/>
      <trkpt lat="33.05663" lon="-117.29818"/>
      <trkpt lat="33.05564" lon="-117.29751"/>
      <trkpt lat="33.05528" lon="-117.29725"/>
      <trkpt lat="33.05413" lon="-117.29651"/>
      <trkpt lat="33.05347" lon="-117.29611"/>
      <trkpt lat="33.05315" lon="-117.29591"/>
      <trkpt lat="33.05149" lon="-117.29484"/>
      <trkpt lat="33.05121" lon="-117.29468"/>
      <trkpt lat="33.051004" lon="-117.294591"/>
      <trkpt lat="33.05063" lon="-117.29443"/>
      <trkpt lat="33.05045" lon="-117.29434"/>
      <trkpt lat="33.04999" lon="-117.29424"/>
      <trkpt lat="33.04973" lon="-117.29422"/>
      <trkpt lat="33.0489" lon="-117.29409"/>
      <trkpt lat="33.04891" lon="-117.29404"/>
      <trkpt lat="33.04871" lon="-117.29402"/>
      <trkpt lat="33.04871" lon="-117.29406"/>
      <trkpt lat="33.0484" lon="-117.29402"/>
      <trkpt lat="33.0473" lon="-117.29389"/>
      <trkpt lat="33.04707" lon="-117.29387"/>
      <trkpt lat="33.04696" lon="-117.29383"/>
      <trkpt lat="33.04611" lon="-117.29376"/>
      <trkpt lat="33.04599" lon="-117.29374"/>
      <trkpt lat="33.04596" lon="-117.29376"/>
      <trkpt lat="33.04572" lon="-117.29375"/>
      <trkpt lat="33.04548" lon="-117.29371"/>
      <trkpt lat="33.04532" lon="-117.29362"/>
      <trkpt lat="33.04493" lon="-117.29357"/>
      <trkpt lat="33.04476" lon="-117.29361"/>
      <trkpt lat="33.04477" lon="-117.29356"/>
      <trkpt lat="33.0446" lon="-117.29354"/>
      <trkpt lat="33.04435" lon="-117.2935"/>
      <trkpt lat="33.04418" lon="-117.29355"/>
      <trkpt lat="33.044022" lon="-117.293497"/>
      <trkpt lat="33.04376" lon="-117.29341"/>
      <trkpt lat="33.04359" lon="-117.29339"/>
      <trkpt lat="33.04346" lon="-117.29339"/>
      <trkpt lat="33.04302" lon="-117.29331"/>
      <trkpt lat="33.04291" lon="-117.29333"/>
      <trkpt lat="33.04284" lon="-117.2933"/>
      <trkpt lat="33.04233" lon="-117.29323"/>
      <trkpt lat="33.04212" lon="-117.29334"/>
      <trkpt lat="33.04201" lon="-117.29332"/>
      <trkpt lat="33.04185" lon="-117.29342"/>
      <trkpt lat="33.04094" lon="-117.2933"/>
      <trkpt lat="33.04081" lon="-117.29325"/>
      <trkpt lat="33.0407" lon="-117.29327"/>
      <trkpt lat="33.03991" lon="-117.29316"/>
      <trkpt lat="33.03979" lon="-117.29317"/>
      <trkpt lat="33.03933" lon="-117.29311"/>
      <trkpt lat="33.03933" lon="-117.29308"/>
      <trkpt lat="33.03899" lon="-117.29303"/>
      <trkpt lat="33.03883" lon="-117.29302"/>
      <trkpt lat="33.03844" lon="-117.29297"/>
      <trkpt lat="33.0383" lon="-117.29285"/>
      <trkpt lat="33.03821" lon="-117.29285"/>
      <trkpt lat="33.03762" lon="-117.29273"/>
      <trkpt lat="33.03737" lon="-117.29263"/>
      <trkpt lat="33.036984" lon="-117.292458"/>
      <trkpt lat="33.03683" lon="-117.29239"/>
      <trkpt lat="33.03679" lon="-117.29235"/>
      <trkpt lat="33.03677" lon="-117.29222"/>
      <trkpt lat="33.03601" lon="-117.29182"/>
      <trkpt lat="33.03591" lon="-117.29174"/>
      <trkpt lat="33.03535" lon="-117.29144"/>
      <trkpt lat="33.03525" lon="-117.29141"/>
      <trkpt lat="33.03409" lon="-117.29083"/>
      <trkpt lat="33.03359" lon="-117.29055"/>
      <trkpt lat="33.03243" lon="-117.28996"/>
      <trkpt lat="33.030438" lon="-117.288934"/>
      <trkpt lat="33.02812" lon="-117.28774"/>
      <trkpt lat="33.02805" lon="-117.28771"/>
      <trkpt lat="33.02776" lon="-117.28752"/>
      <trkpt lat="33.02663" lon="-117.28682"/>
      <trkpt lat="33.02605" lon="-117.28645"/>
      <trkpt lat="33.02444" lon="-117.28547"/>
      <trkpt lat="33.023935" lon="-117.285159"/>
      <trkpt lat="33.02174" lon="-117.28381"/>
      <trkpt lat="33.02168" lon="-117.28375"/>
      <trkpt lat="33.01928" lon="-117.2823"/>
      <trkpt lat="33.01923" lon="-117.28223"/>
      <trkpt lat="33.01855" lon="-117.28188"/>
      <trkpt lat="33.01846" lon="-117.28183"/>
      <trkpt lat="33.01822" lon="-117.28175"/>
      <trkpt lat="33.01812" lon="-117.28174"/>
      <trkpt lat="33.017433" lon="-117.281438"/>
      <trkpt lat="33.0173" lon="-117.28138"/>
      <trkpt lat="33.01713" lon="-117.2813"/>
      <trkpt lat="33.01704" lon="-117.28128"/>
      <trkpt lat="33.01552" lon="-117.28062"/>
      <trkpt lat="33.01397" lon="-117.27993"/>
      <trkpt lat="33.01333" lon="-117.27968"/>
      <trkpt lat="33.01248" lon="-117.27942"/>
      <trkpt lat="33.01114" lon="-117.27913"/>
      <trkpt lat="33.010514" lon="-117.278999"/>
      <trkpt lat="33.01028" lon="-117.27895"/>
      <trkpt lat="33.00774" lon="-117.27838"/>
      <trkpt lat="33.00686" lon="-117.27824"/>
      <trkpt lat="33.00512" lon="-117.27803"/>
      <trkpt lat="33.00439" lon="-117.27788"/>
      <trkpt lat="33.00371" lon="-117.27768"/>
      <trkpt lat="33.003394" lon="-117.277541"/>
      <trkpt lat="33.00312" lon="-117.27742"/>
      <trkpt lat="33.00244" lon="-117.27706"/>
      <trkpt lat="33.0018" lon="-117.27663"/>
      <trkpt lat="33.00129" lon="-117.2762"/>
      <trkpt lat="33.00014" lon="-117.27509"/>
      <trkpt lat="32.99969" lon="-117.27474"/>
      <trkpt lat="32.99906" lon="-117.27432"/>
      <trkpt lat="32.99837" lon="-117.27396"/>
      <trkpt lat="32.997119" lon="-117.273358"/>
      <trkpt lat="32.9954" lon="-117.27253"/>
      <trkpt lat="32.9948" lon="-117.2723"/>
      <trkpt lat="32.99319" lon="-117.27189"/>
      <trkpt lat="32.9928" lon="-117.27179"/>
      <trkpt lat="32.9927" lon="-117.27173"/>
      <trkpt lat="32.99221" lon="-117.27161"/>
      <trkpt lat="32.99206" lon="-117.27162"/>
      <trkpt lat="32.99205" lon="-117.27157"/>
      <trkpt lat="32.99172" lon="-117.2715"/>
      <trkpt lat="32.99171" lon="-117.27153"/>
      <trkpt lat="32.990199" lon="-117.271176"/>
      <trkpt lat="32.98855" lon="-117.27079"/>
      <trkpt lat="32.98411" lon="-117.26978"/>
      <trkpt lat="32.983096" lon="-117.269531"/>
      <trkpt lat="32.98252" lon="-117.26939"/>
      <trkpt lat="32.98157" lon="-117.26915"/>
      <trkpt lat="32.98114" lon="-117.26907"/>
      <trkpt lat="32.98072" lon="-117.26902"/>
      <trkpt lat="32.98035" lon="-117.269"/>
      <trkpt lat="32.98035" lon="-117.26897"/>
      <trkpt lat="32.98015" lon="-117.26895"/>
      <trkpt lat="32.98015" lon="-117.26897"/>
      <trkpt lat="32.97929" lon="-117.26903"/>
      <trkpt lat="32.9793" lon="-117.2693"/>
      <trkpt lat="32.97927" lon="-117.26927"/>
      <trkpt lat="32.97868" lon="-117.26932"/>
      <trkpt lat="32.97804" lon="-117.26939"/>
      <trkpt lat="32.97711" lon="-117.26939"/>
      <trkpt lat="32.97656" lon="-117.26933"/>
      <trkpt lat="32.976201" lon="-117.269263"/>
      <trkpt lat="32.97608" lon="-117.26924"/>
      <trkpt lat="32.97561" lon="-117.26915"/>
      <trkpt lat="32.97438" lon="-117.26895"/>
      <trkpt lat="32.97379" lon="-117.26888"/>
      <trkpt lat="32.97227" lon="-117.26863"/>
      <trkpt lat="32.97158" lon="-117.26847"/>
      <trkpt lat="32.96994" lon="-117.26814"/>
      <trkpt lat="32.96905" lon="-117.267956"/>
      <trkpt lat="32.968136" lon="-117.267593"/>
      <trkpt lat="32.967924" lon="-117.26746"/>
      <trkpt lat="32.967156" lon="-117.266958"/>
      <trkpt lat="32.965376" lon="-117.265485"/>
      <trkpt lat="32.964876" lon="-117.265301"/>
      <trkpt lat="32.962409" lon="-117.265362"/>
      <trkpt lat="32.960842" lon="-117.2654"/>
      <trkpt lat="32.95961" lon="-117.26542"/>
      <trkpt lat="32.959096" lon="-117.265313"/>
      <trkpt lat="32.957188" lon="-117.264576"/>
      <trkpt lat="32.957262" lon="-117.264344"/>
      <trkpt lat="32.95664" lon="-117.26411"/>
      <trkpt lat="32.95649" lon="-117.26408"/>
      <trkpt lat="32.95591" lon="-117.26375"/>
      <trkpt lat="32.95575" lon="-117.26377"/>
      <trkpt lat="32.955662" lon="-117.263732"/>
      <trkpt lat="32.95554" lon="-117.26368"/>
      <trkpt lat="32.9554" lon="-117.26361"/>
      <trkpt lat="32.95452" lon="-117.26328"/>
      <trkpt lat="32.95451" lon="-117.26331"/>
      <trkpt lat="32.95447" lon="-117.26342"/>
      <trkpt lat="32.95444" lon="-117.26343"/>
      <trkpt lat="32.95442" lon="-117.26351"/>
      <trkpt lat="32.95344" lon="-117.26316"/>
      <trkpt lat="32.95329" lon="-117.26312"/>
      <trkpt lat="32.9532" lon="-117.26307"/>
      <trkpt lat="32.95113" lon="-117.26224"/>
      <trkpt lat="32.950517" lon="-117.262011"/>
      <trkpt lat="32.948893" lon="-117.261405"/>
      <trkpt lat="32.94872" lon="-117.26134"/>
      <trkpt lat="32.94812" lon="-117.26111"/>
      <trkpt lat="32.94762" lon="-117.26091"/>
      <trkpt lat="32.94725" lon="-117.26077"/>
      <trkpt lat="32.94626" lon="-117.2604"/>
      <trkpt lat="32.94574" lon="-117.26029"/>
      <trkpt lat="32.94521" lon="-117.26027"/>
      <trkpt lat="32.94469" lon="-117.26032"/>
      <trkpt lat="32.94423" lon="-117.26044"/>
      <trkpt lat="32.943542" lon="-117.260688"/>
      <trkpt lat="32.94262" lon="-117.26102"/>
      <trkpt lat="32.94244" lon="-117.26107"/>
      <trkpt lat="32.94234" lon="-117.26112"/>
      <trkpt lat="32.94224" lon="-117.26112"/>
      <trkpt lat="32.941898" lon="-117.261178"/>
      <trkpt lat="32.94153" lon="-117.26124"/>
      <trkpt lat="32.94112" lon="-117.26127"/>
      <trkpt lat="32.94036" lon="-117.26128"/>
      <trkpt lat="32.94022" lon="-117.26126"/>
      <trkpt lat="32.93986" lon="-117.26126"/>
      <trkpt lat="32.93951" lon="-117.26125"/>
      <trkpt lat="32.9388" lon="-117.26127"/>
      <trkpt lat="32.93767" lon="-117.26129"/>
      <trkpt lat="32.93723" lon="-117.26122"/>
      <trkpt lat="32.936388" lon="-117.261028"/>
      <trkpt lat="32.934717" lon="-117.260647"/>
      <trkpt lat="32.9339" lon="-117.26046"/>
      <trkpt lat="32.93377" lon="-117.26052"/>
      <trkpt lat="32.93345" lon="-117.26045"/>
      <trkpt lat="32.92945" lon="-117.25987"/>
      <trkpt lat="32.929248" lon="-117.259808"/>
      <trkpt lat="32.92899" lon="-117.25973"/>
      <trkpt lat="32.92884" lon="-117.25965"/>
      <trkpt lat="32.92875" lon="-117.25957"/>
      <trkpt lat="32.92866" lon="-117.25955"/>
      <trkpt lat="32.92814" lon="-117.25924"/>
      <trkpt lat="32.927749" lon="-117.258896"/>
      <trkpt lat="32.92764" lon="-117.2588"/>
      <trkpt lat="32.9274" lon="-117.25856"/>
      <trkpt lat="32.92434" lon="-117.2545"/>
      <trkpt lat="32.92411" lon="-117.2541"/>
      <trkpt lat="32.924059" lon="-117.253999"/>
      <trkpt lat="32.923179" lon="-117.252264"/>
      <trkpt lat="32.92274" lon="-117.2514"/>
      <trkpt lat="32.92242" lon="-117.25089"/>
      <trkpt lat="32.92208" lon="-117.25045"/>
      <trkpt lat="32.9217" lon="-117.25008"/>
      <trkpt lat="32.92133" lon="-117.2498"/>
      <trkpt lat="32.92089" lon="-117.24954"/>
      <trkpt lat="32.92054" lon="-117.24938"/>
      <trkpt lat="32.92003" lon="-117.24923"/>
      <trkpt lat="32.91883" lon="-117.24901"/>
      <trkpt lat="32.918718" lon="-117.248973"/>
      <trkpt lat="32.91819" lon="-117.2488"/>
      <trkpt lat="32.91765" lon="-117.24854"/>
      <trkpt lat="32.917146" lon="-117.248219"/>
      <trkpt lat="32.9171" lon="-117.24819"/>
      <trkpt lat="32.91411" lon="-117.24581"/>
      <trkpt lat="32.91372" lon="-117.24556"/>
      <trkpt lat="32.91332" lon="-117.24537"/>
      <trkpt lat="32.91273" lon="-117.24518"/>
      <trkpt lat="32.912334" lon="-117.245098"/>
      <trkpt lat="32.91147" lon="-117.24492"/>
      <trkpt lat="32.91136" lon="-117.24492"/>
      <trkpt lat="32.910659" lon="-117.244755"/>
      <trkpt lat="32.91034" lon="-117.24468"/>
      <trkpt lat="32.91025" lon="-117.2447"/>
      <trkpt lat="32.90833" lon="-117.24425"/>
      <trkpt lat="32.905216" lon="-117.243597"/>
      <trkpt lat="32.90361" lon="-117.24326"/>
      <trkpt lat="32.90354" lon="-117.243248"/>
      <trkpt lat="32.90234" lon="-117.24305"/>
      <trkpt lat="32.89971" lon="-117.24248"/>
      <trkpt lat="32.8995" lon="-117.24243"/>
      <trkpt lat="32.89936" lon="-117.24245"/>
      <trkpt lat="32.89818" lon="-117.24218"/>
      <trkpt lat="32.89809" lon="-117.242147"/>
      <trkpt lat="32.89807" lon="-117.24214"/>
      <trkpt lat="32.89798" lon="-117.24214"/>
      <trkpt lat="32.89672" lon="-117.24188"/>
      <trkpt lat="32.89661" lon="-117.24183"/>
      <trkpt lat="32.896419" lon="-117.24179"/>
      <trkpt lat="32.89304" lon="-117.24109"/>
      <trkpt lat="32.89293" lon="-117.2411"/>
      <trkpt lat="32.89259" lon="-117.241"/>
      <trkpt lat="32.89235" lon="-117.24087"/>
      <trkpt lat="32.89192" lon="-117.2406"/>
      <trkpt lat="32.891346" lon="-117.241418"/>
      <trkpt lat="32.89117" lon="-117.24167"/>
      <trkpt lat="32.89095" lon="-117.24191"/>
      <trkpt lat="32.89048" lon="-117.2423"/>
      <trkpt lat="32.89018" lon="-117.2425"/>
      <trkpt lat="32.890008" lon="-117.242645"/>
      <trkpt lat="32.88993" lon="-117.24271"/>
      <trkpt lat="32.88938" lon="-117.24306"/>
      <trkpt lat="32.88923" lon="-117.24312"/>
      <trkpt lat="32.88852" lon="-117.2435"/>
      <trkpt lat="32.88805" lon="-117.2437"/>
      <trkpt lat="32.88741" lon="-117.24388"/>
      <trkpt lat="32.88697" lon="-117.24395"/>
      <trkpt lat="32.88625" lon="-117.24399"/>
      <trkpt lat="32.884692" lon="-117.244024"/>
      <trkpt lat="32.88396" lon="-117.24404"/>
      <trkpt lat="32.88299" lon="-117.244047"/>
      <trkpt lat="32.88116" lon="-117.24406"/>
      <trkpt lat="32.88099" lon="-117.24405"/>
      <trkpt lat="32.88089" lon="-117.24407"/>
      <trkpt lat="32.8777" lon="-117.24406"/>
      <trkpt lat="32.877458" lon="-117.24403"/>
      <trkpt lat="32.87586" lon="-117.24383"/>
      <trkpt lat="32.875766" lon="-117.243834"/>
      <trkpt lat="32.87561" lon="-117.24384"/>
      <trkpt lat="32.87514" lon="-117.24435"/>
      <trkpt lat="32.87505" lon="-117.24443"/>
      <trkpt lat="32.87494" lon="-117.24455"/>
      <trkpt lat="32.87471" lon="-117.24471"/>
      <trkpt lat="32.87431" lon="-117.24489"/>
      <trkpt lat="32.87306" lon="-117.24528"/>
      <trkpt lat="32.87205" lon="-117.2457"/>
      <trkpt lat="32.87192" lon="-117.24576"/>
      <trkpt lat="32.87179" lon="-117.24596"/>
      <trkpt lat="32.87167" lon="-117.2462"/>
      <trkpt lat="32.87159" lon="-117.24688"/>
      <trkpt lat="32.87156" lon="-117.24704"/>
      <trkpt lat="32.871509" lon="-117.247176"/>
      <trkpt lat="32.87144" lon="-117.24736"/>
      <trkpt lat="32.87128" lon="-117.24763"/>
      <trkpt lat="32.8711" lon="-117.24784"/>
      <trkpt lat="32.87086" lon="-117.24801"/>
      <trkpt lat="32.870174" lon="-117.248284"/>
      <trkpt lat="32.86986" lon="-117.24841"/>
      <trkpt lat="32.86942" lon="-117.24859"/>
      <trkpt lat="32.86932" lon="-117.24868"/>
      <trkpt lat="32.86923" lon="-117.24882"/>
      <trkpt lat="32.86918" lon="-117.24901"/>
      <trkpt lat="32.8692" lon="-117.24924"/>
      <trkpt lat="32.86925" lon="-117.24939"/>
      <trkpt lat="32.86935" lon="-117.24952"/>
      <trkpt lat="32.86948" lon="-117.24961"/>
      <trkpt lat="32.87007" lon="-117.24981"/>
      <trkpt lat="32.87073" lon="-117.25025"/>
      <trkpt lat="32.87091" lon="-117.25039"/>
      <trkpt lat="32.87102" lon="-117.25053"/>
      <trkpt lat="32.8711" lon="-117.25075"/>
      <trkpt lat="32.87112" lon="-117.25095"/>
      <trkpt lat="32.87107" lon="-117.2512"/>
      <trkpt lat="32.871" lon="-117.25133"/>
      <trkpt lat="32.87084" lon="-117.2515"/>
      <trkpt lat="32.87072" lon="-117.25157"/>
      <trkpt lat="32.869865" lon="-117.251682"/>
      <trkpt lat="32.86965" lon="-117.25171"/>
      <trkpt lat="32.86908" lon="-117.25178"/>
      <trkpt lat="32.868186" lon="-117.251991"/>
      <trkpt lat="32.86802" lon="-117.25203"/>
      <trkpt lat="32.86662" lon="-117.25235"/>
      <trkpt lat="32.86615" lon="-117.25237"/>
      <trkpt lat="32.86575" lon="-117.25233"/>
      <trkpt lat="32.86558" lon="-117.25238"/>
      <trkpt lat="32.86531" lon="-117.25237"/>
      <trkpt lat="32.86514" lon="-117.2523"/>
      <trkpt lat="32.86471" lon="-117.25238"/>
      <trkpt lat="32.86446" lon="-117.25249"/>
      <trkpt lat="32.86425" lon="-117.25261"/>
      <trkpt lat="32.86358" lon="-117.25316"/>
      <trkpt lat="32.86332" lon="-117.25328"/>
      <trkpt lat="32.86307" lon="-117.25333"/>
      <trkpt lat="32.862907" lon="-117.25334"/>
      <trkpt lat="32.861208" lon="-117.253441"/>
      <trkpt lat="32.85568" lon="-117.253771"/>
      <trkpt lat="32.85398" lon="-117.253872"/>
      <trkpt lat="32.85218" lon="-117.25398"/>
      <trkpt lat="32.85184" lon="-117.25407"/>
      <trkpt lat="32.85136" lon="-117.25431"/>
      <trkpt lat="32.85126" lon="-117.25436"/>
      <trkpt lat="32.85095" lon="-117.2546"/>
      <trkpt lat="32.85069" lon="-117.25489"/>
      <trkpt lat="32.85052" lon="-117.25512"/>
      <trkpt lat="32.85029" lon="-117.25588"/>
      <trkpt lat="32.85018" lon="-117.25584"/>
      <trkpt lat="32.84983" lon="-117.25665"/>
      <trkpt lat="32.84978" lon="-117.25689"/>
      <trkpt lat="32.84978" lon="-117.256896"/>
      <trkpt lat="32.84975" lon="-117.25741"/>
      <trkpt lat="32.84981" lon="-117.2585"/>
      <trkpt lat="32.849778" lon="-117.258916"/>
      <trkpt lat="32.84971" lon="-117.25982"/>
      <trkpt lat="32.8496" lon="-117.26093"/>
      <trkpt lat="32.8495" lon="-117.26133"/>
      <trkpt lat="32.8494" lon="-117.26162"/>
      <trkpt lat="32.84935" lon="-117.26172"/>
      <trkpt lat="32.84933" lon="-117.2618"/>
      <trkpt lat="32.84921" lon="-117.26197"/>
      <trkpt lat="32.84892" lon="-117.26242"/>
      <trkpt lat="32.84887" lon="-117.26255"/>
      <trkpt lat="32.84877" lon="-117.26277"/>
      <trkpt lat="32.84868" lon="-117.26292"/>
      <trkpt lat="32.84834" lon="-117.26399"/>
      <trkpt lat="32.848025" lon="-117.265047"/>
      <trkpt lat="32.848" lon="-117.26513"/>
      <trkpt lat="32.84794" lon="-117.26541"/>
      <trkpt lat="32.84789" lon="-117.26586"/>
      <trkpt lat="32.84779" lon="-117.26628"/>
      <trkpt lat="32.84763" lon="-117.26665"/>
      <trkpt lat="32.84746" lon="-117.26692"/>
      <trkpt lat="32.847457" lon="-117.266923"/>
      <trkpt lat="32.847" lon="-117.2675"/>
      <trkpt lat="32.84599" lon="-117.26857"/>
      <trkpt lat="32.84584" lon="-117.26871"/>
      <trkpt lat="32.84577" lon="-117.26881"/>
      <trkpt lat="32.84448" lon="-117.27017"/>
      <trkpt lat="32.84441" lon="-117.27028"/>
      <trkpt lat="32.84425" lon="-117.27042"/>
      <trkpt lat="32.84409" lon="-117.2706"/>
      <trkpt lat="32.84402" lon="-117.2707"/>
      <trkpt lat="32.84384" lon="-117.27089"/>
      <trkpt lat="32.84373" lon="-117.27097"/>
      <trkpt lat="32.84337" lon="-117.271348"/>
      <trkpt lat="32.84276" lon="-117.27199"/>
      <trkpt lat="32.84267" lon="-117.27212"/>
      <trkpt lat="32.84236" lon="-117.27241"/>
      <trkpt lat="32.84237" lon="-117.27254"/>
      <trkpt lat="32.842192" lon="-117.272735"/>
      <trkpt lat="32.84206" lon="-117.27288"/>
      <trkpt lat="32.84198" lon="-117.27284"/>
      <trkpt lat="32.84194" lon="-117.27288"/>
      <trkpt lat="32.84088" lon="-117.27251"/>
      <trkpt lat="32.84054" lon="-117.2724"/>
      <trkpt lat="32.84044" lon="-117.2725"/>
      <trkpt lat="32.84017" lon="-117.27366"/>
      <trkpt lat="32.83764" lon="-117.272863"/>
      <trkpt lat="32.835995" lon="-117.272345"/>
      <trkpt lat="32.83509" lon="-117.27206"/>
      <trkpt lat="32.83488" lon="-117.27197"/>
      <trkpt lat="32.83398" lon="-117.27142"/>
      <trkpt lat="32.83365" lon="-117.27128"/>
      <trkpt lat="32.83347" lon="-117.27123"/>
      <trkpt lat="32.83328" lon="-117.27128"/>
      <trkpt lat="32.83308" lon="-117.27128"/>
      <trkpt lat="32.83286" lon="-117.27134"/>
      <trkpt lat="32.83288" lon="-117.27142"/>
      <trkpt lat="32.83278" lon="-117.27143"/>
      <trkpt lat="32.83279" lon="-117.27145"/>
      <trkpt lat="32.83284" lon="-117.27168"/>
      <trkpt lat="32.83286" lon="-117.27194"/>
      <trkpt lat="32.83283" lon="-117.27203"/>
      <trkpt lat="32.83284" lon="-117.272"/>
      <trkpt lat="32.83278" lon="-117.27215"/>
      <trkpt lat="32.83272" lon="-117.27247"/>
      <trkpt lat="32.832437" lon="-117.273706"/>
      <trkpt lat="32.83199" lon="-117.275659"/>
      <trkpt lat="32.83188" lon="-117.27614"/>
      <trkpt lat="32.83178" lon="-117.27651"/>
      <trkpt lat="32.83125" lon="-117.27634"/>
      <trkpt lat="32.83114" lon="-117.27629"/>
      <trkpt lat="32.8309" lon="-117.27634"/>
      <trkpt lat="32.83058" lon="-117.27649"/>
      <trkpt lat="32.82962" lon="-117.27697"/>
      <trkpt lat="32.82947" lon="-117.27701"/>
      <trkpt lat="32.82896" lon="-117.27698"/>
      <trkpt lat="32.82774" lon="-117.27689"/>
      <trkpt lat="32.827135" lon="-117.276819"/>
      <trkpt lat="32.82706" lon="-117.27681"/>
      <trkpt lat="32.82679" lon="-117.27677"/>
      <trkpt lat="32.8268" lon="-117.27674"/>
      <trkpt lat="32.82633" lon="-117.27665"/>
      <trkpt lat="32.82551" lon="-117.27642"/>
      <trkpt lat="32.825502" lon="-117.276419"/>
      <trkpt lat="32.82532" lon="-117.2764"/>
      <trkpt lat="32.82464" lon="-117.27611"/>
      <trkpt lat="32.82409" lon="-117.27583"/>
      <trkpt lat="32.82394" lon="-117.27579"/>
      <trkpt lat="32.82176" lon="-117.27443"/>
      <trkpt lat="32.82171" lon="-117.27457"/>
      <trkpt lat="32.82144" lon="-117.27438"/>
      <trkpt lat="32.820578" lon="-117.273837"/>
      <trkpt lat="32.819074" lon="-117.27289"/>
      <trkpt lat="32.81793" lon="-117.27217"/>
      <trkpt lat="32.81765" lon="-117.27202"/>
      <trkpt lat="32.81758" lon="-117.27204"/>
      <trkpt lat="32.81751" lon="-117.27199"/>
      <trkpt lat="32.81747" lon="-117.2719"/>
      <trkpt lat="32.81716" lon="-117.27168"/>
      <trkpt lat="32.81704" lon="-117.27168"/>
      <trkpt lat="32.81562" lon="-117.2708"/>
      <trkpt lat="32.81559" lon="-117.27079"/>
      <trkpt lat="32.8155" lon="-117.27074"/>
      <trkpt lat="32.81546" lon="-117.27066"/>
      <trkpt lat="32.81546" lon="-117.27061"/>
      <trkpt lat="32.81536" lon="-117.27055"/>
      <trkpt lat="32.81524" lon="-117.27054"/>
      <trkpt lat="32.814243" lon="-117.269909"/>
      <trkpt lat="32.81415" lon="-117.26985"/>
      <trkpt lat="32.81407" lon="-117.26974"/>
      <trkpt lat="32.81389" lon="-117.26962"/>
      <trkpt lat="32.81382" lon="-117.26966"/>
      <trkpt lat="32.81374" lon="-117.26963"/>
      <trkpt lat="32.81369" lon="-117.26955"/>
      <trkpt lat="32.81368" lon="-117.26951"/>
      <trkpt lat="32.81344" lon="-117.26931"/>
      <trkpt lat="32.81332" lon="-117.26929"/>
      <trkpt lat="32.812888" lon="-117.268842"/>
      <trkpt lat="32.81248" lon="-117.26842"/>
      <trkpt lat="32.81247" lon="-117.26836"/>
      <trkpt lat="32.8124" lon="-117.26837"/>
      <trkpt lat="32.81231" lon="-117.26829"/>
      <trkpt lat="32.81229" lon="-117.26819"/>
      <trkpt lat="32.81227" lon="-117.26809"/>
      <trkpt lat="32.81217" lon="-117.26797"/>
      <trkpt lat="32.81205" lon="-117.26792"/>
      <trkpt lat="32.81143" lon="-117.26719"/>
      <trkpt lat="32.81139" lon="-117.26705"/>
      <trkpt lat="32.81119" lon="-117.26684"/>
      <trkpt lat="32.8111" lon="-117.26684"/>
      <trkpt lat="32.81105" lon="-117.2668"/>
      <trkpt lat="32.81085" lon="-117.26651"/>
      <trkpt lat="32.81058" lon="-117.26621"/>
      <trkpt lat="32.81048" lon="-117.26613"/>
      <trkpt lat="32.80939" lon="-117.26484"/>
      <trkpt lat="32.80929" lon="-117.26468"/>
      <trkpt lat="32.809012" lon="-117.264347"/>
      <trkpt lat="32.80827" lon="-117.26346"/>
      <trkpt lat="32.80798" lon="-117.262964"/>
      <trkpt lat="32.807951" lon="-117.262799"/>
      <trkpt lat="32.807894" lon="-117.262482"/>
      <trkpt lat="32.807848" lon="-117.261938"/>
      <trkpt lat="32.80776" lon="-117.26164"/>
      <trkpt lat="32.807552" lon="-117.261296"/>
      <trkpt lat="32.806153" lon="-117.25964"/>
      <trkpt lat="32.805142" lon="-117.258745"/>
      <trkpt lat="32.80483" lon="-117.25856"/>
      <trkpt lat="32.80485" lon="-117.25841"/>
      <trkpt lat="32.804841" lon="-117.25825"/>
      <trkpt lat="32.80482" lon="-117.258149"/>
      <trkpt lat="32.80443" lon="-117.25801"/>
      <trkpt lat="32.802935" lon="-117.257552"/>
      <trkpt lat="32.7982" lon="-117.2561"/>
      <trkpt lat="32.7981" lon="-117.25604"/>
      <trkpt lat="32.79804" lon="-117.25602"/>
      <trkpt lat="32.79788" lon="-117.256"/>
      <trkpt lat="32.797821" lon="-117.255981"/>
      <trkpt lat="32.79691" lon="-117.25569"/>
      <trkpt lat="32.79657" lon="-117.2556"/>
      <trkpt lat="32.79665" lon="-117.25491"/>
      <trkpt lat="32.796667" lon="-117.254825"/>
      <trkpt lat="32.79678" lon="-117.25424"/>
      <trkpt lat="32.79691" lon="-117.25371"/>
      <trkpt lat="32.79706" lon="-117.253"/>
      <trkpt lat="32.79719" lon="-117.25248"/>
      <trkpt lat="32.7972" lon="-117.25228"/>
      <trkpt lat="32.79729" lon="-117.25187"/>
      <trkpt lat="32.79736" lon="-117.25168"/>
      <trkpt lat="32.79767" lon="-117.25029"/>
      <trkpt lat="32.79768" lon="-117.25018"/>
      <trkpt lat="32.79769" lon="-117.25007"/>
      <trkpt lat="32.79775" lon="-117.24989"/>
      <trkpt lat="32.798" lon="-117.248752"/>
      <trkpt lat="32.79811" lon="-117.24825"/>
      <trkpt lat="32.79815" lon="-117.24806"/>
      <trkpt lat="32.79831" lon="-117.24733"/>
      <trkpt lat="32.798447" lon="-117.246679"/>
      <trkpt lat="32.798486" lon="-117.246503"/>
      <trkpt lat="32.800313" lon="-117.238173"/>
      <trkpt lat="32.800819" lon="-117.235865"/>
  </trkseg>
  </trk></gpx>
