<?xml version="1.0" encoding="UTF-8"?>
<kml xmlns="http://www.opengis.net/kml/2.2">
  <Document>
    <name>NSTT 2026 - Runner Route Segments</name>
    <description>Runner-only draft course for the No Shortcuts Time Trial (Santa Monica to San Diego, 23 Oct 2026). Built from the organizer's published runner turn list. It includes one checkpoint at each completed route mile and intentionally excludes vehicle logistics, relay assignments, and handoffs. Important: validate the LA River Trail and coastal portions against the organizer's notes; this is a planning map, not a safety or navigation authority. Google walking routes are beta and can miss clear sidewalks or paths; inspect every section before running. The PCH exit is interpreted as Ocean Blue Environmental at 925 W Esther Street in Long Beach. The line from Ocean Blue to Del Prado is pinned to the organizer's Highway 1/PCH corridor and is a road-alignment reference, not a pedestrian-safety validation. The route deliberately has a gap from San Mateo Point to the Oceanside Chevron restart because the organizer directs the car—not runners—to use I-5 for that transfer.</description>
    <Style id="segmentGreen"><LineStyle><color>ff00aa00</color><width>5</width></LineStyle></Style>
    <Style id="segmentBlue"><LineStyle><color>ffe57300</color><width>5</width></LineStyle></Style>
    <Folder><name>Runner route segments - alternating green and blue</name>
      <description>Runner-only draft course for the No Shortcuts Time Trial (Santa Monica to San Diego, 23 Oct 2026). Built from the organizer's published runner turn list. It includes one checkpoint at each completed route mile and intentionally excludes vehicle logistics, relay assignments, and handoffs. Important: validate the LA River Trail and coastal portions against the organizer's notes; this is a planning map, not a safety or navigation authority. Google walking routes are beta and can miss clear sidewalks or paths; inspect every section before running. The PCH exit is interpreted as Ocean Blue Environmental at 925 W Esther Street in Long Beach. The line from Ocean Blue to Del Prado is pinned to the organizer's Highway 1/PCH corridor and is a road-alignment reference, not a pedestrian-safety validation. The route deliberately has a gap from San Mateo Point to the Oceanside Chevron restart because the organizer directs the car—not runners—to use I-5 for that transfer. Approximate routed distance: 129.8 mi. Each line is independently editable.</description>

      <Placemark>
        <name>Segment 001 - Start to Mile 001</name>
        <description>Editable runner-route segment. Delete or redraw this line independently without changing the other mile segments. Colors alternate green and blue to make adjacent segments easier to distinguish.</description>
        <styleUrl>#segmentGreen</styleUrl>
        <LineString><tessellate>1</tessellate><coordinates>-118.4966,34.00997,0 -118.49495,34.01136,0 -118.49031,34.0074385,0 -118.48974,34.00784,0 -118.4853422772602,34.00357984567416,0</coordinates></LineString>
      </Placemark>
      <Placemark>
        <name>Segment 002 - Mile 001 to Mile 002</name>
        <description>Editable runner-route segment. Delete or redraw this line independently without changing the other mile segments. Colors alternate green and blue to make adjacent segments easier to distinguish.</description>
        <styleUrl>#segmentBlue</styleUrl>
        <LineString><tessellate>1</tessellate><coordinates>-118.4853422772602,34.00357984567416,0 -118.484817,34.003071,0 -118.48461,34.00287,0 -118.48442,34.00266,0 -118.48409,34.00234,0 -118.48411,34.00233,0 -118.48392,34.00214,0 -118.4839,34.00215,0 -118.48372,34.00197,0 -118.48363,34.00186,0 -118.48353,34.00179,0 -118.48326,34.0015,0 -118.48182,34.00008,0 -118.48126,33.99953,0 -118.48128,33.99952,0 -118.4812,33.99944,0 -118.48117,33.99946,0 -118.48045,33.99869,0 -118.48027,33.99854,0 -118.4799,33.99815,0 -118.47975,33.99801,0 -118.47976,33.998,0 -118.47966,33.9979,0 -118.47918,33.99745,0 -118.47904,33.99728,0 -118.47872,33.99695,0 -118.47847,33.99674,0 -118.47821,33.99647,0 -118.47809,33.99638,0 -118.47791,33.99618,0 -118.47795,33.99616,0 -118.47781,33.99602,0 -118.47778,33.99603,0 -118.47735,33.9955,0 -118.47707,33.99548,0 -118.47623,33.99449,0 -118.47615,33.99445,0 -118.47502,33.99343,0 -118.47492409525967,33.99331837317108,0</coordinates></LineString>
      </Placemark>
      <Placemark>
        <name>Segment 003 - Mile 002 to Mile 003</name>
        <description>Editable runner-route segment. Delete or redraw this line independently without changing the other mile segments. Colors alternate green and blue to make adjacent segments easier to distinguish.</description>
        <styleUrl>#segmentGreen</styleUrl>
        <LineString><tessellate>1</tessellate><coordinates>-118.47492409525967,33.99331837317108,0 -118.47441,33.99272,0 -118.47426,33.99258,0 -118.47426,33.99256,0 -118.47412,33.99243,0 -118.47395,33.99251,0 -118.47384,33.99252,0 -118.47364,33.992498,0 -118.47347,33.99248,0 -118.47332,33.99244,0 -118.47303,33.99241,0 -118.47211,33.99223,0 -118.47193,33.99217,0 -118.47141,33.99206,0 -118.47107,33.99201,0 -118.47071,33.99194,0 -118.47058,33.99192,0 -118.47059,33.9919,0 -118.46921,33.99155,0 -118.46896,33.99151,0 -118.46782,33.9912,0 -118.46603,33.99074,0 -118.46602,33.99076,0 -118.46589,33.99073,0 -118.4659,33.99071,0 -118.46422,33.99028,0 -118.46402,33.99017,0 -118.46401,33.99017,0 -118.46388,33.99009,0 -118.46389,33.99008,0 -118.46351,33.98984,0 -118.46342,33.98976,0 -118.4633,33.98971,0 -118.46257,33.98922,0 -118.46255,33.98923,0 -118.46227,33.98906,0 -118.46229,33.98905,0 -118.46133,33.98843,0 -118.46035583856064,33.9881669053047,0</coordinates></LineString>
      </Placemark>
      <Placemark>
        <name>Segment 004 - Mile 003 to Mile 004</name>
        <description>Editable runner-route segment. Delete or redraw this line independently without changing the other mile segments. Colors alternate green and blue to make adjacent segments easier to distinguish.</description>
        <styleUrl>#segmentBlue</styleUrl>
        <LineString><tessellate>1</tessellate><coordinates>-118.46035583856064,33.9881669053047,0 -118.45996,33.98806,0 -118.45968,33.988,0 -118.45935,33.98798,0 -118.45905,33.98801,0 -118.45886,33.98802,0 -118.45861,33.98806,0 -118.4586,33.98807,0 -118.45844,33.98809,0 -118.45845,33.98808,0 -118.45769,33.98817,0 -118.4576,33.9882,0 -118.457541,33.988205,0 -118.45687,33.98826,0 -118.45618,33.98832,0 -118.45484,33.98844,0 -118.45469,33.98846,0 -118.45458,33.98846,0 -118.4546,33.98842,0 -118.45327,33.98852,0 -118.45264,33.98851,0 -118.4524,33.98848,0 -118.45231,33.9885,0 -118.45227,33.98844,0 -118.45229,33.98844,0 -118.45216,33.98837,0 -118.452,33.98846,0 -118.45153,33.98875,0 -118.44998,33.98952,0 -118.44947,33.98977,0 -118.44922,33.9899,0 -118.44907,33.9897,0 -118.44904,33.98969,0 -118.4486,33.98993,0 -118.44789,33.99029,0 -118.44787,33.99027,0 -118.4476,33.9904,0 -118.44763,33.99042,0 -118.44656,33.99095,0 -118.44623,33.99112,0 -118.44606,33.99119,0 -118.44551552299595,33.9914712133977,0</coordinates></LineString>
      </Placemark>
      <Placemark>
        <name>Segment 005 - Mile 004 to Mile 005</name>
        <description>Editable runner-route segment. Delete or redraw this line independently without changing the other mile segments. Colors alternate green and blue to make adjacent segments easier to distinguish.</description>
        <styleUrl>#segmentGreen</styleUrl>
        <LineString><tessellate>1</tessellate><coordinates>-118.44551552299595,33.9914712133977,0 -118.44515,33.99166,0 -118.44461,33.9919,0 -118.44463,33.99192,0 -118.44325,33.9926,0 -118.44309,33.9927,0 -118.44264,33.9929,0 -118.44255,33.99297,0 -118.44247,33.99299,0 -118.4422,33.99312,0 -118.442169,33.993136,0 -118.44161,33.99343,0 -118.44097,33.99374,0 -118.43996,33.99424,0 -118.43962,33.99442,0 -118.43903,33.9947,0 -118.43884,33.99482,0 -118.43822,33.9951,0 -118.43778,33.99534,0 -118.4377,33.9954,0 -118.43758,33.99543,0 -118.43662,33.99591,0 -118.43661,33.99591,0 -118.43649,33.99597,0 -118.4365,33.99598,0 -118.43615,33.99616,0 -118.43603,33.99623,0 -118.43602,33.99621,0 -118.43588,33.99627,0 -118.4359,33.99629,0 -118.43565,33.99639,0 -118.43547,33.99652,0 -118.43539,33.99652,0 -118.435,33.9967,0 -118.43482,33.99676,0 -118.43458,33.99679,0 -118.43446,33.99678,0 -118.43446,33.99676,0 -118.43432,33.99679,0 -118.43342,33.99671,0 -118.43251,33.99664,0 -118.4323,33.99665,0 -118.43218,33.99672,0 -118.4321,33.99666,0 -118.43196,33.99667,0 -118.43176,33.99673,0 -118.43166,33.99667,0 -118.43107643904398,33.99669161336874,0</coordinates></LineString>
      </Placemark>
      <Placemark>
        <name>Segment 006 - Mile 005 to Mile 006</name>
        <description>Editable runner-route segment. Delete or redraw this line independently without changing the other mile segments. Colors alternate green and blue to make adjacent segments easier to distinguish.</description>
        <styleUrl>#segmentBlue</styleUrl>
        <LineString><tessellate>1</tessellate><coordinates>-118.43107643904398,33.99669161336874,0 -118.43085,33.9967,0 -118.4307,33.99672,0 -118.4306,33.99671,0 -118.42978,33.99675,0 -118.42972,33.9968,0 -118.42969,33.99677,0 -118.42874,33.99684,0 -118.42853,33.99686,0 -118.42851,33.99684,0 -118.4282,33.99684,0 -118.42826,33.99689,0 -118.42817,33.9969,0 -118.42797,33.99693,0 -118.42791,33.99694,0 -118.42793,33.9969,0 -118.42788,33.99684,0 -118.42785,33.99693,0 -118.42707,33.99701,0 -118.42687,33.99707,0 -118.42651,33.997105,0 -118.42636,33.99712,0 -118.42614,33.99712,0 -118.42566,33.99716,0 -118.42546,33.99718,0 -118.42548,33.99719,0 -118.42423,33.99732,0 -118.42397,33.99737,0 -118.42355,33.99739,0 -118.42286,33.99747,0 -118.4228,33.99746,0 -118.42263,33.9975,0 -118.42203,33.99756,0 -118.422,33.99753,0 -118.42168,33.99754,0 -118.42177,33.9976,0 -118.42176,33.9976,0 -118.42195,33.99768,0 -118.42176,33.9976,0 -118.42162,33.99746,0 -118.42136,33.99731,0 -118.41994,33.99638,0 -118.41977,33.99628,0 -118.41796,33.99508,0 -118.41786,33.99505,0 -118.41784,33.99498,0 -118.41781,33.99501,0 -118.41764,33.99488,0 -118.41766,33.99487,0 -118.4171455102731,33.99454748405179,0</coordinates></LineString>
      </Placemark>
      <Placemark>
        <name>Segment 007 - Mile 006 to Mile 007</name>
        <description>Editable runner-route segment. Delete or redraw this line independently without changing the other mile segments. Colors alternate green and blue to make adjacent segments easier to distinguish.</description>
        <styleUrl>#segmentGreen</styleUrl>
        <LineString><tessellate>1</tessellate><coordinates>-118.4171455102731,33.99454748405179,0 -118.41699,33.99445,0 -118.41493,33.99311,0 -118.41447,33.99281,0 -118.41445,33.99284,0 -118.41402,33.9924,0 -118.41386,33.99224,0 -118.41372,33.99205,0 -118.41322,33.99154,0 -118.4132,33.99155,0 -118.41309,33.99144,0 -118.41312,33.99143,0 -118.412874,33.991194,0 -118.41287,33.99119,0 -118.41272,33.99103,0 -118.41255,33.9909,0 -118.41201,33.99031,0 -118.41135,33.98963,0 -118.41106,33.9898,0 -118.41091,33.98986,0 -118.40919,33.99087,0 -118.40911,33.99091,0 -118.409,33.99101,0 -118.4089,33.99104,0 -118.40877,33.99102,0 -118.40861,33.99092,0 -118.40844,33.99085,0 -118.40533,33.98896,0 -118.40537,33.98895,0 -118.40516,33.98884,0 -118.40487272300332,33.98866069288127,0</coordinates></LineString>
      </Placemark>
      <Placemark>
        <name>Segment 008 - Mile 007 to Mile 008</name>
        <description>Editable runner-route segment. Delete or redraw this line independently without changing the other mile segments. Colors alternate green and blue to make adjacent segments easier to distinguish.</description>
        <styleUrl>#segmentBlue</styleUrl>
        <LineString><tessellate>1</tessellate><coordinates>-118.40487272300332,33.98866069288127,0 -118.40367,33.98791,0 -118.40295,33.98749,0 -118.40276,33.9874,0 -118.40152,33.98665,0 -118.40105,33.98638,0 -118.40108,33.98636,0 -118.40056,33.98576,0 -118.399701,33.984797,0 -118.39831,33.9832,0 -118.3957544,33.9816015,0 -118.3950076,33.9812978,0 -118.3948707,33.9807976,0 -118.39440444366709,33.97886768371516,0</coordinates></LineString>
      </Placemark>
      <Placemark>
        <name>Segment 009 - Mile 008 to Mile 009</name>
        <description>Editable runner-route segment. Delete or redraw this line independently without changing the other mile segments. Colors alternate green and blue to make adjacent segments easier to distinguish.</description>
        <styleUrl>#segmentGreen</styleUrl>
        <LineString><tessellate>1</tessellate><coordinates>-118.39440444366709,33.97886768371516,0 -118.3942578,33.9782607,0 -118.3941348,33.9765396,0 -118.394229,33.974789,0 -118.39469,33.9729,0 -118.39513,33.97116,0 -118.39546,33.96996,0 -118.39536,33.96994,0 -118.39533,33.96993,0 -118.3899985517478,33.96896064577233,0</coordinates></LineString>
      </Placemark>
      <Placemark>
        <name>Segment 010 - Mile 009 to Mile 010</name>
        <description>Editable runner-route segment. Delete or redraw this line independently without changing the other mile segments. Colors alternate green and blue to make adjacent segments easier to distinguish.</description>
        <styleUrl>#segmentBlue</styleUrl>
        <LineString><tessellate>1</tessellate><coordinates>-118.3899985517478,33.96896064577233,0 -118.38895,33.96877,0 -118.38861,33.96876,0 -118.38834,33.96881,0 -118.3882,33.96887,0 -118.38695,33.96948,0 -118.38683,33.96955,0 -118.38642,33.96968,0 -118.38617,33.96969,0 -118.384373,33.969325,0 -118.3825546,33.9688712,0 -118.3819545,33.96859,0 -118.3815422,33.9682082,0 -118.3801631,33.9668674,0 -118.3795408,33.9664577,0 -118.3784352,33.9660813,0 -118.3776183,33.9653699,0 -118.3768269,33.9649082,0 -118.376063,33.9647018,0 -118.37584218233629,33.96468053781851,0</coordinates></LineString>
      </Placemark>
      <Placemark>
        <name>Segment 011 - Mile 010 to Mile 011</name>
        <description>Editable runner-route segment. Delete or redraw this line independently without changing the other mile segments. Colors alternate green and blue to make adjacent segments easier to distinguish.</description>
        <styleUrl>#segmentGreen</styleUrl>
        <LineString><tessellate>1</tessellate><coordinates>-118.37584218233629,33.96468053781851,0 -118.3754056,33.9646385,0 -118.3753788,33.9636145,0 -118.374339,33.963592,0 -118.37122,33.9636,0 -118.37104,33.96364,0 -118.37089,33.96369,0 -118.37075,33.96341,0 -118.37077,33.9634,0 -118.3707,33.96325,0 -118.37068,33.96326,0 -118.37067,33.96324,0 -118.37039,33.9633,0 -118.37018,33.96283,0 -118.37002,33.96225,0 -118.36997,33.96189,0 -118.36997,33.96175,0 -118.36981,33.96173,0 -118.36906,33.96174,0 -118.36815,33.96176,0 -118.36815,33.96175,0 -118.36614,33.96176,0 -118.36556,33.96176,0 -118.36544,33.96174,0 -118.36512,33.96176,0 -118.36499,33.96174,0 -118.36486,33.96177,0 -118.36319,33.96177,0 -118.362543290564,33.96177482618982,0</coordinates></LineString>
      </Placemark>
      <Placemark>
        <name>Segment 012 - Mile 011 to Mile 012</name>
        <description>Editable runner-route segment. Delete or redraw this line independently without changing the other mile segments. Colors alternate green and blue to make adjacent segments easier to distinguish.</description>
        <styleUrl>#segmentBlue</styleUrl>
        <LineString><tessellate>1</tessellate><coordinates>-118.362543290564,33.96177482618982,0 -118.36185,33.96178,0 -118.36185,33.9618,0 -118.36166,33.96181,0 -118.36166,33.96179,0 -118.35963,33.9618,0 -118.35963,33.96183,0 -118.35948,33.96183,0 -118.35948,33.96181,0 -118.358892,33.961821,0 -118.35842,33.96183,0 -118.3583,33.96177,0 -118.35818,33.96182,0 -118.35747,33.96183,0 -118.35745,33.96185,0 -118.3573,33.96186,0 -118.3573,33.96184,0 -118.3568,33.96184,0 -118.35667,33.96187,0 -118.3563,33.96187,0 -118.35617,33.96185,0 -118.35584,33.96185,0 -118.3557,33.96188,0 -118.3554,33.96189,0 -118.35528,33.96187,0 -118.35513,33.96191,0 -118.35502,33.96191,0 -118.35498,33.96189,0 -118.35445,33.96188,0 -118.3535,33.9619,0 -118.3535,33.96192,0 -118.35323,33.96191,0 -118.35323,33.9619,0 -118.35287,33.9619,0 -118.35281,33.96192,0 -118.35263,33.96191,0 -118.35187,33.96192,0 -118.35187,33.9619,0 -118.3505,33.96192,0 -118.3505,33.96193,0 -118.35028,33.96195,0 -118.35028,33.96193,0 -118.3498,33.96193,0 -118.34971,33.96192,0 -118.34946,33.96193,0 -118.34906,33.96193,0 -118.349,33.96191,0 -118.34891,33.96186,0 -118.34888,33.96191,0 -118.34855,33.96178,0 -118.34813,33.96158,0 -118.34799,33.96143,0 -118.34699833247377,33.9606501449551,0</coordinates></LineString>
      </Placemark>
      <Placemark>
        <name>Segment 013 - Mile 012 to Mile 013</name>
        <description>Editable runner-route segment. Delete or redraw this line independently without changing the other mile segments. Colors alternate green and blue to make adjacent segments easier to distinguish.</description>
        <styleUrl>#segmentGreen</styleUrl>
        <LineString><tessellate>1</tessellate><coordinates>-118.34699833247377,33.9606501449551,0 -118.34696,33.96062,0 -118.34698,33.96062,0 -118.34632,33.96009,0 -118.34601,33.95995,0 -118.34565,33.95986,0 -118.34541,33.95983,0 -118.34473,33.95985,0 -118.34429,33.9599,0 -118.34407,33.95995,0 -118.34408,33.95998,0 -118.34383,33.96006,0 -118.34383,33.96003,0 -118.34344,33.9601,0 -118.34269,33.960107,0 -118.34243,33.96011,0 -118.34043,33.96011,0 -118.34017,33.96012,0 -118.34017,33.96011,0 -118.33762,33.96011,0 -118.33745,33.96009,0 -118.33725,33.96011,0 -118.33522,33.96011,0 -118.33498,33.9601,0 -118.33455,33.9601,0 -118.33443,33.96011,0 -118.33236,33.96012,0 -118.33209,33.96012,0 -118.33103153162364,33.96011672300813,0</coordinates></LineString>
      </Placemark>
      <Placemark>
        <name>Segment 014 - Mile 013 to Mile 014</name>
        <description>Editable runner-route segment. Delete or redraw this line independently without changing the other mile segments. Colors alternate green and blue to make adjacent segments easier to distinguish.</description>
        <styleUrl>#segmentBlue</styleUrl>
        <LineString><tessellate>1</tessellate><coordinates>-118.33103153162364,33.96011672300813,0 -118.32886,33.96011,0 -118.32885,33.96012,0 -118.32868,33.96013,0 -118.32868,33.96011,0 -118.32666,33.96011,0 -118.32666,33.96014,0 -118.32636,33.96013,0 -118.32635,33.96011,0 -118.32571,33.96011,0 -118.325262,33.960107,0 -118.32441,33.9601,0 -118.32441,33.96013,0 -118.32428,33.96012,0 -118.32428,33.96011,0 -118.32223,33.96011,0 -118.32222,33.96013,0 -118.32198,33.96011,0 -118.32003,33.96011,0 -118.31986,33.96012,0 -118.31986,33.9601,0 -118.31766,33.96011,0 -118.31754,33.9601,0 -118.3147241322022,33.9601,0</coordinates></LineString>
      </Placemark>
      <Placemark>
        <name>Segment 015 - Mile 014 to Mile 015</name>
        <description>Editable runner-route segment. Delete or redraw this line independently without changing the other mile segments. Colors alternate green and blue to make adjacent segments easier to distinguish.</description>
        <styleUrl>#segmentGreen</styleUrl>
        <LineString><tessellate>1</tessellate><coordinates>-118.3147241322022,33.9601,0 -118.31397,33.9601,0 -118.31381,33.96011,0 -118.31349,33.9601,0 -118.31331,33.9601,0 -118.31331,33.96009,0 -118.31031,33.96009,0 -118.31012,33.96008,0 -118.30994,33.96009,0 -118.30912,33.96009,0 -118.30893,33.96006,0 -118.30904,33.95987,0 -118.30904,33.95984,0 -118.30892,33.95985,0 -118.30892,33.95986,0 -118.308256,33.95986,0 -118.30694,33.95986,0 -118.30694,33.95984,0 -118.30675,33.95984,0 -118.30649,33.95984,0 -118.30632,33.95987,0 -118.30621,33.95986,0 -118.30568,33.95987,0 -118.30476,33.95988,0 -118.3042,33.95987,0 -118.30256,33.95989,0 -118.30256,33.95988,0 -118.30243,33.95988,0 -118.30243,33.95989,0 -118.30017,33.95989,0 -118.30017,33.95991,0 -118.29885,33.9599,0 -118.29874996520672,33.95990096187301,0</coordinates></LineString>
      </Placemark>
      <Placemark>
        <name>Segment 016 - Mile 015 to Mile 016</name>
        <description>Editable runner-route segment. Delete or redraw this line independently without changing the other mile segments. Colors alternate green and blue to make adjacent segments easier to distinguish.</description>
        <styleUrl>#segmentBlue</styleUrl>
        <LineString><tessellate>1</tessellate><coordinates>-118.29874996520672,33.95990096187301,0 -118.29781,33.95991,0 -118.29764,33.95993,0 -118.29758,33.95991,0 -118.296,33.95991,0 -118.296,33.9599,0 -118.29583,33.95991,0 -118.2958,33.95992,0 -118.29412,33.95992,0 -118.29402,33.95994,0 -118.29389,33.95992,0 -118.29192,33.95992,0 -118.29141,33.95991,0 -118.290833,33.959917,0 -118.29055,33.95992,0 -118.29052,33.95991,0 -118.29052,33.95992,0 -118.28943,33.95993,0 -118.28825,33.95994,0 -118.28808,33.95994,0 -118.28714,33.95994,0 -118.28714,33.95993,0 -118.28688,33.95993,0 -118.28688,33.95995,0 -118.28397,33.95996,0 -118.28397,33.95995,0 -118.28382,33.95995,0 -118.28382,33.95997,0 -118.28283,33.95997,0 -118.28283,33.95995,0 -118.28261,33.95994,0 -118.28261,33.95997,0 -118.28244258313651,33.95997,0</coordinates></LineString>
      </Placemark>
      <Placemark>
        <name>Segment 017 - Mile 016 to Mile 017</name>
        <description>Editable runner-route segment. Delete or redraw this line independently without changing the other mile segments. Colors alternate green and blue to make adjacent segments easier to distinguish.</description>
        <styleUrl>#segmentGreen</styleUrl>
        <LineString><tessellate>1</tessellate><coordinates>-118.28244258313651,33.95997,0 -118.28202,33.95997,0 -118.28202,33.95994,0 -118.28192,33.95995,0 -118.28192,33.95998,0 -118.28146,33.95997,0 -118.28138,33.95994,0 -118.27975,33.95995,0 -118.27945,33.95996,0 -118.27945,33.95997,0 -118.27841,33.95998,0 -118.2784,33.95997,0 -118.27809,33.95997,0 -118.274,33.95998,0 -118.27399,33.95997,0 -118.27377,33.95997,0 -118.27377,33.95998,0 -118.27357,33.959981,0 -118.27177,33.95999,0 -118.27004,33.96001,0 -118.26963,33.96,0 -118.26961,33.95998,0 -118.26941,33.95999,0 -118.26941,33.96,0 -118.26815,33.96001,0 -118.26813,33.96,0 -118.26714,33.96001,0 -118.26610561007207,33.960015502074086,0</coordinates></LineString>
      </Placemark>
      <Placemark>
        <name>Segment 018 - Mile 017 to Mile 018</name>
        <description>Editable runner-route segment. Delete or redraw this line independently without changing the other mile segments. Colors alternate green and blue to make adjacent segments easier to distinguish.</description>
        <styleUrl>#segmentBlue</styleUrl>
        <LineString><tessellate>1</tessellate><coordinates>-118.26610561007207,33.960015502074086,0 -118.26526,33.96002,0 -118.26526,33.96001,0 -118.26401,33.96003,0 -118.26372,33.96004,0 -118.2613,33.96005,0 -118.2611,33.96004,0 -118.26086,33.96004,0 -118.26069,33.96004,0 -118.25947,33.96005,0 -118.25868,33.96005,0 -118.25656,33.96005,0 -118.25628,33.96003,0 -118.25628,33.96009,0 -118.256289,33.960192,0 -118.2563,33.96031,0 -118.2563,33.96007,0 -118.25628,33.9603,0 -118.25414,33.9603,0 -118.25412,33.96028,0 -118.25412,33.96032,0 -118.25388,33.96032,0 -118.25388,33.9603,0 -118.25085,33.96029,0 -118.25062759046824,33.96029,0</coordinates></LineString>
      </Placemark>
      <Placemark>
        <name>Segment 019 - Mile 018 to Mile 019</name>
        <description>Editable runner-route segment. Delete or redraw this line independently without changing the other mile segments. Colors alternate green and blue to make adjacent segments easier to distinguish.</description>
        <styleUrl>#segmentGreen</styleUrl>
        <LineString><tessellate>1</tessellate><coordinates>-118.25062759046824,33.96029,0 -118.24786,33.96029,0 -118.24784,33.9603,0 -118.2478,33.96027,0 -118.24769,33.96028,0 -118.2477,33.96033,0 -118.24749,33.96032,0 -118.24749,33.96034,0 -118.2473,33.96033,0 -118.24722,33.96029,0 -118.24569,33.9603,0 -118.24452,33.96029,0 -118.24452,33.9603,0 -118.24438,33.9603,0 -118.24438,33.96027,0 -118.24314,33.96028,0 -118.24314,33.96029,0 -118.24238,33.96029,0 -118.24206,33.96028,0 -118.24089,33.96028,0 -118.24074,33.96027,0 -118.24034,33.96029,0 -118.24034,33.96027,0 -118.239759,33.960275,0 -118.23905,33.96028,0 -118.23905,33.96029,0 -118.23894,33.96029,0 -118.23894,33.96028,0 -118.2375,33.96028,0 -118.23749,33.96029,0 -118.23702,33.96028,0 -118.23677,33.96028,0 -118.23636,33.96027,0 -118.23636,33.96028,0 -118.23532,33.96028,0 -118.23515,33.96026,0 -118.2345,33.96028,0 -118.23440415374591,33.96027281153094,0</coordinates></LineString>
      </Placemark>
      <Placemark>
        <name>Segment 020 - Mile 019 to Mile 020</name>
        <description>Editable runner-route segment. Delete or redraw this line independently without changing the other mile segments. Colors alternate green and blue to make adjacent segments easier to distinguish.</description>
        <styleUrl>#segmentBlue</styleUrl>
        <LineString><tessellate>1</tessellate><coordinates>-118.23440415374591,33.96027281153094,0 -118.2341,33.96025,0 -118.23411,33.96,0 -118.2341,33.95999,0 -118.2341,33.95997,0 -118.23391,33.95992,0 -118.23391,33.95994,0 -118.23369,33.95986,0 -118.23337,33.95966,0 -118.23304,33.95928,0 -118.23269,33.95878,0 -118.23252,33.95859,0 -118.23232,33.95831,0 -118.23208,33.95807,0 -118.23175,33.95788,0 -118.23129,33.95772,0 -118.23123,33.95765,0 -118.2312,33.95768,0 -118.23093,33.95759,0 -118.23094,33.9576,0 -118.23079,33.95757,0 -118.23065,33.95757,0 -118.23058,33.95753,0 -118.2298,33.95733,0 -118.22969,33.95728,0 -118.22906,33.95711,0 -118.22907,33.95709,0 -118.22892,33.95706,0 -118.22891,33.95708,0 -118.2272,33.95662,0 -118.22719,33.95659,0 -118.2269,33.9565,0 -118.2269,33.95654,0 -118.22565,33.9562,0 -118.22552,33.95618,0 -118.22543,33.95614,0 -118.22496,33.95601,0 -118.22494,33.95599,0 -118.22463,33.95591,0 -118.22465,33.95596,0 -118.224556,33.955947,0 -118.22407,33.95588,0 -118.22386,33.95588,0 -118.22321,33.95581,0 -118.22308,33.95576,0 -118.22198,33.95566,0 -118.22148,33.95563,0 -118.22134,33.95559,0 -118.22106,33.95557,0 -118.22092,33.95558,0 -118.22036,33.95552,0 -118.22035,33.9555,0 -118.2202681845721,33.95548465960727,0</coordinates></LineString>
      </Placemark>
      <Placemark>
        <name>Segment 021 - Mile 020 to Mile 021</name>
        <description>Editable runner-route segment. Delete or redraw this line independently without changing the other mile segments. Colors alternate green and blue to make adjacent segments easier to distinguish.</description>
        <styleUrl>#segmentGreen</styleUrl>
        <LineString><tessellate>1</tessellate><coordinates>-118.2202681845721,33.95548465960727,0 -118.22003,33.95544,0 -118.22007,33.9555,0 -118.21939,33.95543,0 -118.21922,33.95542,0 -118.21913,33.95539,0 -118.21583,33.95506,0 -118.21583,33.95504,0 -118.21567,33.95502,0 -118.21567,33.95504,0 -118.21467,33.95495,0 -118.21447,33.95494,0 -118.21369,33.95487,0 -118.21353,33.95483,0 -118.21235,33.95472,0 -118.21236,33.95469,0 -118.21208,33.95466,0 -118.21208,33.95468,0 -118.21115,33.95459,0 -118.21114,33.95458,0 -118.20999,33.95448,0 -118.20999,33.95447,0 -118.20986,33.95446,0 -118.20986,33.95447,0 -118.20897,33.95437,0 -118.20875,33.95436,0 -118.20875,33.95434,0 -118.20861,33.95432,0 -118.20861,33.95433,0 -118.207508,33.954221,0 -118.20719,33.95419,0 -118.20691,33.95417,0 -118.20636,33.95409,0 -118.20623,33.95408,0 -118.20624,33.95406,0 -118.20601,33.95406,0 -118.206,33.9541,0 -118.20565,33.95406,0 -118.20547,33.95402,0 -118.20525,33.95401,0 -118.20438,33.95393,0 -118.20430313002521,33.953922195941644,0</coordinates></LineString>
      </Placemark>
      <Placemark>
        <name>Segment 022 - Mile 021 to Mile 022</name>
        <description>Editable runner-route segment. Delete or redraw this line independently without changing the other mile segments. Colors alternate green and blue to make adjacent segments easier to distinguish.</description>
        <styleUrl>#segmentBlue</styleUrl>
        <LineString><tessellate>1</tessellate><coordinates>-118.20430313002521,33.953922195941644,0 -118.20241,33.95373,0 -118.20227,33.95369,0 -118.20209,33.95367,0 -118.20192,33.95369,0 -118.20152,33.95365,0 -118.20152,33.95362,0 -118.20138,33.9536,0 -118.20137,33.95363,0 -118.2013,33.95363,0 -118.20118,33.95359,0 -118.20078,33.95355,0 -118.20063,33.95361,0 -118.19923,33.95347,0 -118.19924,33.95339,0 -118.19907,33.95337,0 -118.19906,33.95345,0 -118.19666,33.95321,0 -118.19663,33.95311,0 -118.19642,33.95309,0 -118.1964,33.95318,0 -118.19346,33.9529,0 -118.19343,33.95283,0 -118.19299,33.95277,0 -118.19299,33.95278,0 -118.19111,33.95259,0 -118.19109,33.95257,0 -118.19094,33.95255,0 -118.190742,33.952532,0 -118.18909,33.95238,0 -118.18892,33.95236,0 -118.18849358867227,33.95232954204802,0</coordinates></LineString>
      </Placemark>
      <Placemark>
        <name>Segment 023 - Mile 022 to Mile 023</name>
        <description>Editable runner-route segment. Delete or redraw this line independently without changing the other mile segments. Colors alternate green and blue to make adjacent segments easier to distinguish.</description>
        <styleUrl>#segmentGreen</styleUrl>
        <LineString><tessellate>1</tessellate><coordinates>-118.18849358867227,33.95232954204802,0 -118.18808,33.9523,0 -118.18784,33.95226,0 -118.18693,33.95216,0 -118.18693,33.95217,0 -118.18348,33.95183,0 -118.18326,33.9518,0 -118.18325,33.95178,0 -118.18314,33.95175,0 -118.18315,33.9518,0 -118.18314,33.95175,0 -118.18325,33.95178,0 -118.18289,33.95077,0 -118.18207,33.94859,0 -118.18125,33.94636,0 -118.1813,33.94636,0 -118.18115,33.94607,0 -118.18099,33.94551,0 -118.18093,33.94528,0 -118.18091,33.94511,0 -118.18093,33.94505,0 -118.18093,33.94465,0 -118.180995,33.944162,0 -118.18101,33.94405,0 -118.18111,33.94363,0 -118.18126226584965,33.9431790588299,0</coordinates></LineString>
      </Placemark>
      <Placemark>
        <name>Segment 024 - Mile 023 to Mile 024</name>
        <description>Editable runner-route segment. Delete or redraw this line independently without changing the other mile segments. Colors alternate green and blue to make adjacent segments easier to distinguish.</description>
        <styleUrl>#segmentBlue</styleUrl>
        <LineString><tessellate>1</tessellate><coordinates>-118.18126226584965,33.9431790588299,0 -118.18137,33.94286,0 -118.18158,33.94196,0 -118.1816,33.9418,0 -118.18163,33.94169,0 -118.18165,33.94169,0 -118.18174,33.94149,0 -118.18171,33.94148,0 -118.18185,33.94053,0 -118.18196,33.93924,0 -118.18199,33.939,0 -118.182,33.939,0 -118.18202,33.93889,0 -118.182,33.93889,0 -118.18228,33.93656,0 -118.18228,33.93639,0 -118.18232,33.93607,0 -118.18236,33.93586,0 -118.1825,33.9346,0 -118.18255,33.93429,0 -118.18256,33.93409,0 -118.18259,33.9341,0 -118.18261,33.93386,0 -118.18259,33.93386,0 -118.18265,33.93343,0 -118.18276,33.93306,0 -118.183,33.93244,0 -118.18309,33.93225,0 -118.18308,33.93225,0 -118.18346,33.9313,0 -118.18357,33.93118,0 -118.1837,33.93086,0 -118.18379,33.93059,0 -118.18376,33.93059,0 -118.183962,33.930074,0 -118.18401447434458,33.9299397274124,0</coordinates></LineString>
      </Placemark>
      <Placemark>
        <name>Segment 025 - Mile 024 to Mile 025</name>
        <description>Editable runner-route segment. Delete or redraw this line independently without changing the other mile segments. Colors alternate green and blue to make adjacent segments easier to distinguish.</description>
        <styleUrl>#segmentGreen</styleUrl>
        <LineString><tessellate>1</tessellate><coordinates>-118.18401447434458,33.9299397274124,0 -118.18403,33.9299,0 -118.18419,33.92956,0 -118.1849,33.9278,0 -118.18497,33.92767,0 -118.18495,33.92767,0 -118.18578,33.92566,0 -118.18579,33.92565,0 -118.18586,33.92549,0 -118.18585,33.92549,0 -118.1861,33.92487,0 -118.18616,33.92468,0 -118.18623,33.92457,0 -118.18673,33.92334,0 -118.18757,33.92132,0 -118.18759,33.92133,0 -118.18769,33.92111,0 -118.18766,33.9211,0 -118.18864,33.91874,0 -118.18867,33.91876,0 -118.18873,33.91863,0 -118.18869,33.91861,0 -118.18912,33.91756,0 -118.18928944204939,33.91715757513273,0</coordinates></LineString>
      </Placemark>
      <Placemark>
        <name>Segment 026 - Mile 025 to Mile 026</name>
        <description>Editable runner-route segment. Delete or redraw this line independently without changing the other mile segments. Colors alternate green and blue to make adjacent segments easier to distinguish.</description>
        <styleUrl>#segmentBlue</styleUrl>
        <LineString><tessellate>1</tessellate><coordinates>-118.18928944204939,33.91715757513273,0 -118.18944,33.9168,0 -118.18946,33.91674,0 -118.18956,33.9165,0 -118.189572,33.91647,0 -118.19015,33.91508,0 -118.19023,33.91493,0 -118.19042,33.91447,0 -118.19047,33.9143,0 -118.19054,33.91414,0 -118.19056,33.91415,0 -118.19066,33.9139,0 -118.19064,33.91389,0 -118.19102,33.91301,0 -118.19104,33.91289,0 -118.19115,33.91272,0 -118.19151,33.91185,0 -118.19189,33.91092,0 -118.19215,33.9103,0 -118.19265,33.90906,0 -118.19306,33.90811,0 -118.19312,33.908,0 -118.19314,33.90791,0 -118.1932,33.90777,0 -118.19326,33.90757,0 -118.19384,33.90618,0 -118.19394,33.90614,0 -118.1939,33.90601,0 -118.19416,33.90536,0 -118.1942,33.90508,0 -118.19417,33.90448,0 -118.19414,33.90428,0 -118.19414,33.90426164274638,0</coordinates></LineString>
      </Placemark>
      <Placemark>
        <name>Segment 027 - Mile 026 to Mile 027</name>
        <description>Editable runner-route segment. Delete or redraw this line independently without changing the other mile segments. Colors alternate green and blue to make adjacent segments easier to distinguish.</description>
        <styleUrl>#segmentGreen</styleUrl>
        <LineString><tessellate>1</tessellate><coordinates>-118.19414,33.90426164274638,0 -118.19414,33.9041,0 -118.19411,33.904,0 -118.19413,33.90395,0 -118.19412,33.90372,0 -118.19384,33.90372,0 -118.19382,33.90346,0 -118.19337,33.90347,0 -118.193154,33.903466,0 -118.18131,33.90356,0 -118.1816111,33.9035112,0 -118.18320855138076,33.90202530045003,0</coordinates></LineString>
      </Placemark>
      <Placemark>
        <name>Segment 028 - Mile 027 to Mile 028</name>
        <description>Editable runner-route segment. Delete or redraw this line independently without changing the other mile segments. Colors alternate green and blue to make adjacent segments easier to distinguish.</description>
        <styleUrl>#segmentBlue</styleUrl>
        <LineString><tessellate>1</tessellate><coordinates>-118.18320855138076,33.90202530045003,0 -118.183583,33.901677,0 -118.18367,33.90159,0 -118.18406,33.90116,0 -118.1845,33.90054,0 -118.1847,33.90022,0 -118.18503,33.89951,0 -118.18512,33.89924,0 -118.18531,33.8985,0 -118.18547,33.89744,0 -118.18553,33.89705,0 -118.1857,33.89637,0 -118.18578,33.89596,0 -118.18581,33.89546,0 -118.18583,33.89524,0 -118.1859,33.89483,0 -118.18646,33.89125,0 -118.1865,33.89096,0 -118.18654,33.89054,0 -118.18665,33.89,0 -118.18685,33.88921,0 -118.1869,33.88895,0 -118.18690107461302,33.888923851083014,0</coordinates></LineString>
      </Placemark>
      <Placemark>
        <name>Segment 029 - Mile 028 to Mile 029</name>
        <description>Editable runner-route segment. Delete or redraw this line independently without changing the other mile segments. Colors alternate green and blue to make adjacent segments easier to distinguish.</description>
        <styleUrl>#segmentGreen</styleUrl>
        <LineString><tessellate>1</tessellate><coordinates>-118.18690107461302,33.888923851083014,0 -118.18693,33.88822,0 -118.187,33.887592,0 -118.18701,33.8875,0 -118.1871,33.88713,0 -118.18755,33.88419,0 -118.18754,33.88389,0 -118.18763,33.88278,0 -118.18783,33.88207,0 -118.18793,33.88175,0 -118.18798,33.88165,0 -118.18821,33.88028,0 -118.18854,33.87886,0 -118.18867,33.87744,0 -118.18896,33.87624,0 -118.18926978044345,33.8754365069748,0</coordinates></LineString>
      </Placemark>
      <Placemark>
        <name>Segment 030 - Mile 029 to Mile 030</name>
        <description>Editable runner-route segment. Delete or redraw this line independently without changing the other mile segments. Colors alternate green and blue to make adjacent segments easier to distinguish.</description>
        <styleUrl>#segmentBlue</styleUrl>
        <LineString><tessellate>1</tessellate><coordinates>-118.18926978044345,33.8754365069748,0 -118.18928,33.87541,0 -118.18934,33.87526,0 -118.18934,33.87509,0 -118.18944,33.87439,0 -118.18949,33.87422,0 -118.1896,33.87394,0 -118.18979,33.87335,0 -118.189818,33.873294,0 -118.18987,33.87319,0 -118.19013,33.87241,0 -118.19054,33.87156,0 -118.19082,33.87107,0 -118.19231,33.86867,0 -118.19249,33.86835,0 -118.19501,33.86433,0 -118.19582944129542,33.862989478085964,0</coordinates></LineString>
      </Placemark>
      <Placemark>
        <name>Segment 031 - Mile 030 to Mile 031</name>
        <description>Editable runner-route segment. Delete or redraw this line independently without changing the other mile segments. Colors alternate green and blue to make adjacent segments easier to distinguish.</description>
        <styleUrl>#segmentGreen</styleUrl>
        <LineString><tessellate>1</tessellate><coordinates>-118.19582944129542,33.862989478085964,0 -118.19696,33.86114,0 -118.19718,33.8608,0 -118.19745,33.86042,0 -118.19753,33.860266,0 -118.19758,33.86017,0 -118.19765,33.85998,0 -118.19792,33.85951,0 -118.19808,33.85918,0 -118.19815,33.85908,0 -118.19895,33.858,0 -118.19907,33.85787,0 -118.20037,33.85579,0 -118.20052,33.85559,0 -118.20079,33.85517,0 -118.20124,33.8543,0 -118.2013,33.85414,0 -118.20146,33.85381,0 -118.20154,33.8536,0 -118.20195,33.85218,0 -118.20215,33.85115,0 -118.20221828813698,33.85052781919652,0</coordinates></LineString>
      </Placemark>
      <Placemark>
        <name>Segment 032 - Mile 031 to Mile 032</name>
        <description>Editable runner-route segment. Delete or redraw this line independently without changing the other mile segments. Colors alternate green and blue to make adjacent segments easier to distinguish.</description>
        <styleUrl>#segmentBlue</styleUrl>
        <LineString><tessellate>1</tessellate><coordinates>-118.20221828813698,33.85052781919652,0 -118.20224,33.85033,0 -118.2024,33.84827,0 -118.20238,33.84817,0 -118.20263,33.84668,0 -118.202636,33.846612,0 -118.20265,33.84647,0 -118.20259,33.84537,0 -118.20255,33.84528,0 -118.20264,33.84399,0 -118.20271,33.84373,0 -118.20282,33.84222,0 -118.20288,33.84175,0 -118.20291,33.84132,0 -118.20304,33.83951,0 -118.20311,33.83917,0 -118.20314,33.83851,0 -118.20319,33.83772,0 -118.20328934678284,33.83691487711412,0</coordinates></LineString>
      </Placemark>
      <Placemark>
        <name>Segment 033 - Mile 032 to Mile 033</name>
        <description>Editable runner-route segment. Delete or redraw this line independently without changing the other mile segments. Colors alternate green and blue to make adjacent segments easier to distinguish.</description>
        <styleUrl>#segmentGreen</styleUrl>
        <LineString><tessellate>1</tessellate><coordinates>-118.20328934678284,33.83691487711412,0 -118.20367,33.83383,0 -118.20369,33.83352,0 -118.20398,33.83231,0 -118.203999,33.832152,0 -118.20405,33.83174,0 -118.20403,33.83075,0 -118.20409,33.83045,0 -118.20444,33.82772,0 -118.20446,33.82718,0 -118.20448,33.82656,0 -118.20458,33.8257,0 -118.20463,33.82539,0 -118.20483,33.82462,0 -118.20482,33.82415,0 -118.20475,33.82376,0 -118.20474,33.82362,0 -118.20478267753315,33.82333954763935,0</coordinates></LineString>
      </Placemark>
      <Placemark>
        <name>Segment 034 - Mile 033 to Mile 034</name>
        <description>Editable runner-route segment. Delete or redraw this line independently without changing the other mile segments. Colors alternate green and blue to make adjacent segments easier to distinguish.</description>
        <styleUrl>#segmentBlue</styleUrl>
        <LineString><tessellate>1</tessellate><coordinates>-118.20478267753315,33.82333954763935,0 -118.20481,33.82316,0 -118.2048,33.8211,0 -118.20478,33.82027,0 -118.20483,33.81968,0 -118.2048,33.81826,0 -118.20475,33.81786,0 -118.204744,33.817673,0 -118.20472,33.81693,0 -118.20476,33.81643,0 -118.20478,33.81562,0 -118.20475,33.81275,0 -118.20473,33.81113,0 -118.20473781377048,33.8096766386914,0</coordinates></LineString>
      </Placemark>
      <Placemark>
        <name>Segment 035 - Mile 034 to Mile 035</name>
        <description>Editable runner-route segment. Delete or redraw this line independently without changing the other mile segments. Colors alternate green and blue to make adjacent segments easier to distinguish.</description>
        <styleUrl>#segmentGreen</styleUrl>
        <LineString><tessellate>1</tessellate><coordinates>-118.20473781377048,33.8096766386914,0 -118.20474,33.80927,0 -118.20476,33.80882,0 -118.20472,33.80843,0 -118.20478,33.80754,0 -118.20476,33.80712,0 -118.2047,33.80675,0 -118.20462,33.8061,0 -118.20456,33.80405,0 -118.20448,33.80336,0 -118.204479,33.803151,0 -118.20437004367305,33.79602103137985,0</coordinates></LineString>
      </Placemark>
      <Placemark>
        <name>Segment 036 - Mile 035 to Mile 036</name>
        <description>Editable runner-route segment. Delete or redraw this line independently without changing the other mile segments. Colors alternate green and blue to make adjacent segments easier to distinguish.</description>
        <styleUrl>#segmentBlue</styleUrl>
        <LineString><tessellate>1</tessellate><coordinates>-118.20437004367305,33.79602103137985,0 -118.204283,33.790325,0 -118.2043733,33.7899008,0 -118.203588,33.7898612,0 -118.2032099,33.7897538,0 -118.2030277,33.7896088,0 -118.2022838,33.7897306,0 -118.2019442,33.789746,0 -118.19540512328629,33.78975099541669,0</coordinates></LineString>
      </Placemark>
      <Placemark>
        <name>Segment 037 - Mile 036 to Mile 037</name>
        <description>Editable runner-route segment. Delete or redraw this line independently without changing the other mile segments. Colors alternate green and blue to make adjacent segments easier to distinguish.</description>
        <styleUrl>#segmentGreen</styleUrl>
        <LineString><tessellate>1</tessellate><coordinates>-118.19540512328629,33.78975099541669,0 -118.1847961,33.7897591,0 -118.17895653489725,33.789767094800034,0</coordinates></LineString>
      </Placemark>
      <Placemark>
        <name>Segment 038 - Mile 037 to Mile 038</name>
        <description>Editable runner-route segment. Delete or redraw this line independently without changing the other mile segments. Colors alternate green and blue to make adjacent segments easier to distinguish.</description>
        <styleUrl>#segmentBlue</styleUrl>
        <LineString><tessellate>1</tessellate><coordinates>-118.17895653489725,33.789767094800034,0 -118.1669008,33.7897836,0 -118.16250794779067,33.7897852768588,0</coordinates></LineString>
      </Placemark>
      <Placemark>
        <name>Segment 039 - Mile 038 to Mile 039</name>
        <description>Editable runner-route segment. Delete or redraw this line independently without changing the other mile segments. Colors alternate green and blue to make adjacent segments easier to distinguish.</description>
        <styleUrl>#segmentGreen</styleUrl>
        <LineString><tessellate>1</tessellate><coordinates>-118.16250794779067,33.7897852768588,0 -118.1490869,33.7897904,0 -118.14605979252228,33.78974710495086,0</coordinates></LineString>
      </Placemark>
      <Placemark>
        <name>Segment 040 - Mile 039 to Mile 040</name>
        <description>Editable runner-route segment. Delete or redraw this line independently without changing the other mile segments. Colors alternate green and blue to make adjacent segments easier to distinguish.</description>
        <styleUrl>#segmentBlue</styleUrl>
        <LineString><tessellate>1</tessellate><coordinates>-118.14605979252228,33.78974710495086,0 -118.1437941,33.7897147,0 -118.1433035,33.7895536,0 -118.1429106,33.789277,0 -118.1423303,33.7891782,0 -118.1419544,33.7892909,0 -118.1413033,33.7889132,0 -118.1341071,33.7836035,0 -118.13281897049362,33.78264280421454,0</coordinates></LineString>
      </Placemark>
      <Placemark>
        <name>Segment 041 - Mile 040 to Mile 041</name>
        <description>Editable runner-route segment. Delete or redraw this line independently without changing the other mile segments. Colors alternate green and blue to make adjacent segments easier to distinguish.</description>
        <styleUrl>#segmentGreen</styleUrl>
        <LineString><tessellate>1</tessellate><coordinates>-118.13281897049362,33.78264280421454,0 -118.1208534,33.7737188,0 -118.1205734320831,33.77351744192432,0</coordinates></LineString>
      </Placemark>
      <Placemark>
        <name>Segment 042 - Mile 041 to Mile 042</name>
        <description>Editable runner-route segment. Delete or redraw this line independently without changing the other mile segments. Colors alternate green and blue to make adjacent segments easier to distinguish.</description>
        <styleUrl>#segmentBlue</styleUrl>
        <LineString><tessellate>1</tessellate><coordinates>-118.1205734320831,33.77351744192432,0 -118.1195791,33.7728023,0 -118.1190291,33.7722248,0 -118.1185922,33.7716053,0 -118.1173749,33.7681088,0 -118.1164455,33.7656947,0 -118.1154802,33.7634321,0 -118.1142672,33.7610931,0</coordinates></LineString>
      </Placemark>
      <Placemark>
        <name>Segment 043 - Mile 042 to Mile 043</name>
        <description>Editable runner-route segment. Delete or redraw this line independently without changing the other mile segments. Colors alternate green and blue to make adjacent segments easier to distinguish.</description>
        <styleUrl>#segmentGreen</styleUrl>
        <LineString><tessellate>1</tessellate><coordinates>-118.1142672,33.7610931,0 -118.11436,33.76106,0 -118.11438,33.7611,0 -118.11468,33.76146,0 -118.11482,33.76165,0 -118.11459,33.76177,0 -118.11427,33.76129,0 -118.11377,33.76069,0 -118.11168,33.75846,0 -118.10988,33.75656,0 -118.10721,33.75366,0 -118.10689,33.75326,0 -118.10658,33.75277,0 -118.10633,33.75223,0 -118.10617,33.75174,0 -118.10606,33.75119,0 -118.10603685021441,33.75054875093925,0</coordinates></LineString>
      </Placemark>
      <Placemark>
        <name>Segment 044 - Mile 043 to Mile 044</name>
        <description>Editable runner-route segment. Delete or redraw this line independently without changing the other mile segments. Colors alternate green and blue to make adjacent segments easier to distinguish.</description>
        <styleUrl>#segmentBlue</styleUrl>
        <LineString><tessellate>1</tessellate><coordinates>-118.10603685021441,33.75054875093925,0 -118.10596,33.74842,0 -118.10591,33.74785,0 -118.10584,33.74749,0 -118.10567,33.74703,0 -118.10535,33.74641,0 -118.10494,33.7459,0 -118.10453,33.74551,0 -118.10409,33.74517,0 -118.10353,33.74484,0 -118.10446,33.74358,0 -118.10563,33.74465,0 -118.10584,33.74475,0 -118.10606,33.74479,0 -118.10602,33.74508,0 -118.10419,33.74508,0 -118.10393,33.74508,0 -118.10353,33.74484,0 -118.10309,33.74463,0 -118.10113072557597,33.74363031564177,0</coordinates></LineString>
      </Placemark>
      <Placemark>
        <name>Segment 045 - Mile 044 to Mile 045</name>
        <description>Editable runner-route segment. Delete or redraw this line independently without changing the other mile segments. Colors alternate green and blue to make adjacent segments easier to distinguish.</description>
        <styleUrl>#segmentGreen</styleUrl>
        <LineString><tessellate>1</tessellate><coordinates>-118.10113072557597,33.74363031564177,0 -118.09576,33.74089,0 -118.09427,33.74028,0 -118.08912,33.73815,0 -118.08875,33.73796,0 -118.08828,33.73768,0 -118.0877,33.73726,0 -118.08738,33.73697,0 -118.08696,33.73653,0 -118.0865483805957,33.73595564734285,0</coordinates></LineString>
      </Placemark>
      <Placemark>
        <name>Segment 046 - Mile 045 to Mile 046</name>
        <description>Editable runner-route segment. Delete or redraw this line independently without changing the other mile segments. Colors alternate green and blue to make adjacent segments easier to distinguish.</description>
        <styleUrl>#segmentBlue</styleUrl>
        <LineString><tessellate>1</tessellate><coordinates>-118.0865483805957,33.73595564734285,0 -118.08653,33.73593,0 -118.08628,33.73552,0 -118.08608,33.73508,0 -118.0842,33.72991,0 -118.0839,33.72936,0 -118.08369,33.72905,0 -118.08319,33.72847,0 -118.0824,33.72773,0 -118.08232,33.72766,0 -118.08209,33.72754,0 -118.07965,33.72538,0 -118.07932,33.72514,0 -118.07887,33.72492,0 -118.07792,33.72455,0 -118.07744,33.72433,0 -118.077369883072,33.72428715076622,0</coordinates></LineString>
      </Placemark>
      <Placemark>
        <name>Segment 047 - Mile 046 to Mile 047</name>
        <description>Editable runner-route segment. Delete or redraw this line independently without changing the other mile segments. Colors alternate green and blue to make adjacent segments easier to distinguish.</description>
        <styleUrl>#segmentGreen</styleUrl>
        <LineString><tessellate>1</tessellate><coordinates>-118.077369883072,33.72428715076622,0 -118.07708,33.72411,0 -118.07657,33.72368,0 -118.0758,33.72297,0 -118.07559,33.72271,0 -118.0753,33.72224,0 -118.07533,33.72214,0 -118.07521,33.72197,0 -118.07489,33.72161,0 -118.07331,33.7202,0 -118.07307,33.72003,0 -118.07291,33.72,0 -118.07195,33.71933,0 -118.07085,33.71838,0 -118.07084,33.71828,0 -118.0701,33.71762,0 -118.06998,33.71757,0 -118.06991,33.71756,0 -118.06821,33.71604,0 -118.06689,33.71499,0 -118.06556033930863,33.71382724232429,0</coordinates></LineString>
      </Placemark>
      <Placemark>
        <name>Segment 048 - Mile 047 to Mile 048</name>
        <description>Editable runner-route segment. Delete or redraw this line independently without changing the other mile segments. Colors alternate green and blue to make adjacent segments easier to distinguish.</description>
        <styleUrl>#segmentBlue</styleUrl>
        <LineString><tessellate>1</tessellate><coordinates>-118.06556033930863,33.71382724232429,0 -118.0645,33.7129,0 -118.06396,33.71244,0 -118.06396,33.71237,0 -118.06378,33.71219,0 -118.06308,33.71155,0 -118.06252,33.71096,0 -118.06065,33.70871,0 -118.06029,33.70834,0 -118.05781,33.70614,0 -118.05422,33.70297,0 -118.05415389067076,33.702907464148026,0</coordinates></LineString>
      </Placemark>
      <Placemark>
        <name>Segment 049 - Mile 048 to Mile 049</name>
        <description>Editable runner-route segment. Delete or redraw this line independently without changing the other mile segments. Colors alternate green and blue to make adjacent segments easier to distinguish.</description>
        <styleUrl>#segmentGreen</styleUrl>
        <LineString><tessellate>1</tessellate><coordinates>-118.05415389067076,33.702907464148026,0 -118.05348,33.70227,0 -118.04681,33.69516,0 -118.04685,33.69498,0 -118.047,33.69492,0 -118.0471,33.69494,0 -118.04717,33.695,0 -118.04759,33.69571,0 -118.04767,33.69582,0 -118.04783,33.69592,0 -118.04825,33.69608,0 -118.04818,33.6963,0 -118.0482,33.69643,0 -118.04832,33.69658,0 -118.04990476346138,33.69826732644114,0</coordinates></LineString>
      </Placemark>
      <Placemark>
        <name>Segment 050 - Mile 049 to Mile 050</name>
        <description>Editable runner-route segment. Delete or redraw this line independently without changing the other mile segments. Colors alternate green and blue to make adjacent segments easier to distinguish.</description>
        <styleUrl>#segmentBlue</styleUrl>
        <LineString><tessellate>1</tessellate><coordinates>-118.04990476346138,33.69826732644114,0 -118.05311,33.70168,0 -118.05329,33.70157,0 -118.05337,33.70156,0 -118.05346,33.70163,0 -118.05432,33.70249,0 -118.05476,33.70291,0 -118.05476,33.70299,0 -118.05459,33.70312,0 -118.05375,33.70235,0 -118.05229,33.70081,0 -118.04869177339843,33.69696361983969,0</coordinates></LineString>
      </Placemark>
      <Placemark>
        <name>Segment 051 - Mile 050 to Mile 051</name>
        <description>Editable runner-route segment. Delete or redraw this line independently without changing the other mile segments. Colors alternate green and blue to make adjacent segments easier to distinguish.</description>
        <styleUrl>#segmentGreen</styleUrl>
        <LineString><tessellate>1</tessellate><coordinates>-118.04869177339843,33.69696361983969,0 -118.04823,33.69647,0 -118.04818,33.69635,0 -118.04822,33.69616,0 -118.04829,33.69591,0 -118.04827,33.69578,0 -118.04801,33.69549,0 -118.04782,33.69557,0 -118.04774,33.69557,0 -118.04766,33.6955,0 -118.0473,33.69491,0 -118.04721,33.69485,0 -118.04709,33.69481,0 -118.04695,33.6948,0 -118.04666,33.69482,0 -118.04645,33.69477,0 -118.03826814897867,33.68604269224393,0</coordinates></LineString>
      </Placemark>
      <Placemark>
        <name>Segment 052 - Mile 051 to Mile 052</name>
        <description>Editable runner-route segment. Delete or redraw this line independently without changing the other mile segments. Colors alternate green and blue to make adjacent segments easier to distinguish.</description>
        <styleUrl>#segmentBlue</styleUrl>
        <LineString><tessellate>1</tessellate><coordinates>-118.03826814897867,33.68604269224393,0 -118.0349,33.68245,0 -118.03401,33.68155,0 -118.03107,33.679,0 -118.02664983260254,33.675248633721836,0</coordinates></LineString>
      </Placemark>
      <Placemark>
        <name>Segment 053 - Mile 052 to Mile 053</name>
        <description>Editable runner-route segment. Delete or redraw this line independently without changing the other mile segments. Colors alternate green and blue to make adjacent segments easier to distinguish.</description>
        <styleUrl>#segmentGreen</styleUrl>
        <LineString><tessellate>1</tessellate><coordinates>-118.02664983260254,33.675248633721836,0 -118.0238,33.67283,0 -118.0231,33.67228,0 -118.01751,33.66829,0 -118.01370023641975,33.665547535678776,0</coordinates></LineString>
      </Placemark>
      <Placemark>
        <name>Segment 054 - Mile 053 to Mile 054</name>
        <description>Editable runner-route segment. Delete or redraw this line independently without changing the other mile segments. Colors alternate green and blue to make adjacent segments easier to distinguish.</description>
        <styleUrl>#segmentBlue</styleUrl>
        <LineString><tessellate>1</tessellate><coordinates>-118.01370023641975,33.665547535678776,0 -118.00673,33.66053,0 -118.00596,33.65992,0 -118.00055226308886,33.656021398971035,0</coordinates></LineString>
      </Placemark>
      <Placemark>
        <name>Segment 055 - Mile 054 to Mile 055</name>
        <description>Editable runner-route segment. Delete or redraw this line independently without changing the other mile segments. Colors alternate green and blue to make adjacent segments easier to distinguish.</description>
        <styleUrl>#segmentGreen</styleUrl>
        <LineString><tessellate>1</tessellate><coordinates>-118.00055226308886,33.656021398971035,0 -118.00037,33.65589,0 -117.99971,33.65543,0 -117.99964,33.65533,0 -117.99865,33.65472,0 -117.99749,33.65406,0 -117.99634,33.65345,0 -117.99493,33.65273,0 -117.99322,33.65167,0 -117.9931,33.6516,0 -117.9883,33.64853,0 -117.98798,33.64828,0 -117.98657266633452,33.647393901025445,0</coordinates></LineString>
      </Placemark>
      <Placemark>
        <name>Segment 056 - Mile 055 to Mile 056</name>
        <description>Editable runner-route segment. Delete or redraw this line independently without changing the other mile segments. Colors alternate green and blue to make adjacent segments easier to distinguish.</description>
        <styleUrl>#segmentBlue</styleUrl>
        <LineString><tessellate>1</tessellate><coordinates>-117.98657266633452,33.647393901025445,0 -117.98447,33.64607,0 -117.98372,33.64562,0 -117.98229,33.64483,0 -117.97963,33.64328,0 -117.97793,33.64228,0 -117.97449,33.6403,0 -117.97365,33.63981,0 -117.97356,33.63978,0 -117.97228759256106,33.63908954635096,0</coordinates></LineString>
      </Placemark>
      <Placemark>
        <name>Segment 057 - Mile 056 to Mile 057</name>
        <description>Editable runner-route segment. Delete or redraw this line independently without changing the other mile segments. Colors alternate green and blue to make adjacent segments easier to distinguish.</description>
        <styleUrl>#segmentGreen</styleUrl>
        <LineString><tessellate>1</tessellate><coordinates>-117.97228759256106,33.63908954635096,0 -117.97227,33.63908,0 -117.97041,33.6383,0 -117.96791,33.63726,0 -117.96706,33.63687,0 -117.9667,33.63669,0 -117.96545,33.63598,0 -117.96446,33.63538,0 -117.96348,33.63479,0 -117.96004,33.6327,0 -117.95895,33.63198,0 -117.9577077171704,33.631219797074415,0</coordinates></LineString>
      </Placemark>
      <Placemark>
        <name>Segment 058 - Mile 057 to Mile 058</name>
        <description>Editable runner-route segment. Delete or redraw this line independently without changing the other mile segments. Colors alternate green and blue to make adjacent segments easier to distinguish.</description>
        <styleUrl>#segmentBlue</styleUrl>
        <LineString><tessellate>1</tessellate><coordinates>-117.9577077171704,33.631219797074415,0 -117.95694,33.63075,0 -117.95586,33.63013,0 -117.95479,33.62956,0 -117.9521,33.62795,0 -117.94789,33.62554,0 -117.94749,33.62537,0 -117.94703,33.62525,0 -117.9464,33.62518,0 -117.94414,33.62497,0 -117.94363,33.62486,0 -117.94262417763588,33.624485834080545,0</coordinates></LineString>
      </Placemark>
      <Placemark>
        <name>Segment 059 - Mile 058 to Mile 059</name>
        <description>Editable runner-route segment. Delete or redraw this line independently without changing the other mile segments. Colors alternate green and blue to make adjacent segments easier to distinguish.</description>
        <styleUrl>#segmentGreen</styleUrl>
        <LineString><tessellate>1</tessellate><coordinates>-117.94262417763588,33.624485834080545,0 -117.94113,33.62393,0 -117.9406,33.62363,0 -117.93947,33.62291,0 -117.939,33.62275,0 -117.9374,33.62226,0 -117.93659,33.62203,0 -117.93611,33.62193,0 -117.9334,33.62155,0 -117.93328,33.62156,0 -117.93183,33.62135,0 -117.93177,33.62133,0 -117.93112,33.62124,0 -117.93094,33.62114,0 -117.92958,33.62076,0 -117.9296,33.62063,0 -117.93004,33.61944,0 -117.93025,33.61854,0 -117.93027,33.61802,0 -117.93027912230353,33.617963897833256,0</coordinates></LineString>
      </Placemark>
      <Placemark>
        <name>Segment 060 - Mile 059 to Mile 060</name>
        <description>Editable runner-route segment. Delete or redraw this line independently without changing the other mile segments. Colors alternate green and blue to make adjacent segments easier to distinguish.</description>
        <styleUrl>#segmentBlue</styleUrl>
        <LineString><tessellate>1</tessellate><coordinates>-117.93027912230353,33.617963897833256,0 -117.93047,33.61679,0 -117.93053,33.61599,0 -117.93037,33.61602,0 -117.92993,33.61601,0 -117.92741,33.61609,0 -117.92701,33.61606,0 -117.92695,33.61613,0 -117.92695,33.61643,0 -117.92711,33.61649,0 -117.92719,33.61655,0 -117.92742,33.61685,0 -117.92792,33.61759,0 -117.92808,33.61776,0 -117.92832,33.61793,0 -117.92836,33.61803,0 -117.92977,33.61853,0 -117.92984,33.61861,0 -117.93002,33.61867,0 -117.92981,33.61956,0 -117.92965,33.62007,0 -117.9294,33.62034,0 -117.92924,33.62044,0 -117.9289,33.6206,0 -117.92873,33.62075,0 -117.92856,33.621,0 -117.92841,33.62111,0 -117.92825,33.62117,0 -117.92812,33.62119,0 -117.92802,33.62124,0 -117.92752,33.62124,0 -117.92742,33.62129,0 -117.92709,33.62127,0 -117.92655,33.62119,0 -117.92613,33.6211,0 -117.92572,33.62098,0 -117.92537,33.62086,0 -117.925315992078,33.62080059128581,0</coordinates></LineString>
      </Placemark>
      <Placemark>
        <name>Segment 061 - Mile 060 to Mile 061</name>
        <description>Editable runner-route segment. Delete or redraw this line independently without changing the other mile segments. Colors alternate green and blue to make adjacent segments easier to distinguish.</description>
        <styleUrl>#segmentGreen</styleUrl>
        <LineString><tessellate>1</tessellate><coordinates>-117.925315992078,33.62080059128581,0 -117.92527,33.62075,0 -117.92267,33.61953,0 -117.92259,33.61955,0 -117.92063,33.61864,0 -117.91994,33.61822,0 -117.91915,33.61768,0 -117.9185,33.61733,0 -117.91784,33.61705,0 -117.91744,33.61692,0 -117.91529,33.61641,0 -117.91408,33.61614,0 -117.91352,33.61605,0 -117.91266,33.61597,0 -117.91206,33.61597,0 -117.90937197862895,33.61607472810537,0</coordinates></LineString>
      </Placemark>
      <Placemark>
        <name>Segment 062 - Mile 061 to Mile 062</name>
        <description>Editable runner-route segment. Delete or redraw this line independently without changing the other mile segments. Colors alternate green and blue to make adjacent segments easier to distinguish.</description>
        <styleUrl>#segmentBlue</styleUrl>
        <LineString><tessellate>1</tessellate><coordinates>-117.90937197862895,33.61607472810537,0 -117.90898,33.61609,0 -117.90883,33.61601,0 -117.90752,33.61609,0 -117.90725,33.61612,0 -117.9068,33.61624,0 -117.90575,33.61657,0 -117.90528,33.61667,0 -117.90486,33.61671,0 -117.90427,33.61671,0 -117.90382,33.61665,0 -117.90342,33.61657,0 -117.90243,33.61629,0 -117.90196,33.61623,0 -117.90073,33.61619,0 -117.90028,33.61611,0 -117.89989,33.61602,0 -117.89935,33.61584,0 -117.89868,33.61555,0 -117.89806,33.61521,0 -117.89651,33.61416,0 -117.89619,33.61397,0 -117.89544,33.61363,0 -117.89477,33.6134,0 -117.89437,33.61329,0 -117.89317661136936,33.61307722528291,0</coordinates></LineString>
      </Placemark>
      <Placemark>
        <name>Segment 063 - Mile 062 to Mile 063</name>
        <description>Editable runner-route segment. Delete or redraw this line independently without changing the other mile segments. Colors alternate green and blue to make adjacent segments easier to distinguish.</description>
        <styleUrl>#segmentGreen</styleUrl>
        <LineString><tessellate>1</tessellate><coordinates>-117.89317661136936,33.61307722528291,0 -117.89308,33.61306,0 -117.88623,33.61191,0 -117.88562,33.61177,0 -117.88492,33.61154,0 -117.88432,33.61128,0 -117.88386,33.61104,0 -117.88333,33.6107,0 -117.87789999120598,33.606939051286105,0</coordinates></LineString>
      </Placemark>
      <Placemark>
        <name>Segment 064 - Mile 063 to Mile 064</name>
        <description>Editable runner-route segment. Delete or redraw this line independently without changing the other mile segments. Colors alternate green and blue to make adjacent segments easier to distinguish.</description>
        <styleUrl>#segmentBlue</styleUrl>
        <LineString><tessellate>1</tessellate><coordinates>-117.87789999120598,33.606939051286105,0 -117.87601,33.60563,0 -117.87496,33.60492,0 -117.87437,33.60445,0 -117.87408,33.60417,0 -117.87366,33.6036,0 -117.87344,33.60316,0 -117.87296,33.6017,0 -117.87278,33.60116,0 -117.87271,33.6009,0 -117.87145,33.59712,0 -117.87132,33.5968,0 -117.87092,33.59627,0 -117.87063,33.596,0 -117.8695,33.59508,0 -117.86927981451791,33.59493320967861,0</coordinates></LineString>
      </Placemark>
      <Placemark>
        <name>Segment 065 - Mile 064 to Mile 065</name>
        <description>Editable runner-route segment. Delete or redraw this line independently without changing the other mile segments. Colors alternate green and blue to make adjacent segments easier to distinguish.</description>
        <styleUrl>#segmentGreen</styleUrl>
        <LineString><tessellate>1</tessellate><coordinates>-117.86927981451791,33.59493320967861,0 -117.86926,33.59492,0 -117.86319,33.59175,0 -117.85732,33.58868,0 -117.85631,33.58803,0 -117.85475767673037,33.58695135414598,0</coordinates></LineString>
      </Placemark>
      <Placemark>
        <name>Segment 066 - Mile 065 to Mile 066</name>
        <description>Editable runner-route segment. Delete or redraw this line independently without changing the other mile segments. Colors alternate green and blue to make adjacent segments easier to distinguish.</description>
        <styleUrl>#segmentBlue</styleUrl>
        <LineString><tessellate>1</tessellate><coordinates>-117.85475767673037,33.58695135414598,0 -117.85028,33.58384,0 -117.84918,33.58309,0 -117.84907,33.58303,0 -117.84822,33.58242,0 -117.84339,33.57907,0 -117.84253,33.57848,0 -117.84169,33.57787,0 -117.84141511588267,33.577630207472104,0</coordinates></LineString>
      </Placemark>
      <Placemark>
        <name>Segment 067 - Mile 066 to Mile 067</name>
        <description>Editable runner-route segment. Delete or redraw this line independently without changing the other mile segments. Colors alternate green and blue to make adjacent segments easier to distinguish.</description>
        <styleUrl>#segmentGreen</styleUrl>
        <LineString><tessellate>1</tessellate><coordinates>-117.84141511588267,33.577630207472104,0 -117.84122,33.57746,0 -117.84088,33.5771,0 -117.84049,33.5766,0 -117.84022,33.57617,0 -117.83942,33.57457,0 -117.83899,33.57388,0 -117.83863,33.5734,0 -117.83827,33.57298,0 -117.83773,33.57245,0 -117.83612,33.57111,0 -117.83606,33.57108,0 -117.83595,33.57097,0 -117.83305,33.5686,0 -117.83236,33.56811,0 -117.83023601352326,33.566787961023955,0</coordinates></LineString>
      </Placemark>
      <Placemark>
        <name>Segment 068 - Mile 067 to Mile 068</name>
        <description>Editable runner-route segment. Delete or redraw this line independently without changing the other mile segments. Colors alternate green and blue to make adjacent segments easier to distinguish.</description>
        <styleUrl>#segmentBlue</styleUrl>
        <LineString><tessellate>1</tessellate><coordinates>-117.83023601352326,33.566787961023955,0 -117.82603,33.56417,0 -117.82593,33.56425,0 -117.82529,33.56474,0 -117.82483,33.56511,0 -117.82402,33.56568,0 -117.8236,33.56578,0 -117.82331,33.5656,0 -117.82311,33.56566,0 -117.82301,33.56572,0 -117.82291,33.56583,0 -117.82272,33.56616,0 -117.82256,33.56617,0 -117.82245,33.56622,0 -117.82233,33.56633,0 -117.82217,33.5664,0 -117.8221,33.56642,0 -117.82169,33.56645,0 -117.82137,33.56654,0 -117.8211,33.56669,0 -117.82102,33.56678,0 -117.82101,33.56681,0 -117.82083,33.56684,0 -117.82051,33.56682,0 -117.82045,33.56685,0 -117.8204,33.56697,0 -117.82043,33.56703,0 -117.82055,33.56709,0 -117.82094,33.5671,0 -117.82105,33.56715,0 -117.82069,33.56736,0 -117.82055,33.56739,0 -117.82022,33.56737,0 -117.82006,33.56741,0 -117.82002,33.56744,0 -117.81992,33.56761,0 -117.81991,33.56769,0 -117.81994,33.56777,0 -117.82006,33.56788,0 -117.82023,33.56799,0 -117.82032,33.56799,0 -117.82041,33.56805,0 -117.82038,33.56805,0 -117.82026,33.56827,0 -117.81999,33.56856,0 -117.82026,33.56827,0 -117.82038,33.56805,0 -117.82041,33.56805,0 -117.82032,33.56799,0 -117.82022,33.56798,0 -117.82001,33.56784,0 -117.81994396215616,33.56774919796472,0</coordinates></LineString>
      </Placemark>
      <Placemark>
        <name>Segment 069 - Mile 068 to Mile 069</name>
        <description>Editable runner-route segment. Delete or redraw this line independently without changing the other mile segments. Colors alternate green and blue to make adjacent segments easier to distinguish.</description>
        <styleUrl>#segmentGreen</styleUrl>
        <LineString><tessellate>1</tessellate><coordinates>-117.81994396215616,33.56774919796472,0 -117.81993,33.56773,0 -117.81991,33.56769,0 -117.81995,33.56755,0 -117.82002,33.56744,0 -117.82011,33.56739,0 -117.82029,33.56737,0 -117.82059,33.56738,0 -117.82074,33.56733,0 -117.82155,33.56685,0 -117.82178,33.56678,0 -117.82228,33.56672,0 -117.82245,33.56665,0 -117.82264,33.56654,0 -117.8232,33.56598,0 -117.82339,33.56587,0 -117.8236,33.56578,0 -117.82402,33.56568,0 -117.82506,33.56494,0 -117.82529,33.56474,0 -117.82593,33.56425,0 -117.82603,33.56417,0 -117.82517,33.56362,0 -117.82466,33.56321,0 -117.82437,33.56292,0 -117.82376,33.5622,0 -117.82345,33.5619,0 -117.82068,33.55988,0 -117.82015,33.55948,0 -117.81966,33.55903,0 -117.81921624382421,33.55857380206228,0</coordinates></LineString>
      </Placemark>
      <Placemark>
        <name>Segment 070 - Mile 069 to Mile 070</name>
        <description>Editable runner-route segment. Delete or redraw this line independently without changing the other mile segments. Colors alternate green and blue to make adjacent segments easier to distinguish.</description>
        <styleUrl>#segmentBlue</styleUrl>
        <LineString><tessellate>1</tessellate><coordinates>-117.81921624382421,33.55857380206228,0 -117.81859,33.55793,0 -117.81813,33.55753,0 -117.81764,33.55721,0 -117.81711,33.55694,0 -117.8142,33.55569,0 -117.81361,33.55537,0 -117.81299,33.55499,0 -117.81279,33.55495,0 -117.81084,33.55378,0 -117.81072,33.55368,0 -117.81067,33.5536,0 -117.81018,33.55335,0 -117.80973,33.55319,0 -117.80928,33.55309,0 -117.80829,33.553,0 -117.80766,33.55292,0 -117.80727,33.55279,0 -117.80692,33.55265,0 -117.80647,33.55237,0 -117.80611,33.55207,0 -117.80582,33.55174,0 -117.80544,33.55111,0 -117.80525,33.55081,0 -117.80518,33.55077,0 -117.80517770965604,33.55076748062165,0</coordinates></LineString>
      </Placemark>
      <Placemark>
        <name>Segment 071 - Mile 070 to Mile 071</name>
        <description>Editable runner-route segment. Delete or redraw this line independently without changing the other mile segments. Colors alternate green and blue to make adjacent segments easier to distinguish.</description>
        <styleUrl>#segmentGreen</styleUrl>
        <LineString><tessellate>1</tessellate><coordinates>-117.80517770965604,33.55076748062165,0 -117.80498,33.55055,0 -117.80455,33.55018,0 -117.80426,33.55,0 -117.80297,33.54942,0 -117.80236,33.54917,0 -117.80024,33.54841,0 -117.79769,33.54752,0 -117.79591,33.54692,0 -117.79542,33.54675,0 -117.79504,33.54658,0 -117.79412,33.54601,0 -117.79325,33.54564,0 -117.7903,33.54456,0 -117.78969527512261,33.54434491744051,0</coordinates></LineString>
      </Placemark>
      <Placemark>
        <name>Segment 072 - Mile 071 to Mile 072</name>
        <description>Editable runner-route segment. Delete or redraw this line independently without changing the other mile segments. Colors alternate green and blue to make adjacent segments easier to distinguish.</description>
        <styleUrl>#segmentBlue</styleUrl>
        <LineString><tessellate>1</tessellate><coordinates>-117.78969527512261,33.54434491744051,0 -117.78836,33.54387,0 -117.78804,33.54373,0 -117.78613,33.54304,0 -117.78579,33.54289,0 -117.78536,33.54273,0 -117.78474,33.54243,0 -117.78435,33.54222,0 -117.78411,33.54214,0 -117.7835,33.54209,0 -117.78336,33.54204,0 -117.78321,33.54189,0 -117.78028,33.53854,0 -117.77899,33.5368,0 -117.77918,33.53671,0 -117.7793,33.53662,0 -117.77961,33.53648,0 -117.7793,33.53662,0 -117.77916,33.53672,0 -117.77899,33.5368,0 -117.77829078591789,33.5358607916455,0</coordinates></LineString>
      </Placemark>
      <Placemark>
        <name>Segment 073 - Mile 072 to Mile 073</name>
        <description>Editable runner-route segment. Delete or redraw this line independently without changing the other mile segments. Colors alternate green and blue to make adjacent segments easier to distinguish.</description>
        <styleUrl>#segmentGreen</styleUrl>
        <LineString><tessellate>1</tessellate><coordinates>-117.77829078591789,33.5358607916455,0 -117.77596,33.53273,0 -117.77576,33.53247,0 -117.77317,33.53037,0 -117.77283,33.53007,0 -117.77227,33.52963,0 -117.77097,33.52853,0 -117.76712,33.52533,0 -117.76678758895312,33.52507899574011,0</coordinates></LineString>
      </Placemark>
      <Placemark>
        <name>Segment 074 - Mile 073 to Mile 074</name>
        <description>Editable runner-route segment. Delete or redraw this line independently without changing the other mile segments. Colors alternate green and blue to make adjacent segments easier to distinguish.</description>
        <styleUrl>#segmentBlue</styleUrl>
        <LineString><tessellate>1</tessellate><coordinates>-117.76678758895312,33.52507899574011,0 -117.76614,33.52459,0 -117.76489,33.52355,0 -117.76416,33.52288,0 -117.76274,33.5217,0 -117.76224,33.52141,0 -117.76195,33.52125,0 -117.76178,33.52114,0 -117.76143,33.52085,0 -117.76113,33.52048,0 -117.76059,33.51969,0 -117.76005,33.51899,0 -117.75967,33.51856,0 -117.75736,33.51626,0 -117.75725,33.51617,0 -117.75674,33.51563,0 -117.75553030620706,33.514131755394075,0</coordinates></LineString>
      </Placemark>
      <Placemark>
        <name>Segment 075 - Mile 074 to Mile 075</name>
        <description>Editable runner-route segment. Delete or redraw this line independently without changing the other mile segments. Colors alternate green and blue to make adjacent segments easier to distinguish.</description>
        <styleUrl>#segmentGreen</styleUrl>
        <LineString><tessellate>1</tessellate><coordinates>-117.75553030620706,33.514131755394075,0 -117.75456,33.51293,0 -117.75402,33.51235,0 -117.75341,33.51182,0 -117.75213,33.51084,0 -117.75157,33.51028,0 -117.75127,33.50992,0 -117.75111,33.50968,0 -117.7505,33.50871,0 -117.75037,33.50855,0 -117.74991,33.50811,0 -117.74912,33.50757,0 -117.74725,33.50573,0 -117.7458,33.50438,0 -117.7458,33.50431,0 -117.74553,33.50398,0 -117.74478,33.50291,0 -117.74476152064948,33.502868421461315,0</coordinates></LineString>
      </Placemark>
      <Placemark>
        <name>Segment 076 - Mile 075 to Mile 076</name>
        <description>Editable runner-route segment. Delete or redraw this line independently without changing the other mile segments. Colors alternate green and blue to make adjacent segments easier to distinguish.</description>
        <styleUrl>#segmentBlue</styleUrl>
        <LineString><tessellate>1</tessellate><coordinates>-117.74476152064948,33.502868421461315,0 -117.74474,33.50282,0 -117.74373,33.50141,0 -117.74361,33.50135,0 -117.74295,33.50041,0 -117.74258,33.49999,0 -117.74231,33.49974,0 -117.74191,33.49944,0 -117.74052,33.49862,0 -117.74011,33.49834,0 -117.73977,33.49803,0 -117.73906,33.49724,0 -117.73882,33.49694,0 -117.73737,33.49468,0 -117.73723,33.4945,0 -117.73674,33.494,0 -117.73647,33.49378,0 -117.73369696872572,33.4919717946922,0</coordinates></LineString>
      </Placemark>
      <Placemark>
        <name>Segment 077 - Mile 076 to Mile 077</name>
        <description>Editable runner-route segment. Delete or redraw this line independently without changing the other mile segments. Colors alternate green and blue to make adjacent segments easier to distinguish.</description>
        <styleUrl>#segmentGreen</styleUrl>
        <LineString><tessellate>1</tessellate><coordinates>-117.73369696872572,33.4919717946922,0 -117.73236,33.4911,0 -117.7323,33.49095,0 -117.73145,33.49036,0 -117.73043,33.48955,0 -117.72912,33.48844,0 -117.72729,33.48684,0 -117.72722,33.48679,0 -117.72711,33.48688,0 -117.72704,33.48691,0 -117.72673,33.48715,0 -117.72648,33.48727,0 -117.72622,33.48733,0 -117.72594,33.48735,0 -117.72549,33.48725,0 -117.72471,33.487,0 -117.72436,33.48694,0 -117.72396,33.48693,0 -117.72356,33.48698,0 -117.72329,33.48706,0 -117.72295,33.4872,0 -117.72266,33.48737,0 -117.72234,33.48766,0 -117.72209,33.488,0 -117.72125,33.48948,0 -117.72114,33.48964,0 -117.72101984667974,33.489843593126004,0</coordinates></LineString>
      </Placemark>
      <Placemark>
        <name>Segment 078 - Mile 077 to Mile 078</name>
        <description>Editable runner-route segment. Delete or redraw this line independently without changing the other mile segments. Colors alternate green and blue to make adjacent segments easier to distinguish.</description>
        <styleUrl>#segmentBlue</styleUrl>
        <LineString><tessellate>1</tessellate><coordinates>-117.72101984667974,33.489843593126004,0 -117.72042,33.49086,0 -117.72015,33.49143,0 -117.71998,33.49196,0 -117.71992,33.49223,0 -117.71984,33.49279,0 -117.71985,33.4934,0 -117.7199,33.49391,0 -117.72009,33.49459,0 -117.72017,33.49484,0 -117.7202,33.49493,0 -117.7208,33.4948,0 -117.72109,33.49479,0 -117.72145,33.49484,0 -117.72176,33.49496,0 -117.72185,33.49495,0 -117.72254,33.49545,0 -117.72293,33.49573,0 -117.72371,33.49616,0 -117.72449,33.49675,0 -117.72577,33.49774,0 -117.72605,33.49804,0 -117.72637,33.49852,0 -117.72679,33.49922,0 -117.72707,33.49955,0 -117.72747,33.49999,0 -117.72774,33.50039,0 -117.72788,33.50069,0 -117.72788924209897,33.50071482163724,0</coordinates></LineString>
      </Placemark>
      <Placemark>
        <name>Segment 079 - Mile 078 to Mile 079</name>
        <description>Editable runner-route segment. Delete or redraw this line independently without changing the other mile segments. Colors alternate green and blue to make adjacent segments easier to distinguish.</description>
        <styleUrl>#segmentGreen</styleUrl>
        <LineString><tessellate>1</tessellate><coordinates>-117.72788924209897,33.50071482163724,0 -117.72823,33.50163,0 -117.72845,33.502,0 -117.72864,33.50224,0 -117.72983,33.50345,0 -117.73003,33.5037,0 -117.73024,33.50409,0 -117.73032,33.50433,0 -117.73038,33.50469,0 -117.73036,33.50506,0 -117.73029,33.5054,0 -117.73021,33.50549,0 -117.72989,33.50654,0 -117.73,33.50658,0 -117.73029,33.5066,0 -117.73052,33.50658,0 -117.73063,33.50654,0 -117.73079,33.50646,0 -117.73092,33.50635,0 -117.73146,33.50577,0 -117.73163,33.50565,0 -117.73181,33.50559,0 -117.73215,33.50556,0 -117.7341,33.50555,0 -117.73433,33.50552,0 -117.7351,33.50551,0 -117.73529,33.50548,0 -117.73583,33.50552,0 -117.73643,33.50554,0 -117.73559,33.5055,0 -117.73529,33.50548,0 -117.73497,33.50552,0 -117.73426,33.50553,0 -117.73421,33.50554,0 -117.73399,33.50556,0 -117.73386481672837,33.50556,0</coordinates></LineString>
      </Placemark>
      <Placemark>
        <name>Segment 080 - Mile 079 to Mile 080</name>
        <description>Editable runner-route segment. Delete or redraw this line independently without changing the other mile segments. Colors alternate green and blue to make adjacent segments easier to distinguish.</description>
        <styleUrl>#segmentBlue</styleUrl>
        <LineString><tessellate>1</tessellate><coordinates>-117.73386481672837,33.50556,0 -117.732,33.50556,0 -117.73181,33.50559,0 -117.7316,33.50567,0 -117.73142,33.5058,0 -117.73088,33.50639,0 -117.73079,33.50646,0 -117.73063,33.50654,0 -117.73042,33.5066,0 -117.73017,33.5066,0 -117.73,33.50658,0 -117.73031,33.50553,0 -117.73032,33.50548,0 -117.73029,33.5054,0 -117.73037,33.50497,0 -117.73038,33.50469,0 -117.73031,33.50429,0 -117.73018,33.50396,0 -117.73003,33.5037,0 -117.72983,33.50345,0 -117.72864,33.50224,0 -117.72839,33.5019,0 -117.72819,33.50153,0 -117.72781,33.50051,0 -117.72758,33.50013,0 -117.72732,33.49982,0 -117.72692,33.49939,0 -117.72663,33.49895,0 -117.72611,33.49812,0 -117.72589,33.49786,0 -117.72557,33.49758,0 -117.72498358465613,33.497130294981694,0</coordinates></LineString>
      </Placemark>
      <Placemark>
        <name>Segment 081 - Mile 080 to Mile 081</name>
        <description>Editable runner-route segment. Delete or redraw this line independently without changing the other mile segments. Colors alternate green and blue to make adjacent segments easier to distinguish.</description>
        <styleUrl>#segmentGreen</styleUrl>
        <LineString><tessellate>1</tessellate><coordinates>-117.72498358465613,33.497130294981694,0 -117.72394,33.49633,0 -117.72354,33.49606,0 -117.72293,33.49573,0 -117.72248,33.4954,0 -117.72182,33.49493,0 -117.72171,33.49486,0 -117.72148,33.49476,0 -117.72124,33.49471,0 -117.72094,33.4947,0 -117.72063,33.49473,0 -117.72033,33.4948,0 -117.71923,33.49502,0 -117.71872,33.49505,0 -117.71817,33.495,0 -117.71763,33.49489,0 -117.71714,33.49472,0 -117.71646,33.49435,0 -117.71606,33.49405,0 -117.71578,33.49377,0 -117.7156,33.49356,0 -117.7153,33.49311,0 -117.71483,33.49226,0 -117.7145,33.49182,0 -117.71407,33.49136,0 -117.71374,33.49106,0 -117.71326,33.49072,0 -117.71294,33.49053,0 -117.7114229166037,33.489798875471664,0</coordinates></LineString>
      </Placemark>
      <Placemark>
        <name>Segment 082 - Mile 081 to Mile 082</name>
        <description>Editable runner-route segment. Delete or redraw this line independently without changing the other mile segments. Colors alternate green and blue to make adjacent segments easier to distinguish.</description>
        <styleUrl>#segmentBlue</styleUrl>
        <LineString><tessellate>1</tessellate><coordinates>-117.7114229166037,33.489798875471664,0 -117.71128,33.48973,0 -117.71154,33.4893,0 -117.71177,33.48877,0 -117.71209,33.48789,0 -117.71234,33.48733,0 -117.71258,33.48692,0 -117.71361,33.48555,0 -117.71394,33.48499,0 -117.71416,33.48448,0 -117.71427,33.48421,0 -117.71437,33.48381,0 -117.71442,33.48343,0 -117.71444,33.48304,0 -117.71442,33.48252,0 -117.71432,33.48198,0 -117.71395,33.48055,0 -117.71388,33.48011,0 -117.71389,33.47956,0 -117.71388,33.47941,0 -117.71393,33.47904,0 -117.71405,33.47858,0 -117.71427,33.47807,0 -117.71448,33.47771,0 -117.71476,33.47734,0 -117.71489,33.47718,0 -117.71517,33.4769,0 -117.71508,33.4768,0 -117.71459320607445,33.47646823598705,0</coordinates></LineString>
      </Placemark>
      <Placemark>
        <name>Segment 083 - Mile 082 to Mile 083</name>
        <description>Editable runner-route segment. Delete or redraw this line independently without changing the other mile segments. Colors alternate green and blue to make adjacent segments easier to distinguish.</description>
        <styleUrl>#segmentGreen</styleUrl>
        <LineString><tessellate>1</tessellate><coordinates>-117.71459320607445,33.47646823598705,0 -117.71351,33.47573,0 -117.71313,33.47598,0 -117.7128,33.47607,0 -117.71272,33.47608,0 -117.71247,33.47607,0 -117.71155,33.47593,0 -117.71112,33.47594,0 -117.7106,33.4761,0 -117.71021,33.47637,0 -117.70996,33.47603,0 -117.70981,33.47527,0 -117.70947,33.47452,0 -117.70882,33.47364,0 -117.70863,33.47335,0 -117.70835,33.47282,0 -117.70891,33.47256,0 -117.70967,33.47216,0 -117.7103,33.4719,0 -117.71067,33.47184,0 -117.71106,33.4719,0 -117.71127,33.47189,0 -117.71135,33.47186,0 -117.71114,33.47137,0 -117.71004,33.47171,0 -117.7094,33.47199,0 -117.70844,33.47249,0 -117.708,33.47265,0 -117.70773859403727,33.47270445957557,0</coordinates></LineString>
      </Placemark>
      <Placemark>
        <name>Segment 084 - Mile 083 to Mile 084</name>
        <description>Editable runner-route segment. Delete or redraw this line independently without changing the other mile segments. Colors alternate green and blue to make adjacent segments easier to distinguish.</description>
        <styleUrl>#segmentBlue</styleUrl>
        <LineString><tessellate>1</tessellate><coordinates>-117.70773859403727,33.47270445957557,0 -117.70752,33.47275,0 -117.70712,33.4728,0 -117.70687,33.47281,0 -117.70625,33.47279,0 -117.69797,33.47277,0 -117.698,33.46891,0 -117.69809,33.46838,0 -117.69814,33.46821,0 -117.69817,33.46792,0 -117.69815,33.46668,0 -117.69807664067442,33.46643791422559,0</coordinates></LineString>
      </Placemark>
      <Placemark>
        <name>Segment 085 - Mile 084 to Mile 085</name>
        <description>Editable runner-route segment. Delete or redraw this line independently without changing the other mile segments. Colors alternate green and blue to make adjacent segments easier to distinguish.</description>
        <styleUrl>#segmentGreen</styleUrl>
        <LineString><tessellate>1</tessellate><coordinates>-117.69807664067442,33.46643791422559,0 -117.69805,33.46635,0 -117.69786,33.46602,0 -117.69771,33.46584,0 -117.69751,33.46563,0 -117.69747,33.46561,0 -117.69766,33.46563,0 -117.69762,33.46564,0 -117.69785,33.46588,0 -117.69803,33.46616,0 -117.69814,33.46636,0 -117.69822,33.4667,0 -117.69823,33.46709,0 -117.69797,33.46714,0 -117.6979,33.46721,0 -117.69793,33.4672,0 -117.69789,33.46738,0 -117.69796,33.46737,0 -117.69794,33.46773,0 -117.69792,33.46779,0 -117.69788,33.46826,0 -117.69781,33.46854,0 -117.69773,33.46907,0 -117.69771,33.46907,0 -117.6977,33.46916,0 -117.69773,33.46916,0 -117.69772,33.47271,0 -117.69766,33.47271,0 -117.69766,33.47285,0 -117.69773,33.47285,0 -117.6977,33.47375,0 -117.69742,33.47498,0 -117.69742,33.47535,0 -117.69747,33.47585,0 -117.69749,33.47603,0 -117.69743,33.47564,0 -117.69742,33.47523,0 -117.69742,33.47498,0 -117.6976,33.47421,0 -117.6977,33.47375,0 -117.69770042342515,33.47373729724544,0</coordinates></LineString>
      </Placemark>
      <Placemark>
        <name>Segment 086 - Mile 085 to Mile 086</name>
        <description>Editable runner-route segment. Delete or redraw this line independently without changing the other mile segments. Colors alternate green and blue to make adjacent segments easier to distinguish.</description>
        <styleUrl>#segmentBlue</styleUrl>
        <LineString><tessellate>1</tessellate><coordinates>-117.69770042342515,33.47373729724544,0 -117.69773,33.47285,0 -117.69766,33.47285,0 -117.69766,33.47271,0 -117.69772,33.47271,0 -117.69773,33.46916,0 -117.6977,33.46916,0 -117.69771,33.46907,0 -117.69773,33.46907,0 -117.69782,33.46848,0 -117.69788,33.46826,0 -117.69792,33.46779,0 -117.69794,33.46773,0 -117.69796,33.46737,0 -117.69789,33.46738,0 -117.69793,33.4672,0 -117.6979,33.46721,0 -117.69797,33.46713,0 -117.69797,33.46673,0 -117.69787,33.46643,0 -117.69772,33.46616,0 -117.69756,33.46594,0 -117.69732,33.46573,0 -117.69729,33.46573,0 -117.69705,33.46561,0 -117.6971,33.46559,0 -117.69456,33.46435,0 -117.69421,33.46411,0 -117.69398,33.46387,0 -117.69383,33.46367,0 -117.6937,33.46337,0 -117.69364,33.46312,0 -117.69361,33.46273,0 -117.69363,33.46267,0 -117.69358,33.46267,0 -117.69356,33.46274,0 -117.69325,33.46299,0 -117.69329,33.46303,0 -117.69337,33.46344,0 -117.69348120975803,33.46383294114501,0</coordinates></LineString>
      </Placemark>
      <Placemark>
        <name>Segment 087 - Mile 086 to Mile 087</name>
        <description>Editable runner-route segment. Delete or redraw this line independently without changing the other mile segments. Colors alternate green and blue to make adjacent segments easier to distinguish.</description>
        <styleUrl>#segmentGreen</styleUrl>
        <LineString><tessellate>1</tessellate><coordinates>-117.69348120975803,33.46383294114501,0 -117.69352,33.46397,0 -117.69348,33.46402,0 -117.69343,33.46404,0 -117.69336,33.46403,0 -117.69326,33.46396,0 -117.69309,33.46392,0 -117.69292,33.46393,0 -117.69261,33.46396,0 -117.69236,33.4639,0 -117.6921,33.4638,0 -117.6919,33.46378,0 -117.69174,33.46383,0 -117.69174,33.46384,0 -117.69167,33.46383,0 -117.69165,33.46388,0 -117.69158,33.46387,0 -117.69147,33.46384,0 -117.6914,33.46385,0 -117.69129,33.46391,0 -117.6909,33.46393,0 -117.69071,33.46399,0 -117.69011,33.46434,0 -117.68997,33.46442,0 -117.68981,33.46448,0 -117.68961,33.46447,0 -117.68949,33.46445,0 -117.68934,33.46437,0 -117.68888,33.46398,0 -117.68887,33.46399,0 -117.68878,33.46393,0 -117.68891,33.46382,0 -117.68889,33.46379,0 -117.68894,33.46376,0 -117.68882,33.46369,0 -117.68879,33.46371,0 -117.68852,33.46352,0 -117.6883,33.46346,0 -117.68807,33.46346,0 -117.68793,33.46349,0 -117.6877,33.4636,0 -117.68743,33.46377,0 -117.68739,33.46385,0 -117.68717,33.46399,0 -117.68707,33.46403,0 -117.68693,33.46404,0 -117.68666,33.46416,0 -117.68645,33.46422,0 -117.68607,33.46426,0 -117.68573,33.46425,0 -117.68561,33.46424,0 -117.68549,33.46425,0 -117.68453,33.46401,0 -117.68366,33.46393,0 -117.6816,33.46337,0 -117.68148,33.46333,0 -117.68077,33.46322,0 -117.67995,33.463,0 -117.67987,33.46294,0 -117.67966,33.46285,0 -117.67957,33.46282,0 -117.6787,33.46217,0 -117.67859,33.4621,0 -117.67850521343524,33.461986951247,0</coordinates></LineString>
      </Placemark>
      <Placemark>
        <name>Segment 088 - Mile 087 to Mile 088</name>
        <description>Editable runner-route segment. Delete or redraw this line independently without changing the other mile segments. Colors alternate green and blue to make adjacent segments easier to distinguish.</description>
        <styleUrl>#segmentBlue</styleUrl>
        <LineString><tessellate>1</tessellate><coordinates>-117.67850521343524,33.461986951247,0 -117.6785,33.46198,0 -117.67792,33.46161,0 -117.67568,33.46026,0 -117.6731,33.45869,0 -117.67294,33.45863,0 -117.67229,33.45824,0 -117.67219,33.45814,0 -117.67094,33.45739,0 -117.67093,33.45737,0 -117.669,33.4562,0 -117.66806,33.45562,0 -117.66791,33.45577,0 -117.66789,33.45576,0 -117.66783,33.45579,0 -117.66791,33.45591,0 -117.66889,33.45697,0 -117.66927,33.45732,0 -117.66964,33.45762,0 -117.66973,33.45774,0 -117.66977,33.45791,0 -117.66975,33.45805,0 -117.66968,33.45823,0 -117.66944,33.45835,0 -117.669249808764,33.4584260764944,0</coordinates></LineString>
      </Placemark>
      <Placemark>
        <name>Segment 089 - Mile 088 to Mile 089</name>
        <description>Editable runner-route segment. Delete or redraw this line independently without changing the other mile segments. Colors alternate green and blue to make adjacent segments easier to distinguish.</description>
        <styleUrl>#segmentGreen</styleUrl>
        <LineString><tessellate>1</tessellate><coordinates>-117.669249808764,33.4584260764944,0 -117.66919,33.45845,0 -117.66855,33.45858,0 -117.66854,33.45855,0 -117.66851,33.4585,0 -117.66845,33.45851,0 -117.66828,33.45833,0 -117.66639,33.45672,0 -117.66576,33.45616,0 -117.66509,33.45568,0 -117.6649,33.45551,0 -117.66475,33.45531,0 -117.66463,33.45504,0 -117.66457,33.45487,0 -117.66447,33.45471,0 -117.66434,33.45455,0 -117.66388,33.45411,0 -117.66379,33.45405,0 -117.66356,33.45397,0 -117.66328,33.45394,0 -117.66299,33.454,0 -117.66283,33.45404,0 -117.66262,33.45399,0 -117.66148,33.45302,0 -117.66107,33.45273,0 -117.65996,33.4523,0 -117.65905,33.45194,0 -117.65579908935142,33.45041985586573,0</coordinates></LineString>
      </Placemark>
      <Placemark>
        <name>Segment 090 - Mile 089 to Mile 090</name>
        <description>Editable runner-route segment. Delete or redraw this line independently without changing the other mile segments. Colors alternate green and blue to make adjacent segments easier to distinguish.</description>
        <styleUrl>#segmentBlue</styleUrl>
        <LineString><tessellate>1</tessellate><coordinates>-117.65579908935142,33.45041985586573,0 -117.6555,33.45028,0 -117.65022,33.44629,0 -117.65006,33.44619,0 -117.64971,33.4459,0 -117.64876,33.44521,0 -117.64851,33.44509,0 -117.64808,33.44497,0 -117.64762,33.44494,0 -117.64734,33.44496,0 -117.64703,33.44502,0 -117.64689,33.44503,0 -117.64608,33.44526,0 -117.64601,33.44526,0 -117.64588,33.44529,0 -117.64565,33.44531,0 -117.6454,33.44528,0 -117.64516,33.4452,0 -117.64488,33.44504,0 -117.64443,33.44474,0 -117.64426,33.44457,0 -117.64414,33.44439,0 -117.64405,33.44421,0 -117.64399,33.44394,0 -117.644,33.44375,0 -117.64403,33.44359,0 -117.64423,33.44306,0 -117.64424,33.44298,0 -117.6444,33.44267,0 -117.64453,33.4425,0 -117.6446,33.44243,0 -117.64476868810925,33.44222866257928,0</coordinates></LineString>
      </Placemark>
      <Placemark>
        <name>Segment 091 - Mile 090 to Mile 091</name>
        <description>Editable runner-route segment. Delete or redraw this line independently without changing the other mile segments. Colors alternate green and blue to make adjacent segments easier to distinguish.</description>
        <styleUrl>#segmentGreen</styleUrl>
        <LineString><tessellate>1</tessellate><coordinates>-117.64476868810925,33.44222866257928,0 -117.64522,33.44169,0 -117.64505,33.4416,0 -117.64509,33.44155,0 -117.64484,33.44145,0 -117.6445,33.44127,0 -117.6444,33.44115,0 -117.64393,33.44084,0 -117.64388,33.44083,0 -117.64342,33.44055,0 -117.64313,33.44041,0 -117.64293,33.44026,0 -117.64289,33.4403,0 -117.64278,33.44025,0 -117.64283,33.4402,0 -117.64264,33.4401,0 -117.641,33.43877,0 -117.64027,33.43822,0 -117.64001,33.43799,0 -117.63881,33.43703,0 -117.63838,33.43672,0 -117.63596,33.43478,0 -117.6356,33.43448,0 -117.63475,33.43383,0 -117.63449,33.4336,0 -117.6341,33.43333,0 -117.63372,33.43309,0 -117.63353,33.433,0 -117.63329,33.43293,0 -117.63287569895753,33.43285032672261,0</coordinates></LineString>
      </Placemark>
      <Placemark>
        <name>Segment 092 - Mile 091 to Mile 092</name>
        <description>Editable runner-route segment. Delete or redraw this line independently without changing the other mile segments. Colors alternate green and blue to make adjacent segments easier to distinguish.</description>
        <styleUrl>#segmentBlue</styleUrl>
        <LineString><tessellate>1</tessellate><coordinates>-117.63287569895753,33.43285032672261,0 -117.63277,33.43283,0 -117.63267,33.4328,0 -117.63231,33.43279,0 -117.63144,33.43285,0 -117.63144,33.43289,0 -117.63118,33.4329,0 -117.63117,33.43287,0 -117.63081,33.4329,0 -117.63018,33.43288,0 -117.62786,33.43252,0 -117.62786,33.43254,0 -117.62765,33.43248,0 -117.62596,33.43222,0 -117.6257,33.43221,0 -117.62467,33.43237,0 -117.62418,33.4324,0 -117.6237,33.43238,0 -117.62294,33.43224,0 -117.62265,33.43217,0 -117.62265,33.43218,0 -117.62238,33.43207,0 -117.62206,33.43189,0 -117.62191,33.43177,0 -117.62167,33.43153,0 -117.62155,33.43137,0 -117.62121,33.43108,0 -117.62104,33.43095,0 -117.62102,33.43097,0 -117.6209,33.43091,0 -117.62092,33.43089,0 -117.62069,33.43081,0 -117.62009,33.43065,0 -117.61848,33.43036,0 -117.61837,33.43032,0 -117.6183,33.43033,0 -117.61805,33.43028,0 -117.61784,33.43027,0 -117.6178,33.43026,0 -117.6178,33.43025,0 -117.6174,33.43015,0 -117.61699,33.43009,0 -117.61658146977084,33.4300141301003,0</coordinates></LineString>
      </Placemark>
      <Placemark>
        <name>Segment 093 - Mile 092 to Mile 093</name>
        <description>Editable runner-route segment. Delete or redraw this line independently without changing the other mile segments. Colors alternate green and blue to make adjacent segments easier to distinguish.</description>
        <styleUrl>#segmentGreen</styleUrl>
        <LineString><tessellate>1</tessellate><coordinates>-117.61658146977084,33.4300141301003,0 -117.61559,33.42983,0 -117.61558,33.42986,0 -117.61543,33.42982,0 -117.61496,33.42968,0 -117.61458,33.42951,0 -117.61419,33.42925,0 -117.6139,33.42898,0 -117.61175,33.42676,0 -117.61158,33.42656,0 -117.61123,33.42623,0 -117.61122,33.42624,0 -117.61114,33.42613,0 -117.61103,33.42604,0 -117.61094,33.4259,0 -117.61081,33.42579,0 -117.6105,33.42542,0 -117.61034,33.42521,0 -117.60959,33.42389,0 -117.60954,33.42378,0 -117.6092,33.42316,0 -117.60916,33.42302,0 -117.60905,33.42284,0 -117.60895,33.42272,0 -117.60871,33.42228,0 -117.60861,33.42215,0 -117.60852,33.42195,0 -117.60784,33.42075,0 -117.60766,33.42046,0 -117.60766,33.42042,0 -117.60762,33.42039,0 -117.60758,33.42023,0 -117.60748,33.42012,0 -117.60746,33.41997,0 -117.60728,33.41979,0 -117.60679,33.41939,0 -117.60657,33.41923,0 -117.6062917869886,33.41908457047131,0</coordinates></LineString>
      </Placemark>
      <Placemark>
        <name>Segment 094 - Mile 093 to Mile 094</name>
        <description>Editable runner-route segment. Delete or redraw this line independently without changing the other mile segments. Colors alternate green and blue to make adjacent segments easier to distinguish.</description>
        <styleUrl>#segmentBlue</styleUrl>
        <LineString><tessellate>1</tessellate><coordinates>-117.6062917869886,33.41908457047131,0 -117.60613,33.419,0 -117.6062,33.41895,0 -117.60637,33.41871,0 -117.6066,33.41848,0 -117.60609,33.4183,0 -117.60563,33.41803,0 -117.6055,33.4179,0 -117.60535,33.41778,0 -117.60515,33.41755,0 -117.60441,33.41647,0 -117.60405,33.41589,0 -117.60373,33.41535,0 -117.60319,33.41444,0 -117.60298,33.41383,0 -117.60293,33.41365,0 -117.60284,33.41359,0 -117.60236,33.4128,0 -117.60215,33.41236,0 -117.60202,33.41194,0 -117.60196,33.41171,0 -117.60188,33.41146,0 -117.60183,33.41139,0 -117.60116,33.41007,0 -117.60106,33.40979,0 -117.60096,33.40896,0 -117.60093,33.40885,0 -117.60107,33.40876,0 -117.60101,33.40865,0 -117.60085,33.4087,0 -117.60065,33.40844,0 -117.60029,33.40813,0 -117.59995,33.40783,0 -117.59978,33.40762,0 -117.59939097163364,33.4068389735851,0</coordinates></LineString>
      </Placemark>
      <Placemark>
        <name>Segment 095 - Mile 094 to Mile 095</name>
        <description>Editable runner-route segment. Delete or redraw this line independently without changing the other mile segments. Colors alternate green and blue to make adjacent segments easier to distinguish.</description>
        <styleUrl>#segmentGreen</styleUrl>
        <LineString><tessellate>1</tessellate><coordinates>-117.59939097163364,33.4068389735851,0 -117.59847,33.40499,0 -117.59776,33.40366,0 -117.59716,33.40259,0 -117.59657,33.40141,0 -117.59466,33.39733,0 -117.5946,33.39705,0 -117.59453,33.39657,0 -117.59441,33.39602,0 -117.59439,33.39546,0 -117.5943,33.39518,0 -117.59414,33.39494,0 -117.59402,33.39489,0 -117.59382,33.39498,0 -117.59377,33.39492,0 -117.59301,33.3944,0 -117.59273,33.39412,0 -117.59260435800756,33.393951126354246,0</coordinates></LineString>
      </Placemark>
      <Placemark>
        <name>Segment 096 - Mile 095 to runner transfer gap</name>
        <description>Editable runner-route segment. Delete or redraw this line independently without changing the other mile segments. Colors alternate green and blue to make adjacent segments easier to distinguish.</description>
        <styleUrl>#segmentBlue</styleUrl>
        <LineString><tessellate>1</tessellate><coordinates>-117.59260435800756,33.393951126354246,0 -117.5918,33.39287,0 -117.59106,33.39181,0 -117.59158,33.39126,0 -117.59207,33.39081,0 -117.59233,33.3906,0 -117.59258,33.39032,0 -117.59379,33.38883,0 -117.59398,33.38866,0 -117.59505,33.38787,0 -117.59517,33.38771,0 -117.59542,33.38778,0 -117.59551,33.38775,0 -117.59552,33.38775,0</coordinates></LineString>
      </Placemark>
      <Placemark>
        <name>Segment 096b - Runner restart to Mile 096</name>
        <description>Editable runner-route segment. Delete or redraw this line independently without changing the other mile segments. Colors alternate green and blue to make adjacent segments easier to distinguish.</description>
        <styleUrl>#segmentGreen</styleUrl>
        <LineString><tessellate>1</tessellate><coordinates>-117.3875,33.20931,0 -117.3876,33.20925,0 -117.38749,33.20907,0 -117.38716,33.20928,0 -117.38696,33.20893,0 -117.3869,33.20875,0 -117.38643,33.20799,0 -117.3862,33.2078,0 -117.38584,33.2074,0 -117.38497,33.20587,0 -117.38451,33.20495,0 -117.38442,33.20472,0 -117.38445,33.20457,0 -117.3844296520253,33.204183388480665,0</coordinates></LineString>
      </Placemark>
      <Placemark>
        <name>Segment 097 - Mile 096 to Mile 097</name>
        <description>Editable runner-route segment. Delete or redraw this line independently without changing the other mile segments. Colors alternate green and blue to make adjacent segments easier to distinguish.</description>
        <styleUrl>#segmentBlue</styleUrl>
        <LineString><tessellate>1</tessellate><coordinates>-117.3844296520253,33.204183388480665,0 -117.38442,33.204,0 -117.38441,33.20395,0 -117.38437,33.20378,0 -117.38436,33.2032,0 -117.38438,33.20309,0 -117.38439,33.20247,0 -117.38441,33.20224,0 -117.38441,33.20204,0 -117.38434,33.20158,0 -117.38425,33.2014,0 -117.38377,33.20076,0 -117.38358,33.20056,0 -117.38346,33.20039,0 -117.38327,33.20017,0 -117.38312,33.20004,0 -117.38259,33.1994,0 -117.38212,33.19884,0 -117.38007,33.19641,0 -117.37964,33.19591,0 -117.37967,33.19589,0 -117.37958,33.19578,0 -117.37956,33.1958,0 -117.37625681751445,33.19188096993239,0</coordinates></LineString>
      </Placemark>
      <Placemark>
        <name>Segment 098 - Mile 097 to Mile 098</name>
        <description>Editable runner-route segment. Delete or redraw this line independently without changing the other mile segments. Colors alternate green and blue to make adjacent segments easier to distinguish.</description>
        <styleUrl>#segmentGreen</styleUrl>
        <LineString><tessellate>1</tessellate><coordinates>-117.37625681751445,33.19188096993239,0 -117.37366,33.1888,0 -117.37358,33.18866,0 -117.3735,33.18857,0 -117.37353,33.18855,0 -117.37345,33.18841,0 -117.3734,33.18843,0 -117.37307,33.188,0 -117.36937,33.1836,0 -117.36941,33.18358,0 -117.36935,33.18347,0 -117.36931,33.18349,0 -117.36914,33.18328,0 -117.36889,33.18301,0 -117.36829,33.18231,0 -117.36644099424593,33.18010800223834,0</coordinates></LineString>
      </Placemark>
      <Placemark>
        <name>Segment 099 - Mile 098 to Mile 099</name>
        <description>Editable runner-route segment. Delete or redraw this line independently without changing the other mile segments. Colors alternate green and blue to make adjacent segments easier to distinguish.</description>
        <styleUrl>#segmentBlue</styleUrl>
        <LineString><tessellate>1</tessellate><coordinates>-117.36644099424593,33.18010800223834,0 -117.36499,33.17838,0 -117.36493,33.17828,0 -117.36481,33.17814,0 -117.3647,33.17805,0 -117.36267,33.17565,0 -117.36259,33.17552,0 -117.36234,33.17523,0 -117.36236,33.17522,0 -117.36228,33.17513,0 -117.36225,33.17515,0 -117.35996,33.17242,0 -117.35982,33.17223,0 -117.35918,33.17147,0 -117.35911,33.17135,0 -117.35846,33.17059,0 -117.35836,33.1705,0 -117.35818,33.1706,0 -117.3575,33.16978,0 -117.35737,33.1696,0 -117.35647241687049,33.16853015344159,0</coordinates></LineString>
      </Placemark>
      <Placemark>
        <name>Segment 100 - Mile 099 to Mile 100</name>
        <description>Editable runner-route segment. Delete or redraw this line independently without changing the other mile segments. Colors alternate green and blue to make adjacent segments easier to distinguish.</description>
        <styleUrl>#segmentGreen</styleUrl>
        <LineString><tessellate>1</tessellate><coordinates>-117.35647241687049,33.16853015344159,0 -117.35638,33.16842,0 -117.35624,33.16823,0 -117.35493,33.16669,0 -117.35489,33.16661,0 -117.35482,33.16654,0 -117.35449,33.16602,0 -117.35454,33.16599,0 -117.35449,33.16592,0 -117.35454,33.16591,0 -117.35457,33.16598,0 -117.35464,33.16597,0 -117.35461,33.16588,0 -117.35465,33.16579,0 -117.35462,33.16569,0 -117.35457,33.16566,0 -117.35456,33.16559,0 -117.35452,33.16552,0 -117.35442,33.1649,0 -117.35442,33.16481,0 -117.35445,33.16418,0 -117.3545,33.16362,0 -117.35456,33.16352,0 -117.35455,33.16321,0 -117.35447,33.16271,0 -117.35434,33.16232,0 -117.35414,33.16191,0 -117.35372,33.16137,0 -117.35346,33.16102,0 -117.351,33.15803,0 -117.35087,33.15776,0 -117.35079,33.15745,0 -117.35079,33.15717,0 -117.35085,33.15662,0 -117.35088,33.15663,0 -117.35089,33.15658,0 -117.35086,33.15655,0 -117.35095742345563,33.1557883257106,0</coordinates></LineString>
      </Placemark>
      <Placemark>
        <name>Segment 101 - Mile 100 to Mile 101</name>
        <description>Editable runner-route segment. Delete or redraw this line independently without changing the other mile segments. Colors alternate green and blue to make adjacent segments easier to distinguish.</description>
        <styleUrl>#segmentBlue</styleUrl>
        <LineString><tessellate>1</tessellate><coordinates>-117.35095742345563,33.1557883257106,0 -117.35097,33.15569,0 -117.35095,33.15525,0 -117.35092,33.1551,0 -117.3508,33.15475,0 -117.35057,33.1543,0 -117.35004,33.15352,0 -117.34884,33.15184,0 -117.3479,33.15066,0 -117.34767,33.15034,0 -117.34752,33.15011,0 -117.34679,33.14914,0 -117.34603,33.14817,0 -117.34578,33.14788,0 -117.34551,33.14755,0 -117.34523,33.14719,0 -117.34477,33.14665,0 -117.34444,33.14623,0 -117.34324,33.14489,0 -117.34303,33.14468,0 -117.34298,33.14459,0 -117.34235,33.14388,0 -117.34204897102789,33.14349073839815,0</coordinates></LineString>
      </Placemark>
      <Placemark>
        <name>Segment 102 - Mile 101 to Mile 102</name>
        <description>Editable runner-route segment. Delete or redraw this line independently without changing the other mile segments. Colors alternate green and blue to make adjacent segments easier to distinguish.</description>
        <styleUrl>#segmentGreen</styleUrl>
        <LineString><tessellate>1</tessellate><coordinates>-117.34204897102789,33.14349073839815,0 -117.34177,33.14313,0 -117.34124,33.14233,0 -117.34099,33.1419,0 -117.33868,33.1377,0 -117.33861,33.13762,0 -117.33796,33.13623,0 -117.3377,33.13569,0 -117.33726,33.13487,0 -117.33682,33.13419,0 -117.33609,33.13323,0 -117.33552,33.13244,0 -117.33536,33.13221,0 -117.33533,33.13214,0 -117.33519,33.13193,0 -117.33515,33.13191,0 -117.33421908825883,33.13058751427247,0</coordinates></LineString>
      </Placemark>
      <Placemark>
        <name>Segment 103 - Mile 102 to Mile 103</name>
        <description>Editable runner-route segment. Delete or redraw this line independently without changing the other mile segments. Colors alternate green and blue to make adjacent segments easier to distinguish.</description>
        <styleUrl>#segmentBlue</styleUrl>
        <LineString><tessellate>1</tessellate><coordinates>-117.33421908825883,33.13058751427247,0 -117.33389,33.13012,0 -117.33382,33.12998,0 -117.33374,33.12986,0 -117.33364,33.12977,0 -117.33097,33.12597,0 -117.33075,33.12593,0 -117.3305,33.12572,0 -117.33036,33.12563,0 -117.33005,33.12553,0 -117.32926,33.12533,0 -117.32889,33.12516,0 -117.32863,33.12499,0 -117.3284,33.12478,0 -117.32823,33.12456,0 -117.32808,33.12427,0 -117.32799,33.12396,0 -117.32782,33.12316,0 -117.32764,33.12264,0 -117.32697,33.12108,0 -117.32686,33.12098,0 -117.32681,33.12087,0 -117.3268,33.12075,0 -117.32564055546362,33.118614390819566,0</coordinates></LineString>
      </Placemark>
      <Placemark>
        <name>Segment 104 - Mile 103 to Mile 104</name>
        <description>Editable runner-route segment. Delete or redraw this line independently without changing the other mile segments. Colors alternate green and blue to make adjacent segments easier to distinguish.</description>
        <styleUrl>#segmentGreen</styleUrl>
        <LineString><tessellate>1</tessellate><coordinates>-117.32564055546362,33.118614390819566,0 -117.32389,33.11539,0 -117.32357,33.11478,0 -117.3235,33.1147,0 -117.32336,33.11443,0 -117.32335,33.11431,0 -117.3209,33.10822,0 -117.32082,33.10809,0 -117.32032,33.10687,0 -117.32031,33.10676,0 -117.32024,33.10663,0 -117.32018,33.10656,0 -117.32005,33.10631,0 -117.32,33.10617,0 -117.31946,33.10513,0 -117.3194467706804,33.105099033592644,0</coordinates></LineString>
      </Placemark>
      <Placemark>
        <name>Segment 105 - Mile 104 to Mile 105</name>
        <description>Editable runner-route segment. Delete or redraw this line independently without changing the other mile segments. Colors alternate green and blue to make adjacent segments easier to distinguish.</description>
        <styleUrl>#segmentBlue</styleUrl>
        <LineString><tessellate>1</tessellate><coordinates>-117.3194467706804,33.105099033592644,0 -117.31811,33.10197,0 -117.31807,33.10198,0 -117.31794,33.10178,0 -117.31797,33.10177,0 -117.31772,33.10118,0 -117.31771,33.10106,0 -117.31698,33.09933,0 -117.31674,33.0986,0 -117.31653,33.09787,0 -117.31632,33.09739,0 -117.31578,33.09615,0 -117.31542,33.09546,0 -117.31502,33.09473,0 -117.31451,33.0937,0 -117.31391,33.09219,0 -117.31386,33.09203,0 -117.31376,33.09193,0 -117.31378,33.09192,0 -117.3137,33.09178,0 -117.31371,33.09177,0 -117.31362934842721,33.09155052194944,0</coordinates></LineString>
      </Placemark>
      <Placemark>
        <name>Segment 106 - Mile 105 to Mile 106</name>
        <description>Editable runner-route segment. Delete or redraw this line independently without changing the other mile segments. Colors alternate green and blue to make adjacent segments easier to distinguish.</description>
        <styleUrl>#segmentGreen</styleUrl>
        <LineString><tessellate>1</tessellate><coordinates>-117.31362934842721,33.09155052194944,0 -117.3131,33.09011,0 -117.31309,33.08999,0 -117.31161,33.08606,0 -117.31132,33.08548,0 -117.31099,33.08497,0 -117.31052,33.0844,0 -117.3101,33.08398,0 -117.30937,33.0833,0 -117.30932,33.08323,0 -117.30883,33.08273,0 -117.30874,33.08264,0 -117.30862,33.08256,0 -117.30841,33.08231,0 -117.30805,33.08176,0 -117.30777,33.08125,0 -117.30775,33.08114,0 -117.30762,33.08087,0 -117.30732,33.07994,0 -117.30696,33.07892,0 -117.30684,33.07852,0 -117.30681308952471,33.078436822167276,0</coordinates></LineString>
      </Placemark>
      <Placemark>
        <name>Segment 107 - Mile 106 to Mile 107</name>
        <description>Editable runner-route segment. Delete or redraw this line independently without changing the other mile segments. Colors alternate green and blue to make adjacent segments easier to distinguish.</description>
        <styleUrl>#segmentBlue</styleUrl>
        <LineString><tessellate>1</tessellate><coordinates>-117.30681308952471,33.078436822167276,0 -117.30618,33.07648,0 -117.30608,33.07631,0 -117.30603,33.07616,0 -117.30601,33.07603,0 -117.30428,33.07078,0 -117.30424,33.07071,0 -117.30373,33.06913,0 -117.30229,33.06486,0 -117.30216426493477,33.064466030128976,0</coordinates></LineString>
      </Placemark>
      <Placemark>
        <name>Segment 108 - Mile 107 to Mile 108</name>
        <description>Editable runner-route segment. Delete or redraw this line independently without changing the other mile segments. Colors alternate green and blue to make adjacent segments easier to distinguish.</description>
        <styleUrl>#segmentGreen</styleUrl>
        <LineString><tessellate>1</tessellate><coordinates>-117.30216426493477,33.064466030128976,0 -117.30214,33.06439,0 -117.30211,33.06431,0 -117.30208,33.06429,0 -117.30194,33.06389,0 -117.30193,33.06374,0 -117.30162,33.06284,0 -117.30122,33.06179,0 -117.30107,33.06147,0 -117.30104,33.06135,0 -117.30066,33.06062,0 -117.3001,33.0597,0 -117.29841,33.05703,0 -117.29837,33.05693,0 -117.29831,33.05685,0 -117.29826,33.05682,0 -117.29818,33.05677,0 -117.29816,33.05669,0 -117.29818,33.05663,0 -117.29751,33.05564,0 -117.29725,33.05528,0 -117.29651,33.05413,0 -117.29611,33.05347,0 -117.29591,33.05315,0 -117.29484,33.05149,0 -117.29481018828487,33.051437829498525,0</coordinates></LineString>
      </Placemark>
      <Placemark>
        <name>Segment 109 - Mile 108 to Mile 109</name>
        <description>Editable runner-route segment. Delete or redraw this line independently without changing the other mile segments. Colors alternate green and blue to make adjacent segments easier to distinguish.</description>
        <styleUrl>#segmentBlue</styleUrl>
        <LineString><tessellate>1</tessellate><coordinates>-117.29481018828487,33.051437829498525,0 -117.29468,33.05121,0 -117.29443,33.05063,0 -117.29434,33.05045,0 -117.29424,33.04999,0 -117.29422,33.04973,0 -117.29409,33.0489,0 -117.29404,33.04891,0 -117.29402,33.04871,0 -117.29406,33.04871,0 -117.29402,33.0484,0 -117.29389,33.0473,0 -117.29387,33.04707,0 -117.29383,33.04696,0 -117.29376,33.04611,0 -117.29374,33.04599,0 -117.29376,33.04596,0 -117.29375,33.04572,0 -117.29371,33.04548,0 -117.29362,33.04532,0 -117.29357,33.04493,0 -117.29361,33.04476,0 -117.29356,33.04477,0 -117.29354,33.0446,0 -117.2935,33.04435,0 -117.29355,33.04418,0 -117.29341,33.04376,0 -117.29339,33.04359,0 -117.29339,33.04346,0 -117.29331,33.04302,0 -117.29333,33.04291,0 -117.2933,33.04284,0 -117.29323,33.04233,0 -117.29334,33.04212,0 -117.29332,33.04201,0 -117.29342,33.04185,0 -117.2933,33.04094,0 -117.29325,33.04081,0 -117.29327,33.0407,0 -117.29316,33.03991,0 -117.29317,33.03979,0 -117.29311,33.03933,0 -117.29308,33.03933,0 -117.29303,33.03899,0 -117.29302,33.03883,0 -117.29297,33.03844,0 -117.29285,33.0383,0 -117.29285,33.03821,0 -117.29273,33.03762,0 -117.29263857653821,33.03739144134551,0</coordinates></LineString>
      </Placemark>
      <Placemark>
        <name>Segment 110 - Mile 109 to Mile 110</name>
        <description>Editable runner-route segment. Delete or redraw this line independently without changing the other mile segments. Colors alternate green and blue to make adjacent segments easier to distinguish.</description>
        <styleUrl>#segmentGreen</styleUrl>
        <LineString><tessellate>1</tessellate><coordinates>-117.29263857653821,33.03739144134551,0 -117.29263,33.03737,0 -117.29239,33.03683,0 -117.29235,33.03679,0 -117.29222,33.03677,0 -117.29182,33.03601,0 -117.29174,33.03591,0 -117.29144,33.03535,0 -117.29141,33.03525,0 -117.29083,33.03409,0 -117.29055,33.03359,0 -117.28996,33.03243,0 -117.28774,33.02812,0 -117.28771,33.02805,0 -117.28752,33.02776,0 -117.28682,33.02663,0 -117.28645,33.02605,0 -117.28547,33.02444,0 -117.28537709781357,33.024288894034115,0</coordinates></LineString>
      </Placemark>
      <Placemark>
        <name>Segment 111 - Mile 110 to Mile 111</name>
        <description>Editable runner-route segment. Delete or redraw this line independently without changing the other mile segments. Colors alternate green and blue to make adjacent segments easier to distinguish.</description>
        <styleUrl>#segmentBlue</styleUrl>
        <LineString><tessellate>1</tessellate><coordinates>-117.28537709781357,33.024288894034115,0 -117.28381,33.02174,0 -117.28375,33.02168,0 -117.2823,33.01928,0 -117.28223,33.01923,0 -117.28188,33.01855,0 -117.28183,33.01846,0 -117.28175,33.01822,0 -117.28174,33.01812,0 -117.28138,33.0173,0 -117.2813,33.01713,0 -117.28128,33.01704,0 -117.28062,33.01552,0 -117.27993,33.01397,0 -117.27968,33.01333,0 -117.27942,33.01248,0 -117.27913,33.01114,0 -117.27907355089586,33.01087029872467,0</coordinates></LineString>
      </Placemark>
      <Placemark>
        <name>Segment 112 - Mile 111 to Mile 112</name>
        <description>Editable runner-route segment. Delete or redraw this line independently without changing the other mile segments. Colors alternate green and blue to make adjacent segments easier to distinguish.</description>
        <styleUrl>#segmentGreen</styleUrl>
        <LineString><tessellate>1</tessellate><coordinates>-117.27907355089586,33.01087029872467,0 -117.27895,33.01028,0 -117.27838,33.00774,0 -117.27824,33.00686,0 -117.27803,33.00512,0 -117.27788,33.00439,0 -117.27768,33.00371,0 -117.27742,33.00312,0 -117.27706,33.00244,0 -117.27663,33.0018,0 -117.2762,33.00129,0 -117.27509,33.00014,0 -117.27474,32.99969,0 -117.27432,32.99906,0 -117.27396,32.99837,0 -117.27350283954156,32.997420512894,0</coordinates></LineString>
      </Placemark>
      <Placemark>
        <name>Segment 113 - Mile 112 to Mile 113</name>
        <description>Editable runner-route segment. Delete or redraw this line independently without changing the other mile segments. Colors alternate green and blue to make adjacent segments easier to distinguish.</description>
        <styleUrl>#segmentBlue</styleUrl>
        <LineString><tessellate>1</tessellate><coordinates>-117.27350283954156,32.997420512894,0 -117.27253,32.9954,0 -117.2723,32.9948,0 -117.27189,32.99319,0 -117.27179,32.9928,0 -117.27173,32.9927,0 -117.27161,32.99221,0 -117.27162,32.99206,0 -117.27157,32.99205,0 -117.2715,32.99172,0 -117.27153,32.99171,0 -117.27079,32.98855,0 -117.26978,32.98411,0 -117.26960054373767,32.98337837062282,0</coordinates></LineString>
      </Placemark>
      <Placemark>
        <name>Segment 114 - Mile 113 to Mile 114</name>
        <description>Editable runner-route segment. Delete or redraw this line independently without changing the other mile segments. Colors alternate green and blue to make adjacent segments easier to distinguish.</description>
        <styleUrl>#segmentGreen</styleUrl>
        <LineString><tessellate>1</tessellate><coordinates>-117.26960054373767,32.98337837062282,0 -117.26939,32.98252,0 -117.26915,32.98157,0 -117.26907,32.98114,0 -117.26902,32.98072,0 -117.269,32.98035,0 -117.26897,32.98035,0 -117.26895,32.98015,0 -117.26897,32.98015,0 -117.26903,32.97929,0 -117.2693,32.9793,0 -117.26927,32.97927,0 -117.26932,32.97868,0 -117.26939,32.97804,0 -117.26939,32.97711,0 -117.26933,32.97656,0 -117.26924,32.97608,0 -117.26915,32.97561,0 -117.26895,32.97438,0 -117.26888,32.97379,0 -117.26863,32.97227,0 -117.26847,32.97158,0 -117.26814,32.96994,0 -117.26800766066404,32.96929815422061,0</coordinates></LineString>
      </Placemark>
      <Placemark>
        <name>Segment 115 - Mile 114 to Mile 115</name>
        <description>Editable runner-route segment. Delete or redraw this line independently without changing the other mile segments. Colors alternate green and blue to make adjacent segments easier to distinguish.</description>
        <styleUrl>#segmentBlue</styleUrl>
        <LineString><tessellate>1</tessellate><coordinates>-117.26800766066404,32.96929815422061,0 -117.26794,32.96897,0 -117.26772,32.9684,0 -117.26751,32.968,0 -117.26773,32.96781,0 -117.26769,32.96767,0 -117.26759,32.96701,0 -117.2673,32.9636,0 -117.26725,32.96281,0 -117.26722,32.96272,0 -117.26722,32.96243,0 -117.26742,32.96201,0 -117.26761,32.96163,0 -117.26765,32.96142,0 -117.26761,32.96096,0 -117.26758,32.9608,0 -117.26758,32.96068,0 -117.26754,32.96064,0 -117.26743,32.96003,0 -117.26743,32.95994,0 -117.26713,32.95914,0 -117.26542,32.95961,0 -117.26541,32.95953,0 -117.26514,32.9596,0 -117.26506,32.95924,0 -117.26487,32.95867,0 -117.26485,32.95858,0 -117.2648,32.95854,0 -117.26478,32.95844,0 -117.26461,32.958,0 -117.26458,32.95789,0 -117.26442104200501,32.957467239375056,0</coordinates></LineString>
      </Placemark>
      <Placemark>
        <name>Segment 116 - Mile 115 to Mile 116</name>
        <description>Editable runner-route segment. Delete or redraw this line independently without changing the other mile segments. Colors alternate green and blue to make adjacent segments easier to distinguish.</description>
        <styleUrl>#segmentGreen</styleUrl>
        <LineString><tessellate>1</tessellate><coordinates>-117.26442104200501,32.957467239375056,0 -117.26411,32.95664,0 -117.26408,32.95649,0 -117.26375,32.95591,0 -117.26377,32.95575,0 -117.26368,32.95554,0 -117.26361,32.9554,0 -117.26328,32.95452,0 -117.26331,32.95451,0 -117.26342,32.95447,0 -117.26343,32.95444,0 -117.26351,32.95442,0 -117.26316,32.95344,0 -117.26312,32.95329,0 -117.26307,32.9532,0 -117.26224,32.95113,0 -117.26134,32.94872,0 -117.26111,32.94812,0 -117.26091,32.94762,0 -117.26077,32.94725,0 -117.2604,32.94626,0 -117.26029,32.94574,0 -117.26027,32.94521,0 -117.26032,32.94469,0 -117.26044,32.94423,0 -117.26062625597925,32.9437129790921,0</coordinates></LineString>
      </Placemark>
      <Placemark>
        <name>Segment 117 - Mile 116 to Mile 117</name>
        <description>Editable runner-route segment. Delete or redraw this line independently without changing the other mile segments. Colors alternate green and blue to make adjacent segments easier to distinguish.</description>
        <styleUrl>#segmentBlue</styleUrl>
        <LineString><tessellate>1</tessellate><coordinates>-117.26062625597925,32.9437129790921,0 -117.26102,32.94262,0 -117.26107,32.94244,0 -117.26112,32.94234,0 -117.26112,32.94224,0 -117.26124,32.94153,0 -117.26127,32.94112,0 -117.26128,32.94036,0 -117.26126,32.94022,0 -117.26126,32.93986,0 -117.26125,32.93951,0 -117.26127,32.9388,0 -117.26129,32.93767,0 -117.26122,32.93723,0 -117.26046,32.9339,0 -117.26052,32.93377,0 -117.26045,32.93345,0 -117.25987,32.92945,0 -117.25985037294281,32.92938551109779,0</coordinates></LineString>
      </Placemark>
      <Placemark>
        <name>Segment 118 - Mile 117 to Mile 118</name>
        <description>Editable runner-route segment. Delete or redraw this line independently without changing the other mile segments. Colors alternate green and blue to make adjacent segments easier to distinguish.</description>
        <styleUrl>#segmentGreen</styleUrl>
        <LineString><tessellate>1</tessellate><coordinates>-117.25985037294281,32.92938551109779,0 -117.25973,32.92899,0 -117.25965,32.92884,0 -117.25957,32.92875,0 -117.25955,32.92866,0 -117.25924,32.92814,0 -117.2588,32.92764,0 -117.25856,32.9274,0 -117.2545,32.92434,0 -117.2541,32.92411,0 -117.2514,32.92274,0 -117.25089,32.92242,0 -117.25045,32.92208,0 -117.25008,32.9217,0 -117.2498,32.92133,0 -117.24954,32.92089,0 -117.24938,32.92054,0 -117.24923,32.92003,0 -117.24901,32.91883,0 -117.24900667239194,32.918819858718294,0</coordinates></LineString>
      </Placemark>
      <Placemark>
        <name>Segment 119 - Mile 118 to Mile 119</name>
        <description>Editable runner-route segment. Delete or redraw this line independently without changing the other mile segments. Colors alternate green and blue to make adjacent segments easier to distinguish.</description>
        <styleUrl>#segmentBlue</styleUrl>
        <LineString><tessellate>1</tessellate><coordinates>-117.24900667239194,32.918819858718294,0 -117.2488,32.91819,0 -117.24854,32.91765,0 -117.24819,32.9171,0 -117.24581,32.91411,0 -117.24556,32.91372,0 -117.24537,32.91332,0 -117.24518,32.91273,0 -117.24492,32.91147,0 -117.24492,32.91136,0 -117.24468,32.91034,0 -117.2447,32.91025,0 -117.24425,32.90833,0 -117.24361112852701,32.90528406732068,0</coordinates></LineString>
      </Placemark>
      <Placemark>
        <name>Segment 120 - Mile 119 to Mile 120</name>
        <description>Editable runner-route segment. Delete or redraw this line independently without changing the other mile segments. Colors alternate green and blue to make adjacent segments easier to distinguish.</description>
        <styleUrl>#segmentGreen</styleUrl>
        <LineString><tessellate>1</tessellate><coordinates>-117.24361112852701,32.90528406732068,0 -117.24326,32.90361,0 -117.24305,32.90234,0 -117.24248,32.89971,0 -117.24243,32.8995,0 -117.24245,32.89936,0 -117.24218,32.89818,0 -117.24214,32.89807,0 -117.24214,32.89798,0 -117.24188,32.89672,0 -117.24183,32.89661,0 -117.24109,32.89304,0 -117.2411,32.89293,0 -117.241,32.89259,0 -117.24087,32.89235,0 -117.2406,32.89192,0 -117.24138836074918,32.891367410689824,0</coordinates></LineString>
      </Placemark>
      <Placemark>
        <name>Segment 121 - Mile 120 to Mile 121</name>
        <description>Editable runner-route segment. Delete or redraw this line independently without changing the other mile segments. Colors alternate green and blue to make adjacent segments easier to distinguish.</description>
        <styleUrl>#segmentBlue</styleUrl>
        <LineString><tessellate>1</tessellate><coordinates>-117.24138836074918,32.891367410689824,0 -117.24167,32.89117,0 -117.24191,32.89095,0 -117.2423,32.89048,0 -117.2425,32.89018,0 -117.24271,32.88993,0 -117.24306,32.88938,0 -117.24312,32.88923,0 -117.2435,32.88852,0 -117.2437,32.88805,0 -117.24388,32.88741,0 -117.24395,32.88697,0 -117.24399,32.88625,0 -117.24404,32.88396,0 -117.24406,32.88116,0 -117.24405,32.88099,0 -117.24407,32.88089,0 -117.24406,32.8777,0 -117.24402928877923,32.87745431023378,0</coordinates></LineString>
      </Placemark>
      <Placemark>
        <name>Segment 122 - Mile 121 to Mile 122</name>
        <description>Editable runner-route segment. Delete or redraw this line independently without changing the other mile segments. Colors alternate green and blue to make adjacent segments easier to distinguish.</description>
        <styleUrl>#segmentGreen</styleUrl>
        <LineString><tessellate>1</tessellate><coordinates>-117.24402928877923,32.87745431023378,0 -117.24383,32.87586,0 -117.24384,32.87561,0 -117.24435,32.87514,0 -117.24443,32.87505,0 -117.24455,32.87494,0 -117.24471,32.87471,0 -117.24489,32.87431,0 -117.24528,32.87306,0 -117.2457,32.87205,0 -117.24576,32.87192,0 -117.24596,32.87179,0 -117.2462,32.87167,0 -117.24688,32.87159,0 -117.24704,32.87156,0 -117.24736,32.87144,0 -117.24763,32.87128,0 -117.24784,32.8711,0 -117.24801,32.87086,0 -117.24841,32.86986,0 -117.24859,32.86942,0 -117.24868,32.86932,0 -117.24882,32.86923,0 -117.24901,32.86918,0 -117.24924,32.8692,0 -117.24939,32.86925,0 -117.24952,32.86935,0 -117.24961,32.86948,0 -117.24981,32.87007,0 -117.25025,32.87073,0 -117.25039,32.87091,0 -117.25053,32.87102,0 -117.25075,32.8711,0 -117.25095,32.87112,0 -117.2512,32.87107,0 -117.25133,32.871,0 -117.2515,32.87084,0 -117.25157,32.87072,0 -117.2516870645427,32.86982529242371,0</coordinates></LineString>
      </Placemark>
      <Placemark>
        <name>Segment 123 - Mile 122 to Mile 123</name>
        <description>Editable runner-route segment. Delete or redraw this line independently without changing the other mile segments. Colors alternate green and blue to make adjacent segments easier to distinguish.</description>
        <styleUrl>#segmentBlue</styleUrl>
        <LineString><tessellate>1</tessellate><coordinates>-117.2516870645427,32.86982529242371,0 -117.25171,32.86965,0 -117.25178,32.86908,0 -117.25203,32.86802,0 -117.25235,32.86662,0 -117.25237,32.86615,0 -117.25233,32.86575,0 -117.25238,32.86558,0 -117.25237,32.86531,0 -117.2523,32.86514,0 -117.25238,32.86471,0 -117.25249,32.86446,0 -117.25261,32.86425,0 -117.25316,32.86358,0 -117.25328,32.86332,0 -117.25333,32.86307,0 -117.25377569576847,32.855602881663614,0</coordinates></LineString>
      </Placemark>
      <Placemark>
        <name>Segment 124 - Mile 123 to Mile 124</name>
        <description>Editable runner-route segment. Delete or redraw this line independently without changing the other mile segments. Colors alternate green and blue to make adjacent segments easier to distinguish.</description>
        <styleUrl>#segmentGreen</styleUrl>
        <LineString><tessellate>1</tessellate><coordinates>-117.25377569576847,32.855602881663614,0 -117.25398,32.85218,0 -117.25407,32.85184,0 -117.25431,32.85136,0 -117.25436,32.85126,0 -117.2546,32.85095,0 -117.25489,32.85069,0 -117.25512,32.85052,0 -117.25588,32.85029,0 -117.25584,32.85018,0 -117.25665,32.84983,0 -117.25689,32.84978,0 -117.25741,32.84975,0 -117.2585,32.84981,0 -117.25982,32.84971,0 -117.26093,32.8496,0 -117.26133,32.8495,0 -117.26162,32.8494,0 -117.26172,32.84935,0 -117.2618,32.84933,0 -117.26197,32.84921,0 -117.26242,32.84892,0 -117.26255,32.84887,0 -117.26277,32.84877,0 -117.26292,32.84868,0 -117.26399,32.84834,0 -117.26513,32.848,0 -117.26517597008714,32.84799014926704,0</coordinates></LineString>
      </Placemark>
      <Placemark>
        <name>Segment 125 - Mile 124 to Mile 125</name>
        <description>Editable runner-route segment. Delete or redraw this line independently without changing the other mile segments. Colors alternate green and blue to make adjacent segments easier to distinguish.</description>
        <styleUrl>#segmentBlue</styleUrl>
        <LineString><tessellate>1</tessellate><coordinates>-117.26517597008714,32.84799014926704,0 -117.26541,32.84794,0 -117.26586,32.84789,0 -117.26628,32.84779,0 -117.26665,32.84763,0 -117.26692,32.84746,0 -117.2675,32.847,0 -117.26857,32.84599,0 -117.26871,32.84584,0 -117.26881,32.84577,0 -117.27017,32.84448,0 -117.27028,32.84441,0 -117.27042,32.84425,0 -117.2706,32.84409,0 -117.2707,32.84402,0 -117.27089,32.84384,0 -117.27097,32.84373,0 -117.27199,32.84276,0 -117.27212,32.84267,0 -117.27241,32.84236,0 -117.27254,32.84237,0 -117.27288,32.84206,0 -117.27284,32.84198,0 -117.27288,32.84194,0 -117.27251,32.84088,0 -117.2724,32.84054,0 -117.2725,32.84044,0 -117.27366,32.84017,0 -117.27281737355459,32.837494661035834,0</coordinates></LineString>
      </Placemark>
      <Placemark>
        <name>Segment 126 - Mile 125 to Mile 126</name>
        <description>Editable runner-route segment. Delete or redraw this line independently without changing the other mile segments. Colors alternate green and blue to make adjacent segments easier to distinguish.</description>
        <styleUrl>#segmentGreen</styleUrl>
        <LineString><tessellate>1</tessellate><coordinates>-117.27281737355459,32.837494661035834,0 -117.27206,32.83509,0 -117.27197,32.83488,0 -117.27142,32.83398,0 -117.27128,32.83365,0 -117.27123,32.83347,0 -117.27128,32.83328,0 -117.27128,32.83308,0 -117.27134,32.83286,0 -117.27142,32.83288,0 -117.27143,32.83278,0 -117.27145,32.83279,0 -117.27168,32.83284,0 -117.27194,32.83286,0 -117.27203,32.83283,0 -117.272,32.83284,0 -117.27215,32.83278,0 -117.27247,32.83272,0 -117.27614,32.83188,0 -117.27651,32.83178,0 -117.27634,32.83125,0 -117.27629,32.83114,0 -117.27634,32.8309,0 -117.27649,32.83058,0 -117.27697,32.82962,0 -117.27701,32.82947,0 -117.27698,32.82896,0 -117.27689,32.82774,0 -117.27681,32.82706,0 -117.27679366899876,32.82694976574163,0</coordinates></LineString>
      </Placemark>
      <Placemark>
        <name>Segment 127 - Mile 126 to Mile 127</name>
        <description>Editable runner-route segment. Delete or redraw this line independently without changing the other mile segments. Colors alternate green and blue to make adjacent segments easier to distinguish.</description>
        <styleUrl>#segmentBlue</styleUrl>
        <LineString><tessellate>1</tessellate><coordinates>-117.27679366899876,32.82694976574163,0 -117.27677,32.82679,0 -117.27674,32.8268,0 -117.27665,32.82633,0 -117.27642,32.82551,0 -117.2764,32.82532,0 -117.27611,32.82464,0 -117.27583,32.82409,0 -117.27579,32.82394,0 -117.27443,32.82176,0 -117.27457,32.82171,0 -117.27438,32.82144,0 -117.27217,32.81793,0 -117.27202,32.81765,0 -117.27204,32.81758,0 -117.27199,32.81751,0 -117.2719,32.81747,0 -117.27168,32.81716,0 -117.27168,32.81704,0 -117.2708,32.81562,0 -117.27079,32.81559,0 -117.27074,32.8155,0 -117.27066,32.81546,0 -117.27061,32.81546,0 -117.27055,32.81536,0 -117.27054,32.81524,0 -117.26985,32.81415,0 -117.2697437099335,32.81407269813345,0</coordinates></LineString>
      </Placemark>
      <Placemark>
        <name>Segment 128 - Mile 127 to Mile 128</name>
        <description>Editable runner-route segment. Delete or redraw this line independently without changing the other mile segments. Colors alternate green and blue to make adjacent segments easier to distinguish.</description>
        <styleUrl>#segmentGreen</styleUrl>
        <LineString><tessellate>1</tessellate><coordinates>-117.2697437099335,32.81407269813345,0 -117.26974,32.81407,0 -117.26962,32.81389,0 -117.26966,32.81382,0 -117.26963,32.81374,0 -117.26955,32.81369,0 -117.26951,32.81368,0 -117.26931,32.81344,0 -117.26929,32.81332,0 -117.26842,32.81248,0 -117.26836,32.81247,0 -117.26837,32.8124,0 -117.26829,32.81231,0 -117.26819,32.81229,0 -117.26809,32.81227,0 -117.26797,32.81217,0 -117.26792,32.81205,0 -117.26719,32.81143,0 -117.26705,32.81139,0 -117.26684,32.81119,0 -117.26684,32.8111,0 -117.2668,32.81105,0 -117.26651,32.81085,0 -117.26621,32.81058,0 -117.26613,32.81048,0 -117.26484,32.80939,0 -117.26468,32.80929,0 -117.26346,32.80827,0 -117.26316,32.80808,0 -117.26285,32.80796,0 -117.26277,32.80795,0 -117.26262,32.80795,0 -117.26239,32.8079,0 -117.26198,32.80787,0 -117.26164,32.80776,0 -117.26145,32.80765,0 -117.26093,32.80725,0 -117.25972,32.80622,0 -117.25938,32.80587,0 -117.25888,32.8053,0 -117.25864,32.80498,0 -117.25865,32.80497,0 -117.25856,32.80483,0 -117.25847,32.80488,0 -117.25841,32.80485,0 -117.25819,32.80485,0 -117.25822,32.80493,0 -117.25824,32.80493,0 -117.25822,32.80493,0 -117.25819,32.80485,0 -117.25816,32.80485,0 -117.25806040248453,32.8045711269567,0</coordinates></LineString>
      </Placemark>
      <Placemark>
        <name>Segment 129 - Mile 128 to Mile 129</name>
        <description>Editable runner-route segment. Delete or redraw this line independently without changing the other mile segments. Colors alternate green and blue to make adjacent segments easier to distinguish.</description>
        <styleUrl>#segmentBlue</styleUrl>
        <LineString><tessellate>1</tessellate><coordinates>-117.25806040248453,32.8045711269567,0 -117.25801,32.80443,0 -117.2561,32.7982,0 -117.25604,32.7981,0 -117.25602,32.79804,0 -117.256,32.79788,0 -117.25569,32.79691,0 -117.2556,32.79657,0 -117.25491,32.79665,0 -117.25424,32.79678,0 -117.25371,32.79691,0 -117.253,32.79706,0 -117.25248,32.79719,0 -117.25228,32.7972,0 -117.25187,32.79729,0 -117.25168,32.79736,0 -117.25029,32.79767,0 -117.25018,32.79768,0 -117.25007,32.79769,0 -117.24989,32.79775,0 -117.24841054178384,32.798074759120624,0</coordinates></LineString>
      </Placemark>
      <Placemark>
        <name>Final segment - Mile 129 to Finish</name>
        <description>Editable runner-route segment. Delete or redraw this line independently without changing the other mile segments. Colors alternate green and blue to make adjacent segments easier to distinguish.</description>
        <styleUrl>#segmentGreen</styleUrl>
        <LineString><tessellate>1</tessellate><coordinates>-117.24841054178384,32.798074759120624,0 -117.24825,32.79811,0 -117.24806,32.79815,0 -117.24733,32.79831,0 -117.24721,32.79791,0 -117.23704,32.80015,0 -117.2372,32.80068,0 -117.2356,32.80104,0</coordinates></LineString>
      </Placemark>
    </Folder>
  </Document>
</kml>
