<?xml version="1.0" encoding="UTF-8"?>
<kml xmlns="http://www.opengis.net/kml/2.2"><Document><name>NSTT 2026 - Bathroom Stops</name>
  <description>Research-backed bathroom stop planning layer. It does not change runner geometry. Priorities are official public beach restrooms, grocery backups, coffee-chain backups, then fast-food or branded-gas backups. Confirm access, hours, closures, and any customer-only policy on race day.</description>
  <Style id="beachRestroom"><IconStyle><color>ff00aa00</color><scale>1.15</scale><Icon><href>http://maps.google.com/mapfiles/kml/paddle/grn-circle.png</href></Icon></IconStyle></Style>
  <Style id="placesRestroom"><IconStyle><color>ff00aa00</color><scale>1.05</scale><Icon><href>http://maps.google.com/mapfiles/kml/paddle/grn-circle.png</href></Icon></IconStyle></Style>
  <Style id="groceryBackup"><IconStyle><color>ff00aa00</color><Icon><href>http://maps.google.com/mapfiles/kml/paddle/grn-circle.png</href></Icon></IconStyle></Style>
  <Style id="coffeeBackup"><IconStyle><color>ffff0000</color><Icon><href>http://maps.google.com/mapfiles/kml/paddle/blu-circle.png</href></Icon></IconStyle></Style>
  <Style id="businessBackup"><IconStyle><color>ff808080</color><Icon><href>http://maps.google.com/mapfiles/kml/paddle/wht-circle.png</href></Icon></IconStyle></Style>
  <Folder><name>Bathroom stops — priority order</name>
    <Placemark><name>101 Bagels &amp; Subs</name>
      <description><![CDATA[Priority 3: Coffee-chain backup.<br/>Address: 323 N Coast Hwy Ste c, Oceanside, CA 92054, USA<br/>Approximate runner mile: 82.2.<br/>Nearest runner geometry: approximately 0.00 mi straight-line (not a walking detour).<br/>Verification: Google Places business backup (operational); confirm customer restroom access and hours on race day.<br/>Source: <a href="https://maps.google.com/?cid=3350297605552943192&g_mp=Cilnb29nbGUubWFwcy5wbGFjZXMudjEuUGxhY2VzLlNlYXJjaE5lYXJieRACGAQgAA">official / current listing</a>]]></description>
      <styleUrl>#coffeeBackup</styleUrl>
      <Point><coordinates>-117.3808961,33.1972889,0</coordinates></Point>
    </Placemark>
    <Placemark><name>1022 Cafe &amp; Gelateria</name>
      <description><![CDATA[Priority 3: Coffee-chain backup.<br/>Address: 602 Mission Ave, Oceanside, CA 92054, USA<br/>Approximate runner mile: 82.3.<br/>Nearest runner geometry: approximately 0.07 mi straight-line (not a walking detour).<br/>Verification: Google Places business backup (operational); confirm customer restroom access and hours on race day.<br/>Source: <a href="https://maps.google.com/?cid=12901532030684113831&g_mp=Cilnb29nbGUubWFwcy5wbGFjZXMudjEuUGxhY2VzLlNlYXJjaE5lYXJieRACGAQgAA">official / current listing</a>]]></description>
      <styleUrl>#coffeeBackup</styleUrl>
      <Point><coordinates>-117.37870029999999,33.1966283,0</coordinates></Point>
    </Placemark>
    <Placemark><name>59th &amp; Lex</name>
      <description><![CDATA[Priority 3: Coffee-chain backup.<br/>Address: 701 Newport Center Dr, Newport Beach, CA 92660, USA<br/>Approximate runner mile: 57.4.<br/>Nearest runner geometry: approximately 0.63 mi straight-line (not a walking detour).<br/>Verification: Google Places business backup (operational); confirm customer restroom access and hours on race day.<br/>Source: <a href="https://maps.google.com/?cid=17087806947687328748&g_mp=Cilnb29nbGUubWFwcy5wbGFjZXMudjEuUGxhY2VzLlNlYXJjaE5lYXJieRACGAQgAA">official / current listing</a>]]></description>
      <styleUrl>#coffeeBackup</styleUrl>
      <Point><coordinates>-117.87584689999998,33.6173761,0</coordinates></Point>
    </Placemark>
    <Placemark><name>5th Ave Bagelry</name>
      <description><![CDATA[Priority 3: Coffee-chain backup.<br/>Address: 707 E Oceanfront Unit a, Newport Beach, CA 92661, USA<br/>Approximate runner mile: 56.7.<br/>Nearest runner geometry: approximately 0.89 mi straight-line (not a walking detour).<br/>Verification: Google Places business backup (operational); confirm customer restroom access and hours on race day.<br/>Source: <a href="https://maps.google.com/?cid=3993108043469159747&g_mp=Cilnb29nbGUubWFwcy5wbGFjZXMudjEuUGxhY2VzLlNlYXJjaE5lYXJieRACGAQgAA">official / current listing</a>]]></description>
      <styleUrl>#coffeeBackup</styleUrl>
      <Point><coordinates>-117.8998993,33.6013178,0</coordinates></Point>
    </Placemark>
    <Placemark><name>602 Coffee House</name>
      <description><![CDATA[Priority 3: Coffee-chain backup.<br/>Address: 602 Pacific Coast Hwy, Huntington Beach, CA 92648, USA<br/>Approximate runner mile: 49.5.<br/>Nearest runner geometry: approximately 0.02 mi straight-line (not a walking detour).<br/>Verification: Google Places business backup (operational); confirm customer restroom access and hours on race day.<br/>Source: <a href="https://maps.google.com/?cid=3161442843783224056&g_mp=Cilnb29nbGUubWFwcy5wbGFjZXMudjEuUGxhY2VzLlNlYXJjaE5lYXJieRACGAQgAA">official / current listing</a>]]></description>
      <styleUrl>#coffeeBackup</styleUrl>
      <Point><coordinates>-118.00360749999999,33.6586947,0</coordinates></Point>
    </Placemark>
    <Placemark><name>7 Leaves Cafe</name>
      <description><![CDATA[Priority 3: Coffee-chain backup.<br/>Address: 5101 E Imperial Hwy, Lynwood, CA 90262, USA<br/>Approximate runner mile: 22.6.<br/>Nearest runner geometry: approximately 0.04 mi straight-line (not a walking detour).<br/>Verification: Google Places business backup (operational); confirm customer restroom access and hours on race day.<br/>Source: <a href="https://maps.google.com/?cid=1720477230040650378&g_mp=Cilnb29nbGUubWFwcy5wbGFjZXMudjEuUGxhY2VzLlNlYXJjaE5lYXJieRACGAQgAA">official / current listing</a>]]></description>
      <styleUrl>#coffeeBackup</styleUrl>
      <Point><coordinates>-118.18291649999999,33.9309886,0</coordinates></Point>
    </Placemark>
    <Placemark><name>7-Eleven</name>
      <description><![CDATA[Priority 3: Coffee-chain backup.<br/>Address: 4010 Lincoln Blvd, Marina Del Rey, CA 90292, USA<br/>Approximate runner mile: 3.7.<br/>Nearest runner geometry: approximately 0.03 mi straight-line (not a walking detour).<br/>Verification: Google Places business backup (operational); confirm customer restroom access and hours on race day.<br/>Source: <a href="https://maps.google.com/?cid=1879488030783413550&g_mp=Cilnb29nbGUubWFwcy5wbGFjZXMudjEuUGxhY2VzLlNlYXJjaE5lYXJieRACGAQgAA">official / current listing</a>]]></description>
      <styleUrl>#coffeeBackup</styleUrl>
      <Point><coordinates>-118.4471761,33.9902107,0</coordinates></Point>
    </Placemark>
    <Placemark><name>7-Eleven</name>
      <description><![CDATA[Priority 3: Coffee-chain backup.<br/>Address: 1516 Lincoln Blvd, Venice, CA 90291, USA<br/>Approximate runner mile: 2.6.<br/>Nearest runner geometry: approximately 0.58 mi straight-line (not a walking detour).<br/>Verification: Google Places business backup (operational); confirm customer restroom access and hours on race day.<br/>Source: <a href="https://maps.google.com/?cid=1576033144351256392&g_mp=Cilnb29nbGUubWFwcy5wbGFjZXMudjEuUGxhY2VzLlNlYXJjaE5lYXJieRACGAQgAA">official / current listing</a>]]></description>
      <styleUrl>#coffeeBackup</styleUrl>
      <Point><coordinates>-118.4593946,33.9976558,0</coordinates></Point>
    </Placemark>
    <Placemark><name>7-Eleven</name>
      <description><![CDATA[Priority 3: Coffee-chain backup.<br/>Address: 12403 Venice Blvd., Los Angeles, CA 90066, USA<br/>Approximate runner mile: 4.5.<br/>Nearest runner geometry: approximately 0.49 mi straight-line (not a walking detour).<br/>Verification: Google Places business backup (operational); confirm customer restroom access and hours on race day.<br/>Source: <a href="https://maps.google.com/?cid=7819250774985931586&g_mp=Cilnb29nbGUubWFwcy5wbGFjZXMudjEuUGxhY2VzLlNlYXJjaE5lYXJieRACGAQgAA">official / current listing</a>]]></description>
      <styleUrl>#coffeeBackup</styleUrl>
      <Point><coordinates>-118.4340936,34.00391870000001,0</coordinates></Point>
    </Placemark>
    <Placemark><name>7-Eleven</name>
      <description><![CDATA[Priority 3: Coffee-chain backup.<br/>Address: 4436 Sepulveda Blvd, Culver City, CA 90230, USA<br/>Approximate runner mile: 5.8.<br/>Nearest runner geometry: approximately 0.84 mi straight-line (not a walking detour).<br/>Verification: Google Places business backup (operational); confirm customer restroom access and hours on race day.<br/>Source: <a href="https://maps.google.com/?cid=7754283941582165933&g_mp=Cilnb29nbGUubWFwcy5wbGFjZXMudjEuUGxhY2VzLlNlYXJjaE5lYXJieRACGAQgAA">official / current listing</a>]]></description>
      <styleUrl>#coffeeBackup</styleUrl>
      <Point><coordinates>-118.40652159999999,34.0029957,0</coordinates></Point>
    </Placemark>
    <Placemark><name>7-Eleven</name>
      <description><![CDATA[Priority 3: Coffee-chain backup.<br/>Address: 11299 Washington Blvd, Culver City, CA 90230, USA<br/>Approximate runner mile: 5.3.<br/>Nearest runner geometry: approximately 0.64 mi straight-line (not a walking detour).<br/>Verification: Google Places business backup (operational); confirm customer restroom access and hours on race day.<br/>Source: <a href="https://maps.google.com/?cid=1800358110636753704&g_mp=Cilnb29nbGUubWFwcy5wbGFjZXMudjEuUGxhY2VzLlNlYXJjaE5lYXJieRACGAQgAA">official / current listing</a>]]></description>
      <styleUrl>#coffeeBackup</styleUrl>
      <Point><coordinates>-118.4147129,34.0048153,0</coordinates></Point>
    </Placemark>
    <Placemark><name>7-Eleven</name>
      <description><![CDATA[Priority 3: Coffee-chain backup.<br/>Address: 5495 Sepulveda Blvd, Culver City, CA 90230, USA<br/>Approximate runner mile: 6.9.<br/>Nearest runner geometry: approximately 0.56 mi straight-line (not a walking detour).<br/>Verification: Google Places business backup (operational); confirm customer restroom access and hours on race day.<br/>Source: <a href="https://maps.google.com/?cid=7058414834171892997&g_mp=Cilnb29nbGUubWFwcy5wbGFjZXMudjEuUGxhY2VzLlNlYXJjaE5lYXJieRACGAQgAA">official / current listing</a>]]></description>
      <styleUrl>#coffeeBackup</styleUrl>
      <Point><coordinates>-118.3958401,33.9932432,0</coordinates></Point>
    </Placemark>
    <Placemark><name>7-Eleven</name>
      <description><![CDATA[Priority 3: Coffee-chain backup.<br/>Address: 5498 1/2 W Centinela Ave, Los Angeles, CA 90045, USA<br/>Approximate runner mile: 9.0.<br/>Nearest runner geometry: approximately 0.64 mi straight-line (not a walking detour).<br/>Verification: Google Places business backup (operational); confirm customer restroom access and hours on race day.<br/>Source: <a href="https://maps.google.com/?cid=12898787569282505446&g_mp=Cilnb29nbGUubWFwcy5wbGFjZXMudjEuUGxhY2VzLlNlYXJjaE5lYXJieRACGAQgAA">official / current listing</a>]]></description>
      <styleUrl>#coffeeBackup</styleUrl>
      <Point><coordinates>-118.3765645,33.9767073,0</coordinates></Point>
    </Placemark>
    <Placemark><name>7-Eleven</name>
      <description><![CDATA[Priority 3: Coffee-chain backup.<br/>Address: 5880 W Manchester Ave, Los Angeles, CA 90045, USA<br/>Approximate runner mile: 9.2.<br/>Nearest runner geometry: approximately 0.58 mi straight-line (not a walking detour).<br/>Verification: Google Places business backup (operational); confirm customer restroom access and hours on race day.<br/>Source: <a href="https://maps.google.com/?cid=11360720774762586941&g_mp=Cilnb29nbGUubWFwcy5wbGFjZXMudjEuUGxhY2VzLlNlYXJjaE5lYXJieRACGAQgAA">official / current listing</a>]]></description>
      <styleUrl>#coffeeBackup</styleUrl>
      <Point><coordinates>-118.3851407,33.9594866,0</coordinates></Point>
    </Placemark>
    <Placemark><name>7-Eleven</name>
      <description><![CDATA[Priority 3: Coffee-chain backup.<br/>Address: 1117 W Manchester Blvd, Inglewood, CA 90301, USA<br/>Approximate runner mile: 9.6.<br/>Nearest runner geometry: approximately 0.23 mi straight-line (not a walking detour).<br/>Verification: Google Places business backup (operational); confirm customer restroom access and hours on race day.<br/>Source: <a href="https://maps.google.com/?cid=7829175934721580383&g_mp=Cilnb29nbGUubWFwcy5wbGFjZXMudjEuUGxhY2VzLlNlYXJjaE5lYXJieRACGAQgAA">official / current listing</a>]]></description>
      <styleUrl>#coffeeBackup</styleUrl>
      <Point><coordinates>-118.3758696,33.9602423,0</coordinates></Point>
    </Placemark>
    <Placemark><name>7-Eleven</name>
      <description><![CDATA[Priority 3: Coffee-chain backup.<br/>Address: 8307 S La Cienega Blvd, Inglewood, CA 90301, USA<br/>Approximate runner mile: 9.8.<br/>Nearest runner geometry: approximately 0.03 mi straight-line (not a walking detour).<br/>Verification: Google Places business backup (operational); confirm customer restroom access and hours on race day.<br/>Source: <a href="https://maps.google.com/?cid=6529516739691984347&g_mp=Cilnb29nbGUubWFwcy5wbGFjZXMudjEuUGxhY2VzLlNlYXJjaE5lYXJieRACGAQgAA">official / current listing</a>]]></description>
      <styleUrl>#coffeeBackup</styleUrl>
      <Point><coordinates>-118.3709743,33.962894399999996,0</coordinates></Point>
    </Placemark>
    <Placemark><name>7-Eleven</name>
      <description><![CDATA[Priority 3: Coffee-chain backup.<br/>Address: 345 W Manchester Blvd, Inglewood, CA 90301, USA<br/>Approximate runner mile: 10.5.<br/>Nearest runner geometry: approximately 0.01 mi straight-line (not a walking detour).<br/>Verification: Google Places business backup (operational); confirm customer restroom access and hours on race day.<br/>Source: <a href="https://maps.google.com/?cid=15379288817777302324&g_mp=Cilnb29nbGUubWFwcy5wbGFjZXMudjEuUGxhY2VzLlNlYXJjaE5lYXJieRACGAQgAA">official / current listing</a>]]></description>
      <styleUrl>#coffeeBackup</styleUrl>
      <Point><coordinates>-118.3614299,33.9620041,0</coordinates></Point>
    </Placemark>
    <Placemark><name>7-Eleven</name>
      <description><![CDATA[Priority 3: Coffee-chain backup.<br/>Address: 437 N La Brea Ave, Inglewood, CA 90302, USA<br/>Approximate runner mile: 10.8.<br/>Nearest runner geometry: approximately 0.45 mi straight-line (not a walking detour).<br/>Verification: Google Places business backup (operational); confirm customer restroom access and hours on race day.<br/>Source: <a href="https://maps.google.com/?cid=7127597973103041338&g_mp=Cilnb29nbGUubWFwcy5wbGFjZXMudjEuUGxhY2VzLlNlYXJjaE5lYXJieRACGAQgAA">official / current listing</a>]]></description>
      <styleUrl>#coffeeBackup</styleUrl>
      <Point><coordinates>-118.3559027,33.9683837,0</coordinates></Point>
    </Placemark>
    <Placemark><name>7-Eleven</name>
      <description><![CDATA[Priority 3: Coffee-chain backup.<br/>Address: 348 W Arbor Vitae St, Inglewood, CA 90301, USA<br/>Approximate runner mile: 10.5.<br/>Nearest runner geometry: approximately 0.66 mi straight-line (not a walking detour).<br/>Verification: Google Places business backup (operational); confirm customer restroom access and hours on race day.<br/>Source: <a href="https://maps.google.com/?cid=14180388666914524469&g_mp=Cilnb29nbGUubWFwcy5wbGFjZXMudjEuUGxhY2VzLlNlYXJjaE5lYXJieRACGAQgAA">official / current listing</a>]]></description>
      <styleUrl>#coffeeBackup</styleUrl>
      <Point><coordinates>-118.36106369999997,33.9523175,0</coordinates></Point>
    </Placemark>
    <Placemark><name>7-Eleven</name>
      <description><![CDATA[Priority 3: Coffee-chain backup.<br/>Address: 1201 Centinela Ave, Inglewood, CA 90302, USA<br/>Approximate runner mile: 10.6.<br/>Nearest runner geometry: approximately 0.98 mi straight-line (not a walking detour).<br/>Verification: Google Places business backup (operational); confirm customer restroom access and hours on race day.<br/>Source: <a href="https://maps.google.com/?cid=3491160567071356923&g_mp=Cilnb29nbGUubWFwcy5wbGFjZXMudjEuUGxhY2VzLlNlYXJjaE5lYXJieRACGAQgAA">official / current listing</a>]]></description>
      <styleUrl>#coffeeBackup</styleUrl>
      <Point><coordinates>-118.35983809999999,33.976019799999996,0</coordinates></Point>
    </Placemark>
    <Placemark><name>7-Eleven</name>
      <description><![CDATA[Priority 3: Coffee-chain backup.<br/>Address: 1100 S La Brea Ave, Inglewood, CA 90301, USA<br/>Approximate runner mile: 11.4.<br/>Nearest runner geometry: approximately 0.86 mi straight-line (not a walking detour).<br/>Verification: Google Places business backup (operational); confirm customer restroom access and hours on race day.<br/>Source: <a href="https://maps.google.com/?cid=18370762905039446522&g_mp=Cilnb29nbGUubWFwcy5wbGFjZXMudjEuUGxhY2VzLlNlYXJjaE5lYXJieRACGAQgAA">official / current listing</a>]]></description>
      <styleUrl>#coffeeBackup</styleUrl>
      <Point><coordinates>-118.3523585,33.9487065,0</coordinates></Point>
    </Placemark>
    <Placemark><name>7-Eleven</name>
      <description><![CDATA[Priority 3: Coffee-chain backup.<br/>Address: 3018 W Manchester Blvd, Inglewood, CA 90305, USA<br/>Approximate runner mile: 12.6.<br/>Nearest runner geometry: approximately 0.02 mi straight-line (not a walking detour).<br/>Verification: Google Places business backup (operational); confirm customer restroom access and hours on race day.<br/>Source: <a href="https://maps.google.com/?cid=13510214050042322354&g_mp=Cilnb29nbGUubWFwcy5wbGFjZXMudjEuUGxhY2VzLlNlYXJjaE5lYXJieRACGAQgAA">official / current listing</a>]]></description>
      <styleUrl>#coffeeBackup</styleUrl>
      <Point><coordinates>-118.3259764,33.9597586,0</coordinates></Point>
    </Placemark>
    <Placemark><name>7-Eleven</name>
      <description><![CDATA[Priority 3: Coffee-chain backup.<br/>Address: 837 S Prairie Ave, Inglewood, CA 90301, USA<br/>Approximate runner mile: 11.5.<br/>Nearest runner geometry: approximately 0.48 mi straight-line (not a walking detour).<br/>Verification: Google Places business backup (operational); confirm customer restroom access and hours on race day.<br/>Source: <a href="https://maps.google.com/?cid=10695989172443964045&g_mp=Cilnb29nbGUubWFwcy5wbGFjZXMudjEuUGxhY2VzLlNlYXJjaE5lYXJieRACGAQgAA">official / current listing</a>]]></description>
      <styleUrl>#coffeeBackup</styleUrl>
      <Point><coordinates>-118.34424639999997,33.952962,0</coordinates></Point>
    </Placemark>
    <Placemark><name>7-Eleven</name>
      <description><![CDATA[Priority 3: Coffee-chain backup.<br/>Address: 3311 W. Century Blvd @ 11th, Inglewood, CA 90303, USA<br/>Approximate runner mile: 12.4.<br/>Nearest runner geometry: approximately 0.99 mi straight-line (not a walking detour).<br/>Verification: Google Places business backup (operational); confirm customer restroom access and hours on race day.<br/>Source: <a href="https://maps.google.com/?cid=8338479975678170924&g_mp=Cilnb29nbGUubWFwcy5wbGFjZXMudjEuUGxhY2VzLlNlYXJjaE5lYXJieRACGAQgAA">official / current listing</a>]]></description>
      <styleUrl>#coffeeBackup</styleUrl>
      <Point><coordinates>-118.3295746,33.9457892,0</coordinates></Point>
    </Placemark>
    <Placemark><name>7-Eleven</name>
      <description><![CDATA[Priority 3: Coffee-chain backup.<br/>Address: 505 W Century Blvd, Los Angeles, CA 90044, USA<br/>Approximate runner mile: 15.1.<br/>Nearest runner geometry: approximately 0.98 mi straight-line (not a walking detour).<br/>Verification: Google Places business backup (operational); confirm customer restroom access and hours on race day.<br/>Source: <a href="https://maps.google.com/?cid=7579401784303600296&g_mp=Cilnb29nbGUubWFwcy5wbGFjZXMudjEuUGxhY2VzLlNlYXJjaE5lYXJieRACGAQgAA">official / current listing</a>]]></description>
      <styleUrl>#coffeeBackup</styleUrl>
      <Point><coordinates>-118.2829898,33.9457685,0</coordinates></Point>
    </Placemark>
    <Placemark><name>7-Eleven</name>
      <description><![CDATA[Priority 3: Coffee-chain backup.<br/>Address: 2811 Firestone Blvd, South Gate, CA 90280, USA<br/>Approximate runner mile: 18.9.<br/>Nearest runner geometry: approximately 0.02 mi straight-line (not a walking detour).<br/>Verification: Google Places business backup (operational); confirm customer restroom access and hours on race day.<br/>Source: <a href="https://maps.google.com/?cid=5465011895750920159&g_mp=Cilnb29nbGUubWFwcy5wbGFjZXMudjEuUGxhY2VzLlNlYXJjaE5lYXJieRACGAQgAA">official / current listing</a>]]></description>
      <styleUrl>#coffeeBackup</styleUrl>
      <Point><coordinates>-118.22083999999998,33.955919,0</coordinates></Point>
    </Placemark>
    <Placemark><name>7-Eleven</name>
      <description><![CDATA[Priority 3: Coffee-chain backup.<br/>Address: 9703 State St, South Gate, CA 90280, USA<br/>Approximate runner mile: 19.4.<br/>Nearest runner geometry: approximately 0.52 mi straight-line (not a walking detour).<br/>Verification: Google Places business backup (operational); confirm customer restroom access and hours on race day.<br/>Source: <a href="https://maps.google.com/?cid=9773458919989805073&g_mp=Cilnb29nbGUubWFwcy5wbGFjZXMudjEuUGxhY2VzLlNlYXJjaE5lYXJieRACGAQgAA">official / current listing</a>]]></description>
      <styleUrl>#coffeeBackup</styleUrl>
      <Point><coordinates>-118.2137591,33.947216499999996,0</coordinates></Point>
    </Placemark>
    <Placemark><name>7-Eleven</name>
      <description><![CDATA[Priority 3: Coffee-chain backup.<br/>Address: 3507 Liberty Blvd, South Gate, CA 90280, USA<br/>Approximate runner mile: 19.8.<br/>Nearest runner geometry: approximately 0.44 mi straight-line (not a walking detour).<br/>Verification: Google Places business backup (operational); confirm customer restroom access and hours on race day.<br/>Source: <a href="https://maps.google.com/?cid=16350860324182351397&g_mp=Cilnb29nbGUubWFwcy5wbGFjZXMudjEuUGxhY2VzLlNlYXJjaE5lYXJieRACGAQgAA">official / current listing</a>]]></description>
      <styleUrl>#coffeeBackup</styleUrl>
      <Point><coordinates>-118.2048322,33.9604038,0</coordinates></Point>
    </Placemark>
    <Placemark><name>7-Eleven</name>
      <description><![CDATA[Priority 3: Coffee-chain backup.<br/>Address: 8708 Atlantic Ave, South Gate, CA 90280, USA<br/>Approximate runner mile: 21.1.<br/>Nearest runner geometry: approximately 0.03 mi straight-line (not a walking detour).<br/>Verification: Google Places business backup (operational); confirm customer restroom access and hours on race day.<br/>Source: <a href="https://maps.google.com/?cid=10479772090626047073&g_mp=Cilnb29nbGUubWFwcy5wbGFjZXMudjEuUGxhY2VzLlNlYXJjaE5lYXJieRACGAQgAA">official / current listing</a>]]></description>
      <styleUrl>#coffeeBackup</styleUrl>
      <Point><coordinates>-118.1827466,33.9520717,0</coordinates></Point>
    </Placemark>
    <Placemark><name>7-Eleven</name>
      <description><![CDATA[Priority 3: Coffee-chain backup.<br/>Address: 4383 Tweedy Blvd, South Gate, CA 90280, USA<br/>Approximate runner mile: 20.5.<br/>Nearest runner geometry: approximately 0.66 mi straight-line (not a walking detour).<br/>Verification: Google Places business backup (operational); confirm customer restroom access and hours on race day.<br/>Source: <a href="https://maps.google.com/?cid=864556660458376756&g_mp=Cilnb29nbGUubWFwcy5wbGFjZXMudjEuUGxhY2VzLlNlYXJjaE5lYXJieRACGAQgAA">official / current listing</a>]]></description>
      <styleUrl>#coffeeBackup</styleUrl>
      <Point><coordinates>-118.19488679999999,33.9434103,0</coordinates></Point>
    </Placemark>
    <Placemark><name>7-Eleven</name>
      <description><![CDATA[Priority 3: Coffee-chain backup.<br/>Address: 10648 Atlantic Ave, Lynwood, CA 90262, USA<br/>Approximate runner mile: 22.4.<br/>Nearest runner geometry: approximately 0.04 mi straight-line (not a walking detour).<br/>Verification: Google Places business backup (operational); confirm customer restroom access and hours on race day.<br/>Source: <a href="https://maps.google.com/?cid=2119546077420134715&g_mp=Cilnb29nbGUubWFwcy5wbGFjZXMudjEuUGxhY2VzLlNlYXJjaE5lYXJieRACGAQgAA">official / current listing</a>]]></description>
      <styleUrl>#coffeeBackup</styleUrl>
      <Point><coordinates>-118.18190810000002,33.9342852,0</coordinates></Point>
    </Placemark>
    <Placemark><name>7-Eleven</name>
      <description><![CDATA[Priority 3: Coffee-chain backup.<br/>Address: 10840 Garfield Ave, South Gate, CA 90280, USA<br/>Approximate runner mile: 22.4.<br/>Nearest runner geometry: approximately 0.88 mi straight-line (not a walking detour).<br/>Verification: Google Places business backup (operational); confirm customer restroom access and hours on race day.<br/>Source: <a href="https://maps.google.com/?cid=14853323194295522314&g_mp=Cilnb29nbGUubWFwcy5wbGFjZXMudjEuUGxhY2VzLlNlYXJjaE5lYXJieRACGAQgAA">official / current listing</a>]]></description>
      <styleUrl>#coffeeBackup</styleUrl>
      <Point><coordinates>-118.1676943,33.9303137,0</coordinates></Point>
    </Placemark>
    <Placemark><name>7-Eleven</name>
      <description><![CDATA[Priority 3: Coffee-chain backup.<br/>Address: 11400 Atlantic Ave, Lynwood, CA 90262, USA<br/>Approximate runner mile: 23.4.<br/>Nearest runner geometry: approximately 0.03 mi straight-line (not a walking detour).<br/>Verification: Google Places business backup (operational); confirm customer restroom access and hours on race day.<br/>Source: <a href="https://maps.google.com/?cid=18361628873956267049&g_mp=Cilnb29nbGUubWFwcy5wbGFjZXMudjEuUGxhY2VzLlNlYXJjaE5lYXJieRACGAQgAA">official / current listing</a>]]></description>
      <styleUrl>#coffeeBackup</styleUrl>
      <Point><coordinates>-118.18716359999999,33.9207926,0</coordinates></Point>
    </Placemark>
    <Placemark><name>7-Eleven</name>
      <description><![CDATA[Priority 3: Coffee-chain backup.<br/>Address: 3791 Martin Luther King Jr Blvd, Lynwood, CA 90262, USA<br/>Approximate runner mile: 23.1.<br/>Nearest runner geometry: approximately 0.82 mi straight-line (not a walking detour).<br/>Verification: Google Places business backup (operational); confirm customer restroom access and hours on race day.<br/>Source: <a href="https://maps.google.com/?cid=14332323374533832190&g_mp=Cilnb29nbGUubWFwcy5wbGFjZXMudjEuUGxhY2VzLlNlYXJjaE5lYXJieRACGAQgAA">official / current listing</a>]]></description>
      <styleUrl>#coffeeBackup</styleUrl>
      <Point><coordinates>-118.19973069999999,33.9285379,0</coordinates></Point>
    </Placemark>
    <Placemark><name>7-Eleven</name>
      <description><![CDATA[Priority 3: Coffee-chain backup.<br/>Address: 4417 Rosecrans Ave, Compton, CA 90221, USA<br/>Approximate runner mile: 24.6.<br/>Nearest runner geometry: approximately 0.02 mi straight-line (not a walking detour).<br/>Verification: Google Places business backup (operational); confirm customer restroom access and hours on race day.<br/>Source: <a href="https://maps.google.com/?cid=14946824099925015080&g_mp=Cilnb29nbGUubWFwcy5wbGFjZXMudjEuUGxhY2VzLlNlYXJjaE5lYXJieRACGAQgAA">official / current listing</a>]]></description>
      <styleUrl>#coffeeBackup</styleUrl>
      <Point><coordinates>-118.19438949999999,33.9038818,0</coordinates></Point>
    </Placemark>
    <Placemark><name>7-Eleven</name>
      <description><![CDATA[Priority 3: Coffee-chain backup.<br/>Address: 1562 S Long Beach Blvd, Compton, CA 90221, USA<br/>Approximate runner mile: 27.2.<br/>Nearest runner geometry: approximately 0.93 mi straight-line (not a walking detour).<br/>Verification: Google Places business backup (operational); confirm customer restroom access and hours on race day.<br/>Source: <a href="https://maps.google.com/?cid=15128227825862524822&g_mp=Cilnb29nbGUubWFwcy5wbGFjZXMudjEuUGxhY2VzLlNlYXJjaE5lYXJieRACGAQgAA">official / current listing</a>]]></description>
      <styleUrl>#coffeeBackup</styleUrl>
      <Point><coordinates>-118.2044165,33.881579099999996,0</coordinates></Point>
    </Placemark>
    <Placemark><name>7-Eleven</name>
      <description><![CDATA[Priority 3: Coffee-chain backup.<br/>Address: 6151 Atlantic Ave, Long Beach, CA 90805, USA<br/>Approximate runner mile: 27.9.<br/>Nearest runner geometry: approximately 0.42 mi straight-line (not a walking detour).<br/>Verification: Google Places business backup (operational); confirm customer restroom access and hours on race day.<br/>Source: <a href="https://maps.google.com/?cid=10068887911963654170&g_mp=Cilnb29nbGUubWFwcy5wbGFjZXMudjEuUGxhY2VzLlNlYXJjaE5lYXJieRACGAQgAA">official / current listing</a>]]></description>
      <styleUrl>#coffeeBackup</styleUrl>
      <Point><coordinates>-118.185423,33.8665814,0</coordinates></Point>
    </Placemark>
    <Placemark><name>7-Eleven</name>
      <description><![CDATA[Priority 3: Coffee-chain backup.<br/>Address: 5000 Long Beach Blvd, Long Beach, CA 90805, USA<br/>Approximate runner mile: 29.5.<br/>Nearest runner geometry: approximately 0.52 mi straight-line (not a walking detour).<br/>Verification: Google Places business backup (operational); confirm customer restroom access and hours on race day.<br/>Source: <a href="https://maps.google.com/?cid=14105895443182270412&g_mp=Cilnb29nbGUubWFwcy5wbGFjZXMudjEuUGxhY2VzLlNlYXJjaE5lYXJieRACGAQgAA">official / current listing</a>]]></description>
      <styleUrl>#coffeeBackup</styleUrl>
      <Point><coordinates>-118.1934701,33.8471507,0</coordinates></Point>
    </Placemark>
    <Placemark><name>7-Eleven</name>
      <description><![CDATA[Priority 3: Coffee-chain backup.<br/>Address: 4200 Long Beach Blvd, Long Beach, CA 90807, USA<br/>Approximate runner mile: 30.3.<br/>Nearest runner geometry: approximately 0.83 mi straight-line (not a walking detour).<br/>Verification: Google Places business backup (operational); confirm customer restroom access and hours on race day.<br/>Source: <a href="https://maps.google.com/?cid=3042589416070655206&g_mp=Cilnb29nbGUubWFwcy5wbGFjZXMudjEuUGxhY2VzLlNlYXJjaE5lYXJieRACGAQgAA">official / current listing</a>]]></description>
      <styleUrl>#coffeeBackup</styleUrl>
      <Point><coordinates>-118.189,33.83507,0</coordinates></Point>
    </Placemark>
    <Placemark><name>7-Eleven</name>
      <description><![CDATA[Priority 3: Coffee-chain backup.<br/>Address: 3001 Pacific Ave, Long Beach, CA 90806, USA<br/>Approximate runner mile: 32.0.<br/>Nearest runner geometry: approximately 0.61 mi straight-line (not a walking detour).<br/>Verification: Google Places business backup (operational); confirm customer restroom access and hours on race day.<br/>Source: <a href="https://maps.google.com/?cid=7813604007608662643&g_mp=Cilnb29nbGUubWFwcy5wbGFjZXMudjEuUGxhY2VzLlNlYXJjaE5lYXJieRACGAQgAA">official / current listing</a>]]></description>
      <styleUrl>#coffeeBackup</styleUrl>
      <Point><coordinates>-118.19420129999999,33.8118543,0</coordinates></Point>
    </Placemark>
    <Placemark><name>7-Eleven</name>
      <description><![CDATA[Priority 3: Coffee-chain backup.<br/>Address: 3410 Long Beach Blvd, Long Beach, CA 90807, USA<br/>Approximate runner mile: 31.4.<br/>Nearest runner geometry: approximately 0.90 mi straight-line (not a walking detour).<br/>Verification: Google Places business backup (operational); confirm customer restroom access and hours on race day.<br/>Source: <a href="https://maps.google.com/?cid=11641795303748967417&g_mp=Cilnb29nbGUubWFwcy5wbGFjZXMudjEuUGxhY2VzLlNlYXJjaE5lYXJieRACGAQgAA">official / current listing</a>]]></description>
      <styleUrl>#coffeeBackup</styleUrl>
      <Point><coordinates>-118.1891391,33.819538,0</coordinates></Point>
    </Placemark>
    <Placemark><name>7-Eleven</name>
      <description><![CDATA[Priority 3: Coffee-chain backup.<br/>Address: 2600 Pacific Ave, Long Beach, CA 90806, USA<br/>Approximate runner mile: 32.6.<br/>Nearest runner geometry: approximately 0.65 mi straight-line (not a walking detour).<br/>Verification: Google Places business backup (operational); confirm customer restroom access and hours on race day.<br/>Source: <a href="https://maps.google.com/?cid=5309620255665602290&g_mp=Cilnb29nbGUubWFwcy5wbGFjZXMudjEuUGxhY2VzLlNlYXJjaE5lYXJieRACGAQgAA">official / current listing</a>]]></description>
      <styleUrl>#coffeeBackup</styleUrl>
      <Point><coordinates>-118.1933248,33.8045851,0</coordinates></Point>
    </Placemark>
    <Placemark><name>7-Eleven</name>
      <description><![CDATA[Priority 3: Coffee-chain backup.<br/>Address: 1960 Santa Fe Ave, Long Beach, CA 90810, USA<br/>Approximate runner mile: 33.3.<br/>Nearest runner geometry: approximately 0.63 mi straight-line (not a walking detour).<br/>Verification: Google Places business backup (operational); confirm customer restroom access and hours on race day.<br/>Source: <a href="https://maps.google.com/?cid=9723790185876209200&g_mp=Cilnb29nbGUubWFwcy5wbGFjZXMudjEuUGxhY2VzLlNlYXJjaE5lYXJieRACGAQgAA">official / current listing</a>]]></description>
      <styleUrl>#coffeeBackup</styleUrl>
      <Point><coordinates>-118.21521399999997,33.79284,0</coordinates></Point>
    </Placemark>
    <Placemark><name>7-Eleven</name>
      <description><![CDATA[Priority 3: Coffee-chain backup.<br/>Address: 1014 Pacific Coast Hwy, Long Beach, CA 90806, USA<br/>Approximate runner mile: 34.9.<br/>Nearest runner geometry: approximately 0.01 mi straight-line (not a walking detour).<br/>Verification: Google Places business backup (operational); confirm customer restroom access and hours on race day.<br/>Source: <a href="https://maps.google.com/?cid=15146582141554776332&g_mp=Cilnb29nbGUubWFwcy5wbGFjZXMudjEuUGxhY2VzLlNlYXJjaE5lYXJieRACGAQgAA">official / current listing</a>]]></description>
      <styleUrl>#coffeeBackup</styleUrl>
      <Point><coordinates>-118.18022699999999,33.7896648,0</coordinates></Point>
    </Placemark>
    <Placemark><name>7-Eleven</name>
      <description><![CDATA[Priority 3: Coffee-chain backup.<br/>Address: 1004 Long Beach Blvd, Long Beach, CA 90813, USA<br/>Approximate runner mile: 34.4.<br/>Nearest runner geometry: approximately 0.73 mi straight-line (not a walking detour).<br/>Verification: Google Places business backup (operational); confirm customer restroom access and hours on race day.<br/>Source: <a href="https://maps.google.com/?cid=3015625210869477911&g_mp=Cilnb29nbGUubWFwcy5wbGFjZXMudjEuUGxhY2VzLlNlYXJjaE5lYXJieRACGAQgAA">official / current listing</a>]]></description>
      <styleUrl>#coffeeBackup</styleUrl>
      <Point><coordinates>-118.1887628,33.779226099999995,0</coordinates></Point>
    </Placemark>
    <Placemark><name>7-Eleven</name>
      <description><![CDATA[Priority 3: Coffee-chain backup.<br/>Address: 1165 E Anaheim St, Long Beach, CA 90813, USA<br/>Approximate runner mile: 35.1.<br/>Nearest runner geometry: approximately 0.47 mi straight-line (not a walking detour).<br/>Verification: Google Places business backup (operational); confirm customer restroom access and hours on race day.<br/>Source: <a href="https://maps.google.com/?cid=11069186377384319201&g_mp=Cilnb29nbGUubWFwcy5wbGFjZXMudjEuUGxhY2VzLlNlYXJjaE5lYXJieRACGAQgAA">official / current listing</a>]]></description>
      <styleUrl>#coffeeBackup</styleUrl>
      <Point><coordinates>-118.17740099999997,33.783006799999995,0</coordinates></Point>
    </Placemark>
    <Placemark><name>7-Eleven</name>
      <description><![CDATA[Priority 3: Coffee-chain backup.<br/>Address: 2799 E Pacific Coast Hwy, Signal Hill, CA 90755, USA<br/>Approximate runner mile: 36.1.<br/>Nearest runner geometry: approximately 0.03 mi straight-line (not a walking detour).<br/>Verification: Google Places business backup (operational); confirm customer restroom access and hours on race day.<br/>Source: <a href="https://maps.google.com/?cid=11211497026713151544&g_mp=Cilnb29nbGUubWFwcy5wbGFjZXMudjEuUGxhY2VzLlNlYXJjaE5lYXJieRACGAQgAA">official / current listing</a>]]></description>
      <styleUrl>#coffeeBackup</styleUrl>
      <Point><coordinates>-118.1593072,33.7902039,0</coordinates></Point>
    </Placemark>
    <Placemark><name>7-Eleven</name>
      <description><![CDATA[Priority 3: Coffee-chain backup.<br/>Address: 1100 Redondo Ave, Long Beach, CA 90804, USA<br/>Approximate runner mile: 36.5.<br/>Nearest runner geometry: approximately 0.60 mi straight-line (not a walking detour).<br/>Verification: Google Places business backup (operational); confirm customer restroom access and hours on race day.<br/>Source: <a href="https://maps.google.com/?cid=17310647881482593439&g_mp=Cilnb29nbGUubWFwcy5wbGFjZXMudjEuUGxhY2VzLlNlYXJjaE5lYXJieRACGAQgAA">official / current listing</a>]]></description>
      <styleUrl>#coffeeBackup</styleUrl>
      <Point><coordinates>-118.15219839999999,33.7811729,0</coordinates></Point>
    </Placemark>
    <Placemark><name>7-Eleven</name>
      <description><![CDATA[Priority 3: Coffee-chain backup.<br/>Address: 4323 E Anaheim St, Long Beach, CA 90804, USA<br/>Approximate runner mile: 37.4.<br/>Nearest runner geometry: approximately 0.33 mi straight-line (not a walking detour).<br/>Verification: Google Places business backup (operational); confirm customer restroom access and hours on race day.<br/>Source: <a href="https://maps.google.com/?cid=4256916815966637275&g_mp=Cilnb29nbGUubWFwcy5wbGFjZXMudjEuUGxhY2VzLlNlYXJjaE5lYXJieRACGAQgAA">official / current listing</a>]]></description>
      <styleUrl>#coffeeBackup</styleUrl>
      <Point><coordinates>-118.1419375,33.7830139,0</coordinates></Point>
    </Placemark>
    <Placemark><name>7-Eleven</name>
      <description><![CDATA[Priority 3: Coffee-chain backup.<br/>Address: 5103 Pacific Coast Hwy, Long Beach, CA 90804, USA<br/>Approximate runner mile: 37.7.<br/>Nearest runner geometry: approximately 0.03 mi straight-line (not a walking detour).<br/>Verification: Google Places business backup (operational); confirm customer restroom access and hours on race day.<br/>Source: <a href="https://maps.google.com/?cid=17666988359582535769&g_mp=Cilnb29nbGUubWFwcy5wbGFjZXMudjEuUGxhY2VzLlNlYXJjaE5lYXJieRACGAQgAA">official / current listing</a>]]></description>
      <styleUrl>#coffeeBackup</styleUrl>
      <Point><coordinates>-118.1338221,33.784043499999996,0</coordinates></Point>
    </Placemark>
    <Placemark><name>7-Eleven</name>
      <description><![CDATA[Priority 3: Coffee-chain backup.<br/>Address: 1200 Pacific Coast Hwy, Seal Beach, CA 90740, USA<br/>Approximate runner mile: 41.3.<br/>Nearest runner geometry: approximately 0.02 mi straight-line (not a walking detour).<br/>Verification: Google Places business backup (operational); confirm customer restroom access and hours on race day.<br/>Source: <a href="https://maps.google.com/?cid=9302023640618794646&g_mp=Cilnb29nbGUubWFwcy5wbGFjZXMudjEuUGxhY2VzLlNlYXJjaE5lYXJieRACGAQgAA">official / current listing</a>]]></description>
      <styleUrl>#coffeeBackup</styleUrl>
      <Point><coordinates>-118.10001019999999,33.7426387,0</coordinates></Point>
    </Placemark>
    <Placemark><name>7-Eleven</name>
      <description><![CDATA[Priority 3: Coffee-chain backup.<br/>Address: 16919 Pacific Coast Hwy, Huntington Beach, CA 92649, USA<br/>Approximate runner mile: 44.0.<br/>Nearest runner geometry: approximately 0.02 mi straight-line (not a walking detour).<br/>Verification: Google Places business backup (operational); confirm customer restroom access and hours on race day.<br/>Source: <a href="https://maps.google.com/?cid=661116114205895927&g_mp=Cilnb29nbGUubWFwcy5wbGFjZXMudjEuUGxhY2VzLlNlYXJjaE5lYXJieRACGAQgAA">official / current listing</a>]]></description>
      <styleUrl>#coffeeBackup</styleUrl>
      <Point><coordinates>-118.0688863,33.716163,0</coordinates></Point>
    </Placemark>
    <Placemark><name>7-Eleven</name>
      <description><![CDATA[Priority 3: Coffee-chain backup.<br/>Address: 9502 Hamilton Ave, Huntington Beach, CA 92646, USA<br/>Approximate runner mile: 51.9.<br/>Nearest runner geometry: approximately 0.95 mi straight-line (not a walking detour).<br/>Verification: Google Places business backup (operational); confirm customer restroom access and hours on race day.<br/>Source: <a href="https://maps.google.com/?cid=1492870685801640366&g_mp=Cilnb29nbGUubWFwcy5wbGFjZXMudjEuUGxhY2VzLlNlYXJjaE5lYXJieRACGAQgAA">official / current listing</a>]]></description>
      <styleUrl>#coffeeBackup</styleUrl>
      <Point><coordinates>-117.96195420000001,33.6501776,0</coordinates></Point>
    </Placemark>
    <Placemark><name>7-Eleven</name>
      <description><![CDATA[Priority 3: Coffee-chain backup.<br/>Address: 1495 Superior Ave, Newport Beach, CA 92663, USA<br/>Approximate runner mile: 54.3.<br/>Nearest runner geometry: approximately 0.50 mi straight-line (not a walking detour).<br/>Verification: Google Places business backup (operational); confirm customer restroom access and hours on race day.<br/>Source: <a href="https://maps.google.com/?cid=18338265506476304672&g_mp=Cilnb29nbGUubWFwcy5wbGFjZXMudjEuUGxhY2VzLlNlYXJjaE5lYXJieRACGAQgAA">official / current listing</a>]]></description>
      <styleUrl>#coffeeBackup</styleUrl>
      <Point><coordinates>-117.93154889999998,33.6285897,0</coordinates></Point>
    </Placemark>
    <Placemark><name>7-Eleven</name>
      <description><![CDATA[Priority 3: Coffee-chain backup.<br/>Address: 1920 W Balboa Blvd, Newport Beach, CA 92663, USA<br/>Approximate runner mile: 55.2.<br/>Nearest runner geometry: approximately 0.77 mi straight-line (not a walking detour).<br/>Verification: Google Places business backup (operational); confirm customer restroom access and hours on race day.<br/>Source: <a href="https://maps.google.com/?cid=6827125531379931464&g_mp=Cilnb29nbGUubWFwcy5wbGFjZXMudjEuUGxhY2VzLlNlYXJjaE5lYXJieRACGAQgAA">official / current listing</a>]]></description>
      <styleUrl>#coffeeBackup</styleUrl>
      <Point><coordinates>-117.92679899999999,33.6085961,0</coordinates></Point>
    </Placemark>
    <Placemark><name>7-Eleven</name>
      <description><![CDATA[Priority 3: Coffee-chain backup.<br/>Address: 1673 Irvine Ave, Costa Mesa, CA 92627, USA<br/>Approximate runner mile: 56.0.<br/>Nearest runner geometry: approximately 0.80 mi straight-line (not a walking detour).<br/>Verification: Google Places business backup (operational); confirm customer restroom access and hours on race day.<br/>Source: <a href="https://maps.google.com/?cid=12787843398223950403&g_mp=Cilnb29nbGUubWFwcy5wbGFjZXMudjEuUGxhY2VzLlNlYXJjaE5lYXJieRACGAQgAA">official / current listing</a>]]></description>
      <styleUrl>#coffeeBackup</styleUrl>
      <Point><coordinates>-117.90970089999999,33.6276486,0</coordinates></Point>
    </Placemark>
    <Placemark><name>7-Eleven</name>
      <description><![CDATA[Priority 3: Coffee-chain backup.<br/>Address: 31702 Coast Hwy, Laguna Beach, CA 92651, USA<br/>Approximate runner mile: 68.6.<br/>Nearest runner geometry: approximately 0.02 mi straight-line (not a walking detour).<br/>Verification: Google Places business backup (operational); confirm customer restroom access and hours on race day.<br/>Source: <a href="https://maps.google.com/?cid=9585538646941084361&g_mp=Cilnb29nbGUubWFwcy5wbGFjZXMudjEuUGxhY2VzLlNlYXJjaE5lYXJieRACGAQgAA">official / current listing</a>]]></description>
      <styleUrl>#coffeeBackup</styleUrl>
      <Point><coordinates>-117.7440262,33.502437199999996,0</coordinates></Point>
    </Placemark>
    <Placemark><name>7-Eleven</name>
      <description><![CDATA[Priority 3: Coffee-chain backup.<br/>Address: 590 Camino De Estrella, San Clemente, CA 92672, USA<br/>Approximate runner mile: 75.3.<br/>Nearest runner geometry: approximately 0.49 mi straight-line (not a walking detour).<br/>Verification: Google Places business backup (operational); confirm customer restroom access and hours on race day.<br/>Source: <a href="https://maps.google.com/?cid=15401621348880929499&g_mp=Cilnb29nbGUubWFwcy5wbGFjZXMudjEuUGxhY2VzLlNlYXJjaE5lYXJieRACGAQgAA">official / current listing</a>]]></description>
      <styleUrl>#coffeeBackup</styleUrl>
      <Point><coordinates>-117.65640570000001,33.4578123,0</coordinates></Point>
    </Placemark>
    <Placemark><name>7-Eleven</name>
      <description><![CDATA[Priority 3: Coffee-chain backup.<br/>Address: 1802 N El Camino Real, San Clemente, CA 92672, USA<br/>Approximate runner mile: 77.4.<br/>Nearest runner geometry: approximately 0.02 mi straight-line (not a walking detour).<br/>Verification: Google Places business backup (operational); confirm customer restroom access and hours on race day.<br/>Source: <a href="https://maps.google.com/?cid=7986008198694898486&g_mp=Cilnb29nbGUubWFwcy5wbGFjZXMudjEuUGxhY2VzLlNlYXJjaE5lYXJieRACGAQgAA">official / current listing</a>]]></description>
      <styleUrl>#coffeeBackup</styleUrl>
      <Point><coordinates>-117.6316724,33.4325663,0</coordinates></Point>
    </Placemark>
    <Placemark><name>7-Eleven</name>
      <description><![CDATA[Priority 3: Coffee-chain backup.<br/>Address: 502 N El Camino Real, San Clemente, CA 92672, USA<br/>Approximate runner mile: 78.4.<br/>Nearest runner geometry: approximately 0.03 mi straight-line (not a walking detour).<br/>Verification: Google Places business backup (operational); confirm customer restroom access and hours on race day.<br/>Source: <a href="https://maps.google.com/?cid=7956645002587673202&g_mp=Cilnb29nbGUubWFwcy5wbGFjZXMudjEuUGxhY2VzLlNlYXJjaE5lYXJieRACGAQgAA">official / current listing</a>]]></description>
      <styleUrl>#coffeeBackup</styleUrl>
      <Point><coordinates>-117.61577319999999,33.4294447,0</coordinates></Point>
    </Placemark>
    <Placemark><name>7-Eleven</name>
      <description><![CDATA[Priority 3: Coffee-chain backup.<br/>Address: 1118 S El Camino Real, San Clemente, CA 92672, USA<br/>Approximate runner mile: 79.2.<br/>Nearest runner geometry: approximately 0.03 mi straight-line (not a walking detour).<br/>Verification: Google Places business backup (operational); confirm customer restroom access and hours on race day.<br/>Source: <a href="https://maps.google.com/?cid=3853509612247231099&g_mp=Cilnb29nbGUubWFwcy5wbGFjZXMudjEuUGxhY2VzLlNlYXJjaE5lYXJieRACGAQgAA">official / current listing</a>]]></description>
      <styleUrl>#coffeeBackup</styleUrl>
      <Point><coordinates>-117.6081169,33.4203271,0</coordinates></Point>
    </Placemark>
    <Placemark><name>7-Eleven</name>
      <description><![CDATA[Priority 3: Coffee-chain backup.<br/>Address: 2249 S El Camino Real, San Clemente, CA 92672, USA<br/>Approximate runner mile: 79.8.<br/>Nearest runner geometry: approximately 0.18 mi straight-line (not a walking detour).<br/>Verification: Google Places business backup (operational); confirm customer restroom access and hours on race day.<br/>Source: <a href="https://maps.google.com/?cid=11549116054718144597&g_mp=Cilnb29nbGUubWFwcy5wbGFjZXMudjEuUGxhY2VzLlNlYXJjaE5lYXJieRACGAQgAA">official / current listing</a>]]></description>
      <styleUrl>#coffeeBackup</styleUrl>
      <Point><coordinates>-117.60013939999999,33.4149649,0</coordinates></Point>
    </Placemark>
    <Placemark><name>7-Eleven</name>
      <description><![CDATA[Priority 3: Coffee-chain backup.<br/>Address: 420 N Coast Hwy, Oceanside, CA 92054, USA<br/>Approximate runner mile: 82.1.<br/>Nearest runner geometry: approximately 0.03 mi straight-line (not a walking detour).<br/>Verification: Google Places business backup (operational); confirm customer restroom access and hours on race day.<br/>Source: <a href="https://maps.google.com/?cid=12462567475573582527&g_mp=Cilnb29nbGUubWFwcy5wbGFjZXMudjEuUGxhY2VzLlNlYXJjaE5lYXJieRACGAQgAA">official / current listing</a>]]></description>
      <styleUrl>#coffeeBackup</styleUrl>
      <Point><coordinates>-117.3812189,33.198470199999996,0</coordinates></Point>
    </Placemark>
    <Placemark><name>7-Eleven</name>
      <description><![CDATA[Priority 3: Coffee-chain backup.<br/>Address: 1749 S Coast Hwy, Oceanside, CA 92054, USA<br/>Approximate runner mile: 84.1.<br/>Nearest runner geometry: approximately 0.02 mi straight-line (not a walking detour).<br/>Verification: Google Places business backup (operational); confirm customer restroom access and hours on race day.<br/>Source: <a href="https://maps.google.com/?cid=14348665859623134272&g_mp=Cilnb29nbGUubWFwcy5wbGFjZXMudjEuUGxhY2VzLlNlYXJjaE5lYXJieRACGAQgAA">official / current listing</a>]]></description>
      <styleUrl>#coffeeBackup</styleUrl>
      <Point><coordinates>-117.3627722,33.1753287,0</coordinates></Point>
    </Placemark>
    <Placemark><name>7-Eleven</name>
      <description><![CDATA[Priority 3: Coffee-chain backup.<br/>Address: 711 Oceanside Blvd, Oceanside, CA 92054, USA<br/>Approximate runner mile: 83.4.<br/>Nearest runner geometry: approximately 0.13 mi straight-line (not a walking detour).<br/>Verification: Google Places business backup (operational); confirm customer restroom access and hours on race day.<br/>Source: <a href="https://maps.google.com/?cid=2826008606565877205&g_mp=Cilnb29nbGUubWFwcy5wbGFjZXMudjEuUGxhY2VzLlNlYXJjaE5lYXJieRACGAQgAA">official / current listing</a>]]></description>
      <styleUrl>#coffeeBackup</styleUrl>
      <Point><coordinates>-117.36727090000001,33.1843703,0</coordinates></Point>
    </Placemark>
    <Placemark><name>7-Eleven</name>
      <description><![CDATA[Priority 3: Coffee-chain backup.<br/>Address: 201 Oak Ave, Carlsbad, CA 92008, USA<br/>Approximate runner mile: 85.6.<br/>Nearest runner geometry: approximately 0.04 mi straight-line (not a walking detour).<br/>Verification: Google Places business backup (operational); confirm customer restroom access and hours on race day.<br/>Source: <a href="https://maps.google.com/?cid=11865324643807697855&g_mp=Cilnb29nbGUubWFwcy5wbGFjZXMudjEuUGxhY2VzLlNlYXJjaE5lYXJieRACGAQgAA">official / current listing</a>]]></description>
      <styleUrl>#coffeeBackup</styleUrl>
      <Point><coordinates>-117.3501172,33.1567469,0</coordinates></Point>
    </Placemark>
    <Placemark><name>7-Eleven</name>
      <description><![CDATA[Priority 3: Coffee-chain backup.<br/>Address: 1089 Carlsbad Village Dr, Carlsbad, CA 92008, USA<br/>Approximate runner mile: 85.5.<br/>Nearest runner geometry: approximately 0.57 mi straight-line (not a walking detour).<br/>Verification: Google Places business backup (operational); confirm customer restroom access and hours on race day.<br/>Source: <a href="https://maps.google.com/?cid=7829472227033738630&g_mp=Cilnb29nbGUubWFwcy5wbGFjZXMudjEuUGxhY2VzLlNlYXJjaE5lYXJieRACGAQgAA">official / current listing</a>]]></description>
      <styleUrl>#coffeeBackup</styleUrl>
      <Point><coordinates>-117.34289439999999,33.1627009,0</coordinates></Point>
    </Placemark>
    <Placemark><name>7-Eleven</name>
      <description><![CDATA[Priority 3: Coffee-chain backup.<br/>Address: 901 Palomar Airport Rd, Carlsbad, CA 92011, USA<br/>Approximate runner mile: 88.7.<br/>Nearest runner geometry: approximately 0.46 mi straight-line (not a walking detour).<br/>Verification: Google Places business backup (operational); confirm customer restroom access and hours on race day.<br/>Source: <a href="https://maps.google.com/?cid=12479243803185692539&g_mp=Cilnb29nbGUubWFwcy5wbGFjZXMudjEuUGxhY2VzLlNlYXJjaE5lYXJieRACGAQgAA">official / current listing</a>]]></description>
      <styleUrl>#coffeeBackup</styleUrl>
      <Point><coordinates>-117.318538,33.121651299999996,0</coordinates></Point>
    </Placemark>
    <Placemark><name>7-Eleven</name>
      <description><![CDATA[Priority 3: Coffee-chain backup.<br/>Address: 1766 N Coast Hwy 101, Encinitas, CA 92024, USA<br/>Approximate runner mile: 91.7.<br/>Nearest runner geometry: approximately 0.02 mi straight-line (not a walking detour).<br/>Verification: Google Places business backup (operational); confirm customer restroom access and hours on race day.<br/>Source: <a href="https://maps.google.com/?cid=2717005533322575567&g_mp=Cilnb29nbGUubWFwcy5wbGFjZXMudjEuUGxhY2VzLlNlYXJjaE5lYXJieRACGAQgAA">official / current listing</a>]]></description>
      <styleUrl>#coffeeBackup</styleUrl>
      <Point><coordinates>-117.30747210000001,33.079116299999995,0</coordinates></Point>
    </Placemark>
    <Placemark><name>7-Eleven</name>
      <description><![CDATA[Priority 3: Coffee-chain backup.<br/>Address: 102 Leucadia Blvd, Encinitas, CA 92024, USA<br/>Approximate runner mile: 92.7.<br/>Nearest runner geometry: approximately 0.04 mi straight-line (not a walking detour).<br/>Verification: Google Places business backup (operational); confirm customer restroom access and hours on race day.<br/>Source: <a href="https://maps.google.com/?cid=432025175125040471&g_mp=Cilnb29nbGUubWFwcy5wbGFjZXMudjEuUGxhY2VzLlNlYXJjaE5lYXJieRACGAQgAA">official / current listing</a>]]></description>
      <styleUrl>#coffeeBackup</styleUrl>
      <Point><coordinates>-117.3016323,33.065002299999996,0</coordinates></Point>
    </Placemark>
    <Placemark><name>7-Eleven</name>
      <description><![CDATA[Priority 3: Coffee-chain backup.<br/>Address: 105 W D St, Encinitas, CA 92024, USA<br/>Approximate runner mile: 94.1.<br/>Nearest runner geometry: approximately 0.02 mi straight-line (not a walking detour).<br/>Verification: Google Places business backup (operational); confirm customer restroom access and hours on race day.<br/>Source: <a href="https://maps.google.com/?cid=16541306927210498722&g_mp=Cilnb29nbGUubWFwcy5wbGFjZXMudjEuUGxhY2VzLlNlYXJjaE5lYXJieRACGAQgAA">official / current listing</a>]]></description>
      <styleUrl>#coffeeBackup</styleUrl>
      <Point><coordinates>-117.2940867,33.0456642,0</coordinates></Point>
    </Placemark>
    <Placemark><name>7-Eleven</name>
      <description><![CDATA[Priority 3: Coffee-chain backup.<br/>Address: 592 Santa Fe Dr, Encinitas, CA 92024, USA<br/>Approximate runner mile: 95.1.<br/>Nearest runner geometry: approximately 0.66 mi straight-line (not a walking detour).<br/>Verification: Google Places business backup (operational); confirm customer restroom access and hours on race day.<br/>Source: <a href="https://maps.google.com/?cid=16467487627331739761&g_mp=Cilnb29nbGUubWFwcy5wbGFjZXMudjEuUGxhY2VzLlNlYXJjaE5lYXJieRACGAQgAA">official / current listing</a>]]></description>
      <styleUrl>#coffeeBackup</styleUrl>
      <Point><coordinates>-117.27966699999999,33.0365383,0</coordinates></Point>
    </Placemark>
    <Placemark><name>7-Eleven</name>
      <description><![CDATA[Priority 3: Coffee-chain backup.<br/>Address: 2211 San Elijo Ave, Cardiff, CA 92007, USA<br/>Approximate runner mile: 96.1.<br/>Nearest runner geometry: approximately 0.05 mi straight-line (not a walking detour).<br/>Verification: Google Places business backup (operational); confirm customer restroom access and hours on race day.<br/>Source: <a href="https://maps.google.com/?cid=13554783141944541754&g_mp=Cilnb29nbGUubWFwcy5wbGFjZXMudjEuUGxhY2VzLlNlYXJjaE5lYXJieRACGAQgAA">official / current listing</a>]]></description>
      <styleUrl>#coffeeBackup</styleUrl>
      <Point><coordinates>-117.28119480000001,33.0192099,0</coordinates></Point>
    </Placemark>
    <Placemark><name>7-Eleven</name>
      <description><![CDATA[Priority 3: Coffee-chain backup.<br/>Address: 13835 Mango Dr, Del Mar, CA 92014, USA<br/>Approximate runner mile: 101.5.<br/>Nearest runner geometry: approximately 0.81 mi straight-line (not a walking detour).<br/>Verification: Google Places business backup (operational); confirm customer restroom access and hours on race day.<br/>Source: <a href="https://maps.google.com/?cid=3615748996094054374&g_mp=Cilnb29nbGUubWFwcy5wbGFjZXMudjEuUGxhY2VzLlNlYXJjaE5lYXJieRACGAQgAA">official / current listing</a>]]></description>
      <styleUrl>#coffeeBackup</styleUrl>
      <Point><coordinates>-117.24704600000001,32.949489,0</coordinates></Point>
    </Placemark>
    <Placemark><name>7-Eleven</name>
      <description><![CDATA[Priority 3: Coffee-chain backup.<br/>Address: 6953 La Jolla Blvd, La Jolla, CA 92037, USA<br/>Approximate runner mile: 111.3.<br/>Nearest runner geometry: approximately 0.07 mi straight-line (not a walking detour).<br/>Verification: Google Places business backup (operational); confirm customer restroom access and hours on race day.<br/>Source: <a href="https://maps.google.com/?cid=14363465567844640067&g_mp=Cilnb29nbGUubWFwcy5wbGFjZXMudjEuUGxhY2VzLlNlYXJjaE5lYXJieRACGAQgAA">official / current listing</a>]]></description>
      <styleUrl>#coffeeBackup</styleUrl>
      <Point><coordinates>-117.2765442,32.8328619,0</coordinates></Point>
    </Placemark>
    <Placemark><name>7-Eleven</name>
      <description><![CDATA[Priority 3: Coffee-chain backup.<br/>Address: 4983 Cass St, San Diego, CA 92109, USA<br/>Approximate runner mile: 113.7.<br/>Nearest runner geometry: approximately 0.25 mi straight-line (not a walking detour).<br/>Verification: Google Places business backup (operational); confirm customer restroom access and hours on race day.<br/>Source: <a href="https://maps.google.com/?cid=1611442356815595041&g_mp=Cilnb29nbGUubWFwcy5wbGFjZXMudjEuUGxhY2VzLlNlYXJjaE5lYXJieRACGAQgAA">official / current listing</a>]]></description>
      <styleUrl>#coffeeBackup</styleUrl>
      <Point><coordinates>-117.25399379999998,32.8056706,0</coordinates></Point>
    </Placemark>
    <Placemark><name>7-Eleven</name>
      <description><![CDATA[Priority 3: Coffee-chain backup.<br/>Address: 4340 Mission Blvd, San Diego, CA 92109, USA<br/>Approximate runner mile: 114.2.<br/>Nearest runner geometry: approximately 0.17 mi straight-line (not a walking detour).<br/>Verification: Google Places business backup (operational); confirm customer restroom access and hours on race day.<br/>Source: <a href="https://maps.google.com/?cid=11033904607354280930&g_mp=Cilnb29nbGUubWFwcy5wbGFjZXMudjEuUGxhY2VzLlNlYXJjaE5lYXJieRACGAQgAA">official / current listing</a>]]></description>
      <styleUrl>#coffeeBackup</styleUrl>
      <Point><coordinates>-117.254995,32.794185899999995,0</coordinates></Point>
    </Placemark>
    <Placemark><name>7-Eleven</name>
      <description><![CDATA[Priority 3: Coffee-chain backup.<br/>Address: 1906 Balboa Ave, San Diego, CA 92109, USA<br/>Approximate runner mile: 115.4.<br/>Nearest runner geometry: approximately 0.11 mi straight-line (not a walking detour).<br/>Verification: Google Places business backup (operational); confirm customer restroom access and hours on race day.<br/>Source: <a href="https://maps.google.com/?cid=14161137534755732820&g_mp=Cilnb29nbGUubWFwcy5wbGFjZXMudjEuUGxhY2VzLlNlYXJjaE5lYXJieRACGAQgAA">official / current listing</a>]]></description>
      <styleUrl>#coffeeBackup</styleUrl>
      <Point><coordinates>-117.23454280000001,32.7996321,0</coordinates></Point>
    </Placemark>
    <Placemark><name>7-Eleven</name>
      <description><![CDATA[Priority 3: Coffee-chain backup.<br/>Address: 4342 Ingraham St, San Diego, CA 92109, USA<br/>Approximate runner mile: 115.1.<br/>Nearest runner geometry: approximately 0.16 mi straight-line (not a walking detour).<br/>Verification: Google Places business backup (operational); confirm customer restroom access and hours on race day.<br/>Source: <a href="https://maps.google.com/?cid=16894422634753407369&g_mp=Cilnb29nbGUubWFwcy5wbGFjZXMudjEuUGxhY2VzLlNlYXJjaE5lYXJieRACGAQgAA">official / current listing</a>]]></description>
      <styleUrl>#coffeeBackup</styleUrl>
      <Point><coordinates>-117.2405359,32.7974516,0</coordinates></Point>
    </Placemark>
    <Placemark><name>7-Eleven</name>
      <description><![CDATA[Priority 3: Coffee-chain backup.<br/>Address: 2275 Garnet Ave, San Diego, CA 92109, USA<br/>Approximate runner mile: 115.4.<br/>Nearest runner geometry: approximately 0.47 mi straight-line (not a walking detour).<br/>Verification: Google Places business backup (operational); confirm customer restroom access and hours on race day.<br/>Source: <a href="https://maps.google.com/?cid=10594277799404403997&g_mp=Cilnb29nbGUubWFwcy5wbGFjZXMudjEuUGxhY2VzLlNlYXJjaE5lYXJieRACGAQgAA">official / current listing</a>]]></description>
      <styleUrl>#coffeeBackup</styleUrl>
      <Point><coordinates>-117.22799579999997,32.8023069,0</coordinates></Point>
    </Placemark>
    <Placemark><name>7-Eleven</name>
      <description><![CDATA[Priority 3: Coffee-chain backup.<br/>Address: 1305 Garnet Ave, San Diego, CA 92109, USA<br/>Approximate runner mile: 114.8.<br/>Nearest runner geometry: approximately 0.02 mi straight-line (not a walking detour).<br/>Verification: Google Places business backup (operational); confirm customer restroom access and hours on race day.<br/>Source: <a href="https://maps.google.com/?cid=1219783941863592441&g_mp=Cilnb29nbGUubWFwcy5wbGFjZXMudjEuUGxhY2VzLlNlYXJjaE5lYXJieRACGAQgAA">official / current listing</a>]]></description>
      <styleUrl>#coffeeBackup</styleUrl>
      <Point><coordinates>-117.24600190000001,32.7982903,0</coordinates></Point>
    </Placemark>
    <Placemark><name>ADR Fit Bar</name>
      <description><![CDATA[Priority 3: Coffee-chain backup.<br/>Address: 1265 District Dr #100, Inglewood, CA 90301, USA<br/>Approximate runner mile: 11.7.<br/>Nearest runner geometry: approximately 0.93 mi straight-line (not a walking detour).<br/>Verification: Google Places business backup (operational); confirm customer restroom access and hours on race day.<br/>Source: <a href="https://maps.google.com/?cid=1695805363671758520&g_mp=Cilnb29nbGUubWFwcy5wbGFjZXMudjEuUGxhY2VzLlNlYXJjaE5lYXJieRACGAQgAA">official / current listing</a>]]></description>
      <styleUrl>#coffeeBackup</styleUrl>
      <Point><coordinates>-118.34105149999999,33.9466002,0</coordinates></Point>
    </Placemark>
    <Placemark><name>ALBION GARDEN</name>
      <description><![CDATA[Priority 3: Coffee-chain backup.<br/>Address: 1043 Abbot Kinney Blvd, Venice, CA 90291, USA<br/>Approximate runner mile: 2.2.<br/>Nearest runner geometry: approximately 0.01 mi straight-line (not a walking detour).<br/>Verification: Google Places business backup (operational); confirm customer restroom access and hours on race day.<br/>Source: <a href="https://maps.google.com/?cid=2679981805683280561&g_mp=Cilnb29nbGUubWFwcy5wbGFjZXMudjEuUGxhY2VzLlNlYXJjaE5lYXJieRACGAQgAA">official / current listing</a>]]></description>
      <styleUrl>#coffeeBackup</styleUrl>
      <Point><coordinates>-118.47099910000001,33.9921015,0</coordinates></Point>
    </Placemark>
    <Placemark><name>AOSA Coffee</name>
      <description><![CDATA[Priority 3: Coffee-chain backup.<br/>Address: 16821 Algonquin St #104, Huntington Beach, CA 92649, USA<br/>Approximate runner mile: 44.5.<br/>Nearest runner geometry: approximately 0.78 mi straight-line (not a walking detour).<br/>Verification: Google Places business backup (operational); confirm customer restroom access and hours on race day.<br/>Source: <a href="https://maps.google.com/?cid=876807401577594017&g_mp=Cilnb29nbGUubWFwcy5wbGFjZXMudjEuUGxhY2VzLlNlYXJjaE5lYXJieRACGAQgAA">official / current listing</a>]]></description>
      <styleUrl>#coffeeBackup</styleUrl>
      <Point><coordinates>-118.05155649999999,33.7173966,0</coordinates></Point>
    </Placemark>
    <Placemark><name>Achilles Coffee Solana Beach</name>
      <description><![CDATA[Priority 3: Coffee-chain backup.<br/>Address: 437 S Hwy 101 Ste 501, Solana Beach, CA 92075, USA<br/>Approximate runner mile: 98.5.<br/>Nearest runner geometry: approximately 0.04 mi straight-line (not a walking detour).<br/>Verification: Google Places business backup (operational); confirm customer restroom access and hours on race day.<br/>Source: <a href="https://maps.google.com/?cid=9767479576831676202&g_mp=Cilnb29nbGUubWFwcy5wbGFjZXMudjEuUGxhY2VzLlNlYXJjaE5lYXJieRACGAQgAA">official / current listing</a>]]></description>
      <styleUrl>#coffeeBackup</styleUrl>
      <Point><coordinates>-117.27096019999998,32.9863012,0</coordinates></Point>
    </Placemark>
    <Placemark><name>Al Cappuccino Coffee House</name>
      <description><![CDATA[Priority 3: Coffee-chain backup.<br/>Address: 4547 West Coast Hwy, Newport Beach, CA 92663, USA<br/>Approximate runner mile: 54.0.<br/>Nearest runner geometry: approximately 0.03 mi straight-line (not a walking detour).<br/>Verification: Google Places business backup (operational); confirm customer restroom access and hours on race day.<br/>Source: <a href="https://maps.google.com/?cid=16252921943994882178&g_mp=Cilnb29nbGUubWFwcy5wbGFjZXMudjEuUGxhY2VzLlNlYXJjaE5lYXJieRACGAQgAA">official / current listing</a>]]></description>
      <styleUrl>#coffeeBackup</styleUrl>
      <Point><coordinates>-117.9383006,33.621936999999996,0</coordinates></Point>
    </Placemark>
    <Placemark><name>Alana's Coffee Roasters</name>
      <description><![CDATA[Priority 3: Coffee-chain backup.<br/>Address: 12511 Venice Blvd., Los Angeles, CA 90066, USA<br/>Approximate runner mile: 4.5.<br/>Nearest runner geometry: approximately 0.45 mi straight-line (not a walking detour).<br/>Verification: Google Places business backup (operational); confirm customer restroom access and hours on race day.<br/>Source: <a href="https://maps.google.com/?cid=7659084063404051136&g_mp=Cilnb29nbGUubWFwcy5wbGFjZXMudjEuUGxhY2VzLlNlYXJjaE5lYXJieRACGAQgAA">official / current listing</a>]]></description>
      <styleUrl>#coffeeBackup</styleUrl>
      <Point><coordinates>-118.4349687,34.003312699999995,0</coordinates></Point>
    </Placemark>
    <Placemark><name>Alfalfa</name>
      <description><![CDATA[Priority 3: Coffee-chain backup.<br/>Address: 2309 Main St, Santa Monica, CA 90405, USA<br/>Approximate runner mile: 0.9.<br/>Nearest runner geometry: approximately 0.02 mi straight-line (not a walking detour).<br/>Verification: Google Places business backup (operational); confirm customer restroom access and hours on race day.<br/>Source: <a href="https://maps.google.com/?cid=9133861937853200045&g_mp=Cilnb29nbGUubWFwcy5wbGFjZXMudjEuUGxhY2VzLlNlYXJjaE5lYXJieRACGAQgAA">official / current listing</a>]]></description>
      <styleUrl>#coffeeBackup</styleUrl>
      <Point><coordinates>-118.486176,34.0047735,0</coordinates></Point>
    </Placemark>
    <Placemark><name>Alfred Coffee</name>
      <description><![CDATA[Priority 3: Coffee-chain backup.<br/>Address: 1653B Abbot Kinney Blvd, Venice, CA 90291, USA<br/>Approximate runner mile: 2.7.<br/>Nearest runner geometry: approximately 0.01 mi straight-line (not a walking detour).<br/>Verification: Google Places business backup (operational); confirm customer restroom access and hours on race day.<br/>Source: <a href="https://maps.google.com/?cid=11115149308025433885&g_mp=Cilnb29nbGUubWFwcy5wbGFjZXMudjEuUGxhY2VzLlNlYXJjaE5lYXJieRACGAQgAA">official / current listing</a>]]></description>
      <styleUrl>#coffeeBackup</styleUrl>
      <Point><coordinates>-118.4628124,33.9894813,0</coordinates></Point>
    </Placemark>
    <Placemark><name>Alta Coffee</name>
      <description><![CDATA[Priority 3: Coffee-chain backup.<br/>Address: 506 31st St, Newport Beach, CA 92663, USA<br/>Approximate runner mile: 54.6.<br/>Nearest runner geometry: approximately 0.41 mi straight-line (not a walking detour).<br/>Verification: Google Places business backup (operational); confirm customer restroom access and hours on race day.<br/>Source: <a href="https://maps.google.com/?cid=13926691059516561295&g_mp=Cilnb29nbGUubWFwcy5wbGFjZXMudjEuUGxhY2VzLlNlYXJjaE5lYXJieRACGAQgAA">official / current listing</a>]]></description>
      <styleUrl>#coffeeBackup</styleUrl>
      <Point><coordinates>-117.92826110000001,33.6151491,0</coordinates></Point>
    </Placemark>
    <Placemark><name>Amazonia Bowl</name>
      <description><![CDATA[Priority 3: Coffee-chain backup.<br/>Address: 401 Main St Ste 109, Huntington Beach, CA 92648, USA<br/>Approximate runner mile: 49.6.<br/>Nearest runner geometry: approximately 0.27 mi straight-line (not a walking detour).<br/>Verification: Google Places business backup (operational); confirm customer restroom access and hours on race day.<br/>Source: <a href="https://maps.google.com/?cid=8302452324198584490&g_mp=Cilnb29nbGUubWFwcy5wbGFjZXMudjEuUGxhY2VzLlNlYXJjaE5lYXJieRACGAQgAA">official / current listing</a>]]></description>
      <styleUrl>#coffeeBackup</styleUrl>
      <Point><coordinates>-117.9990976,33.6601119,0</coordinates></Point>
    </Placemark>
    <Placemark><name>Andrade’s Cafe by the Bay</name>
      <description><![CDATA[Priority 3: Coffee-chain backup.<br/>Address: 76 1/2 62nd Pl, Long Beach, CA 90803, USA<br/>Approximate runner mile: 40.1.<br/>Nearest runner geometry: approximately 0.86 mi straight-line (not a walking detour).<br/>Verification: Google Places business backup (operational); confirm customer restroom access and hours on race day.<br/>Source: <a href="https://maps.google.com/?cid=15779518563194057452&g_mp=Cilnb29nbGUubWFwcy5wbGFjZXMudjEuUGxhY2VzLlNlYXJjaE5lYXJieRACGAQgAA">official / current listing</a>]]></description>
      <styleUrl>#coffeeBackup</styleUrl>
      <Point><coordinates>-118.1220402,33.749192799999996,0</coordinates></Point>
    </Placemark>
    <Placemark><name>Andreane</name>
      <description><![CDATA[Priority 3: Coffee-chain backup.<br/>Address: 1050 Garnet Ave, San Diego, CA 92109, USA<br/>Approximate runner mile: 114.5.<br/>Nearest runner geometry: approximately 0.02 mi straight-line (not a walking detour).<br/>Verification: Google Places business backup (operational); confirm customer restroom access and hours on race day.<br/>Source: <a href="https://maps.google.com/?cid=2554246703507535366&g_mp=Cilnb29nbGUubWFwcy5wbGFjZXMudjEuUGxhY2VzLlNlYXJjaE5lYXJieRACGAQgAA">official / current listing</a>]]></description>
      <styleUrl>#coffeeBackup</styleUrl>
      <Point><coordinates>-117.2507722,32.7978539,0</coordinates></Point>
    </Placemark>
    <Placemark><name>Art of Espresso</name>
      <description><![CDATA[Priority 3: Coffee-chain backup.<br/>Address: Mandeville Center, 9500 Gilman Dr, La Jolla, CA 92093, USA<br/>Approximate runner mile: 106.7.<br/>Nearest runner geometry: approximately 0.28 mi straight-line (not a walking detour).<br/>Verification: Google Places business backup (operational); confirm customer restroom access and hours on race day.<br/>Source: <a href="https://maps.google.com/?cid=5548237479754842283&g_mp=Cilnb29nbGUubWFwcy5wbGFjZXMudjEuUGxhY2VzLlNlYXJjaE5lYXJieRACGAQgAA">official / current listing</a>]]></description>
      <styleUrl>#coffeeBackup</styleUrl>
      <Point><coordinates>-117.23919749999997,32.8776395,0</coordinates></Point>
    </Placemark>
    <Placemark><name>Awaken Cafe</name>
      <description><![CDATA[Priority 3: Coffee-chain backup.<br/>Address: 3838 S Centinela Ave, Los Angeles, CA 90066, USA<br/>Approximate runner mile: 4.6.<br/>Nearest runner geometry: approximately 0.44 mi straight-line (not a walking detour).<br/>Verification: Google Places business backup (operational); confirm customer restroom access and hours on race day.<br/>Source: <a href="https://maps.google.com/?cid=5234434125896597013&g_mp=Cilnb29nbGUubWFwcy5wbGFjZXMudjEuUGxhY2VzLlNlYXJjaE5lYXJieRACGAQgAA">official / current listing</a>]]></description>
      <styleUrl>#coffeeBackup</styleUrl>
      <Point><coordinates>-118.4328862,34.003079899999996,0</coordinates></Point>
    </Placemark>
    <Placemark><name>Awakening</name>
      <description><![CDATA[Priority 3: Coffee-chain backup.<br/>Address: 231 S La Brea Ave, Inglewood, CA 90301, USA<br/>Approximate runner mile: 10.9.<br/>Nearest runner geometry: approximately 0.05 mi straight-line (not a walking detour).<br/>Verification: Google Places business backup (operational); confirm customer restroom access and hours on race day.<br/>Source: <a href="https://maps.google.com/?cid=16209360556149894567&g_mp=Cilnb29nbGUubWFwcy5wbGFjZXMudjEuUGxhY2VzLlNlYXJjaE5lYXJieRACGAQgAA">official / current listing</a>]]></description>
      <styleUrl>#coffeeBackup</styleUrl>
      <Point><coordinates>-118.35369319999998,33.9611216,0</coordinates></Point>
    </Placemark>
    <Placemark><name>BABA BOBA</name>
      <description><![CDATA[Priority 3: Coffee-chain backup.<br/>Address: 3111 W Century Blvd #103, Inglewood, CA 90303, USA<br/>Approximate runner mile: 12.5.<br/>Nearest runner geometry: approximately 0.99 mi straight-line (not a walking detour).<br/>Verification: Google Places business backup (operational); confirm customer restroom access and hours on race day.<br/>Source: <a href="https://maps.google.com/?cid=14700573301063348699&g_mp=Cilnb29nbGUubWFwcy5wbGFjZXMudjEuUGxhY2VzLlNlYXJjaE5lYXJieRACGAQgAA">official / current listing</a>]]></description>
      <styleUrl>#coffeeBackup</styleUrl>
      <Point><coordinates>-118.32695389999999,33.9458462,0</coordinates></Point>
    </Placemark>
    <Placemark><name>BEAURISTA COFFEE</name>
      <description><![CDATA[Priority 3: Coffee-chain backup.<br/>Address: 15555 Jimmy Durante Blvd, Del Mar, CA 92014, USA<br/>Approximate runner mile: 99.4.<br/>Nearest runner geometry: approximately 0.89 mi straight-line (not a walking detour).<br/>Verification: Google Places business backup (operational); confirm customer restroom access and hours on race day.<br/>Source: <a href="https://maps.google.com/?cid=1088442943654690419&g_mp=Cilnb29nbGUubWFwcy5wbGFjZXMudjEuUGxhY2VzLlNlYXJjaE5lYXJieRACGAQgAA">official / current listing</a>]]></description>
      <styleUrl>#coffeeBackup</styleUrl>
      <Point><coordinates>-117.25366079999999,32.9754478,0</coordinates></Point>
    </Placemark>
    <Placemark><name>Baba Coffee - Coffee Carlsbad</name>
      <description><![CDATA[Priority 3: Coffee-chain backup.<br/>Address: 2727 State St #100, Carlsbad, CA 92008, USA<br/>Approximate runner mile: 85.3.<br/>Nearest runner geometry: approximately 0.16 mi straight-line (not a walking detour).<br/>Verification: Google Places business backup (operational); confirm customer restroom access and hours on race day.<br/>Source: <a href="https://maps.google.com/?cid=6924702002839716874&g_mp=Cilnb29nbGUubWFwcy5wbGFjZXMudjEuUGxhY2VzLlNlYXJjaE5lYXJieRACGAQgAA">official / current listing</a>]]></description>
      <styleUrl>#coffeeBackup</styleUrl>
      <Point><coordinates>-117.3508591,33.161985699999995,0</coordinates></Point>
    </Placemark>
    <Placemark><name>Bacio di Latte | Fashion Island, Newport Beach, OC</name>
      <description><![CDATA[Priority 3: Coffee-chain backup.<br/>Address: Fashion Island, 133 Newport Center Dr, Newport Beach, CA 92660, USA<br/>Approximate runner mile: 57.6.<br/>Nearest runner geometry: approximately 0.54 mi straight-line (not a walking detour).<br/>Verification: Google Places business backup (operational); confirm customer restroom access and hours on race day.<br/>Source: <a href="https://maps.google.com/?cid=15691760545632011628&g_mp=Cilnb29nbGUubWFwcy5wbGFjZXMudjEuUGxhY2VzLlNlYXJjaE5lYXJieRACGAQgAA">official / current listing</a>]]></description>
      <styleUrl>#coffeeBackup</styleUrl>
      <Point><coordinates>-117.8745326,33.6148524,0</coordinates></Point>
    </Placemark>
    <Placemark><name>Bacio di Latte | Santa Monica, LA</name>
      <description><![CDATA[Priority 3: Coffee-chain backup.<br/>Address: 331 Santa Monica Blvd, Santa Monica, CA 90401, USA<br/>Approximate runner mile: 0.1.<br/>Nearest runner geometry: approximately 0.35 mi straight-line (not a walking detour).<br/>Verification: Google Places business backup (operational); confirm customer restroom access and hours on race day.<br/>Source: <a href="https://maps.google.com/?cid=6508037009074651062&g_mp=Cilnb29nbGUubWFwcy5wbGFjZXMudjEuUGxhY2VzLlNlYXJjaE5lYXJieRACGAQgAA">official / current listing</a>]]></description>
      <styleUrl>#coffeeBackup</styleUrl>
      <Point><coordinates>-118.49542509999998,34.016411399999996,0</coordinates></Point>
    </Placemark>
    <Placemark><name>Banana Dang Coffee</name>
      <description><![CDATA[Priority 3: Coffee-chain backup.<br/>Address: 115 S Coast Hwy, Oceanside, CA 92054, USA<br/>Approximate runner mile: 82.5.<br/>Nearest runner geometry: approximately 0.00 mi straight-line (not a walking detour).<br/>Verification: Google Places business backup (operational); confirm customer restroom access and hours on race day.<br/>Source: <a href="https://maps.google.com/?cid=17021828324663444915&g_mp=Cilnb29nbGUubWFwcy5wbGFjZXMudjEuUGxhY2VzLlNlYXJjaE5lYXJieRACGAQgAA">official / current listing</a>]]></description>
      <styleUrl>#coffeeBackup</styleUrl>
      <Point><coordinates>-117.37853369999999,33.1944802,0</coordinates></Point>
    </Placemark>
    <Placemark><name>Bay Shores Coffee Co.</name>
      <description><![CDATA[Priority 3: Coffee-chain backup.<br/>Address: 1800 W Balboa Blvd, Newport Beach, CA 92663, USA<br/>Approximate runner mile: 55.2.<br/>Nearest runner geometry: approximately 0.75 mi straight-line (not a walking detour).<br/>Verification: Google Places business backup (operational); confirm customer restroom access and hours on race day.<br/>Source: <a href="https://maps.google.com/?cid=16505378784336826731&g_mp=Cilnb29nbGUubWFwcy5wbGFjZXMudjEuUGxhY2VzLlNlYXJjaE5lYXJieRACGAQgAA">official / current listing</a>]]></description>
      <styleUrl>#coffeeBackup</styleUrl>
      <Point><coordinates>-117.9251068,33.6079223,0</coordinates></Point>
    </Placemark>
    <Placemark><name>Bear Coast Coffee</name>
      <description><![CDATA[Priority 3: Coffee-chain backup.<br/>Address: 34201 Street of the Amber Lantern Unit B, Dana Point, CA 92629, USA<br/>Approximate runner mile: 72.3.<br/>Nearest runner geometry: approximately 0.03 mi straight-line (not a walking detour).<br/>Verification: Google Places business backup (operational); confirm customer restroom access and hours on race day.<br/>Source: <a href="https://maps.google.com/?cid=16295213928039884198&g_mp=Cilnb29nbGUubWFwcy5wbGFjZXMudjEuUGxhY2VzLlNlYXJjaE5lYXJieRACGAQgAA">official / current listing</a>]]></description>
      <styleUrl>#coffeeBackup</styleUrl>
      <Point><coordinates>-117.70238470000001,33.465856099999996,0</coordinates></Point>
    </Placemark>
    <Placemark><name>Bear Coast Coffee</name>
      <description><![CDATA[Priority 3: Coffee-chain backup.<br/>Address: 34052 La Plaza #103, Dana Point, CA 92629, USA<br/>Approximate runner mile: 72.6.<br/>Nearest runner geometry: approximately 0.07 mi straight-line (not a walking detour).<br/>Verification: Google Places business backup (operational); confirm customer restroom access and hours on race day.<br/>Source: <a href="https://maps.google.com/?cid=4023700796635140488&g_mp=Cilnb29nbGUubWFwcy5wbGFjZXMudjEuUGxhY2VzLlNlYXJjaE5lYXJieRACGAQgAA">official / current listing</a>]]></description>
      <styleUrl>#coffeeBackup</styleUrl>
      <Point><coordinates>-117.69878530000001,33.4680313,0</coordinates></Point>
    </Placemark>
    <Placemark><name>Bear Coast Coffee</name>
      <description><![CDATA[Priority 3: Coffee-chain backup.<br/>Address: 618 1/2 Avenida Victoria, San Clemente, CA 92672, USA<br/>Approximate runner mile: 79.0.<br/>Nearest runner geometry: approximately 0.64 mi straight-line (not a walking detour).<br/>Verification: Google Places business backup (operational); confirm customer restroom access and hours on race day.<br/>Source: <a href="https://maps.google.com/?cid=3252248843244714430&g_mp=Cilnb29nbGUubWFwcy5wbGFjZXMudjEuUGxhY2VzLlNlYXJjaE5lYXJieRACGAQgAA">official / current listing</a>]]></description>
      <styleUrl>#coffeeBackup</styleUrl>
      <Point><coordinates>-117.61965570000001,33.42004,0</coordinates></Point>
    </Placemark>
    <Placemark><name>Bellaluna’s Coffee Time</name>
      <description><![CDATA[Priority 3: Coffee-chain backup.<br/>Address: 5935 Orange Ave, Long Beach, CA 90805, USA<br/>Approximate runner mile: 27.9.<br/>Nearest runner geometry: approximately 0.93 mi straight-line (not a walking detour).<br/>Verification: Google Places business backup (closed temporarily); confirm customer restroom access and hours on race day.<br/>Source: <a href="https://maps.google.com/?cid=15795106720067479180&g_mp=Cilnb29nbGUubWFwcy5wbGFjZXMudjEuUGxhY2VzLlNlYXJjaE5lYXJieRACGAQgAA">official / current listing</a>]]></description>
      <styleUrl>#coffeeBackup</styleUrl>
      <Point><coordinates>-118.1775197,33.8631616,0</coordinates></Point>
    </Placemark>
    <Placemark><name>Better Buzz Coffee Carlsbad</name>
      <description><![CDATA[Priority 3: Coffee-chain backup.<br/>Address: 3016 Carlsbad Blvd, Carlsbad, CA 92008, USA<br/>Approximate runner mile: 85.5.<br/>Nearest runner geometry: approximately 0.02 mi straight-line (not a walking detour).<br/>Verification: Google Places business backup (operational); confirm customer restroom access and hours on race day.<br/>Source: <a href="https://maps.google.com/?cid=7210501114989923142&g_mp=Cilnb29nbGUubWFwcy5wbGFjZXMudjEuUGxhY2VzLlNlYXJjaE5lYXJieRACGAQgAA">official / current listing</a>]]></description>
      <styleUrl>#coffeeBackup</styleUrl>
      <Point><coordinates>-117.3505872,33.1579951,0</coordinates></Point>
    </Placemark>
    <Placemark><name>Better Buzz Coffee Del Mar</name>
      <description><![CDATA[Priority 3: Coffee-chain backup.<br/>Address: 1435 Camino Del Mar, Del Mar, CA 92014, USA<br/>Approximate runner mile: 100.5.<br/>Nearest runner geometry: approximately 0.03 mi straight-line (not a walking detour).<br/>Verification: Google Places business backup (operational); confirm customer restroom access and hours on race day.<br/>Source: <a href="https://maps.google.com/?cid=16441649305181364555&g_mp=Cilnb29nbGUubWFwcy5wbGFjZXMudjEuUGxhY2VzLlNlYXJjaE5lYXJieRACGAQgAA">official / current listing</a>]]></description>
      <styleUrl>#coffeeBackup</styleUrl>
      <Point><coordinates>-117.26489230000001,32.959417099999996,0</coordinates></Point>
    </Placemark>
    <Placemark><name>Better Buzz Coffee Encinitas</name>
      <description><![CDATA[Priority 3: Coffee-chain backup.<br/>Address: 578 S Coast Hwy 101, Encinitas, CA 92024, USA<br/>Approximate runner mile: 94.2.<br/>Nearest runner geometry: approximately 0.02 mi straight-line (not a walking detour).<br/>Verification: Google Places business backup (operational); confirm customer restroom access and hours on race day.<br/>Source: <a href="https://maps.google.com/?cid=3826451535302362891&g_mp=Cilnb29nbGUubWFwcy5wbGFjZXMudjEuUGxhY2VzLlNlYXJjaE5lYXJieRACGAQgAA">official / current listing</a>]]></description>
      <styleUrl>#coffeeBackup</styleUrl>
      <Point><coordinates>-117.2939027,33.044876099999996,0</coordinates></Point>
    </Placemark>
    <Placemark><name>Better Buzz Coffee La Jolla</name>
      <description><![CDATA[Priority 3: Coffee-chain backup.<br/>Address: 909 Prospect St, La Jolla, CA 92037, USA<br/>Approximate runner mile: 110.2.<br/>Nearest runner geometry: approximately 0.29 mi straight-line (not a walking detour).<br/>Verification: Google Places business backup (operational); confirm customer restroom access and hours on race day.<br/>Source: <a href="https://maps.google.com/?cid=6617605700134542391&g_mp=Cilnb29nbGUubWFwcy5wbGFjZXMudjEuUGxhY2VzLlNlYXJjaE5lYXJieRACGAQgAA">official / current listing</a>]]></description>
      <styleUrl>#coffeeBackup</styleUrl>
      <Point><coordinates>-117.27533950000002,32.8459655,0</coordinates></Point>
    </Placemark>
    <Placemark><name>Better Buzz Coffee Laguna Beach</name>
      <description><![CDATA[Priority 3: Coffee-chain backup.<br/>Address: 280 S Coast Hwy, Laguna Beach, CA 92651, USA<br/>Approximate runner mile: 65.1.<br/>Nearest runner geometry: approximately 0.01 mi straight-line (not a walking detour).<br/>Verification: Google Places business backup (operational); confirm customer restroom access and hours on race day.<br/>Source: <a href="https://maps.google.com/?cid=12053657683949898980&g_mp=Cilnb29nbGUubWFwcy5wbGFjZXMudjEuUGxhY2VzLlNlYXJjaE5lYXJieRACGAQgAA">official / current listing</a>]]></description>
      <styleUrl>#coffeeBackup</styleUrl>
      <Point><coordinates>-117.7835579,33.5422187,0</coordinates></Point>
    </Placemark>
    <Placemark><name>Better Buzz Coffee Oceanside Mission Ave</name>
      <description><![CDATA[Priority 3: Coffee-chain backup.<br/>Address: 1004 Mission Ave, Oceanside, CA 92054, USA<br/>Approximate runner mile: 82.3.<br/>Nearest runner geometry: approximately 0.31 mi straight-line (not a walking detour).<br/>Verification: Google Places business backup (operational); confirm customer restroom access and hours on race day.<br/>Source: <a href="https://maps.google.com/?cid=8031058838561003641&g_mp=Cilnb29nbGUubWFwcy5wbGFjZXMudjEuUGxhY2VzLlNlYXJjaE5lYXJieRACGAQgAA">official / current listing</a>]]></description>
      <styleUrl>#coffeeBackup</styleUrl>
      <Point><coordinates>-117.3754068,33.1987284,0</coordinates></Point>
    </Placemark>
    <Placemark><name>Better Buzz Coffee Oceanside South</name>
      <description><![CDATA[Priority 3: Coffee-chain backup.<br/>Address: 1050 S Coast Hwy, Oceanside, CA 92054, USA<br/>Approximate runner mile: 83.2.<br/>Nearest runner geometry: approximately 0.02 mi straight-line (not a walking detour).<br/>Verification: Google Places business backup (operational); confirm customer restroom access and hours on race day.<br/>Source: <a href="https://maps.google.com/?cid=16963860264752710522&g_mp=Cilnb29nbGUubWFwcy5wbGFjZXMudjEuUGxhY2VzLlNlYXJjaE5lYXJieRACGAQgAA">official / current listing</a>]]></description>
      <styleUrl>#coffeeBackup</styleUrl>
      <Point><coordinates>-117.3705071,33.1854498,0</coordinates></Point>
    </Placemark>
    <Placemark><name>Better Buzz Coffee Pacific Beach East</name>
      <description><![CDATA[Priority 3: Coffee-chain backup.<br/>Address: 1909 Garnet Ave, San Diego, CA 92109, USA<br/>Approximate runner mile: 115.4.<br/>Nearest runner geometry: approximately 0.08 mi straight-line (not a walking detour).<br/>Verification: Google Places business backup (operational); confirm customer restroom access and hours on race day.<br/>Source: <a href="https://maps.google.com/?cid=13506198750668970474&g_mp=Cilnb29nbGUubWFwcy5wbGFjZXMudjEuUGxhY2VzLlNlYXJjaE5lYXJieRACGAQgAA">official / current listing</a>]]></description>
      <styleUrl>#coffeeBackup</styleUrl>
      <Point><coordinates>-117.23456770000001,32.8009329,0</coordinates></Point>
    </Placemark>
    <Placemark><name>Better Buzz Coffee Pacific Beach Grand</name>
      <description><![CDATA[Priority 3: Coffee-chain backup.<br/>Address: 822 Grand Ave, San Diego, CA 92109, USA<br/>Approximate runner mile: 114.3.<br/>Nearest runner geometry: approximately 0.12 mi straight-line (not a walking detour).<br/>Verification: Google Places business backup (operational); confirm customer restroom access and hours on race day.<br/>Source: <a href="https://maps.google.com/?cid=8651268305459398871&g_mp=Cilnb29nbGUubWFwcy5wbGFjZXMudjEuUGxhY2VzLlNlYXJjaE5lYXJieRACGAQgAA">official / current listing</a>]]></description>
      <styleUrl>#coffeeBackup</styleUrl>
      <Point><coordinates>-117.2543613,32.7950253,0</coordinates></Point>
    </Placemark>
    <Placemark><name>Better Buzz Coffee Pacific Beach West</name>
      <description><![CDATA[Priority 3: Coffee-chain backup.<br/>Address: 1186 Garnet Ave, San Diego, CA 92109, USA<br/>Approximate runner mile: 114.7.<br/>Nearest runner geometry: approximately 0.02 mi straight-line (not a walking detour).<br/>Verification: Google Places business backup (operational); confirm customer restroom access and hours on race day.<br/>Source: <a href="https://maps.google.com/?cid=5963358190938006226&g_mp=Cilnb29nbGUubWFwcy5wbGFjZXMudjEuUGxhY2VzLlNlYXJjaE5lYXJieRACGAQgAA">official / current listing</a>]]></description>
      <styleUrl>#coffeeBackup</styleUrl>
      <Point><coordinates>-117.24862629999998,32.7983433,0</coordinates></Point>
    </Placemark>
    <Placemark><name>Better Buzz Coffee San Clemente</name>
      <description><![CDATA[Priority 3: Coffee-chain backup.<br/>Address: 610 Camino De Los Mares Suite A, San Clemente, CA 92673, USA<br/>Approximate runner mile: 75.3.<br/>Nearest runner geometry: approximately 0.65 mi straight-line (not a walking detour).<br/>Verification: Google Places business backup (operational); confirm customer restroom access and hours on race day.<br/>Source: <a href="https://maps.google.com/?cid=6182296671883746364&g_mp=Cilnb29nbGUubWFwcy5wbGFjZXMudjEuUGxhY2VzLlNlYXJjaE5lYXJieRACGAQgAA">official / current listing</a>]]></description>
      <styleUrl>#coffeeBackup</styleUrl>
      <Point><coordinates>-117.65425599999999,33.4594806,0</coordinates></Point>
    </Placemark>
    <Placemark><name>Bird Rock Coffee Roasters</name>
      <description><![CDATA[Priority 3: Coffee-chain backup.<br/>Address: 947 S Coast Hwy 101 Ste D-101, Encinitas, CA 92024, USA<br/>Approximate runner mile: 94.5.<br/>Nearest runner geometry: approximately 0.03 mi straight-line (not a walking detour).<br/>Verification: Google Places business backup (operational); confirm customer restroom access and hours on race day.<br/>Source: <a href="https://maps.google.com/?cid=10753709877868387487&g_mp=Cilnb29nbGUubWFwcy5wbGFjZXMudjEuUGxhY2VzLlNlYXJjaE5lYXJieRACGAQgAA">official / current listing</a>]]></description>
      <styleUrl>#coffeeBackup</styleUrl>
      <Point><coordinates>-117.292732,33.040188799999996,0</coordinates></Point>
    </Placemark>
    <Placemark><name>Bird Rock Coffee Roasters</name>
      <description><![CDATA[Priority 3: Coffee-chain backup.<br/>Address: 9500 Gilman Dr, La Jolla, CA 92093, USA<br/>Approximate runner mile: 106.5.<br/>Nearest runner geometry: approximately 0.67 mi straight-line (not a walking detour).<br/>Verification: Google Places business backup (operational); confirm customer restroom access and hours on race day.<br/>Source: <a href="https://maps.google.com/?cid=14436247728852708308&g_mp=Cilnb29nbGUubWFwcy5wbGFjZXMudjEuUGxhY2VzLlNlYXJjaE5lYXJieRACGAQgAA">official / current listing</a>]]></description>
      <styleUrl>#coffeeBackup</styleUrl>
      <Point><coordinates>-117.2325748,32.8790308,0</coordinates></Point>
    </Placemark>
    <Placemark><name>Bird Rock Coffee Roasters</name>
      <description><![CDATA[Priority 3: Coffee-chain backup.<br/>Address: 8980 Villa La Jolla Dr, La Jolla, CA 92037, USA<br/>Approximate runner mile: 106.8.<br/>Nearest runner geometry: approximately 0.64 mi straight-line (not a walking detour).<br/>Verification: Google Places business backup (operational); confirm customer restroom access and hours on race day.<br/>Source: <a href="https://maps.google.com/?cid=12119035941077762821&g_mp=Cilnb29nbGUubWFwcy5wbGFjZXMudjEuUGxhY2VzLlNlYXJjaE5lYXJieRACGAQgAA">official / current listing</a>]]></description>
      <styleUrl>#coffeeBackup</styleUrl>
      <Point><coordinates>-117.2341247,32.8711701,0</coordinates></Point>
    </Placemark>
    <Placemark><name>Bird Rock Coffee Roasters - La Jolla</name>
      <description><![CDATA[Priority 3: Coffee-chain backup.<br/>Address: 5627 La Jolla Blvd, La Jolla, CA 92037, USA<br/>Approximate runner mile: 112.6.<br/>Nearest runner geometry: approximately 0.02 mi straight-line (not a walking detour).<br/>Verification: Google Places business backup (operational); confirm customer restroom access and hours on race day.<br/>Source: <a href="https://maps.google.com/?cid=16556608728307132738&g_mp=Cilnb29nbGUubWFwcy5wbGFjZXMudjEuUGxhY2VzLlNlYXJjaE5lYXJieRACGAQgAA">official / current listing</a>]]></description>
      <styleUrl>#coffeeBackup</styleUrl>
      <Point><coordinates>-117.2697587,32.8144743,0</coordinates></Point>
    </Placemark>
    <Placemark><name>Bird Rock Coffee Roasters - Torrey Pines</name>
      <description><![CDATA[Priority 3: Coffee-chain backup.<br/>Address: 2212 Carmel Valley Rd, Del Mar, CA 92014, USA<br/>Approximate runner mile: 102.3.<br/>Nearest runner geometry: approximately 0.32 mi straight-line (not a walking detour).<br/>Verification: Google Places business backup (operational); confirm customer restroom access and hours on race day.<br/>Source: <a href="https://maps.google.com/?cid=3341044516628678610&g_mp=Cilnb29nbGUubWFwcy5wbGFjZXMudjEuUGxhY2VzLlNlYXJjaE5lYXJieRACGAQgAA">official / current listing</a>]]></description>
      <styleUrl>#coffeeBackup</styleUrl>
      <Point><coordinates>-117.25495839999999,32.9341887,0</coordinates></Point>
    </Placemark>
    <Placemark><name>BitterSweet LA</name>
      <description><![CDATA[Priority 3: Coffee-chain backup.<br/>Address: 4136 Del Rey Ave ste #651, Marina Del Rey, CA 90292, USA<br/>Approximate runner mile: 3.8.<br/>Nearest runner geometry: approximately 0.25 mi straight-line (not a walking detour).<br/>Verification: Google Places business backup (operational); confirm customer restroom access and hours on race day.<br/>Source: <a href="https://maps.google.com/?cid=18343122016798926773&g_mp=Cilnb29nbGUubWFwcy5wbGFjZXMudjEuUGxhY2VzLlNlYXJjaE5lYXJieRACGAQgAA">official / current listing</a>]]></description>
      <styleUrl>#coffeeBackup</styleUrl>
      <Point><coordinates>-118.4432805,33.9882851,0</coordinates></Point>
    </Placemark>
    <Placemark><name>Black Dog Coffee Roasters</name>
      <description><![CDATA[Priority 3: Coffee-chain backup.<br/>Address: 1399 E Burnett St, Signal Hill, CA 90755, USA<br/>Approximate runner mile: 35.2.<br/>Nearest runner geometry: approximately 0.78 mi straight-line (not a walking detour).<br/>Verification: Google Places business backup (operational); confirm customer restroom access and hours on race day.<br/>Source: <a href="https://maps.google.com/?cid=13571552214007934822&g_mp=Cilnb29nbGUubWFwcy5wbGFjZXMudjEuUGxhY2VzLlNlYXJjaE5lYXJieRACGAQgAA">official / current listing</a>]]></description>
      <styleUrl>#coffeeBackup</styleUrl>
      <Point><coordinates>-118.17440510000002,33.8010984,0</coordinates></Point>
    </Placemark>
    <Placemark><name>Black Ring Coffee Roasters</name>
      <description><![CDATA[Priority 3: Coffee-chain backup.<br/>Address: 5373 Long Beach Blvd, Long Beach, CA 90805, USA<br/>Approximate runner mile: 28.9.<br/>Nearest runner geometry: approximately 0.25 mi straight-line (not a walking detour).<br/>Verification: Google Places business backup (operational); confirm customer restroom access and hours on race day.<br/>Source: <a href="https://maps.google.com/?cid=15030058864997806245&g_mp=Cilnb29nbGUubWFwcy5wbGFjZXMudjEuUGxhY2VzLlNlYXJjaE5lYXJieRACGAQgAA">official / current listing</a>]]></description>
      <styleUrl>#coffeeBackup</styleUrl>
      <Point><coordinates>-118.1966457,33.8538419,0</coordinates></Point>
    </Placemark>
    <Placemark><name>Blend</name>
      <description><![CDATA[Priority 3: Coffee-chain backup.<br/>Address: 21080 Pacific Coast Hwy, Huntington Beach, CA 92648, USA<br/>Approximate runner mile: 50.0.<br/>Nearest runner geometry: approximately 0.03 mi straight-line (not a walking detour).<br/>Verification: Google Places business backup (operational); confirm customer restroom access and hours on race day.<br/>Source: <a href="https://maps.google.com/?cid=1068772926970588454&g_mp=Cilnb29nbGUubWFwcy5wbGFjZXMudjEuUGxhY2VzLlNlYXJjaE5lYXJieRACGAQgAA">official / current listing</a>]]></description>
      <styleUrl>#coffeeBackup</styleUrl>
      <Point><coordinates>-117.9960924,33.6538545,0</coordinates></Point>
    </Placemark>
    <Placemark><name>Blend Cafe</name>
      <description><![CDATA[Priority 3: Coffee-chain backup.<br/>Address: 1221 West Coast Hwy, Newport Beach, CA 92663, USA<br/>Approximate runner mile: 55.5.<br/>Nearest runner geometry: approximately 0.08 mi straight-line (not a walking detour).<br/>Verification: Google Places business backup (operational); confirm customer restroom access and hours on race day.<br/>Source: <a href="https://maps.google.com/?cid=12943030230391374001&g_mp=Cilnb29nbGUubWFwcy5wbGFjZXMudjEuUGxhY2VzLlNlYXJjaE5lYXJieRACGAQgAA">official / current listing</a>]]></description>
      <styleUrl>#coffeeBackup</styleUrl>
      <Point><coordinates>-117.91403129999999,33.615010999999996,0</coordinates></Point>
    </Placemark>
    <Placemark><name>Blk Dot Coffee</name>
      <description><![CDATA[Priority 3: Coffee-chain backup.<br/>Address: 6473 Pacific Coast Hwy, Long Beach, CA 90803, USA<br/>Approximate runner mile: 40.1.<br/>Nearest runner geometry: approximately 0.13 mi straight-line (not a walking detour).<br/>Verification: Google Places business backup (operational); confirm customer restroom access and hours on race day.<br/>Source: <a href="https://maps.google.com/?cid=4038225013466104162&g_mp=Cilnb29nbGUubWFwcy5wbGFjZXMudjEuUGxhY2VzLlNlYXJjaE5lYXJieRACGAQgAA">official / current listing</a>]]></description>
      <styleUrl>#coffeeBackup</styleUrl>
      <Point><coordinates>-118.1083962,33.757841899999995,0</coordinates></Point>
    </Placemark>
    <Placemark><name>Blk Dot Coffee</name>
      <description><![CDATA[Priority 3: Coffee-chain backup.<br/>Address: 7958 Pacific Coast Hwy, Newport Coast, CA 92657, USA<br/>Approximate runner mile: 61.6.<br/>Nearest runner geometry: approximately 0.09 mi straight-line (not a walking detour).<br/>Verification: Google Places business backup (operational); confirm customer restroom access and hours on race day.<br/>Source: <a href="https://maps.google.com/?cid=497024334999750569&g_mp=Cilnb29nbGUubWFwcy5wbGFjZXMudjEuUGxhY2VzLlNlYXJjaE5lYXJieRACGAQgAA">official / current listing</a>]]></description>
      <styleUrl>#coffeeBackup</styleUrl>
      <Point><coordinates>-117.8325809,33.5700065,0</coordinates></Point>
    </Placemark>
    <Placemark><name>Blk Dot Coffee</name>
      <description><![CDATA[Priority 3: Coffee-chain backup.<br/>Address: 656 N Coast Hwy, Laguna Beach, CA 92651, USA<br/>Approximate runner mile: 64.4.<br/>Nearest runner geometry: approximately 0.03 mi straight-line (not a walking detour).<br/>Verification: Google Places business backup (operational); confirm customer restroom access and hours on race day.<br/>Source: <a href="https://maps.google.com/?cid=16585496226215997161&g_mp=Cilnb29nbGUubWFwcy5wbGFjZXMudjEuUGxhY2VzLlNlYXJjaE5lYXJieRACGAQgAA">official / current listing</a>]]></description>
      <styleUrl>#coffeeBackup</styleUrl>
      <Point><coordinates>-117.79422059999999,33.546593099999996,0</coordinates></Point>
    </Placemark>
    <Placemark><name>Blue Bottle Coffee</name>
      <description><![CDATA[Priority 3: Coffee-chain backup.<br/>Address: 415 Santa Monica Blvd, Santa Monica, CA 90401, USA<br/>Approximate runner mile: 0.1.<br/>Nearest runner geometry: approximately 0.38 mi straight-line (not a walking detour).<br/>Verification: Google Places business backup (operational); confirm customer restroom access and hours on race day.<br/>Source: <a href="https://maps.google.com/?cid=4792885234090803002&g_mp=Cilnb29nbGUubWFwcy5wbGFjZXMudjEuUGxhY2VzLlNlYXJjaE5lYXJieRACGAQgAA">official / current listing</a>]]></description>
      <styleUrl>#coffeeBackup</styleUrl>
      <Point><coordinates>-118.4948747,34.0168605,0</coordinates></Point>
    </Placemark>
    <Placemark><name>Blue Bottle Coffee</name>
      <description><![CDATA[Priority 3: Coffee-chain backup.<br/>Address: 2439 Main St, Santa Monica, CA 90405, USA<br/>Approximate runner mile: 1.0.<br/>Nearest runner geometry: approximately 0.02 mi straight-line (not a walking detour).<br/>Verification: Google Places business backup (operational); confirm customer restroom access and hours on race day.<br/>Source: <a href="https://maps.google.com/?cid=14664431022526881368&g_mp=Cilnb29nbGUubWFwcy5wbGFjZXMudjEuUGxhY2VzLlNlYXJjaE5lYXJieRACGAQgAA">official / current listing</a>]]></description>
      <styleUrl>#coffeeBackup</styleUrl>
      <Point><coordinates>-118.48487449999999,34.0035269,0</coordinates></Point>
    </Placemark>
    <Placemark><name>Blue Bottle Coffee</name>
      <description><![CDATA[Priority 3: Coffee-chain backup.<br/>Address: 12105 E Waterfront Dr C4 #108C, Los Angeles, CA 90094, USA<br/>Approximate runner mile: 7.0.<br/>Nearest runner geometry: approximately 0.56 mi straight-line (not a walking detour).<br/>Verification: Google Places business backup (operational); confirm customer restroom access and hours on race day.<br/>Source: <a href="https://maps.google.com/?cid=1217976864371469359&g_mp=Cilnb29nbGUubWFwcy5wbGFjZXMudjEuUGxhY2VzLlNlYXJjaE5lYXJieRACGAQgAA">official / current listing</a>]]></description>
      <styleUrl>#coffeeBackup</styleUrl>
      <Point><coordinates>-118.4075383,33.9800642,0</coordinates></Point>
    </Placemark>
    <Placemark><name>Blue Bottle Coffee</name>
      <description><![CDATA[Priority 3: Coffee-chain backup.<br/>Address: 3366 Via Lido, Newport Beach, CA 92663, USA<br/>Approximate runner mile: 54.6.<br/>Nearest runner geometry: approximately 0.24 mi straight-line (not a walking detour).<br/>Verification: Google Places business backup (operational); confirm customer restroom access and hours on race day.<br/>Source: <a href="https://maps.google.com/?cid=13769378092678208373&g_mp=Cilnb29nbGUubWFwcy5wbGFjZXMudjEuUGxhY2VzLlNlYXJjaE5lYXJieRACGAQgAA">official / current listing</a>]]></description>
      <styleUrl>#coffeeBackup</styleUrl>
      <Point><coordinates>-117.92769200000001,33.6177457,0</coordinates></Point>
    </Placemark>
    <Placemark><name>Blue Whale</name>
      <description><![CDATA[Priority 3: Coffee-chain backup.<br/>Address: 834 Kline St, La Jolla, CA 92037, USA<br/>Approximate runner mile: 110.3.<br/>Nearest runner geometry: approximately 0.16 mi straight-line (not a walking detour).<br/>Verification: Google Places business backup (operational); confirm customer restroom access and hours on race day.<br/>Source: <a href="https://maps.google.com/?cid=8391678092909922858&g_mp=Cilnb29nbGUubWFwcy5wbGFjZXMudjEuUGxhY2VzLlNlYXJjaE5lYXJieRACGAQgAA">official / current listing</a>]]></description>
      <styleUrl>#coffeeBackup</styleUrl>
      <Point><coordinates>-117.275133,32.8433862,0</coordinates></Point>
    </Placemark>
    <Placemark><name>Bluestone Lane San Clemente Café</name>
      <description><![CDATA[Priority 3: Coffee-chain backup.<br/>Address: 223 Avenida Del Mar Ste A, San Clemente, CA 92672, USA<br/>Approximate runner mile: 78.7.<br/>Nearest runner geometry: approximately 0.27 mi straight-line (not a walking detour).<br/>Verification: Google Places business backup (operational); confirm customer restroom access and hours on race day.<br/>Source: <a href="https://maps.google.com/?cid=590339338086448760&g_mp=Cilnb29nbGUubWFwcy5wbGFjZXMudjEuUGxhY2VzLlNlYXJjaE5lYXJieRACGAQgAA">official / current listing</a>]]></description>
      <styleUrl>#coffeeBackup</styleUrl>
      <Point><coordinates>-117.6161096,33.4249794,0</coordinates></Point>
    </Placemark>
    <Placemark><name>Boards N' Beans</name>
      <description><![CDATA[Priority 3: Coffee-chain backup.<br/>Address: 763 Turquoise St, San Diego, CA 92109, USA<br/>Approximate runner mile: 113.4.<br/>Nearest runner geometry: approximately 0.11 mi straight-line (not a walking detour).<br/>Verification: Google Places business backup (operational); confirm customer restroom access and hours on race day.<br/>Source: <a href="https://maps.google.com/?cid=10556543404124458140&g_mp=Cilnb29nbGUubWFwcy5wbGFjZXMudjEuUGxhY2VzLlNlYXJjaE5lYXJieRACGAQgAA">official / current listing</a>]]></description>
      <styleUrl>#coffeeBackup</styleUrl>
      <Point><coordinates>-117.25970259999998,32.8083926,0</coordinates></Point>
    </Placemark>
    <Placemark><name>Boba Tree</name>
      <description><![CDATA[Priority 3: Coffee-chain backup.<br/>Address: 8934 State St, South Gate, CA 90280, USA<br/>Approximate runner mile: 19.4.<br/>Nearest runner geometry: approximately 0.06 mi straight-line (not a walking detour).<br/>Verification: Google Places business backup (operational); confirm customer restroom access and hours on race day.<br/>Source: <a href="https://maps.google.com/?cid=12821534598469762446&g_mp=Cilnb29nbGUubWFwcy5wbGFjZXMudjEuUGxhY2VzLlNlYXJjaE5lYXJieRACGAQgAA">official / current listing</a>]]></description>
      <styleUrl>#coffeeBackup</styleUrl>
      <Point><coordinates>-118.21221480000001,33.9537712,0</coordinates></Point>
    </Placemark>
    <Placemark><name>Bogart's Coffee House</name>
      <description><![CDATA[Priority 3: Coffee-chain backup.<br/>Address: 905 Ocean Ave, Seal Beach, CA 90740, USA<br/>Approximate runner mile: 41.1.<br/>Nearest runner geometry: approximately 0.35 mi straight-line (not a walking detour).<br/>Verification: Google Places business backup (operational); confirm customer restroom access and hours on race day.<br/>Source: <a href="https://maps.google.com/?cid=10844165020012647005&g_mp=Cilnb29nbGUubWFwcy5wbGFjZXMudjEuUGxhY2VzLlNlYXJjaE5lYXJieRACGAQgAA">official / current listing</a>]]></description>
      <styleUrl>#coffeeBackup</styleUrl>
      <Point><coordinates>-118.1055241,33.7398343,0</coordinates></Point>
    </Placemark>
    <Placemark><name>Boulevard Coffee</name>
      <description><![CDATA[Priority 3: Coffee-chain backup.<br/>Address: 2321 Abbot Kinney Blvd, Venice, CA 90291, USA<br/>Approximate runner mile: 2.9.<br/>Nearest runner geometry: approximately 0.02 mi straight-line (not a walking detour).<br/>Verification: Google Places business backup (closed temporarily); confirm customer restroom access and hours on race day.<br/>Source: <a href="https://maps.google.com/?cid=16382006978031767326&g_mp=Cilnb29nbGUubWFwcy5wbGFjZXMudjEuUGxhY2VzLlNlYXJjaE5lYXJieRACGAQgAA">official / current listing</a>]]></description>
      <styleUrl>#coffeeBackup</styleUrl>
      <Point><coordinates>-118.4588198,33.9877719,0</coordinates></Point>
    </Placemark>
    <Placemark><name>Bound Coffee Company</name>
      <description><![CDATA[Priority 3: Coffee-chain backup.<br/>Address: 2110 S Coast Hwy Ste C, Oceanside, CA 92054, USA<br/>Approximate runner mile: 84.5.<br/>Nearest runner geometry: approximately 0.01 mi straight-line (not a walking detour).<br/>Verification: Google Places business backup (operational); confirm customer restroom access and hours on race day.<br/>Source: <a href="https://maps.google.com/?cid=14098012389709257703&g_mp=Cilnb29nbGUubWFwcy5wbGFjZXMudjEuUGxhY2VzLlNlYXJjaE5lYXJieRACGAQgAA">official / current listing</a>]]></description>
      <styleUrl>#coffeeBackup</styleUrl>
      <Point><coordinates>-117.3577089,33.1703336,0</coordinates></Point>
    </Placemark>
    <Placemark><name>Brick &amp; Bell Plus</name>
      <description><![CDATA[Priority 3: Coffee-chain backup.<br/>Address: 7825 Fay Ave, La Jolla, CA 92037, USA<br/>Approximate runner mile: 110.2.<br/>Nearest runner geometry: approximately 0.25 mi straight-line (not a walking detour).<br/>Verification: Google Places business backup (operational); confirm customer restroom access and hours on race day.<br/>Source: <a href="https://maps.google.com/?cid=17563662783289848655&g_mp=Cilnb29nbGUubWFwcy5wbGFjZXMudjEuUGxhY2VzLlNlYXJjaE5lYXJieRACGAQgAA">official / current listing</a>]]></description>
      <styleUrl>#coffeeBackup</styleUrl>
      <Point><coordinates>-117.27509569999998,32.845376,0</coordinates></Point>
    </Placemark>
    <Placemark><name>Brooklyn Bagel LAX</name>
      <description><![CDATA[Priority 3: Coffee-chain backup.<br/>Address: 8736 S Sepulveda Blvd Unit a, Los Angeles, CA 90045, USA<br/>Approximate runner mile: 8.3.<br/>Nearest runner geometry: approximately 0.83 mi straight-line (not a walking detour).<br/>Verification: Google Places business backup (operational); confirm customer restroom access and hours on race day.<br/>Source: <a href="https://maps.google.com/?cid=4298808651060763841&g_mp=Cilnb29nbGUubWFwcy5wbGFjZXMudjEuUGxhY2VzLlNlYXJjaE5lYXJieRACGAQgAA">official / current listing</a>]]></description>
      <styleUrl>#coffeeBackup</styleUrl>
      <Point><coordinates>-118.39589559999997,33.9577875,0</coordinates></Point>
    </Placemark>
    <Placemark><name>Brown Cup Cafe &amp; Lounge</name>
      <description><![CDATA[Priority 3: Coffee-chain backup.<br/>Address: 401 N Coast Hwy Ste 105, Oceanside, CA 92054, USA<br/>Approximate runner mile: 82.2.<br/>Nearest runner geometry: approximately 0.01 mi straight-line (not a walking detour).<br/>Verification: Google Places business backup (operational); confirm customer restroom access and hours on race day.<br/>Source: <a href="https://maps.google.com/?cid=16827645767285294380&g_mp=Cilnb29nbGUubWFwcy5wbGFjZXMudjEuUGxhY2VzLlNlYXJjaE5lYXJieRACGAQgAA">official / current listing</a>]]></description>
      <styleUrl>#coffeeBackup</styleUrl>
      <Point><coordinates>-117.38152930000001,33.1979825,0</coordinates></Point>
    </Placemark>
    <Placemark><name>Bruegger's Bagels</name>
      <description><![CDATA[Priority 3: Coffee-chain backup.<br/>Address: 2743 Pacific Coast Hwy, Corona Del Mar, CA 92625, USA<br/>Approximate runner mile: 58.3.<br/>Nearest runner geometry: approximately 0.01 mi straight-line (not a walking detour).<br/>Verification: Google Places business backup (operational); confirm customer restroom access and hours on race day.<br/>Source: <a href="https://maps.google.com/?cid=1938440280024371957&g_mp=Cilnb29nbGUubWFwcy5wbGFjZXMudjEuUGxhY2VzLlNlYXJjaE5lYXJieRACGAQgAA">official / current listing</a>]]></description>
      <styleUrl>#coffeeBackup</styleUrl>
      <Point><coordinates>-117.87290859999997,33.600975999999996,0</coordinates></Point>
    </Placemark>
    <Placemark><name>Bruegger's Bagels</name>
      <description><![CDATA[Priority 3: Coffee-chain backup.<br/>Address: 1886 Garnet Ave, San Diego, CA 92109, USA<br/>Approximate runner mile: 115.4.<br/>Nearest runner geometry: approximately 0.03 mi straight-line (not a walking detour).<br/>Verification: Google Places business backup (operational); confirm customer restroom access and hours on race day.<br/>Source: <a href="https://maps.google.com/?cid=2405587004654673818&g_mp=Cilnb29nbGUubWFwcy5wbGFjZXMudjEuUGxhY2VzLlNlYXJjaE5lYXJieRACGAQgAA">official / current listing</a>]]></description>
      <styleUrl>#coffeeBackup</styleUrl>
      <Point><coordinates>-117.23570559999999,32.80117260000001,0</coordinates></Point>
    </Placemark>
    <Placemark><name>Bump Coffee</name>
      <description><![CDATA[Priority 3: Coffee-chain backup.<br/>Address: 1302 N Coast Hwy 101, Encinitas, CA 92024, USA<br/>Approximate runner mile: 92.3.<br/>Nearest runner geometry: approximately 0.02 mi straight-line (not a walking detour).<br/>Verification: Google Places business backup (operational); confirm customer restroom access and hours on race day.<br/>Source: <a href="https://maps.google.com/?cid=1895868425821820404&g_mp=Cilnb29nbGUubWFwcy5wbGFjZXMudjEuUGxhY2VzLlNlYXJjaE5lYXJieRACGAQgAA">official / current listing</a>]]></description>
      <styleUrl>#coffeeBackup</styleUrl>
      <Point><coordinates>-117.3046169,33.070767499999995,0</coordinates></Point>
    </Placemark>
    <Placemark><name>Bump Coffee</name>
      <description><![CDATA[Priority 3: Coffee-chain backup.<br/>Address: 126 Aberdeen Dr, Cardiff, CA 92007, USA<br/>Approximate runner mile: 96.0.<br/>Nearest runner geometry: approximately 0.10 mi straight-line (not a walking detour).<br/>Verification: Google Places business backup (operational); confirm customer restroom access and hours on race day.<br/>Source: <a href="https://maps.google.com/?cid=1253629020850651590&g_mp=Cilnb29nbGUubWFwcy5wbGFjZXMudjEuUGxhY2VzLlNlYXJjaE5lYXJieRACGAQgAA">official / current listing</a>]]></description>
      <styleUrl>#coffeeBackup</styleUrl>
      <Point><coordinates>-117.28136499999998,33.0207811,0</coordinates></Point>
    </Placemark>
    <Placemark><name>Buna Coffee House and Tea</name>
      <description><![CDATA[Priority 3: Coffee-chain backup.<br/>Address: 740 Centinela Ave #103, Inglewood, CA 90302, USA<br/>Approximate runner mile: 11.0.<br/>Nearest runner geometry: approximately 0.95 mi straight-line (not a walking detour).<br/>Verification: Google Places business backup (operational); confirm customer restroom access and hours on race day.<br/>Source: <a href="https://maps.google.com/?cid=15186493988994306904&g_mp=Cilnb29nbGUubWFwcy5wbGFjZXMudjEuUGxhY2VzLlNlYXJjaE5lYXJieRACGAQgAA">official / current listing</a>]]></description>
      <styleUrl>#coffeeBackup</styleUrl>
      <Point><coordinates>-118.3522567,33.975657399999996,0</coordinates></Point>
    </Placemark>
    <Placemark><name>CONTROLL COFFEE</name>
      <description><![CDATA[Priority 3: Coffee-chain backup.<br/>Address: 119 E 7th St, Long Beach, CA 90813, USA<br/>Approximate runner mile: 34.2.<br/>Nearest runner geometry: approximately 0.98 mi straight-line (not a walking detour).<br/>Verification: Google Places business backup (operational); confirm customer restroom access and hours on race day.<br/>Source: <a href="https://maps.google.com/?cid=9845914007058943647&g_mp=Cilnb29nbGUubWFwcy5wbGFjZXMudjEuUGxhY2VzLlNlYXJjaE5lYXJieRACGAQgAA">official / current listing</a>]]></description>
      <styleUrl>#coffeeBackup</styleUrl>
      <Point><coordinates>-118.1918767,33.7755218,0</coordinates></Point>
    </Placemark>
    <Placemark><name>Cadoro Bakery</name>
      <description><![CDATA[Priority 3: Coffee-chain backup.<br/>Address: 504 N Oak St, Inglewood, CA 90302, USA<br/>Approximate runner mile: 10.5.<br/>Nearest runner geometry: approximately 0.43 mi straight-line (not a walking detour).<br/>Verification: Google Places business backup (operational); confirm customer restroom access and hours on race day.<br/>Source: <a href="https://maps.google.com/?cid=4615965311651061809&g_mp=Cilnb29nbGUubWFwcy5wbGFjZXMudjEuUGxhY2VzLlNlYXJjaE5lYXJieRACGAQgAA">official / current listing</a>]]></description>
      <styleUrl>#coffeeBackup</styleUrl>
      <Point><coordinates>-118.3620477,33.9679632,0</coordinates></Point>
    </Placemark>
    <Placemark><name>Cafe</name>
      <description><![CDATA[Priority 3: Coffee-chain backup.<br/>Address: 1101 Abbot Kinney Blvd, Venice, CA 90291, USA<br/>Approximate runner mile: 2.2.<br/>Nearest runner geometry: approximately 0.01 mi straight-line (not a walking detour).<br/>Verification: Google Places business backup (operational); confirm customer restroom access and hours on race day.<br/>Source: <a href="https://maps.google.com/?cid=13683604488852621988&g_mp=Cilnb29nbGUubWFwcy5wbGFjZXMudjEuUGxhY2VzLlNlYXJjaE5lYXJieRACGAQgAA">official / current listing</a>]]></description>
      <styleUrl>#coffeeBackup</styleUrl>
      <Point><coordinates>-118.4704781,33.9920201,0</coordinates></Point>
    </Placemark>
    <Placemark><name>Cafe Elysa</name>
      <description><![CDATA[Priority 3: Coffee-chain backup.<br/>Address: 3076 Carlsbad Blvd, Carlsbad, CA 92008, USA<br/>Approximate runner mile: 85.6.<br/>Nearest runner geometry: approximately 0.02 mi straight-line (not a walking detour).<br/>Verification: Google Places business backup (operational); confirm customer restroom access and hours on race day.<br/>Source: <a href="https://maps.google.com/?cid=8431099720483051344&g_mp=Cilnb29nbGUubWFwcy5wbGFjZXMudjEuUGxhY2VzLlNlYXJjaE5lYXJieRACGAQgAA">official / current listing</a>]]></description>
      <styleUrl>#coffeeBackup</styleUrl>
      <Point><coordinates>-117.35039289999999,33.1571898,0</coordinates></Point>
    </Placemark>
    <Placemark><name>Cafe Heidelberg</name>
      <description><![CDATA[Priority 3: Coffee-chain backup.<br/>Address: 1100 S Coast Hwy Ste 116, Laguna Beach, CA 92651, USA<br/>Approximate runner mile: 65.8.<br/>Nearest runner geometry: approximately 0.01 mi straight-line (not a walking detour).<br/>Verification: Google Places business backup (operational); confirm customer restroom access and hours on race day.<br/>Source: <a href="https://maps.google.com/?cid=2027097878256973414&g_mp=Cilnb29nbGUubWFwcy5wbGFjZXMudjEuUGxhY2VzLlNlYXJjaE5lYXJieRACGAQgAA">official / current listing</a>]]></description>
      <styleUrl>#coffeeBackup</styleUrl>
      <Point><coordinates>-117.77632659999999,33.5335301,0</coordinates></Point>
    </Placemark>
    <Placemark><name>Cafe Mimosa</name>
      <description><![CDATA[Priority 3: Coffee-chain backup.<br/>Address: 243 Avenida Del Mar, San Clemente, CA 92672, USA<br/>Approximate runner mile: 78.7.<br/>Nearest runner geometry: approximately 0.35 mi straight-line (not a walking detour).<br/>Verification: Google Places business backup (operational); confirm customer restroom access and hours on race day.<br/>Source: <a href="https://maps.google.com/?cid=16397279751479316609&g_mp=Cilnb29nbGUubWFwcy5wbGFjZXMudjEuUGxhY2VzLlNlYXJjaE5lYXJieRACGAQgAA">official / current listing</a>]]></description>
      <styleUrl>#coffeeBackup</styleUrl>
      <Point><coordinates>-117.617076,33.4242286,0</coordinates></Point>
    </Placemark>
    <Placemark><name>Cafe Ruisseau</name>
      <description><![CDATA[Priority 3: Coffee-chain backup.<br/>Address: 12150 Millennium Dr, Los Angeles, CA 90094, USA<br/>Approximate runner mile: 7.1.<br/>Nearest runner geometry: approximately 0.55 mi straight-line (not a walking detour).<br/>Verification: Google Places business backup (operational); confirm customer restroom access and hours on race day.<br/>Source: <a href="https://maps.google.com/?cid=15691696591450624814&g_mp=Cilnb29nbGUubWFwcy5wbGFjZXMudjEuUGxhY2VzLlNlYXJjaE5lYXJieRACGAQgAA">official / current listing</a>]]></description>
      <styleUrl>#coffeeBackup</styleUrl>
      <Point><coordinates>-118.40672479999999,33.9793581,0</coordinates></Point>
    </Placemark>
    <Placemark><name>Cafe Sone</name>
      <description><![CDATA[Priority 3: Coffee-chain backup.<br/>Address: The Garage, 220 Walnut Ave, Huntington Beach, CA 92648, USA<br/>Approximate runner mile: 49.7.<br/>Nearest runner geometry: approximately 0.09 mi straight-line (not a walking detour).<br/>Verification: Google Places business backup (closed temporarily); confirm customer restroom access and hours on race day.<br/>Source: <a href="https://maps.google.com/?cid=15703075134401894809&g_mp=Cilnb29nbGUubWFwcy5wbGFjZXMudjEuUGxhY2VzLlNlYXJjaE5lYXJieRACGAQgAA">official / current listing</a>]]></description>
      <styleUrl>#coffeeBackup</styleUrl>
      <Point><coordinates>-118.0000848,33.6574986,0</coordinates></Point>
    </Placemark>
    <Placemark><name>Cafetales</name>
      <description><![CDATA[Priority 3: Coffee-chain backup.<br/>Address: 115 S La Brea Ave, Inglewood, CA 90301, USA<br/>Approximate runner mile: 10.9.<br/>Nearest runner geometry: approximately 0.02 mi straight-line (not a walking detour).<br/>Verification: Google Places business backup (operational); confirm customer restroom access and hours on race day.<br/>Source: <a href="https://maps.google.com/?cid=10721179837568513273&g_mp=Cilnb29nbGUubWFwcy5wbGFjZXMudjEuUGxhY2VzLlNlYXJjaE5lYXJieRACGAQgAA">official / current listing</a>]]></description>
      <styleUrl>#coffeeBackup</styleUrl>
      <Point><coordinates>-118.3535575,33.9621661,0</coordinates></Point>
    </Placemark>
    <Placemark><name>Caffe Di Talya Veloce</name>
      <description><![CDATA[Priority 3: Coffee-chain backup.<br/>Address: 4450 Ingraham St, San Diego, CA 92109, USA<br/>Approximate runner mile: 115.1.<br/>Nearest runner geometry: approximately 0.04 mi straight-line (not a walking detour).<br/>Verification: Google Places business backup (operational); confirm customer restroom access and hours on race day.<br/>Source: <a href="https://maps.google.com/?cid=17983281033480796835&g_mp=Cilnb29nbGUubWFwcy5wbGFjZXMudjEuUGxhY2VzLlNlYXJjaE5lYXJieRACGAQgAA">official / current listing</a>]]></description>
      <styleUrl>#coffeeBackup</styleUrl>
      <Point><coordinates>-117.2408372,32.799119399999995,0</coordinates></Point>
    </Placemark>
    <Placemark><name>Caffe Kiosk - Water-2-G0</name>
      <description><![CDATA[Priority 3: Coffee-chain backup.<br/>Address: 8209 San Pedro St, Los Angeles, CA 90003, USA<br/>Approximate runner mile: 15.9.<br/>Nearest runner geometry: approximately 0.36 mi straight-line (not a walking detour).<br/>Verification: Google Places business backup (operational); confirm customer restroom access and hours on race day.<br/>Source: <a href="https://maps.google.com/?cid=5952525198547422520&g_mp=Cilnb29nbGUubWFwcy5wbGFjZXMudjEuUGxhY2VzLlNlYXJjaE5lYXJieRACGAQgAA">official / current listing</a>]]></description>
      <styleUrl>#coffeeBackup</styleUrl>
      <Point><coordinates>-118.26972500000001,33.9651463,0</coordinates></Point>
    </Placemark>
    <Placemark><name>Caffe Luxxe</name>
      <description><![CDATA[Priority 3: Coffee-chain backup.<br/>Address: 6420 Pacific Coast Hwy Ste 145, Long Beach, CA 90803, USA<br/>Approximate runner mile: 40.1.<br/>Nearest runner geometry: approximately 0.07 mi straight-line (not a walking detour).<br/>Verification: Google Places business backup (operational); confirm customer restroom access and hours on race day.<br/>Source: <a href="https://maps.google.com/?cid=8167972204200262660&g_mp=Cilnb29nbGUubWFwcy5wbGFjZXMudjEuUGxhY2VzLlNlYXJjaE5lYXJieRACGAQgAA">official / current listing</a>]]></description>
      <styleUrl>#coffeeBackup</styleUrl>
      <Point><coordinates>-118.11095290000002,33.7559512,0</coordinates></Point>
    </Placemark>
    <Placemark><name>Caffé di Talya - Coffee shop</name>
      <description><![CDATA[Priority 3: Coffee-chain backup.<br/>Address: 837 Turquoise St, San Diego, CA 92109, USA<br/>Approximate runner mile: 113.4.<br/>Nearest runner geometry: approximately 0.17 mi straight-line (not a walking detour).<br/>Verification: Google Places business backup (operational); confirm customer restroom access and hours on race day.<br/>Source: <a href="https://maps.google.com/?cid=2918810159452026534&g_mp=Cilnb29nbGUubWFwcy5wbGFjZXMudjEuUGxhY2VzLlNlYXJjaE5lYXJieRACGAQgAA">official / current listing</a>]]></description>
      <styleUrl>#coffeeBackup</styleUrl>
      <Point><coordinates>-117.25840579999999,32.8085069,0</coordinates></Point>
    </Placemark>
    <Placemark><name>Café Vahik</name>
      <description><![CDATA[Priority 3: Coffee-chain backup.<br/>Address: 6780 La Jolla Blvd, La Jolla, CA 92037, USA<br/>Approximate runner mile: 111.4.<br/>Nearest runner geometry: approximately 0.02 mi straight-line (not a walking detour).<br/>Verification: Google Places business backup (operational); confirm customer restroom access and hours on race day.<br/>Source: <a href="https://maps.google.com/?cid=11938822282023223143&g_mp=Cilnb29nbGUubWFwcy5wbGFjZXMudjEuUGxhY2VzLlNlYXJjaE5lYXJieRACGAQgAA">official / current listing</a>]]></description>
      <styleUrl>#coffeeBackup</styleUrl>
      <Point><coordinates>-117.2769906,32.830278899999996,0</coordinates></Point>
    </Placemark>
    <Placemark><name>Cake &amp; Coffee House</name>
      <description><![CDATA[Priority 3: Coffee-chain backup.<br/>Address: 3411 Tweedy Blvd Unit "D, South Gate, CA 90280, USA<br/>Approximate runner mile: 19.6.<br/>Nearest runner geometry: approximately 0.66 mi straight-line (not a walking detour).<br/>Verification: Google Places business backup (operational); confirm customer restroom access and hours on race day.<br/>Source: <a href="https://maps.google.com/?cid=987146611765953504&g_mp=Cilnb29nbGUubWFwcy5wbGFjZXMudjEuUGxhY2VzLlNlYXJjaE5lYXJieRACGAQgAA">official / current listing</a>]]></description>
      <styleUrl>#coffeeBackup</styleUrl>
      <Point><coordinates>-118.20923789999999,33.9448119,0</coordinates></Point>
    </Placemark>
    <Placemark><name>Cala La Jolla Café</name>
      <description><![CDATA[Priority 3: Coffee-chain backup.<br/>Address: 7910 Girard Ave, La Jolla, CA 92037, USA<br/>Approximate runner mile: 110.1.<br/>Nearest runner geometry: approximately 0.30 mi straight-line (not a walking detour).<br/>Verification: Google Places business backup (operational); confirm customer restroom access and hours on race day.<br/>Source: <a href="https://maps.google.com/?cid=2635166002837020400&g_mp=Cilnb29nbGUubWFwcy5wbGFjZXMudjEuUGxhY2VzLlNlYXJjaE5lYXJieRACGAQgAA">official / current listing</a>]]></description>
      <styleUrl>#coffeeBackup</styleUrl>
      <Point><coordinates>-117.27473219999999,32.8467567,0</coordinates></Point>
    </Placemark>
    <Placemark><name>Cali Cream</name>
      <description><![CDATA[Priority 3: Coffee-chain backup.<br/>Address: 90 N Coast Hwy 101 Ste 101, Encinitas, CA 92024, USA<br/>Approximate runner mile: 93.9.<br/>Nearest runner geometry: approximately 0.02 mi straight-line (not a walking detour).<br/>Verification: Google Places business backup (operational); confirm customer restroom access and hours on race day.<br/>Source: <a href="https://maps.google.com/?cid=5570007106818529598&g_mp=Cilnb29nbGUubWFwcy5wbGFjZXMudjEuUGxhY2VzLlNlYXJjaE5lYXJieRACGAQgAA">official / current listing</a>]]></description>
      <styleUrl>#coffeeBackup</styleUrl>
      <Point><coordinates>-117.2944905,33.0490354,0</coordinates></Point>
    </Placemark>
    <Placemark><name>Cali Roots Kava Lounge</name>
      <description><![CDATA[Priority 3: Coffee-chain backup.<br/>Address: 4549 Pacific Coast Hwy, Long Beach, CA 90804, USA<br/>Approximate runner mile: 37.3.<br/>Nearest runner geometry: approximately 0.04 mi straight-line (not a walking detour).<br/>Verification: Google Places business backup (operational); confirm customer restroom access and hours on race day.<br/>Source: <a href="https://maps.google.com/?cid=2234896649683445760&g_mp=Cilnb29nbGUubWFwcy5wbGFjZXMudjEuUGxhY2VzLlNlYXJjaE5lYXJieRACGAQgAA">official / current listing</a>]]></description>
      <styleUrl>#coffeeBackup</styleUrl>
      <Point><coordinates>-118.13880619999999,33.7878243,0</coordinates></Point>
    </Placemark>
    <Placemark><name>California Bean</name>
      <description><![CDATA[Priority 3: Coffee-chain backup.<br/>Address: 522 Santa Fe Dr, Encinitas, CA 92024, USA<br/>Approximate runner mile: 95.0.<br/>Nearest runner geometry: approximately 0.62 mi straight-line (not a walking detour).<br/>Verification: Google Places business backup (operational); confirm customer restroom access and hours on race day.<br/>Source: <a href="https://maps.google.com/?cid=11080902869791511389&g_mp=Cilnb29nbGUubWFwcy5wbGFjZXMudjEuUGxhY2VzLlNlYXJjaE5lYXJieRACGAQgAA">official / current listing</a>]]></description>
      <styleUrl>#coffeeBackup</styleUrl>
      <Point><coordinates>-117.2805246,33.036876299999996,0</coordinates></Point>
    </Placemark>
    <Placemark><name>Camp Coffee Company</name>
      <description><![CDATA[Priority 3: Coffee-chain backup.<br/>Address: 101 N Cleveland St, Oceanside, CA 92054, USA<br/>Approximate runner mile: 82.4.<br/>Nearest runner geometry: approximately 0.12 mi straight-line (not a walking detour).<br/>Verification: Google Places business backup (operational); confirm customer restroom access and hours on race day.<br/>Source: <a href="https://maps.google.com/?cid=11773608271758061620&g_mp=Cilnb29nbGUubWFwcy5wbGFjZXMudjEuUGxhY2VzLlNlYXJjaE5lYXJieRACGAQgAA">official / current listing</a>]]></description>
      <styleUrl>#coffeeBackup</styleUrl>
      <Point><coordinates>-117.3806611,33.1942082,0</coordinates></Point>
    </Placemark>
    <Placemark><name>Capital One Café</name>
      <description><![CDATA[Priority 3: Coffee-chain backup.<br/>Address: 401 Broadway, Santa Monica, CA 90401, USA<br/>Approximate runner mile: 0.1.<br/>Nearest runner geometry: approximately 0.29 mi straight-line (not a walking detour).<br/>Verification: Google Places business backup (operational); confirm customer restroom access and hours on race day.<br/>Source: <a href="https://maps.google.com/?cid=4075866985773155727&g_mp=Cilnb29nbGUubWFwcy5wbGFjZXMudjEuUGxhY2VzLlNlYXJjaE5lYXJieRACGAQgAA">official / current listing</a>]]></description>
      <styleUrl>#coffeeBackup</styleUrl>
      <Point><coordinates>-118.49346179999999,34.0154271,0</coordinates></Point>
    </Placemark>
    <Placemark><name>Captain's Grounds Coffee</name>
      <description><![CDATA[Priority 3: Coffee-chain backup.<br/>Address: 1832 S Coast Hwy, Oceanside, CA 92054, USA<br/>Approximate runner mile: 84.2.<br/>Nearest runner geometry: approximately 0.02 mi straight-line (not a walking detour).<br/>Verification: Google Places business backup (operational); confirm customer restroom access and hours on race day.<br/>Source: <a href="https://maps.google.com/?cid=8248137847130169529&g_mp=Cilnb29nbGUubWFwcy5wbGFjZXMudjEuUGxhY2VzLlNlYXJjaE5lYXJieRACGAQgAA">official / current listing</a>]]></description>
      <styleUrl>#coffeeBackup</styleUrl>
      <Point><coordinates>-117.361075,33.1741944,0</coordinates></Point>
    </Placemark>
    <Placemark><name>Cargo Cafe - Torrey Pines</name>
      <description><![CDATA[Priority 3: Coffee-chain backup.<br/>Address: 10550 N Torrey Pines Rd, La Jolla, CA 92037, USA<br/>Approximate runner mile: 105.4.<br/>Nearest runner geometry: approximately 0.04 mi straight-line (not a walking detour).<br/>Verification: Google Places business backup (operational); confirm customer restroom access and hours on race day.<br/>Source: <a href="https://maps.google.com/?cid=1398379524398689045&g_mp=Cilnb29nbGUubWFwcy5wbGFjZXMudjEuUGxhY2VzLlNlYXJjaE5lYXJieRACGAQgAA">official / current listing</a>]]></description>
      <styleUrl>#coffeeBackup</styleUrl>
      <Point><coordinates>-117.2421507,32.8945694,0</coordinates></Point>
    </Placemark>
    <Placemark><name>Carmen's Coffee Company</name>
      <description><![CDATA[Priority 3: Coffee-chain backup.<br/>Address: 5790 2nd St, Long Beach, CA 90803, USA<br/>Approximate runner mile: 39.7.<br/>Nearest runner geometry: approximately 0.52 mi straight-line (not a walking detour).<br/>Verification: Google Places business backup (operational); confirm customer restroom access and hours on race day.<br/>Source: <a href="https://maps.google.com/?cid=5072373349940779248&g_mp=Cilnb29nbGUubWFwcy5wbGFjZXMudjEuUGxhY2VzLlNlYXJjaE5lYXJieRACGAQgAA">official / current listing</a>]]></description>
      <styleUrl>#coffeeBackup</styleUrl>
      <Point><coordinates>-118.1212103,33.756322100000006,0</coordinates></Point>
    </Placemark>
    <Placemark><name>Carro</name>
      <description><![CDATA[Priority 3: Coffee-chain backup.<br/>Address: 1457 W 87th St, Los Angeles, CA 90047, USA<br/>Approximate runner mile: 14.0.<br/>Nearest runner geometry: approximately 0.05 mi straight-line (not a walking detour).<br/>Verification: Google Places business backup (operational); confirm customer restroom access and hours on race day.<br/>Source: <a href="https://maps.google.com/?cid=15735806061653705538&g_mp=Cilnb29nbGUubWFwcy5wbGFjZXMudjEuUGxhY2VzLlNlYXJjaE5lYXJieRACGAQgAA">official / current listing</a>]]></description>
      <styleUrl>#coffeeBackup</styleUrl>
      <Point><coordinates>-118.30235320000001,33.959224899999995,0</coordinates></Point>
    </Placemark>
    <Placemark><name>Caterina's</name>
      <description><![CDATA[Priority 3: Coffee-chain backup.<br/>Address: 614 Avenida Victoria, San Clemente, CA 92672, USA<br/>Approximate runner mile: 79.0.<br/>Nearest runner geometry: approximately 0.63 mi straight-line (not a walking detour).<br/>Verification: Google Places business backup (operational); confirm customer restroom access and hours on race day.<br/>Source: <a href="https://maps.google.com/?cid=12817992312722578472&g_mp=Cilnb29nbGUubWFwcy5wbGFjZXMudjEuUGxhY2VzLlNlYXJjaE5lYXJieRACGAQgAA">official / current listing</a>]]></description>
      <styleUrl>#coffeeBackup</styleUrl>
      <Point><coordinates>-117.61950180000001,33.419977,0</coordinates></Point>
    </Placemark>
    <Placemark><name>Champagnes Kitchen</name>
      <description><![CDATA[Priority 3: Coffee-chain backup.<br/>Address: 200 Main St Unit 116, Huntington Beach, CA 92648, USA<br/>Approximate runner mile: 49.6.<br/>Nearest runner geometry: approximately 0.15 mi straight-line (not a walking detour).<br/>Verification: Google Places business backup (operational); confirm customer restroom access and hours on race day.<br/>Source: <a href="https://maps.google.com/?cid=3572358980123190850&g_mp=Cilnb29nbGUubWFwcy5wbGFjZXMudjEuUGxhY2VzLlNlYXJjaE5lYXJieRACGAQgAA">official / current listing</a>]]></description>
      <styleUrl>#coffeeBackup</styleUrl>
      <Point><coordinates>-118.00020250000001,33.6586128,0</coordinates></Point>
    </Placemark>
    <Placemark><name>Check One Two Coffee</name>
      <description><![CDATA[Priority 3: Coffee-chain backup.<br/>Address: 1111 Marine St, La Jolla, CA 92037, USA<br/>Approximate runner mile: 110.6.<br/>Nearest runner geometry: approximately 0.09 mi straight-line (not a walking detour).<br/>Verification: Google Places business backup (operational); confirm customer restroom access and hours on race day.<br/>Source: <a href="https://maps.google.com/?cid=15122504754099005658&g_mp=Cilnb29nbGUubWFwcy5wbGFjZXMudjEuUGxhY2VzLlNlYXJjaE5lYXJieRACGAQgAA">official / current listing</a>]]></description>
      <styleUrl>#coffeeBackup</styleUrl>
      <Point><coordinates>-117.27169900000001,32.8392364,0</coordinates></Point>
    </Placemark>
    <Placemark><name>Cherry Ave Cafe</name>
      <description><![CDATA[Priority 3: Coffee-chain backup.<br/>Address: 1436 Cherry Ave ste Block A, Long Beach, CA 90813, USA<br/>Approximate runner mile: 35.7.<br/>Nearest runner geometry: approximately 0.29 mi straight-line (not a walking detour).<br/>Verification: Google Places business backup (operational); confirm customer restroom access and hours on race day.<br/>Source: <a href="https://maps.google.com/?cid=18090079814431486150&g_mp=Cilnb29nbGUubWFwcy5wbGFjZXMudjEuUGxhY2VzLlNlYXJjaE5lYXJieRACGAQgAA">official / current listing</a>]]></description>
      <styleUrl>#coffeeBackup</styleUrl>
      <Point><coordinates>-118.1672036,33.7855554,0</coordinates></Point>
    </Placemark>
    <Placemark><name>ChocoVivo</name>
      <description><![CDATA[Priority 3: Coffee-chain backup.<br/>Address: 12469 Washington Blvd, Los Angeles, CA 90066, USA<br/>Approximate runner mile: 4.8.<br/>Nearest runner geometry: approximately 0.02 mi straight-line (not a walking detour).<br/>Verification: Google Places business backup (operational); confirm customer restroom access and hours on race day.<br/>Source: <a href="https://maps.google.com/?cid=7177364608911265046&g_mp=Cilnb29nbGUubWFwcy5wbGFjZXMudjEuUGxhY2VzLlNlYXJjaE5lYXJieRACGAQgAA">official / current listing</a>]]></description>
      <styleUrl>#coffeeBackup</styleUrl>
      <Point><coordinates>-118.430438,33.997065899999996,0</coordinates></Point>
    </Placemark>
    <Placemark><name>Circle K</name>
      <description><![CDATA[Priority 3: Coffee-chain backup.<br/>Address: 33571 Del Obispo St, Dana Point, CA 92629, USA<br/>Approximate runner mile: 73.6.<br/>Nearest runner geometry: approximately 0.76 mi straight-line (not a walking detour).<br/>Verification: Google Places business backup (operational); confirm customer restroom access and hours on race day.<br/>Source: <a href="https://maps.google.com/?cid=10963761663170221452&g_mp=Cilnb29nbGUubWFwcy5wbGFjZXMudjEuUGxhY2VzLlNlYXJjaE5lYXJieRACGAQgAA">official / current listing</a>]]></description>
      <styleUrl>#coffeeBackup</styleUrl>
      <Point><coordinates>-117.6852335,33.475315699999996,0</coordinates></Point>
    </Placemark>
    <Placemark><name>Circle K</name>
      <description><![CDATA[Priority 3: Coffee-chain backup.<br/>Address: 1801 S Coast Hwy, Oceanside, CA 92054, USA<br/>Approximate runner mile: 84.1.<br/>Nearest runner geometry: approximately 0.02 mi straight-line (not a walking detour).<br/>Verification: Google Places business backup (operational); confirm customer restroom access and hours on race day.<br/>Source: <a href="https://maps.google.com/?cid=18303887295116101211&g_mp=Cilnb29nbGUubWFwcy5wbGFjZXMudjEuUGxhY2VzLlNlYXJjaE5lYXJieRACGAQgAA">official / current listing</a>]]></description>
      <styleUrl>#coffeeBackup</styleUrl>
      <Point><coordinates>-117.3623125,33.1747741,0</coordinates></Point>
    </Placemark>
    <Placemark><name>Circle K</name>
      <description><![CDATA[Priority 3: Coffee-chain backup.<br/>Address: 3110 Roosevelt St, Carlsbad, CA 92008, USA<br/>Approximate runner mile: 85.5.<br/>Nearest runner geometry: approximately 0.28 mi straight-line (not a walking detour).<br/>Verification: Google Places business backup (operational); confirm customer restroom access and hours on race day.<br/>Source: <a href="https://maps.google.com/?cid=9615595441076655819&g_mp=Cilnb29nbGUubWFwcy5wbGFjZXMudjEuUGxhY2VzLlNlYXJjaE5lYXJieRACGAQgAA">official / current listing</a>]]></description>
      <styleUrl>#coffeeBackup</styleUrl>
      <Point><coordinates>-117.34623309999999,33.159103099999996,0</coordinates></Point>
    </Placemark>
    <Placemark><name>Claire's Too</name>
      <description><![CDATA[Priority 3: Coffee-chain backup.<br/>Address: 250 N Cedros Ave, Solana Beach, CA 92075, USA<br/>Approximate runner mile: 97.9.<br/>Nearest runner geometry: approximately 0.07 mi straight-line (not a walking detour).<br/>Verification: Google Places business backup (operational); confirm customer restroom access and hours on race day.<br/>Source: <a href="https://maps.google.com/?cid=7208471725611385687&g_mp=Cilnb29nbGUubWFwcy5wbGFjZXMudjEuUGxhY2VzLlNlYXJjaE5lYXJieRACGAQgAA">official / current listing</a>]]></description>
      <styleUrl>#coffeeBackup</styleUrl>
      <Point><coordinates>-117.27107269999998,32.9951268,0</coordinates></Point>
    </Placemark>
    <Placemark><name>Club La Amistad</name>
      <description><![CDATA[Priority 3: Coffee-chain backup.<br/>Address: 1845 E Rosecrans Ave, Compton, CA 90221, USA<br/>Approximate runner mile: 24.6.<br/>Nearest runner geometry: approximately 0.56 mi straight-line (not a walking detour).<br/>Verification: Google Places business backup (operational); confirm customer restroom access and hours on race day.<br/>Source: <a href="https://maps.google.com/?cid=13849505161915647313&g_mp=Cilnb29nbGUubWFwcy5wbGFjZXMudjEuUGxhY2VzLlNlYXJjaE5lYXJieRACGAQgAA">official / current listing</a>]]></description>
      <styleUrl>#coffeeBackup</styleUrl>
      <Point><coordinates>-118.2038259,33.903728799999996,0</coordinates></Point>
    </Placemark>
    <Placemark><name>Club Nutricion Optima</name>
      <description><![CDATA[Priority 3: Coffee-chain backup.<br/>Address: 4460 Firestone Blvd, South Gate, CA 90280, USA<br/>Approximate runner mile: 20.6.<br/>Nearest runner geometry: approximately 0.00 mi straight-line (not a walking detour).<br/>Verification: Google Places business backup (operational); confirm customer restroom access and hours on race day.<br/>Source: <a href="https://maps.google.com/?cid=3573200026534621252&g_mp=Cilnb29nbGUubWFwcy5wbGFjZXMudjEuUGxhY2VzLlNlYXJjaE5lYXJieRACGAQgAA">official / current listing</a>]]></description>
      <styleUrl>#coffeeBackup</styleUrl>
      <Point><coordinates>-118.19157529999998,33.9526006,0</coordinates></Point>
    </Placemark>
    <Placemark><name>Coastal Coffee - Scripps Clinic Torrey Pines</name>
      <description><![CDATA[Priority 3: Coffee-chain backup.<br/>Address: 10710 N Torrey Pines Rd, La Jolla, CA 92037, USA<br/>Approximate runner mile: 105.1.<br/>Nearest runner geometry: approximately 0.05 mi straight-line (not a walking detour).<br/>Verification: Google Places business backup (operational); confirm customer restroom access and hours on race day.<br/>Source: <a href="https://maps.google.com/?cid=15460947166769127081&g_mp=Cilnb29nbGUubWFwcy5wbGFjZXMudjEuUGxhY2VzLlNlYXJjaE5lYXJieRACGAQgAA">official / current listing</a>]]></description>
      <styleUrl>#coffeeBackup</styleUrl>
      <Point><coordinates>-117.2430458,32.8983947,0</coordinates></Point>
    </Placemark>
    <Placemark><name>Coastal Coffee - Scripps Green</name>
      <description><![CDATA[Priority 3: Coffee-chain backup.<br/>Address: 10666 N Torrey Pines Rd, La Jolla, CA 92037, USA<br/>Approximate runner mile: 105.2.<br/>Nearest runner geometry: approximately 0.05 mi straight-line (not a walking detour).<br/>Verification: Google Places business backup (operational); confirm customer restroom access and hours on race day.<br/>Source: <a href="https://maps.google.com/?cid=2486435171657012372&g_mp=Cilnb29nbGUubWFwcy5wbGFjZXMudjEuUGxhY2VzLlNlYXJjaE5lYXJieRACGAQgAA">official / current listing</a>]]></description>
      <styleUrl>#coffeeBackup</styleUrl>
      <Point><coordinates>-117.24280960000002,32.8970705,0</coordinates></Point>
    </Placemark>
    <Placemark><name>Coco Bloom Coffee</name>
      <description><![CDATA[Priority 3: Coffee-chain backup.<br/>Address: 34669 Golden Lantern, Dana Point, CA 92629, USA<br/>Approximate runner mile: 73.1.<br/>Nearest runner geometry: approximately 0.17 mi straight-line (not a walking detour).<br/>Verification: Google Places business backup (operational); confirm customer restroom access and hours on race day.<br/>Source: <a href="https://maps.google.com/?cid=5555045575696113257&g_mp=Cilnb29nbGUubWFwcy5wbGFjZXMudjEuUGxhY2VzLlNlYXJjaE5lYXJieRACGAQgAA">official / current listing</a>]]></description>
      <styleUrl>#coffeeBackup</styleUrl>
      <Point><coordinates>-117.691929,33.4603044,0</coordinates></Point>
    </Placemark>
    <Placemark><name>Coffee &amp; Chisme</name>
      <description><![CDATA[Priority 3: Coffee-chain backup.<br/>Address: 8450 State St, South Gate, CA 90280, USA<br/>Approximate runner mile: 19.4.<br/>Nearest runner geometry: approximately 0.32 mi straight-line (not a walking detour).<br/>Verification: Google Places business backup (operational); confirm customer restroom access and hours on race day.<br/>Source: <a href="https://maps.google.com/?cid=11813338112822886283&g_mp=Cilnb29nbGUubWFwcy5wbGFjZXMudjEuUGxhY2VzLlNlYXJjaE5lYXJieRACGAQgAA">official / current listing</a>]]></description>
      <styleUrl>#coffeeBackup</styleUrl>
      <Point><coordinates>-118.2113571,33.9592332,0</coordinates></Point>
    </Placemark>
    <Placemark><name>Coffee Bean &amp; Tea Leaf</name>
      <description><![CDATA[Priority 3: Coffee-chain backup.<br/>Address: 380 Santa Monica Pier, Santa Monica, CA 90401, USA<br/>Approximate runner mile: 0.0.<br/>Nearest runner geometry: approximately 0.14 mi straight-line (not a walking detour).<br/>Verification: Google Places business backup (operational); confirm customer restroom access and hours on race day.<br/>Source: <a href="https://maps.google.com/?cid=12273808988828932417&g_mp=Cilnb29nbGUubWFwcy5wbGFjZXMudjEuUGxhY2VzLlNlYXJjaE5lYXJieRACGAQgAA">official / current listing</a>]]></description>
      <styleUrl>#coffeeBackup</styleUrl>
      <Point><coordinates>-118.49822870000001,34.0085567,0</coordinates></Point>
    </Placemark>
    <Placemark><name>Coffee Commissary</name>
      <description><![CDATA[Priority 3: Coffee-chain backup.<br/>Address: 11612 Culver Blvd, Los Angeles, CA 90066, USA<br/>Approximate runner mile: 5.6.<br/>Nearest runner geometry: approximately 0.35 mi straight-line (not a walking detour).<br/>Verification: Google Places business backup (operational); confirm customer restroom access and hours on race day.<br/>Source: <a href="https://maps.google.com/?cid=14065042707583314133&g_mp=Cilnb29nbGUubWFwcy5wbGFjZXMudjEuUGxhY2VzLlNlYXJjaE5lYXJieRACGAQgAA">official / current listing</a>]]></description>
      <styleUrl>#coffeeBackup</styleUrl>
      <Point><coordinates>-118.41410619999999,33.9991298,0</coordinates></Point>
    </Placemark>
    <Placemark><name>Coffee Cycle Roasting</name>
      <description><![CDATA[Priority 3: Coffee-chain backup.<br/>Address: 1632 Grand Ave, San Diego, CA 92109, USA<br/>Approximate runner mile: 115.2.<br/>Nearest runner geometry: approximately 0.12 mi straight-line (not a walking detour).<br/>Verification: Google Places business backup (operational); confirm customer restroom access and hours on race day.<br/>Source: <a href="https://maps.google.com/?cid=397838825115259672&g_mp=Cilnb29nbGUubWFwcy5wbGFjZXMudjEuUGxhY2VzLlNlYXJjaE5lYXJieRACGAQgAA">official / current listing</a>]]></description>
      <styleUrl>#coffeeBackup</styleUrl>
      <Point><coordinates>-117.2394015,32.7982689,0</coordinates></Point>
    </Placemark>
    <Placemark><name>Coffee Importers</name>
      <description><![CDATA[Priority 3: Coffee-chain backup.<br/>Address: 24200 Dana Point Harbor Dr Ste A, Dana Point, CA 92629, USA<br/>Approximate runner mile: 72.1.<br/>Nearest runner geometry: approximately 0.28 mi straight-line (not a walking detour).<br/>Verification: Google Places business backup (operational); confirm customer restroom access and hours on race day.<br/>Source: <a href="https://maps.google.com/?cid=16468534955989384353&g_mp=Cilnb29nbGUubWFwcy5wbGFjZXMudjEuUGxhY2VzLlNlYXJjaE5lYXJieRACGAQgAA">official / current listing</a>]]></description>
      <styleUrl>#coffeeBackup</styleUrl>
      <Point><coordinates>-117.70650819999999,33.4613246,0</coordinates></Point>
    </Placemark>
    <Placemark><name>Coffee at your wedding</name>
      <description><![CDATA[Priority 3: Coffee-chain backup.<br/>Address: 120 Newport Center Dr, Newport Beach, CA 92660, USA<br/>Approximate runner mile: 57.6.<br/>Nearest runner geometry: approximately 0.32 mi straight-line (not a walking detour).<br/>Verification: Google Places business backup (operational); confirm customer restroom access and hours on race day.<br/>Source: <a href="https://maps.google.com/?cid=6238622118807098527&g_mp=Cilnb29nbGUubWFwcy5wbGFjZXMudjEuUGxhY2VzLlNlYXJjaE5lYXJieRACGAQgAA">official / current listing</a>]]></description>
      <styleUrl>#coffeeBackup</styleUrl>
      <Point><coordinates>-117.87672939999997,33.612055399999996,0</coordinates></Point>
    </Placemark>
    <Placemark><name>CoffeeBliiss</name>
      <description><![CDATA[Priority 3: Coffee-chain backup.<br/>Address: 5585 E Pacific Coast Hwy, Long Beach, CA 90804, USA<br/>Approximate runner mile: 38.5.<br/>Nearest runner geometry: approximately 0.02 mi straight-line (not a walking detour).<br/>Verification: Google Places business backup (operational); confirm customer restroom access and hours on race day.<br/>Source: <a href="https://maps.google.com/?cid=7532729108456721377&g_mp=Cilnb29nbGUubWFwcy5wbGFjZXMudjEuUGxhY2VzLlNlYXJjaE5lYXJieRACGAQgAA">official / current listing</a>]]></description>
      <styleUrl>#coffeeBackup</styleUrl>
      <Point><coordinates>-118.1236754,33.7762848,0</coordinates></Point>
    </Placemark>
    <Placemark><name>Common Room Roasters - Long Beach Coffee Shop &amp; Roastery</name>
      <description><![CDATA[Priority 3: Coffee-chain backup.<br/>Address: 2952 E 14th St, Long Beach, CA 90804, USA<br/>Approximate runner mile: 36.2.<br/>Nearest runner geometry: approximately 0.38 mi straight-line (not a walking detour).<br/>Verification: Google Places business backup (operational); confirm customer restroom access and hours on race day.<br/>Source: <a href="https://maps.google.com/?cid=13043952519132147806&g_mp=Cilnb29nbGUubWFwcy5wbGFjZXMudjEuUGxhY2VzLlNlYXJjaE5lYXJieRACGAQgAA">official / current listing</a>]]></description>
      <styleUrl>#coffeeBackup</styleUrl>
      <Point><coordinates>-118.1572734,33.7843261,0</coordinates></Point>
    </Placemark>
    <Placemark><name>Communal Coffee</name>
      <description><![CDATA[Priority 3: Coffee-chain backup.<br/>Address: 602 S Tremont St Ste 100, Oceanside, CA 92054, USA<br/>Approximate runner mile: 82.9.<br/>Nearest runner geometry: approximately 0.04 mi straight-line (not a walking detour).<br/>Verification: Google Places business backup (operational); confirm customer restroom access and hours on race day.<br/>Source: <a href="https://maps.google.com/?cid=13760297611302833397&g_mp=Cilnb29nbGUubWFwcy5wbGFjZXMudjEuUGxhY2VzLlNlYXJjaE5lYXJieRACGAQgAA">official / current listing</a>]]></description>
      <styleUrl>#coffeeBackup</styleUrl>
      <Point><coordinates>-117.37474739999999,33.189116399999996,0</coordinates></Point>
    </Placemark>
    <Placemark><name>Copa Vida - UCSD</name>
      <description><![CDATA[Priority 3: Coffee-chain backup.<br/>Address: 9625 Exploration Dr Ste 0126, San Diego, CA 92161, USA<br/>Approximate runner mile: 106.5.<br/>Nearest runner geometry: approximately 0.19 mi straight-line (not a walking detour).<br/>Verification: Google Places business backup (operational); confirm customer restroom access and hours on race day.<br/>Source: <a href="https://maps.google.com/?cid=5733080903904710769&g_mp=Cilnb29nbGUubWFwcy5wbGFjZXMudjEuUGxhY2VzLlNlYXJjaE5lYXJieRACGAQgAA">official / current listing</a>]]></description>
      <styleUrl>#coffeeBackup</styleUrl>
      <Point><coordinates>-117.2408621,32.8802272,0</coordinates></Point>
    </Placemark>
    <Placemark><name>Cora's Coffee Shoppe</name>
      <description><![CDATA[Priority 3: Coffee-chain backup.<br/>Address: 1802 Ocean Ave, Santa Monica, CA 90401, USA<br/>Approximate runner mile: 0.4.<br/>Nearest runner geometry: approximately 0.01 mi straight-line (not a walking detour).<br/>Verification: Google Places business backup (operational); confirm customer restroom access and hours on race day.<br/>Source: <a href="https://maps.google.com/?cid=17562545633804006430&g_mp=Cilnb29nbGUubWFwcy5wbGFjZXMudjEuUGxhY2VzLlNlYXJjaE5lYXJieRACGAQgAA">official / current listing</a>]]></description>
      <styleUrl>#coffeeBackup</styleUrl>
      <Point><coordinates>-118.4913573,34.008146,0</coordinates></Point>
    </Placemark>
    <Placemark><name>Corner Bakery Cafe</name>
      <description><![CDATA[Priority 3: Coffee-chain backup.<br/>Address: 5617 Paseo Del Norte Ste 110, Carlsbad, CA 92008, USA<br/>Approximate runner mile: 88.3.<br/>Nearest runner geometry: approximately 0.30 mi straight-line (not a walking detour).<br/>Verification: Google Places business backup (operational); confirm customer restroom access and hours on race day.<br/>Source: <a href="https://maps.google.com/?cid=9736541304684861246&g_mp=Cilnb29nbGUubWFwcy5wbGFjZXMudjEuUGxhY2VzLlNlYXJjaE5lYXJieRACGAQgAA">official / current listing</a>]]></description>
      <styleUrl>#coffeeBackup</styleUrl>
      <Point><coordinates>-117.32332000000001,33.12583,0</coordinates></Point>
    </Placemark>
    <Placemark><name>Corner House Cafe</name>
      <description><![CDATA[Priority 3: Coffee-chain backup.<br/>Address: 11815 Sorrento Valley Rd, San Diego, CA 92121, USA<br/>Approximate runner mile: 104.1.<br/>Nearest runner geometry: approximately 0.54 mi straight-line (not a walking detour).<br/>Verification: Google Places business backup (operational); confirm customer restroom access and hours on race day.<br/>Source: <a href="https://maps.google.com/?cid=13800257892640677343&g_mp=Cilnb29nbGUubWFwcy5wbGFjZXMudjEuUGxhY2VzLlNlYXJjaE5lYXJieRACGAQgAA">official / current listing</a>]]></description>
      <styleUrl>#coffeeBackup</styleUrl>
      <Point><coordinates>-117.23674009999999,32.916183499999995,0</coordinates></Point>
    </Placemark>
    <Placemark><name>Cottage Cafe (My Le Sandwich)</name>
      <description><![CDATA[Priority 3: Coffee-chain backup.<br/>Address: 1287 E Anaheim St, Long Beach, CA 90813, USA<br/>Approximate runner mile: 35.2.<br/>Nearest runner geometry: approximately 0.48 mi straight-line (not a walking detour).<br/>Verification: Google Places business backup (operational); confirm customer restroom access and hours on race day.<br/>Source: <a href="https://maps.google.com/?cid=14523827184169208737&g_mp=Cilnb29nbGUubWFwcy5wbGFjZXMudjEuUGxhY2VzLlNlYXJjaE5lYXJieRACGAQgAA">official / current listing</a>]]></description>
      <styleUrl>#coffeeBackup</styleUrl>
      <Point><coordinates>-118.1754418,33.782803699999995,0</coordinates></Point>
    </Placemark>
    <Placemark><name>Cowafornia Ice Cream</name>
      <description><![CDATA[Priority 3: Coffee-chain backup.<br/>Address: 600 E Bay Ave b1, Newport Beach, CA 92661, USA<br/>Approximate runner mile: 56.7.<br/>Nearest runner geometry: approximately 0.78 mi straight-line (not a walking detour).<br/>Verification: Google Places business backup (operational); confirm customer restroom access and hours on race day.<br/>Source: <a href="https://maps.google.com/?cid=7264811477663322555&g_mp=Cilnb29nbGUubWFwcy5wbGFjZXMudjEuUGxhY2VzLlNlYXJjaE5lYXJieRACGAQgAA">official / current listing</a>]]></description>
      <styleUrl>#coffeeBackup</styleUrl>
      <Point><coordinates>-117.90036479999999,33.6031086,0</coordinates></Point>
    </Placemark>
    <Placemark><name>Crew Coffee &amp; Cremerie</name>
      <description><![CDATA[Priority 3: Coffee-chain backup.<br/>Address: 3300 Newport Blvd, Newport Beach, CA 92663, USA<br/>Approximate runner mile: 54.5.<br/>Nearest runner geometry: approximately 0.30 mi straight-line (not a walking detour).<br/>Verification: Google Places business backup (operational); confirm customer restroom access and hours on race day.<br/>Source: <a href="https://maps.google.com/?cid=12543254157998493654&g_mp=Cilnb29nbGUubWFwcy5wbGFjZXMudjEuUGxhY2VzLlNlYXJjaE5lYXJieRACGAQgAA">official / current listing</a>]]></description>
      <styleUrl>#coffeeBackup</styleUrl>
      <Point><coordinates>-117.92974120000001,33.61668650000001,0</coordinates></Point>
    </Placemark>
    <Placemark><name>CrowBeard Craft Coffee</name>
      <description><![CDATA[Priority 3: Coffee-chain backup.<br/>Address: Encinitas, CA 92024, USA<br/>Approximate runner mile: 93.8.<br/>Nearest runner geometry: approximately 0.87 mi straight-line (not a walking detour).<br/>Verification: Google Places business backup (operational); confirm customer restroom access and hours on race day.<br/>Source: <a href="https://maps.google.com/?cid=13418161034451049596&g_mp=Cilnb29nbGUubWFwcy5wbGFjZXMudjEuUGxhY2VzLlNlYXJjaE5lYXJieRACGAQgAA">official / current listing</a>]]></description>
      <styleUrl>#coffeeBackup</styleUrl>
      <Point><coordinates>-117.27936849999999,33.052082999999996,0</coordinates></Point>
    </Placemark>
    <Placemark><name>Crystal Cove Shake Shack</name>
      <description><![CDATA[Priority 3: Coffee-chain backup.<br/>Address: 7703 East Coast Hwy, Newport Beach, CA 92657, USA<br/>Approximate runner mile: 61.1.<br/>Nearest runner geometry: approximately 0.02 mi straight-line (not a walking detour).<br/>Verification: Google Places business backup (operational); confirm customer restroom access and hours on race day.<br/>Source: <a href="https://maps.google.com/?cid=13363134109490707889&g_mp=Cilnb29nbGUubWFwcy5wbGFjZXMudjEuUGxhY2VzLlNlYXJjaE5lYXJieRACGAQgAA">official / current listing</a>]]></description>
      <styleUrl>#coffeeBackup</styleUrl>
      <Point><coordinates>-117.83946859999999,33.5739577,0</coordinates></Point>
    </Placemark>
    <Placemark><name>Cuppa Sunshine - Coffee + Elixir Bar</name>
      <description><![CDATA[Priority 3: Coffee-chain backup.<br/>Address: 303 Broadway St #101, Laguna Beach, CA 92651, USA<br/>Approximate runner mile: 65.1.<br/>Nearest runner geometry: approximately 0.17 mi straight-line (not a walking detour).<br/>Verification: Google Places business backup (closed temporarily); confirm customer restroom access and hours on race day.<br/>Source: <a href="https://maps.google.com/?cid=7223635695016383669&g_mp=Cilnb29nbGUubWFwcy5wbGFjZXMudjEuUGxhY2VzLlNlYXJjaE5lYXJieRACGAQgAA">official / current listing</a>]]></description>
      <styleUrl>#coffeeBackup</styleUrl>
      <Point><coordinates>-117.78328420000001,33.5444635,0</coordinates></Point>
    </Placemark>
    <Placemark><name>Cyclops Coffee</name>
      <description><![CDATA[Priority 3: Coffee-chain backup.<br/>Address: 1732 Clark Ave, Long Beach, CA 90815, USA<br/>Approximate runner mile: 37.5.<br/>Nearest runner geometry: approximately 0.29 mi straight-line (not a walking detour).<br/>Verification: Google Places business backup (operational); confirm customer restroom access and hours on race day.<br/>Source: <a href="https://maps.google.com/?cid=2989821147358311673&g_mp=Cilnb29nbGUubWFwcy5wbGFjZXMudjEuUGxhY2VzLlNlYXJjaE5lYXJieRACGAQgAA">official / current listing</a>]]></description>
      <styleUrl>#coffeeBackup</styleUrl>
      <Point><coordinates>-118.1335936,33.7887385,0</coordinates></Point>
    </Placemark>
    <Placemark><name>Cyclops Coffee</name>
      <description><![CDATA[Priority 3: Coffee-chain backup.<br/>Address: 4100 E Anaheim St, Long Beach, CA 90804, USA<br/>Approximate runner mile: 37.3.<br/>Nearest runner geometry: approximately 0.46 mi straight-line (not a walking detour).<br/>Verification: Google Places business backup (operational); confirm customer restroom access and hours on race day.<br/>Source: <a href="https://maps.google.com/?cid=8834060639939219101&g_mp=Cilnb29nbGUubWFwcy5wbGFjZXMudjEuUGxhY2VzLlNlYXJjaE5lYXJieRACGAQgAA">official / current listing</a>]]></description>
      <styleUrl>#coffeeBackup</styleUrl>
      <Point><coordinates>-118.14465729999999,33.7824419,0</coordinates></Point>
    </Placemark>
    <Placemark><name>DODO BIRD Donuts</name>
      <description><![CDATA[Priority 3: Coffee-chain backup.<br/>Address: 369 Bird Rock Ave, La Jolla, CA 92037, USA<br/>Approximate runner mile: 112.5.<br/>Nearest runner geometry: approximately 0.01 mi straight-line (not a walking detour).<br/>Verification: Google Places business backup (operational); confirm customer restroom access and hours on race day.<br/>Source: <a href="https://maps.google.com/?cid=15021447365356379963&g_mp=Cilnb29nbGUubWFwcy5wbGFjZXMudjEuUGxhY2VzLlNlYXJjaE5lYXJieRACGAQgAA">official / current listing</a>]]></description>
      <styleUrl>#coffeeBackup</styleUrl>
      <Point><coordinates>-117.27097299999998,32.815435,0</coordinates></Point>
    </Placemark>
    <Placemark><name>Da Vien Coffee</name>
      <description><![CDATA[Priority 3: Coffee-chain backup.<br/>Address: 715 E Anaheim St, Long Beach, CA 90813, USA<br/>Approximate runner mile: 34.7.<br/>Nearest runner geometry: approximately 0.47 mi straight-line (not a walking detour).<br/>Verification: Google Places business backup (operational); confirm customer restroom access and hours on race day.<br/>Source: <a href="https://maps.google.com/?cid=1803576636748059585&g_mp=Cilnb29nbGUubWFwcy5wbGFjZXMudjEuUGxhY2VzLlNlYXJjaE5lYXJieRACGAQgAA">official / current listing</a>]]></description>
      <styleUrl>#coffeeBackup</styleUrl>
      <Point><coordinates>-118.18346979999998,33.7829676,0</coordinates></Point>
    </Placemark>
    <Placemark><name>Daily Perks</name>
      <description><![CDATA[Priority 3: Coffee-chain backup.<br/>Address: 4406 E 7th St, Long Beach, CA 90804, USA<br/>Approximate runner mile: 37.8.<br/>Nearest runner geometry: approximately 0.72 mi straight-line (not a walking detour).<br/>Verification: Google Places business backup (operational); confirm customer restroom access and hours on race day.<br/>Source: <a href="https://maps.google.com/?cid=14712874487425296533&g_mp=Cilnb29nbGUubWFwcy5wbGFjZXMudjEuUGxhY2VzLlNlYXJjaE5lYXJieRACGAQgAA">official / current listing</a>]]></description>
      <styleUrl>#coffeeBackup</styleUrl>
      <Point><coordinates>-118.1413204,33.77499290000001,0</coordinates></Point>
    </Placemark>
    <Placemark><name>Darbunah Hookah Lounge</name>
      <description><![CDATA[Priority 3: Coffee-chain backup.<br/>Address: 1050 Garnet Ave, San Diego, CA 92109, USA<br/>Approximate runner mile: 114.5.<br/>Nearest runner geometry: approximately 0.02 mi straight-line (not a walking detour).<br/>Verification: Google Places business backup (operational); confirm customer restroom access and hours on race day.<br/>Source: <a href="https://maps.google.com/?cid=17795601220687918080&g_mp=Cilnb29nbGUubWFwcy5wbGFjZXMudjEuUGxhY2VzLlNlYXJjaE5lYXJieRACGAQgAA">official / current listing</a>]]></description>
      <styleUrl>#coffeeBackup</styleUrl>
      <Point><coordinates>-117.2507722,32.7978539,0</coordinates></Point>
    </Placemark>
    <Placemark><name>Darshan Bakery</name>
      <description><![CDATA[Priority 3: Coffee-chain backup.<br/>Address: 915 Camino Del Mar #100, Del Mar, CA 92014, USA<br/>Approximate runner mile: 100.9.<br/>Nearest runner geometry: approximately 0.03 mi straight-line (not a walking detour).<br/>Verification: Google Places business backup (operational); confirm customer restroom access and hours on race day.<br/>Source: <a href="https://maps.google.com/?cid=3285682207805173670&g_mp=Cilnb29nbGUubWFwcy5wbGFjZXMudjEuUGxhY2VzLlNlYXJjaE5lYXJieRACGAQgAA">official / current listing</a>]]></description>
      <styleUrl>#coffeeBackup</styleUrl>
      <Point><coordinates>-117.2628007,32.9537177,0</coordinates></Point>
    </Placemark>
    <Placemark><name>Dayglow</name>
      <description><![CDATA[Priority 3: Coffee-chain backup.<br/>Address: 540 Rose Ave, Venice, CA 90291, USA<br/>Approximate runner mile: 1.7.<br/>Nearest runner geometry: approximately 0.31 mi straight-line (not a walking detour).<br/>Verification: Google Places business backup (operational); confirm customer restroom access and hours on race day.<br/>Source: <a href="https://maps.google.com/?cid=7315429872243709825&g_mp=Cilnb29nbGUubWFwcy5wbGFjZXMudjEuUGxhY2VzLlNlYXJjaE5lYXJieRACGAQgAA">official / current listing</a>]]></description>
      <styleUrl>#coffeeBackup</styleUrl>
      <Point><coordinates>-118.47296229999999,33.9984956,0</coordinates></Point>
    </Placemark>
    <Placemark><name>Dayglow</name>
      <description><![CDATA[Priority 3: Coffee-chain backup.<br/>Address: 12444 Venice Blvd., Los Angeles, CA 90066, USA<br/>Approximate runner mile: 4.5.<br/>Nearest runner geometry: approximately 0.41 mi straight-line (not a walking detour).<br/>Verification: Google Places business backup (closed temporarily); confirm customer restroom access and hours on race day.<br/>Source: <a href="https://maps.google.com/?cid=14069619226348816447&g_mp=Cilnb29nbGUubWFwcy5wbGFjZXMudjEuUGxhY2VzLlNlYXJjaE5lYXJieRACGAQgAA">official / current listing</a>]]></description>
      <styleUrl>#coffeeBackup</styleUrl>
      <Point><coordinates>-118.4346559,34.0026511,0</coordinates></Point>
    </Placemark>
    <Placemark><name>Dedo Coffee</name>
      <description><![CDATA[Priority 3: Coffee-chain backup.<br/>Address: 2156 Pacific Ave, Long Beach, CA 90806, USA<br/>Approximate runner mile: 34.2.<br/>Nearest runner geometry: approximately 0.46 mi straight-line (not a walking detour).<br/>Verification: Google Places business backup (operational); confirm customer restroom access and hours on race day.<br/>Source: <a href="https://maps.google.com/?cid=9702986694620520391&g_mp=Cilnb29nbGUubWFwcy5wbGFjZXMudjEuUGxhY2VzLlNlYXJjaE5lYXJieRACGAQgAA">official / current listing</a>]]></description>
      <styleUrl>#coffeeBackup</styleUrl>
      <Point><coordinates>-118.19349539999999,33.7963666,0</coordinates></Point>
    </Placemark>
    <Placemark><name>Desserts by Clement</name>
      <description><![CDATA[Priority 3: Coffee-chain backup.<br/>Address: 1555 Camino Del Mar Ste 304, Del Mar, CA 92014, USA<br/>Approximate runner mile: 100.4.<br/>Nearest runner geometry: approximately 0.04 mi straight-line (not a walking detour).<br/>Verification: Google Places business backup (operational); confirm customer restroom access and hours on race day.<br/>Source: <a href="https://maps.google.com/?cid=10138480030331262369&g_mp=Cilnb29nbGUubWFwcy5wbGFjZXMudjEuUGxhY2VzLlNlYXJjaE5lYXJieRACGAQgAA">official / current listing</a>]]></description>
      <styleUrl>#coffeeBackup</styleUrl>
      <Point><coordinates>-117.2647641,32.9604007,0</coordinates></Point>
    </Placemark>
    <Placemark><name>Desserts by Clement</name>
      <description><![CDATA[Priority 3: Coffee-chain backup.<br/>Address: 1380 Garnet Ave, San Diego, CA 92109, USA<br/>Approximate runner mile: 114.9.<br/>Nearest runner geometry: approximately 0.03 mi straight-line (not a walking detour).<br/>Verification: Google Places business backup (operational); confirm customer restroom access and hours on race day.<br/>Source: <a href="https://maps.google.com/?cid=2070564832584416306&g_mp=Cilnb29nbGUubWFwcy5wbGFjZXMudjEuUGxhY2VzLlNlYXJjaE5lYXJieRACGAQgAA">official / current listing</a>]]></description>
      <styleUrl>#coffeeBackup</styleUrl>
      <Point><coordinates>-117.2448469,32.7993439,0</coordinates></Point>
    </Placemark>
    <Placemark><name>Dogtown Coffee</name>
      <description><![CDATA[Priority 3: Coffee-chain backup.<br/>Address: 2003 Main St, Santa Monica, CA 90405, USA<br/>Approximate runner mile: 0.6.<br/>Nearest runner geometry: approximately 0.01 mi straight-line (not a walking detour).<br/>Verification: Google Places business backup (operational); confirm customer restroom access and hours on race day.<br/>Source: <a href="https://maps.google.com/?cid=10954605548516043255&g_mp=Cilnb29nbGUubWFwcy5wbGFjZXMudjEuUGxhY2VzLlNlYXJjaE5lYXJieRACGAQgAA">official / current listing</a>]]></description>
      <styleUrl>#coffeeBackup</styleUrl>
      <Point><coordinates>-118.4886947,34.0071502,0</coordinates></Point>
    </Placemark>
    <Placemark><name>Doho Cafe</name>
      <description><![CDATA[Priority 3: Coffee-chain backup.<br/>Address: 25300 Dana Point Harbor Dr, Dana Point, CA 92629, USA<br/>Approximate runner mile: 73.6.<br/>Nearest runner geometry: approximately 0.12 mi straight-line (not a walking detour).<br/>Verification: Google Places business backup (operational); confirm customer restroom access and hours on race day.<br/>Source: <a href="https://maps.google.com/?cid=14879678955506522483&g_mp=Cilnb29nbGUubWFwcy5wbGFjZXMudjEuUGxhY2VzLlNlYXJjaE5lYXJieRACGAQgAA">official / current listing</a>]]></description>
      <styleUrl>#coffeeBackup</styleUrl>
      <Point><coordinates>-117.685558,33.4624727,0</coordinates></Point>
    </Placemark>
    <Placemark><name>Don's Country Kitchen</name>
      <description><![CDATA[Priority 3: Coffee-chain backup.<br/>Address: 1938 S Coast Hwy, Oceanside, CA 92054, USA<br/>Approximate runner mile: 84.3.<br/>Nearest runner geometry: approximately 0.03 mi straight-line (not a walking detour).<br/>Verification: Google Places business backup (operational); confirm customer restroom access and hours on race day.<br/>Source: <a href="https://maps.google.com/?cid=4464507641538760337&g_mp=Cilnb29nbGUubWFwcy5wbGFjZXMudjEuUGxhY2VzLlNlYXJjaE5lYXJieRACGAQgAA">official / current listing</a>]]></description>
      <styleUrl>#coffeeBackup</styleUrl>
      <Point><coordinates>-117.35954699999999,33.1726981,0</coordinates></Point>
    </Placemark>
    <Placemark><name>Dory Deli</name>
      <description><![CDATA[Priority 3: Coffee-chain backup.<br/>Address: 2108 W Oceanfront, Newport Beach, CA 92663, USA<br/>Approximate runner mile: 55.0.<br/>Nearest runner geometry: approximately 0.83 mi straight-line (not a walking detour).<br/>Verification: Google Places business backup (operational); confirm customer restroom access and hours on race day.<br/>Source: <a href="https://maps.google.com/?cid=9529492304204095439&g_mp=Cilnb29nbGUubWFwcy5wbGFjZXMudjEuUGxhY2VzLlNlYXJjaE5lYXJieRACGAQgAA">official / current listing</a>]]></description>
      <styleUrl>#coffeeBackup</styleUrl>
      <Point><coordinates>-117.9289778,33.608703,0</coordinates></Point>
    </Placemark>
    <Placemark><name>Dough &amp; Arrow Cookies &amp; Coffee.</name>
      <description><![CDATA[Priority 3: Coffee-chain backup.<br/>Address: 220 Marine Ave, Newport Beach, CA 92662, USA<br/>Approximate runner mile: 57.1.<br/>Nearest runner geometry: approximately 0.40 mi straight-line (not a walking detour).<br/>Verification: Google Places business backup (closed temporarily); confirm customer restroom access and hours on race day.<br/>Source: <a href="https://maps.google.com/?cid=15790111941321365675&g_mp=Cilnb29nbGUubWFwcy5wbGFjZXMudjEuUGxhY2VzLlNlYXJjaE5lYXJieRACGAQgAA">official / current listing</a>]]></description>
      <styleUrl>#coffeeBackup</styleUrl>
      <Point><coordinates>-117.88960600000001,33.6066503,0</coordinates></Point>
    </Placemark>
    <Placemark><name>Dragon Alley Coffee Shop</name>
      <description><![CDATA[Priority 3: Coffee-chain backup.<br/>Address: 312 Santa Monica Blvd, Santa Monica, CA 90401, USA<br/>Approximate runner mile: 0.1.<br/>Nearest runner geometry: approximately 0.32 mi straight-line (not a walking detour).<br/>Verification: Google Places business backup (operational); confirm customer restroom access and hours on race day.<br/>Source: <a href="https://maps.google.com/?cid=4407317108425164122&g_mp=Cilnb29nbGUubWFwcy5wbGFjZXMudjEuUGxhY2VzLlNlYXJjaE5lYXJieRACGAQgAA">official / current listing</a>]]></description>
      <styleUrl>#coffeeBackup</styleUrl>
      <Point><coordinates>-118.49565709999999,34.015877700000004,0</coordinates></Point>
    </Placemark>
    <Placemark><name>Dream</name>
      <description><![CDATA[Priority 3: Coffee-chain backup.<br/>Address: Corniche Dr, Monarch Beach, CA 92629, USA<br/>Approximate runner mile: 70.6.<br/>Nearest runner geometry: approximately 0.68 mi straight-line (not a walking detour).<br/>Verification: Google Places business backup (operational); confirm customer restroom access and hours on race day.<br/>Source: <a href="https://maps.google.com/?cid=7707480658730275002&g_mp=Cilnb29nbGUubWFwcy5wbGFjZXMudjEuUGxhY2VzLlNlYXJjaE5lYXJieRACGAQgAA">official / current listing</a>]]></description>
      <styleUrl>#coffeeBackup</styleUrl>
      <Point><coordinates>-117.71340370000001,33.4887888,0</coordinates></Point>
    </Placemark>
    <Placemark><name>Dunkin'</name>
      <description><![CDATA[Priority 3: Coffee-chain backup.<br/>Address: 13300 W Washington Blvd, Los Angeles, CA 90066, USA<br/>Approximate runner mile: 4.0.<br/>Nearest runner geometry: approximately 0.01 mi straight-line (not a walking detour).<br/>Verification: Google Places business backup (operational); confirm customer restroom access and hours on race day.<br/>Source: <a href="https://maps.google.com/?cid=3416207997451115411&g_mp=Cilnb29nbGUubWFwcy5wbGFjZXMudjEuUGxhY2VzLlNlYXJjaE5lYXJieRACGAQgAA">official / current listing</a>]]></description>
      <styleUrl>#coffeeBackup</styleUrl>
      <Point><coordinates>-118.4422938,33.992956,0</coordinates></Point>
    </Placemark>
    <Placemark><name>Dunkin'</name>
      <description><![CDATA[Priority 3: Coffee-chain backup.<br/>Address: 6812 S La Tijera Blvd, Los Angeles, CA 90045, USA<br/>Approximate runner mile: 9.0.<br/>Nearest runner geometry: approximately 0.81 mi straight-line (not a walking detour).<br/>Verification: Google Places business backup (operational); confirm customer restroom access and hours on race day.<br/>Source: <a href="https://maps.google.com/?cid=8870408553562879986&g_mp=Cilnb29nbGUubWFwcy5wbGFjZXMudjEuUGxhY2VzLlNlYXJjaE5lYXJieRACGAQgAA">official / current listing</a>]]></description>
      <styleUrl>#coffeeBackup</styleUrl>
      <Point><coordinates>-118.37194540000002,33.9767912,0</coordinates></Point>
    </Placemark>
    <Placemark><name>Dunkin'</name>
      <description><![CDATA[Priority 3: Coffee-chain backup.<br/>Address: 8531 S Figueroa St, Los Angeles, CA 90003, USA<br/>Approximate runner mile: 15.1.<br/>Nearest runner geometry: approximately 0.03 mi straight-line (not a walking detour).<br/>Verification: Google Places business backup (operational); confirm customer restroom access and hours on race day.<br/>Source: <a href="https://maps.google.com/?cid=11894789650296567270&g_mp=Cilnb29nbGUubWFwcy5wbGFjZXMudjEuUGxhY2VzLlNlYXJjaE5lYXJieRACGAQgAA">official / current listing</a>]]></description>
      <styleUrl>#coffeeBackup</styleUrl>
      <Point><coordinates>-118.28310040000001,33.960423299999995,0</coordinates></Point>
    </Placemark>
    <Placemark><name>Dunkin'</name>
      <description><![CDATA[Priority 3: Coffee-chain backup.<br/>Address: 4654 Firestone Blvd, South Gate, CA 90280, USA<br/>Approximate runner mile: 20.8.<br/>Nearest runner geometry: approximately 0.01 mi straight-line (not a walking detour).<br/>Verification: Google Places business backup (operational); confirm customer restroom access and hours on race day.<br/>Source: <a href="https://maps.google.com/?cid=10369518504219204312&g_mp=Cilnb29nbGUubWFwcy5wbGFjZXMudjEuUGxhY2VzLlNlYXJjaE5lYXJieRACGAQgAA">official / current listing</a>]]></description>
      <styleUrl>#coffeeBackup</styleUrl>
      <Point><coordinates>-118.18775500000001,33.95208160000001,0</coordinates></Point>
    </Placemark>
    <Placemark><name>Dunkin'</name>
      <description><![CDATA[Priority 3: Coffee-chain backup.<br/>Address: 5560 E 7th St, Long Beach, CA 90804, USA<br/>Approximate runner mile: 38.6.<br/>Nearest runner geometry: approximately 0.03 mi straight-line (not a walking detour).<br/>Verification: Google Places business backup (operational); confirm customer restroom access and hours on race day.<br/>Source: <a href="https://maps.google.com/?cid=17587401708727600247&g_mp=Cilnb29nbGUubWFwcy5wbGFjZXMudjEuUGxhY2VzLlNlYXJjaE5lYXJieRACGAQgAA">official / current listing</a>]]></description>
      <styleUrl>#coffeeBackup</styleUrl>
      <Point><coordinates>-118.12337319999997,33.775075699999995,0</coordinates></Point>
    </Placemark>
    <Placemark><name>Dunkin'</name>
      <description><![CDATA[Priority 3: Coffee-chain backup.<br/>Address: 7514 Girard Ave, La Jolla, CA 92037, USA<br/>Approximate runner mile: 110.4.<br/>Nearest runner geometry: approximately 0.02 mi straight-line (not a walking detour).<br/>Verification: Google Places business backup (operational); confirm customer restroom access and hours on race day.<br/>Source: <a href="https://maps.google.com/?cid=16883017647504812453&g_mp=Cilnb29nbGUubWFwcy5wbGFjZXMudjEuUGxhY2VzLlNlYXJjaE5lYXJieRACGAQgAA">official / current listing</a>]]></description>
      <styleUrl>#coffeeBackup</styleUrl>
      <Point><coordinates>-117.272881,32.840632,0</coordinates></Point>
    </Placemark>
    <Placemark><name>Dunkin'</name>
      <description><![CDATA[Priority 3: Coffee-chain backup.<br/>Address: 1774A Garnet Ave, San Diego, CA 92109, USA<br/>Approximate runner mile: 115.3.<br/>Nearest runner geometry: approximately 0.09 mi straight-line (not a walking detour).<br/>Verification: Google Places business backup (operational); confirm customer restroom access and hours on race day.<br/>Source: <a href="https://maps.google.com/?cid=11991146231216504206&g_mp=Cilnb29nbGUubWFwcy5wbGFjZXMudjEuUGxhY2VzLlNlYXJjaE5lYXJieRACGAQgAA">official / current listing</a>]]></description>
      <styleUrl>#coffeeBackup</styleUrl>
      <Point><coordinates>-117.23813589999999,32.8017262,0</coordinates></Point>
    </Placemark>
    <Placemark><name>E.S.B. Cafe</name>
      <description><![CDATA[Priority 3: Coffee-chain backup.<br/>Address: 325 Encinitas Blvd, Encinitas, CA 92024, USA<br/>Approximate runner mile: 94.0.<br/>Nearest runner geometry: approximately 0.52 mi straight-line (not a walking detour).<br/>Verification: Google Places business backup (operational); confirm customer restroom access and hours on race day.<br/>Source: <a href="https://maps.google.com/?cid=13491382335756097889&g_mp=Cilnb29nbGUubWFwcy5wbGFjZXMudjEuUGxhY2VzLlNlYXJjaE5lYXJieRACGAQgAA">official / current listing</a>]]></description>
      <styleUrl>#coffeeBackup</styleUrl>
      <Point><coordinates>-117.28489569999998,33.0478556,0</coordinates></Point>
    </Placemark>
    <Placemark><name>Einstein Bros. Bagels</name>
      <description><![CDATA[Priority 3: Coffee-chain backup.<br/>Address: 4508 E Los Coyotes Diagonal, Long Beach, CA 90815, USA<br/>Approximate runner mile: 37.1.<br/>Nearest runner geometry: approximately 0.13 mi straight-line (not a walking detour).<br/>Verification: Google Places business backup (operational); confirm customer restroom access and hours on race day.<br/>Source: <a href="https://maps.google.com/?cid=16556094250610624918&g_mp=Cilnb29nbGUubWFwcy5wbGFjZXMudjEuUGxhY2VzLlNlYXJjaE5lYXJieRACGAQgAA">official / current listing</a>]]></description>
      <styleUrl>#coffeeBackup</styleUrl>
      <Point><coordinates>-118.14044399999997,33.790787099999996,0</coordinates></Point>
    </Placemark>
    <Placemark><name>Einstein Bros. Bagels</name>
      <description><![CDATA[Priority 3: Coffee-chain backup.<br/>Address: 628 Camino De Los Mares, San Clemente, CA 92673, USA<br/>Approximate runner mile: 75.4.<br/>Nearest runner geometry: approximately 0.70 mi straight-line (not a walking detour).<br/>Verification: Google Places business backup (operational); confirm customer restroom access and hours on race day.<br/>Source: <a href="https://maps.google.com/?cid=730796467226211667&g_mp=Cilnb29nbGUubWFwcy5wbGFjZXMudjEuUGxhY2VzLlNlYXJjaE5lYXJieRACGAQgAA">official / current listing</a>]]></description>
      <styleUrl>#coffeeBackup</styleUrl>
      <Point><coordinates>-117.6527806,33.4595558,0</coordinates></Point>
    </Placemark>
    <Placemark><name>Elixir Espresso &amp; Wine Bar</name>
      <description><![CDATA[Priority 3: Coffee-chain backup.<br/>Address: 7863 Girard Ave #105, La Jolla, CA 92037, USA<br/>Approximate runner mile: 110.1.<br/>Nearest runner geometry: approximately 0.26 mi straight-line (not a walking detour).<br/>Verification: Google Places business backup (operational); confirm customer restroom access and hours on race day.<br/>Source: <a href="https://maps.google.com/?cid=8890848092205863473&g_mp=Cilnb29nbGUubWFwcy5wbGFjZXMudjEuUGxhY2VzLlNlYXJjaE5lYXJieRACGAQgAA">official / current listing</a>]]></description>
      <styleUrl>#coffeeBackup</styleUrl>
      <Point><coordinates>-117.2741848,32.8463044,0</coordinates></Point>
    </Placemark>
    <Placemark><name>Elixir Espresso Bar</name>
      <description><![CDATA[Priority 3: Coffee-chain backup.<br/>Address: 1753 Garnet Ave, San Diego, CA 92109, USA<br/>Approximate runner mile: 115.3.<br/>Nearest runner geometry: approximately 0.01 mi straight-line (not a walking detour).<br/>Verification: Google Places business backup (operational); confirm customer restroom access and hours on race day.<br/>Source: <a href="https://maps.google.com/?cid=1900148623772283394&g_mp=Cilnb29nbGUubWFwcy5wbGFjZXMudjEuUGxhY2VzLlNlYXJjaE5lYXJieRACGAQgAA">official / current listing</a>]]></description>
      <styleUrl>#coffeeBackup</styleUrl>
      <Point><coordinates>-117.23773399999997,32.8002694,0</coordinates></Point>
    </Placemark>
    <Placemark><name>Eller Bakery</name>
      <description><![CDATA[Priority 3: Coffee-chain backup.<br/>Address: 1651 Placentia Ave, Costa Mesa, CA 92627, USA<br/>Approximate runner mile: 53.8.<br/>Nearest runner geometry: approximately 0.91 mi straight-line (not a walking detour).<br/>Verification: Google Places business backup (operational); confirm customer restroom access and hours on race day.<br/>Source: <a href="https://maps.google.com/?cid=4192197978110406061&g_mp=Cilnb29nbGUubWFwcy5wbGFjZXMudjEuUGxhY2VzLlNlYXJjaE5lYXJieRACGAQgAA">official / current listing</a>]]></description>
      <styleUrl>#coffeeBackup</styleUrl>
      <Point><coordinates>-117.93218490000001,33.634575399999996,0</coordinates></Point>
    </Placemark>
    <Placemark><name>Equator Coffees</name>
      <description><![CDATA[Priority 3: Coffee-chain backup.<br/>Address: 160 S Coast Hwy, Laguna Beach, CA 92651, USA<br/>Approximate runner mile: 65.0.<br/>Nearest runner geometry: approximately 0.03 mi straight-line (not a walking detour).<br/>Verification: Google Places business backup (operational); confirm customer restroom access and hours on race day.<br/>Source: <a href="https://maps.google.com/?cid=11563761530851560637&g_mp=Cilnb29nbGUubWFwcy5wbGFjZXMudjEuUGxhY2VzLlNlYXJjaE5lYXJieRACGAQgAA">official / current listing</a>]]></description>
      <styleUrl>#coffeeBackup</styleUrl>
      <Point><coordinates>-117.78447500000001,33.5426413,0</coordinates></Point>
    </Placemark>
    <Placemark><name>Espresso Cielo</name>
      <description><![CDATA[Priority 3: Coffee-chain backup.<br/>Address: 1431 2nd St, Santa Monica, CA 90401, USA<br/>Approximate runner mile: 0.1.<br/>Nearest runner geometry: approximately 0.20 mi straight-line (not a walking detour).<br/>Verification: Google Places business backup (operational); confirm customer restroom access and hours on race day.<br/>Source: <a href="https://maps.google.com/?cid=3677655893377869551&g_mp=Cilnb29nbGUubWFwcy5wbGFjZXMudjEuUGxhY2VzLlNlYXJjaE5lYXJieRACGAQgAA">official / current listing</a>]]></description>
      <styleUrl>#coffeeBackup</styleUrl>
      <Point><coordinates>-118.4959123,34.014136199999996,0</coordinates></Point>
    </Placemark>
    <Placemark><name>ExtraMile</name>
      <description><![CDATA[Priority 3: Coffee-chain backup.<br/>Address: 4015 W Century Blvd, Inglewood, CA 90304, USA<br/>Approximate runner mile: 11.5.<br/>Nearest runner geometry: approximately 0.98 mi straight-line (not a walking detour).<br/>Verification: Google Places business backup (operational); confirm customer restroom access and hours on race day.<br/>Source: <a href="https://maps.google.com/?cid=4880432633057556452&g_mp=Cilnb29nbGUubWFwcy5wbGFjZXMudjEuUGxhY2VzLlNlYXJjaE5lYXJieRACGAQgAA">official / current listing</a>]]></description>
      <styleUrl>#coffeeBackup</styleUrl>
      <Point><coordinates>-118.344595,33.9457315,0</coordinates></Point>
    </Placemark>
    <Placemark><name>ExtraMile</name>
      <description><![CDATA[Priority 3: Coffee-chain backup.<br/>Address: 1400 W Florence Ave, Los Angeles, CA 90044, USA<br/>Approximate runner mile: 14.1.<br/>Nearest runner geometry: approximately 0.99 mi straight-line (not a walking detour).<br/>Verification: Google Places business backup (operational); confirm customer restroom access and hours on race day.<br/>Source: <a href="https://maps.google.com/?cid=15693121729316565457&g_mp=Cilnb29nbGUubWFwcy5wbGFjZXMudjEuUGxhY2VzLlNlYXJjaE5lYXJieRACGAQgAA">official / current listing</a>]]></description>
      <styleUrl>#coffeeBackup</styleUrl>
      <Point><coordinates>-118.30062789999998,33.9742168,0</coordinates></Point>
    </Placemark>
    <Placemark><name>ExtraMile</name>
      <description><![CDATA[Priority 3: Coffee-chain backup.<br/>Address: 3250 Firestone Blvd, South Gate, CA 90280, USA<br/>Approximate runner mile: 19.4.<br/>Nearest runner geometry: approximately 0.01 mi straight-line (not a walking detour).<br/>Verification: Google Places business backup (operational); confirm customer restroom access and hours on race day.<br/>Source: <a href="https://maps.google.com/?cid=12127157750217192159&g_mp=Cilnb29nbGUubWFwcy5wbGFjZXMudjEuUGxhY2VzLlNlYXJjaE5lYXJieRACGAQgAA">official / current listing</a>]]></description>
      <styleUrl>#coffeeBackup</styleUrl>
      <Point><coordinates>-118.2118886,33.9545001,0</coordinates></Point>
    </Placemark>
    <Placemark><name>ExtraMile</name>
      <description><![CDATA[Priority 3: Coffee-chain backup.<br/>Address: 4201 Firestone Blvd, South Gate, CA 90280, USA<br/>Approximate runner mile: 20.4.<br/>Nearest runner geometry: approximately 0.03 mi straight-line (not a walking detour).<br/>Verification: Google Places business backup (operational); confirm customer restroom access and hours on race day.<br/>Source: <a href="https://maps.google.com/?cid=444513505905786525&g_mp=Cilnb29nbGUubWFwcy5wbGFjZXMudjEuUGxhY2VzLlNlYXJjaE5lYXJieRACGAQgAA">official / current listing</a>]]></description>
      <styleUrl>#coffeeBackup</styleUrl>
      <Point><coordinates>-118.19611339999999,33.9535795,0</coordinates></Point>
    </Placemark>
    <Placemark><name>ExtraMile</name>
      <description><![CDATA[Priority 3: Coffee-chain backup.<br/>Address: 5651 E Imperial Hwy, South Gate, CA 90280, USA<br/>Approximate runner mile: 22.7.<br/>Nearest runner geometry: approximately 0.04 mi straight-line (not a walking detour).<br/>Verification: Google Places business backup (operational); confirm customer restroom access and hours on race day.<br/>Source: <a href="https://maps.google.com/?cid=4515213302794970541&g_mp=Cilnb29nbGUubWFwcy5wbGFjZXMudjEuUGxhY2VzLlNlYXJjaE5lYXJieRACGAQgAA">official / current listing</a>]]></description>
      <styleUrl>#coffeeBackup</styleUrl>
      <Point><coordinates>-118.1844888,33.93054,0</coordinates></Point>
    </Placemark>
    <Placemark><name>ExtraMile</name>
      <description><![CDATA[Priority 3: Coffee-chain backup.<br/>Address: 4346 E Imperial Hwy, Lynwood, CA 90262, USA<br/>Approximate runner mile: 22.7.<br/>Nearest runner geometry: approximately 0.04 mi straight-line (not a walking detour).<br/>Verification: Google Places business backup (operational); confirm customer restroom access and hours on race day.<br/>Source: <a href="https://maps.google.com/?cid=534897992743907337&g_mp=Cilnb29nbGUubWFwcy5wbGFjZXMudjEuUGxhY2VzLlNlYXJjaE5lYXJieRACGAQgAA">official / current listing</a>]]></description>
      <styleUrl>#coffeeBackup</styleUrl>
      <Point><coordinates>-118.184604,33.93033,0</coordinates></Point>
    </Placemark>
    <Placemark><name>ExtraMile</name>
      <description><![CDATA[Priority 3: Coffee-chain backup.<br/>Address: 6602 Alondra Blvd, Paramount, CA 90723, USA<br/>Approximate runner mile: 26.4.<br/>Nearest runner geometry: approximately 0.26 mi straight-line (not a walking detour).<br/>Verification: Google Places business backup (operational); confirm customer restroom access and hours on race day.<br/>Source: <a href="https://maps.google.com/?cid=11965800003520720448&g_mp=Cilnb29nbGUubWFwcy5wbGFjZXMudjEuUGxhY2VzLlNlYXJjaE5lYXJieRACGAQgAA">official / current listing</a>]]></description>
      <styleUrl>#coffeeBackup</styleUrl>
      <Point><coordinates>-118.18227949999999,33.8888521,0</coordinates></Point>
    </Placemark>
    <Placemark><name>ExtraMile</name>
      <description><![CDATA[Priority 3: Coffee-chain backup.<br/>Address: 5740 Atlantic Ave, Long Beach, CA 90805, USA<br/>Approximate runner mile: 28.3.<br/>Nearest runner geometry: approximately 0.67 mi straight-line (not a walking detour).<br/>Verification: Google Places business backup (operational); confirm customer restroom access and hours on race day.<br/>Source: <a href="https://maps.google.com/?cid=18333952468236251465&g_mp=Cilnb29nbGUubWFwcy5wbGFjZXMudjEuUGxhY2VzLlNlYXJjaE5lYXJieRACGAQgAA">official / current listing</a>]]></description>
      <styleUrl>#coffeeBackup</styleUrl>
      <Point><coordinates>-118.18475240000001,33.859812999999995,0</coordinates></Point>
    </Placemark>
    <Placemark><name>ExtraMile</name>
      <description><![CDATA[Priority 3: Coffee-chain backup.<br/>Address: 4991 Long Beach Blvd, Long Beach, CA 90805, USA<br/>Approximate runner mile: 29.5.<br/>Nearest runner geometry: approximately 0.48 mi straight-line (not a walking detour).<br/>Verification: Google Places business backup (operational); confirm customer restroom access and hours on race day.<br/>Source: <a href="https://maps.google.com/?cid=14839698923515695780&g_mp=Cilnb29nbGUubWFwcy5wbGFjZXMudjEuUGxhY2VzLlNlYXJjaE5lYXJieRACGAQgAA">official / current listing</a>]]></description>
      <styleUrl>#coffeeBackup</styleUrl>
      <Point><coordinates>-118.19420430000001,33.846289899999995,0</coordinates></Point>
    </Placemark>
    <Placemark><name>ExtraMile</name>
      <description><![CDATA[Priority 3: Coffee-chain backup.<br/>Address: 601 W Willow St, Long Beach, CA 90806, USA<br/>Approximate runner mile: 32.5.<br/>Nearest runner geometry: approximately 0.29 mi straight-line (not a walking detour).<br/>Verification: Google Places business backup (operational); confirm customer restroom access and hours on race day.<br/>Source: <a href="https://maps.google.com/?cid=4251519910037181315&g_mp=Cilnb29nbGUubWFwcy5wbGFjZXMudjEuUGxhY2VzLlNlYXJjaE5lYXJieRACGAQgAA">official / current listing</a>]]></description>
      <styleUrl>#coffeeBackup</styleUrl>
      <Point><coordinates>-118.1995205,33.804726099999996,0</coordinates></Point>
    </Placemark>
    <Placemark><name>ExtraMile</name>
      <description><![CDATA[Priority 3: Coffee-chain backup.<br/>Address: 1603 W Pacific Coast Hwy, Long Beach, CA 90810, USA<br/>Approximate runner mile: 33.5.<br/>Nearest runner geometry: approximately 0.56 mi straight-line (not a walking detour).<br/>Verification: Google Places business backup (operational); confirm customer restroom access and hours on race day.<br/>Source: <a href="https://maps.google.com/?cid=3020677641279991531&g_mp=Cilnb29nbGUubWFwcy5wbGFjZXMudjEuUGxhY2VzLlNlYXJjaE5lYXJieRACGAQgAA">official / current listing</a>]]></description>
      <styleUrl>#coffeeBackup</styleUrl>
      <Point><coordinates>-118.2140817,33.790203999999996,0</coordinates></Point>
    </Placemark>
    <Placemark><name>ExtraMile</name>
      <description><![CDATA[Priority 3: Coffee-chain backup.<br/>Address: 1790 Long Beach Blvd, Long Beach, CA 90813, USA<br/>Approximate runner mile: 34.4.<br/>Nearest runner geometry: approximately 0.01 mi straight-line (not a walking detour).<br/>Verification: Google Places business backup (operational); confirm customer restroom access and hours on race day.<br/>Source: <a href="https://maps.google.com/?cid=9558788895484351188&g_mp=Cilnb29nbGUubWFwcy5wbGFjZXMudjEuUGxhY2VzLlNlYXJjaE5lYXJieRACGAQgAA">official / current listing</a>]]></description>
      <styleUrl>#coffeeBackup</styleUrl>
      <Point><coordinates>-118.1889156,33.7896165,0</coordinates></Point>
    </Placemark>
    <Placemark><name>ExtraMile</name>
      <description><![CDATA[Priority 3: Coffee-chain backup.<br/>Address: 490 W Anaheim St, Long Beach, CA 90813, USA<br/>Approximate runner mile: 33.9.<br/>Nearest runner geometry: approximately 0.51 mi straight-line (not a walking detour).<br/>Verification: Google Places business backup (operational); confirm customer restroom access and hours on race day.<br/>Source: <a href="https://maps.google.com/?cid=17014120436065963125&g_mp=Cilnb29nbGUubWFwcy5wbGFjZXMudjEuUGxhY2VzLlNlYXJjaE5lYXJieRACGAQgAA">official / current listing</a>]]></description>
      <styleUrl>#coffeeBackup</styleUrl>
      <Point><coordinates>-118.19767309999999,33.782440699999995,0</coordinates></Point>
    </Placemark>
    <Placemark><name>ExtraMile</name>
      <description><![CDATA[Priority 3: Coffee-chain backup.<br/>Address: 2599 Cherry Ave, Signal Hill, CA 90755, USA<br/>Approximate runner mile: 35.6.<br/>Nearest runner geometry: approximately 0.99 mi straight-line (not a walking detour).<br/>Verification: Google Places business backup (operational); confirm customer restroom access and hours on race day.<br/>Source: <a href="https://maps.google.com/?cid=13540221750962363071&g_mp=Cilnb29nbGUubWFwcy5wbGFjZXMudjEuUGxhY2VzLlNlYXJjaE5lYXJieRACGAQgAA">official / current listing</a>]]></description>
      <styleUrl>#coffeeBackup</styleUrl>
      <Point><coordinates>-118.1680371,33.8040642,0</coordinates></Point>
    </Placemark>
    <Placemark><name>ExtraMile</name>
      <description><![CDATA[Priority 3: Coffee-chain backup.<br/>Address: 16921 Algonquin St, Huntington Beach, CA 92649, USA<br/>Approximate runner mile: 44.6.<br/>Nearest runner geometry: approximately 0.79 mi straight-line (not a walking detour).<br/>Verification: Google Places business backup (operational); confirm customer restroom access and hours on race day.<br/>Source: <a href="https://maps.google.com/?cid=4303550736588804191&g_mp=Cilnb29nbGUubWFwcy5wbGFjZXMudjEuUGxhY2VzLlNlYXJjaE5lYXJieRACGAQgAA">official / current listing</a>]]></description>
      <styleUrl>#coffeeBackup</styleUrl>
      <Point><coordinates>-118.0504895,33.7162678,0</coordinates></Point>
    </Placemark>
    <Placemark><name>ExtraMile</name>
      <description><![CDATA[Priority 3: Coffee-chain backup.<br/>Address: 1461 Superior Ave, Newport Beach, CA 92663, USA<br/>Approximate runner mile: 54.3.<br/>Nearest runner geometry: approximately 0.44 mi straight-line (not a walking detour).<br/>Verification: Google Places business backup (operational); confirm customer restroom access and hours on race day.<br/>Source: <a href="https://maps.google.com/?cid=3508181587241301854&g_mp=Cilnb29nbGUubWFwcy5wbGFjZXMudjEuUGxhY2VzLlNlYXJjaE5lYXJieRACGAQgAA">official / current listing</a>]]></description>
      <styleUrl>#coffeeBackup</styleUrl>
      <Point><coordinates>-117.9326119,33.6278015,0</coordinates></Point>
    </Placemark>
    <Placemark><name>ExtraMile</name>
      <description><![CDATA[Priority 3: Coffee-chain backup.<br/>Address: 301 East Coast Hwy, Newport Beach, CA 92660, USA<br/>Approximate runner mile: 56.3.<br/>Nearest runner geometry: approximately 0.02 mi straight-line (not a walking detour).<br/>Verification: Google Places business backup (operational); confirm customer restroom access and hours on race day.<br/>Source: <a href="https://maps.google.com/?cid=14668376654670944745&g_mp=Cilnb29nbGUubWFwcy5wbGFjZXMudjEuUGxhY2VzLlNlYXJjaE5lYXJieRACGAQgAA">official / current listing</a>]]></description>
      <styleUrl>#coffeeBackup</styleUrl>
      <Point><coordinates>-117.9004355,33.6158826,0</coordinates></Point>
    </Placemark>
    <Placemark><name>ExtraMile</name>
      <description><![CDATA[Priority 3: Coffee-chain backup.<br/>Address: 34164 Pacific Coast Hwy, Dana Point, CA 92629, USA<br/>Approximate runner mile: 72.5.<br/>Nearest runner geometry: approximately 0.02 mi straight-line (not a walking detour).<br/>Verification: Google Places business backup (operational); confirm customer restroom access and hours on race day.<br/>Source: <a href="https://maps.google.com/?cid=4830225738065837698&g_mp=Cilnb29nbGUubWFwcy5wbGFjZXMudjEuUGxhY2VzLlNlYXJjaE5lYXJieRACGAQgAA">official / current listing</a>]]></description>
      <styleUrl>#coffeeBackup</styleUrl>
      <Point><coordinates>-117.6997957,33.4671837,0</coordinates></Point>
    </Placemark>
    <Placemark><name>ExtraMile</name>
      <description><![CDATA[Priority 3: Coffee-chain backup.<br/>Address: 34306 Pacific Coast Hwy, Dana Point, CA 92629, USA<br/>Approximate runner mile: 73.5.<br/>Nearest runner geometry: approximately 0.09 mi straight-line (not a walking detour).<br/>Verification: Google Places business backup (operational); confirm customer restroom access and hours on race day.<br/>Source: <a href="https://maps.google.com/?cid=8994130709551286061&g_mp=Cilnb29nbGUubWFwcy5wbGFjZXMudjEuUGxhY2VzLlNlYXJjaE5lYXJieRACGAQgAA">official / current listing</a>]]></description>
      <styleUrl>#coffeeBackup</styleUrl>
      <Point><coordinates>-117.68763340000001,33.4653581,0</coordinates></Point>
    </Placemark>
    <Placemark><name>ExtraMile</name>
      <description><![CDATA[Priority 3: Coffee-chain backup.<br/>Address: 515 E Avenida Pico, San Clemente, CA 92672, USA<br/>Approximate runner mile: 77.9.<br/>Nearest runner geometry: approximately 0.37 mi straight-line (not a walking detour).<br/>Verification: Google Places business backup (operational); confirm customer restroom access and hours on race day.<br/>Source: <a href="https://maps.google.com/?cid=9151497301398305363&g_mp=Cilnb29nbGUubWFwcy5wbGFjZXMudjEuUGxhY2VzLlNlYXJjaE5lYXJieRACGAQgAA">official / current listing</a>]]></description>
      <styleUrl>#coffeeBackup</styleUrl>
      <Point><coordinates>-117.6238879,33.4378069,0</coordinates></Point>
    </Placemark>
    <Placemark><name>ExtraMile</name>
      <description><![CDATA[Priority 3: Coffee-chain backup.<br/>Address: 1729 S El Camino Real, San Clemente, CA 92672, USA<br/>Approximate runner mile: 79.5.<br/>Nearest runner geometry: approximately 0.09 mi straight-line (not a walking detour).<br/>Verification: Google Places business backup (operational); confirm customer restroom access and hours on race day.<br/>Source: <a href="https://maps.google.com/?cid=1448348751069326504&g_mp=Cilnb29nbGUubWFwcy5wbGFjZXMudjEuUGxhY2VzLlNlYXJjaE5lYXJieRACGAQgAA">official / current listing</a>]]></description>
      <styleUrl>#coffeeBackup</styleUrl>
      <Point><coordinates>-117.6038499,33.418243499999996,0</coordinates></Point>
    </Placemark>
    <Placemark><name>ExtraMile</name>
      <description><![CDATA[Priority 3: Coffee-chain backup.<br/>Address: 1601 N Coast Hwy, Oceanside, CA 92054, USA<br/>Approximate runner mile: 81.3.<br/>Nearest runner geometry: approximately 0.01 mi straight-line (not a walking detour).<br/>Verification: Google Places business backup (operational); confirm customer restroom access and hours on race day.<br/>Source: <a href="https://maps.google.com/?cid=16813686725807594349&g_mp=Cilnb29nbGUubWFwcy5wbGFjZXMudjEuUGxhY2VzLlNlYXJjaE5lYXJieRACGAQgAA">official / current listing</a>]]></description>
      <styleUrl>#coffeeBackup</styleUrl>
      <Point><coordinates>-117.387238,33.2090572,0</coordinates></Point>
    </Placemark>
    <Placemark><name>ExtraMile</name>
      <description><![CDATA[Priority 3: Coffee-chain backup.<br/>Address: 920 Carlsbad Village Dr, Carlsbad, CA 92008, USA<br/>Approximate runner mile: 85.5.<br/>Nearest runner geometry: approximately 0.48 mi straight-line (not a walking detour).<br/>Verification: Google Places business backup (operational); confirm customer restroom access and hours on race day.<br/>Source: <a href="https://maps.google.com/?cid=11135837644959629846&g_mp=Cilnb29nbGUubWFwcy5wbGFjZXMudjEuUGxhY2VzLlNlYXJjaE5lYXJieRACGAQgAA">official / current listing</a>]]></description>
      <styleUrl>#coffeeBackup</styleUrl>
      <Point><coordinates>-117.3444615,33.162282399999995,0</coordinates></Point>
    </Placemark>
    <Placemark><name>ExtraMile</name>
      <description><![CDATA[Priority 3: Coffee-chain backup.<br/>Address: 970 Tamarack Ave, Carlsbad, CA 92008, USA<br/>Approximate runner mile: 86.4.<br/>Nearest runner geometry: approximately 0.72 mi straight-line (not a walking detour).<br/>Verification: Google Places business backup (operational); confirm customer restroom access and hours on race day.<br/>Source: <a href="https://maps.google.com/?cid=3679805434623989354&g_mp=Cilnb29nbGUubWFwcy5wbGFjZXMudjEuUGxhY2VzLlNlYXJjaE5lYXJieRACGAQgAA">official / current listing</a>]]></description>
      <styleUrl>#coffeeBackup</styleUrl>
      <Point><coordinates>-117.3349978,33.1530777,0</coordinates></Point>
    </Placemark>
    <Placemark><name>ExtraMile</name>
      <description><![CDATA[Priority 3: Coffee-chain backup.<br/>Address: 850 Palomar Airport Rd, Carlsbad, CA 92008, USA<br/>Approximate runner mile: 88.6.<br/>Nearest runner geometry: approximately 0.43 mi straight-line (not a walking detour).<br/>Verification: Google Places business backup (operational); confirm customer restroom access and hours on race day.<br/>Source: <a href="https://maps.google.com/?cid=6826171203935469358&g_mp=Cilnb29nbGUubWFwcy5wbGFjZXMudjEuUGxhY2VzLlNlYXJjaE5lYXJieRACGAQgAA">official / current listing</a>]]></description>
      <styleUrl>#coffeeBackup</styleUrl>
      <Point><coordinates>-117.31949139999999,33.122269599999996,0</coordinates></Point>
    </Placemark>
    <Placemark><name>ExtraMile</name>
      <description><![CDATA[Priority 3: Coffee-chain backup.<br/>Address: 540 La Costa Ave, Encinitas, CA 92024, USA<br/>Approximate runner mile: 91.5.<br/>Nearest runner geometry: approximately 0.52 mi straight-line (not a walking detour).<br/>Verification: Google Places business backup (operational); confirm customer restroom access and hours on race day.<br/>Source: <a href="https://maps.google.com/?cid=6657479440688197400&g_mp=Cilnb29nbGUubWFwcy5wbGFjZXMudjEuUGxhY2VzLlNlYXJjaE5lYXJieRACGAQgAA">official / current listing</a>]]></description>
      <styleUrl>#coffeeBackup</styleUrl>
      <Point><coordinates>-117.29977849999999,33.0846953,0</coordinates></Point>
    </Placemark>
    <Placemark><name>ExtraMile</name>
      <description><![CDATA[Priority 3: Coffee-chain backup.<br/>Address: 350 Encinitas Blvd, Encinitas, CA 92024, USA<br/>Approximate runner mile: 94.0.<br/>Nearest runner geometry: approximately 0.58 mi straight-line (not a walking detour).<br/>Verification: Google Places business backup (operational); confirm customer restroom access and hours on race day.<br/>Source: <a href="https://maps.google.com/?cid=14392462078850842370&g_mp=Cilnb29nbGUubWFwcy5wbGFjZXMudjEuUGxhY2VzLlNlYXJjaE5lYXJieRACGAQgAA">official / current listing</a>]]></description>
      <styleUrl>#coffeeBackup</styleUrl>
      <Point><coordinates>-117.2838835,33.0483475,0</coordinates></Point>
    </Placemark>
    <Placemark><name>ExtraMile</name>
      <description><![CDATA[Priority 3: Coffee-chain backup.<br/>Address: 805 Birmingham Dr, Cardiff, CA 92007, USA<br/>Approximate runner mile: 95.9.<br/>Nearest runner geometry: approximately 0.68 mi straight-line (not a walking detour).<br/>Verification: Google Places business backup (operational); confirm customer restroom access and hours on race day.<br/>Source: <a href="https://maps.google.com/?cid=18211185840169437548&g_mp=Cilnb29nbGUubWFwcy5wbGFjZXMudjEuUGxhY2VzLlNlYXJjaE5lYXJieRACGAQgAA">official / current listing</a>]]></description>
      <styleUrl>#coffeeBackup</styleUrl>
      <Point><coordinates>-117.27331980000001,33.0262759,0</coordinates></Point>
    </Placemark>
    <Placemark><name>ExtraMile</name>
      <description><![CDATA[Priority 3: Coffee-chain backup.<br/>Address: 7475 La Jolla Blvd, La Jolla, CA 92037, USA<br/>Approximate runner mile: 110.5.<br/>Nearest runner geometry: approximately 0.26 mi straight-line (not a walking detour).<br/>Verification: Google Places business backup (operational); confirm customer restroom access and hours on race day.<br/>Source: <a href="https://maps.google.com/?cid=1152637001708874555&g_mp=Cilnb29nbGUubWFwcy5wbGFjZXMudjEuUGxhY2VzLlNlYXJjaE5lYXJieRACGAQgAA">official / current listing</a>]]></description>
      <styleUrl>#coffeeBackup</styleUrl>
      <Point><coordinates>-117.2779073,32.8388036,0</coordinates></Point>
    </Placemark>
    <Placemark><name>Fast Times</name>
      <description><![CDATA[Priority 3: Coffee-chain backup.<br/>Address: 1629 Abbot Kinney Blvd, Venice, CA 90291, USA<br/>Approximate runner mile: 2.6.<br/>Nearest runner geometry: approximately 0.01 mi straight-line (not a walking detour).<br/>Verification: Google Places business backup (operational); confirm customer restroom access and hours on race day.<br/>Source: <a href="https://maps.google.com/?cid=4425520558917331915&g_mp=Cilnb29nbGUubWFwcy5wbGFjZXMudjEuUGxhY2VzLlNlYXJjaE5lYXJieRACGAQgAA">official / current listing</a>]]></description>
      <styleUrl>#coffeeBackup</styleUrl>
      <Point><coordinates>-118.4631973,33.9897827,0</coordinates></Point>
    </Placemark>
    <Placemark><name>Fat + Flour</name>
      <description><![CDATA[Priority 3: Coffee-chain backup.<br/>Address: 11739 W Washington Blvd, Los Angeles, CA 90066, USA<br/>Approximate runner mile: 5.4.<br/>Nearest runner geometry: approximately 0.20 mi straight-line (not a walking detour).<br/>Verification: Google Places business backup (operational); confirm customer restroom access and hours on race day.<br/>Source: <a href="https://maps.google.com/?cid=9226406993518093093&g_mp=Cilnb29nbGUubWFwcy5wbGFjZXMudjEuUGxhY2VzLlNlYXJjaE5lYXJieRACGAQgAA">official / current listing</a>]]></description>
      <styleUrl>#coffeeBackup</styleUrl>
      <Point><coordinates>-118.4189124,33.9993772,0</coordinates></Point>
    </Placemark>
    <Placemark><name>Ferlini Coffee</name>
      <description><![CDATA[Priority 3: Coffee-chain backup.<br/>Address: 613 Pearl St, La Jolla, CA 92037, USA<br/>Approximate runner mile: 110.5.<br/>Nearest runner geometry: approximately 0.20 mi straight-line (not a walking detour).<br/>Verification: Google Places business backup (operational); confirm customer restroom access and hours on race day.<br/>Source: <a href="https://maps.google.com/?cid=2992488853736481653&g_mp=Cilnb29nbGUubWFwcy5wbGFjZXMudjEuUGxhY2VzLlNlYXJjaE5lYXJieRACGAQgAA">official / current listing</a>]]></description>
      <styleUrl>#coffeeBackup</styleUrl>
      <Point><coordinates>-117.2770132,32.8392968,0</coordinates></Point>
    </Placemark>
    <Placemark><name>Fig Tree Cafe</name>
      <description><![CDATA[Priority 3: Coffee-chain backup.<br/>Address: 5119 Cass St, San Diego, CA 92109, USA<br/>Approximate runner mile: 113.6.<br/>Nearest runner geometry: approximately 0.30 mi straight-line (not a walking detour).<br/>Verification: Google Places business backup (operational); confirm customer restroom access and hours on race day.<br/>Source: <a href="https://maps.google.com/?cid=12361127487416546231&g_mp=Cilnb29nbGUubWFwcy5wbGFjZXMudjEuUGxhY2VzLlNlYXJjaE5lYXJieRACGAQgAA">official / current listing</a>]]></description>
      <styleUrl>#coffeeBackup</styleUrl>
      <Point><coordinates>-117.25479239999999,32.8080468,0</coordinates></Point>
    </Placemark>
    <Placemark><name>Figaro Dessert Cafe</name>
      <description><![CDATA[Priority 3: Coffee-chain backup.<br/>Address: 1420 Garnet Ave, San Diego, CA 92109, USA<br/>Approximate runner mile: 114.9.<br/>Nearest runner geometry: approximately 0.02 mi straight-line (not a walking detour).<br/>Verification: Google Places business backup (operational); confirm customer restroom access and hours on race day.<br/>Source: <a href="https://maps.google.com/?cid=11820180055906646196&g_mp=Cilnb29nbGUubWFwcy5wbGFjZXMudjEuUGxhY2VzLlNlYXJjaE5lYXJieRACGAQgAA">official / current listing</a>]]></description>
      <styleUrl>#coffeeBackup</styleUrl>
      <Point><coordinates>-117.2440613,32.7992856,0</coordinates></Point>
    </Placemark>
    <Placemark><name>Fit Flex Protein House</name>
      <description><![CDATA[Priority 3: Coffee-chain backup.<br/>Address: 6637 E 72nd St, Paramount, CA 90723, USA<br/>Approximate runner mile: 26.7.<br/>Nearest runner geometry: approximately 0.38 mi straight-line (not a walking detour).<br/>Verification: Google Places business backup (operational); confirm customer restroom access and hours on race day.<br/>Source: <a href="https://maps.google.com/?cid=9309820763689448108&g_mp=Cilnb29nbGUubWFwcy5wbGFjZXMudjEuUGxhY2VzLlNlYXJjaE5lYXJieRACGAQgAA">official / current listing</a>]]></description>
      <styleUrl>#coffeeBackup</styleUrl>
      <Point><coordinates>-118.1806027,33.8855895,0</coordinates></Point>
    </Placemark>
    <Placemark><name>FloriBrunch</name>
      <description><![CDATA[Priority 3: Coffee-chain backup.<br/>Address: 4322 Tweedy Blvd, South Gate, CA 90280, USA<br/>Approximate runner mile: 20.5.<br/>Nearest runner geometry: approximately 0.70 mi straight-line (not a walking detour).<br/>Verification: Google Places business backup (operational); confirm customer restroom access and hours on race day.<br/>Source: <a href="https://maps.google.com/?cid=8674517562527812438&g_mp=Cilnb29nbGUubWFwcy5wbGFjZXMudjEuUGxhY2VzLlNlYXJjaE5lYXJieRACGAQgAA">official / current listing</a>]]></description>
      <styleUrl>#coffeeBackup</styleUrl>
      <Point><coordinates>-118.1961084,33.943001699999996,0</coordinates></Point>
    </Placemark>
    <Placemark><name>Flō Coffee Bar</name>
      <description><![CDATA[Priority 3: Coffee-chain backup.<br/>Address: 805 Hampton Dr, Venice, CA 90291, USA<br/>Approximate runner mile: 1.9.<br/>Nearest runner geometry: approximately 0.04 mi straight-line (not a walking detour).<br/>Verification: Google Places business backup (operational); confirm customer restroom access and hours on race day.<br/>Source: <a href="https://maps.google.com/?cid=8679327898893265588&g_mp=Cilnb29nbGUubWFwcy5wbGFjZXMudjEuUGxhY2VzLlNlYXJjaE5lYXJieRACGAQgAA">official / current listing</a>]]></description>
      <styleUrl>#coffeeBackup</styleUrl>
      <Point><coordinates>-118.4740711,33.9932849,0</coordinates></Point>
    </Placemark>
    <Placemark><name>Fratelli Cafe</name>
      <description><![CDATA[Priority 3: Coffee-chain backup.<br/>Address: 552 Washington Blvd, Marina Del Rey, CA 90292, USA<br/>Approximate runner mile: 2.9.<br/>Nearest runner geometry: approximately 0.33 mi straight-line (not a walking detour).<br/>Verification: Google Places business backup (operational); confirm customer restroom access and hours on race day.<br/>Source: <a href="https://maps.google.com/?cid=10818603959589358558&g_mp=Cilnb29nbGUubWFwcy5wbGFjZXMudjEuUGxhY2VzLlNlYXJjaE5lYXJieRACGAQgAA">official / current listing</a>]]></description>
      <styleUrl>#coffeeBackup</styleUrl>
      <Point><coordinates>-118.45961299999998,33.9832131,0</coordinates></Point>
    </Placemark>
    <Placemark><name>Freelance Coffee Project</name>
      <description><![CDATA[Priority 3: Coffee-chain backup.<br/>Address: 882 Production Pl, Newport Beach, CA 92663, USA<br/>Approximate runner mile: 53.8.<br/>Nearest runner geometry: approximately 0.62 mi straight-line (not a walking detour).<br/>Verification: Google Places business backup (operational); confirm customer restroom access and hours on race day.<br/>Source: <a href="https://maps.google.com/?cid=226351958894867359&g_mp=Cilnb29nbGUubWFwcy5wbGFjZXMudjEuUGxhY2VzLlNlYXJjaE5lYXJieRACGAQgAA">official / current listing</a>]]></description>
      <styleUrl>#coffeeBackup</styleUrl>
      <Point><coordinates>-117.9353808,33.631333399999995,0</coordinates></Point>
    </Placemark>
    <Placemark><name>Fresheria</name>
      <description><![CDATA[Priority 3: Coffee-chain backup.<br/>Address: 627 Pearl St, La Jolla, CA 92037, USA<br/>Approximate runner mile: 110.5.<br/>Nearest runner geometry: approximately 0.18 mi straight-line (not a walking detour).<br/>Verification: Google Places business backup (operational); confirm customer restroom access and hours on race day.<br/>Source: <a href="https://maps.google.com/?cid=3975903125261999126&g_mp=Cilnb29nbGUubWFwcy5wbGFjZXMudjEuUGxhY2VzLlNlYXJjaE5lYXJieRACGAQgAA">official / current listing</a>]]></description>
      <styleUrl>#coffeeBackup</styleUrl>
      <Point><coordinates>-117.27659579999998,32.8394167,0</coordinates></Point>
    </Placemark>
    <Placemark><name>Froglanders Crepes &amp; Yogurt</name>
      <description><![CDATA[Priority 3: Coffee-chain backup.<br/>Address: 915 Pearl St, La Jolla, CA 92037, USA<br/>Approximate runner mile: 110.4.<br/>Nearest runner geometry: approximately 0.01 mi straight-line (not a walking detour).<br/>Verification: Google Places business backup (operational); confirm customer restroom access and hours on race day.<br/>Source: <a href="https://maps.google.com/?cid=14887610827875873557&g_mp=Cilnb29nbGUubWFwcy5wbGFjZXMudjEuUGxhY2VzLlNlYXJjaE5lYXJieRACGAQgAA">official / current listing</a>]]></description>
      <styleUrl>#coffeeBackup</styleUrl>
      <Point><coordinates>-117.2732308,32.840109,0</coordinates></Point>
    </Placemark>
    <Placemark><name>Fruittitude</name>
      <description><![CDATA[Priority 3: Coffee-chain backup.<br/>Address: 7777 Girard Ave #103, La Jolla, CA 92037, USA<br/>Approximate runner mile: 110.2.<br/>Nearest runner geometry: approximately 0.16 mi straight-line (not a walking detour).<br/>Verification: Google Places business backup (operational); confirm customer restroom access and hours on race day.<br/>Source: <a href="https://maps.google.com/?cid=3866464570173132748&g_mp=Cilnb29nbGUubWFwcy5wbGFjZXMudjEuUGxhY2VzLlNlYXJjaE5lYXJieRACGAQgAA">official / current listing</a>]]></description>
      <styleUrl>#coffeeBackup</styleUrl>
      <Point><coordinates>-117.27370079999999,32.844707899999996,0</coordinates></Point>
    </Placemark>
    <Placemark><name>GOODONYA Market + Wine Shop</name>
      <description><![CDATA[Priority 3: Coffee-chain backup.<br/>Address: 1050 S Coast Hwy 101, Encinitas, CA 92024, USA<br/>Approximate runner mile: 94.7.<br/>Nearest runner geometry: approximately 0.03 mi straight-line (not a walking detour).<br/>Verification: Google Places business backup (operational); confirm customer restroom access and hours on race day.<br/>Source: <a href="https://maps.google.com/?cid=2311679491358967972&g_mp=Cilnb29nbGUubWFwcy5wbGFjZXMudjEuUGxhY2VzLlNlYXJjaE5lYXJieRACGAQgAA">official / current listing</a>]]></description>
      <styleUrl>#coffeeBackup</styleUrl>
      <Point><coordinates>-117.29249089999999,33.0385521,0</coordinates></Point>
    </Placemark>
    <Placemark><name>GOODONYA Organic Eatery</name>
      <description><![CDATA[Priority 3: Coffee-chain backup.<br/>Address: 1051 S Coast Hwy 101, Encinitas, CA 92024, USA<br/>Approximate runner mile: 94.7.<br/>Nearest runner geometry: approximately 0.02 mi straight-line (not a walking detour).<br/>Verification: Google Places business backup (operational); confirm customer restroom access and hours on race day.<br/>Source: <a href="https://maps.google.com/?cid=14946151833857626592&g_mp=Cilnb29nbGUubWFwcy5wbGFjZXMudjEuUGxhY2VzLlNlYXJjaE5lYXJieRACGAQgAA">official / current listing</a>]]></description>
      <styleUrl>#coffeeBackup</styleUrl>
      <Point><coordinates>-117.29265300000002,33.038489,0</coordinates></Point>
    </Placemark>
    <Placemark><name>GRANGE GARDEN</name>
      <description><![CDATA[Priority 3: Coffee-chain backup.<br/>Address: 240 S Cedros Ave, Solana Beach, CA 92075, USA<br/>Approximate runner mile: 98.3.<br/>Nearest runner geometry: approximately 0.06 mi straight-line (not a walking detour).<br/>Verification: Google Places business backup (operational); confirm customer restroom access and hours on race day.<br/>Source: <a href="https://maps.google.com/?cid=6188757413580126816&g_mp=Cilnb29nbGUubWFwcy5wbGFjZXMudjEuUGxhY2VzLlNlYXJjaE5lYXJieRACGAQgAA">official / current listing</a>]]></description>
      <styleUrl>#coffeeBackup</styleUrl>
      <Point><coordinates>-117.27005759999999,32.9900148,0</coordinates></Point>
    </Placemark>
    <Placemark><name>Garden District Super Foods</name>
      <description><![CDATA[Priority 3: Coffee-chain backup.<br/>Address: 712 1/2 Marina Dr, Seal Beach, CA 90740, USA<br/>Approximate runner mile: 41.0.<br/>Nearest runner geometry: approximately 0.01 mi straight-line (not a walking detour).<br/>Verification: Google Places business backup (operational); confirm customer restroom access and hours on race day.<br/>Source: <a href="https://maps.google.com/?cid=842164060551224938&g_mp=Cilnb29nbGUubWFwcy5wbGFjZXMudjEuUGxhY2VzLlNlYXJjaE5lYXJieRACGAQgAA">official / current listing</a>]]></description>
      <styleUrl>#coffeeBackup</styleUrl>
      <Point><coordinates>-118.10426229999999,33.744954,0</coordinates></Point>
    </Placemark>
    <Placemark><name>Gelato 101 Encinitas</name>
      <description><![CDATA[Priority 3: Coffee-chain backup.<br/>Address: 480 S Coast Hwy 101, Encinitas, CA 92024, USA<br/>Approximate runner mile: 94.1.<br/>Nearest runner geometry: approximately 0.02 mi straight-line (not a walking detour).<br/>Verification: Google Places business backup (closed temporarily); confirm customer restroom access and hours on race day.<br/>Source: <a href="https://maps.google.com/?cid=15976606544332820199&g_mp=Cilnb29nbGUubWFwcy5wbGFjZXMudjEuUGxhY2VzLlNlYXJjaE5lYXJieRACGAQgAA">official / current listing</a>]]></description>
      <styleUrl>#coffeeBackup</styleUrl>
      <Point><coordinates>-117.29414990000001,33.0461708,0</coordinates></Point>
    </Placemark>
    <Placemark><name>Gelato 101 Solana Beach</name>
      <description><![CDATA[Priority 3: Coffee-chain backup.<br/>Address: 153 N Hwy 101 Ste 101, Solana Beach, CA 92075, USA<br/>Approximate runner mile: 98.0.<br/>Nearest runner geometry: approximately 0.02 mi straight-line (not a walking detour).<br/>Verification: Google Places business backup (operational); confirm customer restroom access and hours on race day.<br/>Source: <a href="https://maps.google.com/?cid=9854843222196181682&g_mp=Cilnb29nbGUubWFwcy5wbGFjZXMudjEuUGxhY2VzLlNlYXJjaE5lYXJieRACGAQgAA">official / current listing</a>]]></description>
      <styleUrl>#coffeeBackup</styleUrl>
      <Point><coordinates>-117.272319,32.993195,0</coordinates></Point>
    </Placemark>
    <Placemark><name>GelatoLove Carlsbad Village</name>
      <description><![CDATA[Priority 3: Coffee-chain backup.<br/>Address: 300 Carlsbad Village Dr #104, Carlsbad, CA 92008, USA<br/>Approximate runner mile: 85.5.<br/>Nearest runner geometry: approximately 0.05 mi straight-line (not a walking detour).<br/>Verification: Google Places business backup (operational); confirm customer restroom access and hours on race day.<br/>Source: <a href="https://maps.google.com/?cid=13635639689120766253&g_mp=Cilnb29nbGUubWFwcy5wbGFjZXMudjEuUGxhY2VzLlNlYXJjaE5lYXJieRACGAQgAA">official / current listing</a>]]></description>
      <styleUrl>#coffeeBackup</styleUrl>
      <Point><coordinates>-117.3510496,33.159275199999996,0</coordinates></Point>
    </Placemark>
    <Placemark><name>Glazed Coffee &amp; Creamery</name>
      <description><![CDATA[Priority 3: Coffee-chain backup.<br/>Address: 4449 Ocean Blvd, San Diego, CA 92109, USA<br/>Approximate runner mile: 114.2.<br/>Nearest runner geometry: approximately 0.10 mi straight-line (not a walking detour).<br/>Verification: Google Places business backup (closed temporarily); confirm customer restroom access and hours on race day.<br/>Source: <a href="https://maps.google.com/?cid=10285525261305024718&g_mp=Cilnb29nbGUubWFwcy5wbGFjZXMudjEuUGxhY2VzLlNlYXJjaE5lYXJieRACGAQgAA">official / current listing</a>]]></description>
      <styleUrl>#coffeeBackup</styleUrl>
      <Point><coordinates>-117.2561941,32.7952687,0</coordinates></Point>
    </Placemark>
    <Placemark><name>Gnarwhal Coffee Co.</name>
      <description><![CDATA[Priority 3: Coffee-chain backup.<br/>Address: 3101 Main St Unit D, Santa Monica, CA 90405, USA<br/>Approximate runner mile: 1.5.<br/>Nearest runner geometry: approximately 0.02 mi straight-line (not a walking detour).<br/>Verification: Google Places business backup (operational); confirm customer restroom access and hours on race day.<br/>Source: <a href="https://maps.google.com/?cid=538093055955750448&g_mp=Cilnb29nbGUubWFwcy5wbGFjZXMudjEuUGxhY2VzLlNlYXJjaE5lYXJieRACGAQgAA">official / current listing</a>]]></description>
      <styleUrl>#coffeeBackup</styleUrl>
      <Point><coordinates>-118.479348,33.9980411,0</coordinates></Point>
    </Placemark>
    <Placemark><name>Good Time</name>
      <description><![CDATA[Priority 3: Coffee-chain backup.<br/>Address: 1322 Coronado Ave, Long Beach, CA 90804, USA<br/>Approximate runner mile: 36.5.<br/>Nearest runner geometry: approximately 0.46 mi straight-line (not a walking detour).<br/>Verification: Google Places business backup (operational); confirm customer restroom access and hours on race day.<br/>Source: <a href="https://maps.google.com/?cid=17287324977084873041&g_mp=Cilnb29nbGUubWFwcy5wbGFjZXMudjEuUGxhY2VzLlNlYXJjaE5lYXJieRACGAQgAA">official / current listing</a>]]></description>
      <styleUrl>#coffeeBackup</styleUrl>
      <Point><coordinates>-118.1533085,33.783184500000004,0</coordinates></Point>
    </Placemark>
    <Placemark><name>Gordy's Bakery and Coffeehouse</name>
      <description><![CDATA[Priority 3: Coffee-chain backup.<br/>Address: 441 Encinitas Blvd, Encinitas, CA 92024, USA<br/>Approximate runner mile: 94.1.<br/>Nearest runner geometry: approximately 0.59 mi straight-line (not a walking detour).<br/>Verification: Google Places business backup (operational); confirm customer restroom access and hours on race day.<br/>Source: <a href="https://maps.google.com/?cid=11042495092874490174&g_mp=Cilnb29nbGUubWFwcy5wbGFjZXMudjEuUGxhY2VzLlNlYXJjaE5lYXJieRACGAQgAA">official / current listing</a>]]></description>
      <styleUrl>#coffeeBackup</styleUrl>
      <Point><coordinates>-117.28364499999999,33.046928199999996,0</coordinates></Point>
    </Placemark>
    <Placemark><name>Grounded Coffee House</name>
      <description><![CDATA[Priority 3: Coffee-chain backup.<br/>Address: 3636 East Coast Hwy, Corona Del Mar, CA 92625, USA<br/>Approximate runner mile: 58.9.<br/>Nearest runner geometry: approximately 0.02 mi straight-line (not a walking detour).<br/>Verification: Google Places business backup (operational); confirm customer restroom access and hours on race day.<br/>Source: <a href="https://maps.google.com/?cid=7931336488805185364&g_mp=Cilnb29nbGUubWFwcy5wbGFjZXMudjEuUGxhY2VzLlNlYXJjaE5lYXJieRACGAQgAA">official / current listing</a>]]></description>
      <styleUrl>#coffeeBackup</styleUrl>
      <Point><coordinates>-117.86777199999999,33.594445,0</coordinates></Point>
    </Placemark>
    <Placemark><name>Groundwork Coffee Co.</name>
      <description><![CDATA[Priority 3: Coffee-chain backup.<br/>Address: 2908 Main St, Santa Monica, CA 90405, USA<br/>Approximate runner mile: 1.3.<br/>Nearest runner geometry: approximately 0.00 mi straight-line (not a walking detour).<br/>Verification: Google Places business backup (operational); confirm customer restroom access and hours on race day.<br/>Source: <a href="https://maps.google.com/?cid=17431114998323751554&g_mp=Cilnb29nbGUubWFwcy5wbGFjZXMudjEuUGxhY2VzLlNlYXJjaE5lYXJieRACGAQgAA">official / current listing</a>]]></description>
      <styleUrl>#coffeeBackup</styleUrl>
      <Point><coordinates>-118.48107359999999,33.9992878,0</coordinates></Point>
    </Placemark>
    <Placemark><name>Groundwork Coffee Co.</name>
      <description><![CDATA[Priority 3: Coffee-chain backup.<br/>Address: 671 Rose Ave, Venice, CA 90291, USA<br/>Approximate runner mile: 1.7.<br/>Nearest runner geometry: approximately 0.52 mi straight-line (not a walking detour).<br/>Verification: Google Places business backup (operational); confirm customer restroom access and hours on race day.<br/>Source: <a href="https://maps.google.com/?cid=4930046177893781989&g_mp=Cilnb29nbGUubWFwcy5wbGFjZXMudjEuUGxhY2VzLlNlYXJjaE5lYXJieRACGAQgAA">official / current listing</a>]]></description>
      <styleUrl>#coffeeBackup</styleUrl>
      <Point><coordinates>-118.47029339999999,34.0003785,0</coordinates></Point>
    </Placemark>
    <Placemark><name>Guilty Cheesecakes</name>
      <description><![CDATA[Priority 3: Coffee-chain backup.<br/>Address: 345 S Coast Hwy 101 101 ste 103, Encinitas, CA 92024, USA<br/>Approximate runner mile: 94.0.<br/>Nearest runner geometry: approximately 0.02 mi straight-line (not a walking detour).<br/>Verification: Google Places business backup (closed temporarily); confirm customer restroom access and hours on race day.<br/>Source: <a href="https://maps.google.com/?cid=11143784204046022381&g_mp=Cilnb29nbGUubWFwcy5wbGFjZXMudjEuUGxhY2VzLlNlYXJjaE5lYXJieRACGAQgAA">official / current listing</a>]]></description>
      <styleUrl>#coffeeBackup</styleUrl>
      <Point><coordinates>-117.293616,33.0477983,0</coordinates></Point>
    </Placemark>
    <Placemark><name>HC Cafe</name>
      <description><![CDATA[Priority 3: Coffee-chain backup.<br/>Address: 11683 Atlantic Ave, Lynwood, CA 90262, USA<br/>Approximate runner mile: 23.6.<br/>Nearest runner geometry: approximately 0.00 mi straight-line (not a walking detour).<br/>Verification: Google Places business backup (operational); confirm customer restroom access and hours on race day.<br/>Source: <a href="https://maps.google.com/?cid=2798788591713088211&g_mp=Cilnb29nbGUubWFwcy5wbGFjZXMudjEuUGxhY2VzLlNlYXJjaE5lYXJieRACGAQgAA">official / current listing</a>]]></description>
      <styleUrl>#coffeeBackup</styleUrl>
      <Point><coordinates>-118.18932339999999,33.917250800000005,0</coordinates></Point>
    </Placemark>
    <Placemark><name>Happy Little Teas Long Beach</name>
      <description><![CDATA[Priority 3: Coffee-chain backup.<br/>Address: 3199 E Pacific Coast Hwy #101, Signal Hill, CA 90755, USA<br/>Approximate runner mile: 36.4.<br/>Nearest runner geometry: approximately 0.03 mi straight-line (not a walking detour).<br/>Verification: Google Places business backup (operational); confirm customer restroom access and hours on race day.<br/>Source: <a href="https://maps.google.com/?cid=9226496366255689687&g_mp=Cilnb29nbGUubWFwcy5wbGFjZXMudjEuUGxhY2VzLlNlYXJjaE5lYXJieRACGAQgAA">official / current listing</a>]]></description>
      <styleUrl>#coffeeBackup</styleUrl>
      <Point><coordinates>-118.1551732,33.790216199999996,0</coordinates></Point>
    </Placemark>
    <Placemark><name>Harbor House Café</name>
      <description><![CDATA[Priority 3: Coffee-chain backup.<br/>Address: 16341 CA-1, Sunset Beach, CA 90742, USA<br/>Approximate runner mile: 43.2.<br/>Nearest runner geometry: approximately 0.01 mi straight-line (not a walking detour).<br/>Verification: Google Places business backup (operational); confirm customer restroom access and hours on race day.<br/>Source: <a href="https://maps.google.com/?cid=17688265032788499567&g_mp=Cilnb29nbGUubWFwcy5wbGFjZXMudjEuUGxhY2VzLlNlYXJjaE5lYXJieRACGAQgAA">official / current listing</a>]]></description>
      <styleUrl>#coffeeBackup</styleUrl>
      <Point><coordinates>-118.077666,33.724197200000006,0</coordinates></Point>
    </Placemark>
    <Placemark><name>Harry's Coffee Shop</name>
      <description><![CDATA[Priority 3: Coffee-chain backup.<br/>Address: 7545 Girard Ave, La Jolla, CA 92037, USA<br/>Approximate runner mile: 110.3.<br/>Nearest runner geometry: approximately 0.01 mi straight-line (not a walking detour).<br/>Verification: Google Places business backup (operational); confirm customer restroom access and hours on race day.<br/>Source: <a href="https://maps.google.com/?cid=10198427269378810323&g_mp=Cilnb29nbGUubWFwcy5wbGFjZXMudjEuUGxhY2VzLlNlYXJjaE5lYXJieRACGAQgAA">official / current listing</a>]]></description>
      <styleUrl>#coffeeBackup</styleUrl>
      <Point><coordinates>-117.2725852,32.841409299999995,0</coordinates></Point>
    </Placemark>
    <Placemark><name>Harry's Taco Club + Juice Bar</name>
      <description><![CDATA[Priority 3: Coffee-chain backup.<br/>Address: 1446 Camino Del Mar, Del Mar, CA 92014, USA<br/>Approximate runner mile: 100.5.<br/>Nearest runner geometry: approximately 0.00 mi straight-line (not a walking detour).<br/>Verification: Google Places business backup (operational); confirm customer restroom access and hours on race day.<br/>Source: <a href="https://maps.google.com/?cid=18300461197059645378&g_mp=Cilnb29nbGUubWFwcy5wbGFjZXMudjEuUGxhY2VzLlNlYXJjaE5lYXJieRACGAQgAA">official / current listing</a>]]></description>
      <styleUrl>#coffeeBackup</styleUrl>
      <Point><coordinates>-117.2654256,32.9592783,0</coordinates></Point>
    </Placemark>
    <Placemark><name>Harry’s Coffee Shop - Del Mar</name>
      <description><![CDATA[Priority 3: Coffee-chain backup.<br/>Address: 1454 Camino Del Mar, Del Mar, CA 92014, USA<br/>Approximate runner mile: 100.5.<br/>Nearest runner geometry: approximately 0.01 mi straight-line (not a walking detour).<br/>Verification: Google Places business backup (operational); confirm customer restroom access and hours on race day.<br/>Source: <a href="https://maps.google.com/?cid=12785578079108313195&g_mp=Cilnb29nbGUubWFwcy5wbGFjZXMudjEuUGxhY2VzLlNlYXJjaE5lYXJieRACGAQgAA">official / current listing</a>]]></description>
      <styleUrl>#coffeeBackup</styleUrl>
      <Point><coordinates>-117.26548280000002,32.959379,0</coordinates></Point>
    </Placemark>
    <Placemark><name>Harwood House</name>
      <description><![CDATA[Priority 3: Coffee-chain backup.<br/>Address: 34200 Street of the Amber Lantern, Dana Point, CA 92629, USA<br/>Approximate runner mile: 72.4.<br/>Nearest runner geometry: approximately 0.02 mi straight-line (not a walking detour).<br/>Verification: Google Places business backup (operational); confirm customer restroom access and hours on race day.<br/>Source: <a href="https://maps.google.com/?cid=17782653195002235750&g_mp=Cilnb29nbGUubWFwcy5wbGFjZXMudjEuUGxhY2VzLlNlYXJjaE5lYXJieRACGAQgAA">official / current listing</a>]]></description>
      <styleUrl>#coffeeBackup</styleUrl>
      <Point><coordinates>-117.70208650000001,33.4660143,0</coordinates></Point>
    </Placemark>
    <Placemark><name>Haute Cakes Caffe</name>
      <description><![CDATA[Priority 3: Coffee-chain backup.<br/>Address: 1807 Westcliff Dr, Newport Beach, CA 92660, USA<br/>Approximate runner mile: 56.0.<br/>Nearest runner geometry: approximately 0.68 mi straight-line (not a walking detour).<br/>Verification: Google Places business backup (operational); confirm customer restroom access and hours on race day.<br/>Source: <a href="https://maps.google.com/?cid=7049383493581887158&g_mp=Cilnb29nbGUubWFwcy5wbGFjZXMudjEuUGxhY2VzLlNlYXJjaE5lYXJieRACGAQgAA">official / current listing</a>]]></description>
      <styleUrl>#coffeeBackup</styleUrl>
      <Point><coordinates>-117.9067022,33.6264543,0</coordinates></Point>
    </Placemark>
    <Placemark><name>HeBREW Cafe</name>
      <description><![CDATA[Priority 3: Coffee-chain backup.<br/>Address: 2426 Santa Fe Ave, Long Beach, CA 90810, USA<br/>Approximate runner mile: 32.7.<br/>Nearest runner geometry: approximately 0.61 mi straight-line (not a walking detour).<br/>Verification: Google Places business backup (closed temporarily); confirm customer restroom access and hours on race day.<br/>Source: <a href="https://maps.google.com/?cid=12578166080753646181&g_mp=Cilnb29nbGUubWFwcy5wbGFjZXMudjEuUGxhY2VzLlNlYXJjaE5lYXJieRACGAQgAA">official / current listing</a>]]></description>
      <styleUrl>#coffeeBackup</styleUrl>
      <Point><coordinates>-118.2151493,33.8013833,0</coordinates></Point>
    </Placemark>
    <Placemark><name>Herst Coffee Roasters</name>
      <description><![CDATA[Priority 3: Coffee-chain backup.<br/>Address: 3400 Via Lido, Newport Beach, CA 92663, USA<br/>Approximate runner mile: 54.6.<br/>Nearest runner geometry: approximately 0.20 mi straight-line (not a walking detour).<br/>Verification: Google Places business backup (operational); confirm customer restroom access and hours on race day.<br/>Source: <a href="https://maps.google.com/?cid=10516870484697539885&g_mp=Cilnb29nbGUubWFwcy5wbGFjZXMudjEuUGxhY2VzLlNlYXJjaE5lYXJieRACGAQgAA">official / current listing</a>]]></description>
      <styleUrl>#coffeeBackup</styleUrl>
      <Point><coordinates>-117.92848260000001,33.6182535,0</coordinates></Point>
    </Placemark>
    <Placemark><name>Hiccups</name>
      <description><![CDATA[Priority 3: Coffee-chain backup.<br/>Address: 5751 E Pacific Coast Hwy E3, Long Beach, CA 90803, USA<br/>Approximate runner mile: 38.8.<br/>Nearest runner geometry: approximately 0.05 mi straight-line (not a walking detour).<br/>Verification: Google Places business backup (operational); confirm customer restroom access and hours on race day.<br/>Source: <a href="https://maps.google.com/?cid=1279015109473946218&g_mp=Cilnb29nbGUubWFwcy5wbGFjZXMudjEuUGxhY2VzLlNlYXJjaE5lYXJieRACGAQgAA">official / current listing</a>]]></description>
      <styleUrl>#coffeeBackup</styleUrl>
      <Point><coordinates>-118.119418,33.773646,0</coordinates></Point>
    </Placemark>
    <Placemark><name>High Tide Coffee Oceanside</name>
      <description><![CDATA[Priority 3: Coffee-chain backup.<br/>Address: 332 S Coast Hwy, Oceanside, CA 92054, USA<br/>Approximate runner mile: 82.7.<br/>Nearest runner geometry: approximately 0.03 mi straight-line (not a walking detour).<br/>Verification: Google Places business backup (operational); confirm customer restroom access and hours on race day.<br/>Source: <a href="https://maps.google.com/?cid=9049098797819103044&g_mp=Cilnb29nbGUubWFwcy5wbGFjZXMudjEuUGxhY2VzLlNlYXJjaE5lYXJieRACGAQgAA">official / current listing</a>]]></description>
      <styleUrl>#coffeeBackup</styleUrl>
      <Point><coordinates>-117.3758727,33.192096899999996,0</coordinates></Point>
    </Placemark>
    <Placemark><name>High Tide Coffee San Clemente</name>
      <description><![CDATA[Priority 3: Coffee-chain backup.<br/>Address: 1624 N El Camino Real, San Clemente, CA 92672, USA<br/>Approximate runner mile: 77.6.<br/>Nearest runner geometry: approximately 0.02 mi straight-line (not a walking detour).<br/>Verification: Google Places business backup (operational); confirm customer restroom access and hours on race day.<br/>Source: <a href="https://maps.google.com/?cid=17600522954410490176&g_mp=Cilnb29nbGUubWFwcy5wbGFjZXMudjEuUGxhY2VzLlNlYXJjaE5lYXJieRACGAQgAA">official / current listing</a>]]></description>
      <styleUrl>#coffeeBackup</styleUrl>
      <Point><coordinates>-117.62885399999999,33.4323457,0</coordinates></Point>
    </Placemark>
    <Placemark><name>His Place</name>
      <description><![CDATA[Priority 3: Coffee-chain backup.<br/>Address: 3737 Martin Luther King Jr Blvd Ste 103, Lynwood, CA 90262, USA<br/>Approximate runner mile: 23.1.<br/>Nearest runner geometry: approximately 0.86 mi straight-line (not a walking detour).<br/>Verification: Google Places business backup (closed temporarily); confirm customer restroom access and hours on race day.<br/>Source: <a href="https://maps.google.com/?cid=3472500887138016606&g_mp=Cilnb29nbGUubWFwcy5wbGFjZXMudjEuUGxhY2VzLlNlYXJjaE5lYXJieRACGAQgAA">official / current listing</a>]]></description>
      <styleUrl>#coffeeBackup</styleUrl>
      <Point><coordinates>-118.20027909999999,33.9288026,0</coordinates></Point>
    </Placemark>
    <Placemark><name>Honeybees</name>
      <description><![CDATA[Priority 3: Coffee-chain backup.<br/>Address: 1341 Garnet Ave, San Diego, CA 92109, USA<br/>Approximate runner mile: 114.8.<br/>Nearest runner geometry: approximately 0.00 mi straight-line (not a walking detour).<br/>Verification: Google Places business backup (operational); confirm customer restroom access and hours on race day.<br/>Source: <a href="https://maps.google.com/?cid=14276471322983895400&g_mp=Cilnb29nbGUubWFwcy5wbGFjZXMudjEuUGxhY2VzLlNlYXJjaE5lYXJieRACGAQgAA">official / current listing</a>]]></description>
      <styleUrl>#coffeeBackup</styleUrl>
      <Point><coordinates>-117.24539289999998,32.7986858,0</coordinates></Point>
    </Placemark>
    <Placemark><name>Humanity Coffee</name>
      <description><![CDATA[Priority 3: Coffee-chain backup.<br/>Address: 3305 Newport Blvd Unit b, Newport Beach, CA 92663, USA<br/>Approximate runner mile: 54.5.<br/>Nearest runner geometry: approximately 0.31 mi straight-line (not a walking detour).<br/>Verification: Google Places business backup (operational); confirm customer restroom access and hours on race day.<br/>Source: <a href="https://maps.google.com/?cid=3991707092552652150&g_mp=Cilnb29nbGUubWFwcy5wbGFjZXMudjEuUGxhY2VzLlNlYXJjaE5lYXJieRACGAQgAA">official / current listing</a>]]></description>
      <styleUrl>#coffeeBackup</styleUrl>
      <Point><coordinates>-117.930605,33.6165187,0</coordinates></Point>
    </Placemark>
    <Placemark><name>Humblemaker Coffee Co.</name>
      <description><![CDATA[Priority 3: Coffee-chain backup.<br/>Address: 4840 Alla Rd, Los Angeles, CA 90066, USA<br/>Approximate runner mile: 4.8.<br/>Nearest runner geometry: approximately 0.96 mi straight-line (not a walking detour).<br/>Verification: Google Places business backup (operational); confirm customer restroom access and hours on race day.<br/>Source: <a href="https://maps.google.com/?cid=15486490988849695869&g_mp=Cilnb29nbGUubWFwcy5wbGFjZXMudjEuUGxhY2VzLlNlYXJjaE5lYXJieRACGAQgAA">official / current listing</a>]]></description>
      <styleUrl>#coffeeBackup</styleUrl>
      <Point><coordinates>-118.4286841,33.982846699999996,0</coordinates></Point>
    </Placemark>
    <Placemark><name>Humblemaker Coffee Co.</name>
      <description><![CDATA[Priority 3: Coffee-chain backup.<br/>Address: 350 Main St Unit A, Seal Beach, CA 90740, USA<br/>Approximate runner mile: 41.1.<br/>Nearest runner geometry: approximately 0.01 mi straight-line (not a walking detour).<br/>Verification: Google Places business backup (operational); confirm customer restroom access and hours on race day.<br/>Source: <a href="https://maps.google.com/?cid=778679387003957327&g_mp=Cilnb29nbGUubWFwcy5wbGFjZXMudjEuUGxhY2VzLlNlYXJjaE5lYXJieRACGAQgAA">official / current listing</a>]]></description>
      <styleUrl>#coffeeBackup</styleUrl>
      <Point><coordinates>-118.10246339999999,33.744056199999996,0</coordinates></Point>
    </Placemark>
    <Placemark><name>Huskins Coffee</name>
      <description><![CDATA[Priority 3: Coffee-chain backup.<br/>Address: 229 Marine Ave, Newport Beach, CA 92662, USA<br/>Approximate runner mile: 57.0.<br/>Nearest runner geometry: approximately 0.38 mi straight-line (not a walking detour).<br/>Verification: Google Places business backup (operational); confirm customer restroom access and hours on race day.<br/>Source: <a href="https://maps.google.com/?cid=7147430241214624314&g_mp=Cilnb29nbGUubWFwcy5wbGFjZXMudjEuUGxhY2VzLlNlYXJjaE5lYXJieRACGAQgAA">official / current listing</a>]]></description>
      <styleUrl>#coffeeBackup</styleUrl>
      <Point><coordinates>-117.89010079999998,33.6068996,0</coordinates></Point>
    </Placemark>
    <Placemark><name>INVITA Café</name>
      <description><![CDATA[Priority 3: Coffee-chain backup.<br/>Address: 6806 Embarcadero Ln, Carlsbad, CA 92011, USA<br/>Approximate runner mile: 89.4.<br/>Nearest runner geometry: approximately 0.19 mi straight-line (not a walking detour).<br/>Verification: Google Places business backup (operational); confirm customer restroom access and hours on race day.<br/>Source: <a href="https://maps.google.com/?cid=18250783393056487078&g_mp=Cilnb29nbGUubWFwcy5wbGFjZXMudjEuUGxhY2VzLlNlYXJjaE5lYXJieRACGAQgAA">official / current listing</a>]]></description>
      <styleUrl>#coffeeBackup</styleUrl>
      <Point><coordinates>-117.3179295,33.1096445,0</coordinates></Point>
    </Placemark>
    <Placemark><name>IYKYK! Coffee Lab</name>
      <description><![CDATA[Priority 3: Coffee-chain backup.<br/>Address: 21058 Pacific Coast Hwy Ste 170 Lot 579, Huntington Beach, CA 92648, USA<br/>Approximate runner mile: 50.0.<br/>Nearest runner geometry: approximately 0.03 mi straight-line (not a walking detour).<br/>Verification: Google Places business backup (operational); confirm customer restroom access and hours on race day.<br/>Source: <a href="https://maps.google.com/?cid=17531967696936286631&g_mp=Cilnb29nbGUubWFwcy5wbGFjZXMudjEuUGxhY2VzLlNlYXJjaE5lYXJieRACGAQgAA">official / current listing</a>]]></description>
      <styleUrl>#coffeeBackup</styleUrl>
      <Point><coordinates>-117.99679270000001,33.654287,0</coordinates></Point>
    </Placemark>
    <Placemark><name>Ignite Coffee Company</name>
      <description><![CDATA[Priority 3: Coffee-chain backup.<br/>Address: 605 Mission Ave, Oceanside, CA 92054, USA<br/>Approximate runner mile: 82.4.<br/>Nearest runner geometry: approximately 0.08 mi straight-line (not a walking detour).<br/>Verification: Google Places business backup (operational); confirm customer restroom access and hours on race day.<br/>Source: <a href="https://maps.google.com/?cid=1043837597150536105&g_mp=Cilnb29nbGUubWFwcy5wbGFjZXMudjEuUGxhY2VzLlNlYXJjaE5lYXJieRACGAQgAA">official / current listing</a>]]></description>
      <styleUrl>#coffeeBackup</styleUrl>
      <Point><coordinates>-117.37837929999999,33.1963474,0</coordinates></Point>
    </Placemark>
    <Placemark><name>Immersion Coffee</name>
      <description><![CDATA[Priority 3: Coffee-chain backup.<br/>Address: 6905 La Jolla Blvd, La Jolla, CA 92037, USA<br/>Approximate runner mile: 111.3.<br/>Nearest runner geometry: approximately 0.02 mi straight-line (not a walking detour).<br/>Verification: Google Places business backup (operational); confirm customer restroom access and hours on race day.<br/>Source: <a href="https://maps.google.com/?cid=2500946057764577975&g_mp=Cilnb29nbGUubWFwcy5wbGFjZXMudjEuUGxhY2VzLlNlYXJjaE5lYXJieRACGAQgAA">official / current listing</a>]]></description>
      <styleUrl>#coffeeBackup</styleUrl>
      <Point><coordinates>-117.2765268,32.8320262,0</coordinates></Point>
    </Placemark>
    <Placemark><name>Immersion Express / Coffee and Matcha</name>
      <description><![CDATA[Priority 3: Coffee-chain backup.<br/>Address: Windmill Food Hall, 890 Palomar Airport Rd, Carlsbad, CA 92011, USA<br/>Approximate runner mile: 88.5.<br/>Nearest runner geometry: approximately 0.39 mi straight-line (not a walking detour).<br/>Verification: Google Places business backup (operational); confirm customer restroom access and hours on race day.<br/>Source: <a href="https://maps.google.com/?cid=349988034740645201&g_mp=Cilnb29nbGUubWFwcy5wbGFjZXMudjEuUGxhY2VzLlNlYXJjaE5lYXJieRACGAQgAA">official / current listing</a>]]></description>
      <styleUrl>#coffeeBackup</styleUrl>
      <Point><coordinates>-117.32065,33.1232646,0</coordinates></Point>
    </Placemark>
    <Placemark><name>Infusion Lab Coffee</name>
      <description><![CDATA[Priority 3: Coffee-chain backup.<br/>Address: 4638 Mission Blvd, San Diego, CA 92109, USA<br/>Approximate runner mile: 114.1.<br/>Nearest runner geometry: approximately 0.00 mi straight-line (not a walking detour).<br/>Verification: Google Places business backup (operational); confirm customer restroom access and hours on race day.<br/>Source: <a href="https://maps.google.com/?cid=14773971881760418245&g_mp=Cilnb29nbGUubWFwcy5wbGFjZXMudjEuUGxhY2VzLlNlYXJjaE5lYXJieRACGAQgAA">official / current listing</a>]]></description>
      <styleUrl>#coffeeBackup</styleUrl>
      <Point><coordinates>-117.2561679,32.798231099999995,0</coordinates></Point>
    </Placemark>
    <Placemark><name>Intelligentsia Coffee Venice</name>
      <description><![CDATA[Priority 3: Coffee-chain backup.<br/>Address: 1331 Abbot Kinney Blvd, Venice, CA 90291, USA<br/>Approximate runner mile: 2.4.<br/>Nearest runner geometry: approximately 0.01 mi straight-line (not a walking detour).<br/>Verification: Google Places business backup (operational); confirm customer restroom access and hours on race day.<br/>Source: <a href="https://maps.google.com/?cid=1365067254120236962&g_mp=Cilnb29nbGUubWFwcy5wbGFjZXMudjEuUGxhY2VzLlNlYXJjaE5lYXJieRACGAQgAA">official / current listing</a>]]></description>
      <styleUrl>#coffeeBackup</styleUrl>
      <Point><coordinates>-118.46692719999999,33.9910996,0</coordinates></Point>
    </Placemark>
    <Placemark><name>Interim Coffee</name>
      <description><![CDATA[Priority 3: Coffee-chain backup.<br/>Address: 2943 Carlsbad Blvd, Carlsbad, CA 92008, USA<br/>Approximate runner mile: 85.5.<br/>Nearest runner geometry: approximately 0.02 mi straight-line (not a walking detour).<br/>Verification: Google Places business backup (operational); confirm customer restroom access and hours on race day.<br/>Source: <a href="https://maps.google.com/?cid=14515429104967212702&g_mp=Cilnb29nbGUubWFwcy5wbGFjZXMudjEuUGxhY2VzLlNlYXJjaE5lYXJieRACGAQgAA">official / current listing</a>]]></description>
      <styleUrl>#coffeeBackup</styleUrl>
      <Point><coordinates>-117.35179459999999,33.1585483,0</coordinates></Point>
    </Placemark>
    <Placemark><name>Iris Protein</name>
      <description><![CDATA[Priority 3: Coffee-chain backup.<br/>Address: 9219 1/2, 9219 San Pedro St, Los Angeles, CA 90003, USA<br/>Approximate runner mile: 15.9.<br/>Nearest runner geometry: approximately 0.54 mi straight-line (not a walking detour).<br/>Verification: Google Places business backup (operational); confirm customer restroom access and hours on race day.<br/>Source: <a href="https://maps.google.com/?cid=13532778388871510716&g_mp=Cilnb29nbGUubWFwcy5wbGFjZXMudjEuUGxhY2VzLlNlYXJjaE5lYXJieRACGAQgAA">official / current listing</a>]]></description>
      <styleUrl>#coffeeBackup</styleUrl>
      <Point><coordinates>-118.2697422,33.9521375,0</coordinates></Point>
    </Placemark>
    <Placemark><name>Ironsmith Coffee Oceanside</name>
      <description><![CDATA[Priority 3: Coffee-chain backup.<br/>Address: 1116 S Coast Hwy, Oceanside, CA 92054, USA<br/>Approximate runner mile: 83.3.<br/>Nearest runner geometry: approximately 0.03 mi straight-line (not a walking detour).<br/>Verification: Google Places business backup (operational); confirm customer restroom access and hours on race day.<br/>Source: <a href="https://maps.google.com/?cid=1311601983129733972&g_mp=Cilnb29nbGUubWFwcy5wbGFjZXMudjEuUGxhY2VzLlNlYXJjaE5lYXJieRACGAQgAA">official / current listing</a>]]></description>
      <styleUrl>#coffeeBackup</styleUrl>
      <Point><coordinates>-117.3698817,33.1849226,0</coordinates></Point>
    </Placemark>
    <Placemark><name>Ironsmith Coffee Roasters</name>
      <description><![CDATA[Priority 3: Coffee-chain backup.<br/>Address: 458 S Coast Hwy 101, Encinitas, CA 92024, USA<br/>Approximate runner mile: 94.1.<br/>Nearest runner geometry: approximately 0.02 mi straight-line (not a walking detour).<br/>Verification: Google Places business backup (operational); confirm customer restroom access and hours on race day.<br/>Source: <a href="https://maps.google.com/?cid=15569147260243604617&g_mp=Cilnb29nbGUubWFwcy5wbGFjZXMudjEuUGxhY2VzLlNlYXJjaE5lYXJieRACGAQgAA">official / current listing</a>]]></description>
      <styleUrl>#coffeeBackup</styleUrl>
      <Point><coordinates>-117.29418139999999,33.046547499999996,0</coordinates></Point>
    </Placemark>
    <Placemark><name>Jasper Coffee</name>
      <description><![CDATA[Priority 3: Coffee-chain backup.<br/>Address: 327 Marine Ave, Newport Beach, CA 92662, USA<br/>Approximate runner mile: 57.0.<br/>Nearest runner geometry: approximately 0.30 mi straight-line (not a walking detour).<br/>Verification: Google Places business backup (operational); confirm customer restroom access and hours on race day.<br/>Source: <a href="https://maps.google.com/?cid=11542931325156475226&g_mp=Cilnb29nbGUubWFwcy5wbGFjZXMudjEuUGxhY2VzLlNlYXJjaE5lYXJieRACGAQgAA">official / current listing</a>]]></description>
      <styleUrl>#coffeeBackup</styleUrl>
      <Point><coordinates>-117.8899596,33.6081455,0</coordinates></Point>
    </Placemark>
    <Placemark><name>Java Bakery Cafe</name>
      <description><![CDATA[Priority 3: Coffee-chain backup.<br/>Address: Bayside Shopping Center, 1064 Bayside Dr, Newport Beach, CA 92660, USA<br/>Approximate runner mile: 56.9.<br/>Nearest runner geometry: approximately 0.10 mi straight-line (not a walking detour).<br/>Verification: Google Places business backup (operational); confirm customer restroom access and hours on race day.<br/>Source: <a href="https://maps.google.com/?cid=10539478106825572522&g_mp=Cilnb29nbGUubWFwcy5wbGFjZXMudjEuUGxhY2VzLlNlYXJjaE5lYXJieRACGAQgAA">official / current listing</a>]]></description>
      <styleUrl>#coffeeBackup</styleUrl>
      <Point><coordinates>-117.89154699999997,33.6112736,0</coordinates></Point>
    </Placemark>
    <Placemark><name>Java Earth Coffee La Jolla</name>
      <description><![CDATA[Priority 3: Coffee-chain backup.<br/>Address: 1030 Torrey Pines Rd # D, La Jolla, CA 92037, USA<br/>Approximate runner mile: 110.2.<br/>Nearest runner geometry: approximately 0.02 mi straight-line (not a walking detour).<br/>Verification: Google Places business backup (operational); confirm customer restroom access and hours on race day.<br/>Source: <a href="https://maps.google.com/?cid=9431112222708709588&g_mp=Cilnb29nbGUubWFwcy5wbGFjZXMudjEuUGxhY2VzLlNlYXJjaE5lYXJieRACGAQgAA">official / current listing</a>]]></description>
      <styleUrl>#coffeeBackup</styleUrl>
      <Point><coordinates>-117.27245549999998,32.842804199999996,0</coordinates></Point>
    </Placemark>
    <Placemark><name>Java Earth Coffee North PB</name>
      <description><![CDATA[Priority 3: Coffee-chain backup.<br/>Address: 4978 Cass St, San Diego, CA 92109, USA<br/>Approximate runner mile: 113.7.<br/>Nearest runner geometry: approximately 0.22 mi straight-line (not a walking detour).<br/>Verification: Google Places business backup (operational); confirm customer restroom access and hours on race day.<br/>Source: <a href="https://maps.google.com/?cid=9243066112302331258&g_mp=Cilnb29nbGUubWFwcy5wbGFjZXMudjEuUGxhY2VzLlNlYXJjaE5lYXJieRACGAQgAA">official / current listing</a>]]></description>
      <styleUrl>#coffeeBackup</styleUrl>
      <Point><coordinates>-117.2545101,32.8055085,0</coordinates></Point>
    </Placemark>
    <Placemark><name>Java Point</name>
      <description><![CDATA[Priority 3: Coffee-chain backup.<br/>Address: 300 Pacific Coast Hwy #104, Huntington Beach, CA 92648, USA<br/>Approximate runner mile: 49.6.<br/>Nearest runner geometry: approximately 0.04 mi straight-line (not a walking detour).<br/>Verification: Google Places business backup (operational); confirm customer restroom access and hours on race day.<br/>Source: <a href="https://maps.google.com/?cid=10437951779815829984&g_mp=Cilnb29nbGUubWFwcy5wbGFjZXMudjEuUGxhY2VzLlNlYXJjaE5lYXJieRACGAQgAA">official / current listing</a>]]></description>
      <styleUrl>#coffeeBackup</styleUrl>
      <Point><coordinates>-118.00147580000001,33.657433999999995,0</coordinates></Point>
    </Placemark>
    <Placemark><name>Java Shack</name>
      <description><![CDATA[Priority 3: Coffee-chain backup.<br/>Address: 11696 Sorrento Valley Rd D, San Diego, CA 92121, USA<br/>Approximate runner mile: 104.2.<br/>Nearest runner geometry: approximately 0.68 mi straight-line (not a walking detour).<br/>Verification: Google Places business backup (operational); confirm customer restroom access and hours on race day.<br/>Source: <a href="https://maps.google.com/?cid=13511452375240663456&g_mp=Cilnb29nbGUubWFwcy5wbGFjZXMudjEuUGxhY2VzLlNlYXJjaE5lYXJieRACGAQgAA">official / current listing</a>]]></description>
      <styleUrl>#coffeeBackup</styleUrl>
      <Point><coordinates>-117.23349049999999,32.913632299999996,0</coordinates></Point>
    </Placemark>
    <Placemark><name>Javatinis Espresso</name>
      <description><![CDATA[Priority 3: Coffee-chain backup.<br/>Address: 148 Main St, Seal Beach, CA 90740, USA<br/>Approximate runner mile: 41.1.<br/>Nearest runner geometry: approximately 0.24 mi straight-line (not a walking detour).<br/>Verification: Google Places business backup (operational); confirm customer restroom access and hours on race day.<br/>Source: <a href="https://maps.google.com/?cid=7759240428420481739&g_mp=Cilnb29nbGUubWFwcy5wbGFjZXMudjEuUGxhY2VzLlNlYXJjaE5lYXJieRACGAQgAA">official / current listing</a>]]></description>
      <styleUrl>#coffeeBackup</styleUrl>
      <Point><coordinates>-118.104773,33.741225,0</coordinates></Point>
    </Placemark>
    <Placemark><name>Jedidiah Coffee</name>
      <description><![CDATA[Priority 3: Coffee-chain backup.<br/>Address: 397 N Coast Hwy, Laguna Beach, CA 92651, USA<br/>Approximate runner mile: 64.6.<br/>Nearest runner geometry: approximately 0.01 mi straight-line (not a walking detour).<br/>Verification: Google Places business backup (operational); confirm customer restroom access and hours on race day.<br/>Source: <a href="https://maps.google.com/?cid=1535447515543686134&g_mp=Cilnb29nbGUubWFwcy5wbGFjZXMudjEuUGxhY2VzLlNlYXJjaE5lYXJieRACGAQgAA">official / current listing</a>]]></description>
      <styleUrl>#coffeeBackup</styleUrl>
      <Point><coordinates>-117.79029310000001,33.544345199999995,0</coordinates></Point>
    </Placemark>
    <Placemark><name>Jitters Coffee Pub</name>
      <description><![CDATA[Priority 3: Coffee-chain backup.<br/>Address: 510 N Coast Hwy, Oceanside, CA 92054, USA<br/>Approximate runner mile: 82.1.<br/>Nearest runner geometry: approximately 0.02 mi straight-line (not a walking detour).<br/>Verification: Google Places business backup (operational); confirm customer restroom access and hours on race day.<br/>Source: <a href="https://maps.google.com/?cid=9994774124514136151&g_mp=Cilnb29nbGUubWFwcy5wbGFjZXMudjEuUGxhY2VzLlNlYXJjaE5lYXJieRACGAQgAA">official / current listing</a>]]></description>
      <styleUrl>#coffeeBackup</styleUrl>
      <Point><coordinates>-117.38166609999999,33.198886699999996,0</coordinates></Point>
    </Placemark>
    <Placemark><name>Joe &amp; the Juice</name>
      <description><![CDATA[Priority 3: Coffee-chain backup.<br/>Address: 401 Newport Center Dr, Newport Beach, CA 92660, USA<br/>Approximate runner mile: 57.4.<br/>Nearest runner geometry: approximately 0.61 mi straight-line (not a walking detour).<br/>Verification: Google Places business backup (operational); confirm customer restroom access and hours on race day.<br/>Source: <a href="https://maps.google.com/?cid=7098420055806473445&g_mp=Cilnb29nbGUubWFwcy5wbGFjZXMudjEuUGxhY2VzLlNlYXJjaE5lYXJieRACGAQgAA">official / current listing</a>]]></description>
      <styleUrl>#coffeeBackup</styleUrl>
      <Point><coordinates>-117.87614300000001,33.6171425,0</coordinates></Point>
    </Placemark>
    <Placemark><name>Joe Kyoto</name>
      <description><![CDATA[Priority 3: Coffee-chain backup.<br/>Address: Sea Castle Entrance, 1725 Ocean Front Walk, Santa Monica, CA 90401, USA<br/>Approximate runner mile: 0.4.<br/>Nearest runner geometry: approximately 0.07 mi straight-line (not a walking detour).<br/>Verification: Google Places business backup (operational); confirm customer restroom access and hours on race day.<br/>Source: <a href="https://maps.google.com/?cid=3831796372923485999&g_mp=Cilnb29nbGUubWFwcy5wbGFjZXMudjEuUGxhY2VzLlNlYXJjaE5lYXJieRACGAQgAA">official / current listing</a>]]></description>
      <styleUrl>#coffeeBackup</styleUrl>
      <Point><coordinates>-118.49272579999997,34.007934299999995,0</coordinates></Point>
    </Placemark>
    <Placemark><name>Juliette's Cafe' &amp; Coffee Culture</name>
      <description><![CDATA[Priority 3: Coffee-chain backup.<br/>Address: 1501 Westcliff Dr Ste 110, Newport Beach, CA 92660, USA<br/>Approximate runner mile: 56.1.<br/>Nearest runner geometry: approximately 0.57 mi straight-line (not a walking detour).<br/>Verification: Google Places business backup (operational); confirm customer restroom access and hours on race day.<br/>Source: <a href="https://maps.google.com/?cid=14315824756500253015&g_mp=Cilnb29nbGUubWFwcy5wbGFjZXMudjEuUGxhY2VzLlNlYXJjaE5lYXJieRACGAQgAA">official / current listing</a>]]></description>
      <styleUrl>#coffeeBackup</styleUrl>
      <Point><coordinates>-117.9049027,33.6250093,0</coordinates></Point>
    </Placemark>
    <Placemark><name>Junior Cookies (Santa Monica)</name>
      <description><![CDATA[Priority 3: Coffee-chain backup.<br/>Address: 2726 Main St, Santa Monica, CA 90405, USA<br/>Approximate runner mile: 1.2.<br/>Nearest runner geometry: approximately 0.00 mi straight-line (not a walking detour).<br/>Verification: Google Places business backup (operational); confirm customer restroom access and hours on race day.<br/>Source: <a href="https://maps.google.com/?cid=1520676607798219557&g_mp=Cilnb29nbGUubWFwcy5wbGFjZXMudjEuUGxhY2VzLlNlYXJjaE5lYXJieRACGAQgAA">official / current listing</a>]]></description>
      <styleUrl>#coffeeBackup</styleUrl>
      <Point><coordinates>-118.48213939999998,34.00029,0</coordinates></Point>
    </Placemark>
    <Placemark><name>KAFE'SITO</name>
      <description><![CDATA[Priority 3: Coffee-chain backup.<br/>Address: 161 S Hwy 101, Solana Beach, CA 92075, USA<br/>Approximate runner mile: 98.2.<br/>Nearest runner geometry: approximately 0.03 mi straight-line (not a walking detour).<br/>Verification: Google Places business backup (operational); confirm customer restroom access and hours on race day.<br/>Source: <a href="https://maps.google.com/?cid=17391630355643367763&g_mp=Cilnb29nbGUubWFwcy5wbGFjZXMudjEuUGxhY2VzLlNlYXJjaE5lYXJieRACGAQgAA">official / current listing</a>]]></description>
      <styleUrl>#coffeeBackup</styleUrl>
      <Point><coordinates>-117.271671,32.990396,0</coordinates></Point>
    </Placemark>
    <Placemark><name>KIT Coffee</name>
      <description><![CDATA[Priority 3: Coffee-chain backup.<br/>Address: 1617 Westcliff Dr #103, Newport Beach, CA 92660, USA<br/>Approximate runner mile: 56.1.<br/>Nearest runner geometry: approximately 0.63 mi straight-line (not a walking detour).<br/>Verification: Google Places business backup (operational); confirm customer restroom access and hours on race day.<br/>Source: <a href="https://maps.google.com/?cid=6266072541974329048&g_mp=Cilnb29nbGUubWFwcy5wbGFjZXMudjEuUGxhY2VzLlNlYXJjaE5lYXJieRACGAQgAA">official / current listing</a>]]></description>
      <styleUrl>#coffeeBackup</styleUrl>
      <Point><coordinates>-117.9056257,33.625769,0</coordinates></Point>
    </Placemark>
    <Placemark><name>KIT Coffee</name>
      <description><![CDATA[Priority 3: Coffee-chain backup.<br/>Address: 1000 Avocado Ave, Newport Beach, CA 92660, USA<br/>Approximate runner mile: 58.0.<br/>Nearest runner geometry: approximately 0.23 mi straight-line (not a walking detour).<br/>Verification: Google Places business backup (operational); confirm customer restroom access and hours on race day.<br/>Source: <a href="https://maps.google.com/?cid=15420084631964349622&g_mp=Cilnb29nbGUubWFwcy5wbGFjZXMudjEuUGxhY2VzLlNlYXJjaE5lYXJieRACGAQgAA">official / current listing</a>]]></description>
      <styleUrl>#coffeeBackup</styleUrl>
      <Point><coordinates>-117.87307320000001,33.607875799999995,0</coordinates></Point>
    </Placemark>
    <Placemark><name>Kafeina</name>
      <description><![CDATA[Priority 3: Coffee-chain backup.<br/>Address: 15116 Atlantic Ave, Compton, CA 90221, USA<br/>Approximate runner mile: 26.1.<br/>Nearest runner geometry: approximately 0.41 mi straight-line (not a walking detour).<br/>Verification: Google Places business backup (operational); confirm customer restroom access and hours on race day.<br/>Source: <a href="https://maps.google.com/?cid=14720861547050340501&g_mp=Cilnb29nbGUubWFwcy5wbGFjZXMudjEuUGxhY2VzLlNlYXJjaE5lYXJieRACGAQgAA">official / current listing</a>]]></description>
      <styleUrl>#coffeeBackup</styleUrl>
      <Point><coordinates>-118.1930465,33.8953881,0</coordinates></Point>
    </Placemark>
    <Placemark><name>Kettle On Coast</name>
      <description><![CDATA[Priority 3: Coffee-chain backup.<br/>Address: 223 N Coast Hwy, Oceanside, CA 92054, USA<br/>Approximate runner mile: 82.3.<br/>Nearest runner geometry: approximately 0.00 mi straight-line (not a walking detour).<br/>Verification: Google Places business backup (operational); confirm customer restroom access and hours on race day.<br/>Source: <a href="https://maps.google.com/?cid=16105553771400286086&g_mp=Cilnb29nbGUubWFwcy5wbGFjZXMudjEuUGxhY2VzLlNlYXJjaE5lYXJieRACGAQgAA">official / current listing</a>]]></description>
      <styleUrl>#coffeeBackup</styleUrl>
      <Point><coordinates>-117.38026479999998,33.196573199999996,0</coordinates></Point>
    </Placemark>
    <Placemark><name>Kini Koffee</name>
      <description><![CDATA[Priority 3: Coffee-chain backup.<br/>Address: 1555 Camino Del Mar #106, Del Mar, CA 92014, USA<br/>Approximate runner mile: 100.4.<br/>Nearest runner geometry: approximately 0.02 mi straight-line (not a walking detour).<br/>Verification: Google Places business backup (operational); confirm customer restroom access and hours on race day.<br/>Source: <a href="https://maps.google.com/?cid=15179963210742069610&g_mp=Cilnb29nbGUubWFwcy5wbGFjZXMudjEuUGxhY2VzLlNlYXJjaE5lYXJieRACGAQgAA">official / current listing</a>]]></description>
      <styleUrl>#coffeeBackup</styleUrl>
      <Point><coordinates>-117.26501749999998,32.960547399999996,0</coordinates></Point>
    </Placemark>
    <Placemark><name>Kohi by Owa</name>
      <description><![CDATA[Priority 3: Coffee-chain backup.<br/>Address: 1635 Abbot Kinney Blvd, Venice, CA 90291, USA<br/>Approximate runner mile: 2.6.<br/>Nearest runner geometry: approximately 0.00 mi straight-line (not a walking detour).<br/>Verification: Google Places business backup (operational); confirm customer restroom access and hours on race day.<br/>Source: <a href="https://maps.google.com/?cid=7253773237223320491&g_mp=Cilnb29nbGUubWFwcy5wbGFjZXMudjEuUGxhY2VzLlNlYXJjaE5lYXJieRACGAQgAA">official / current listing</a>]]></description>
      <styleUrl>#coffeeBackup</styleUrl>
      <Point><coordinates>-118.46306039999999,33.9896171,0</coordinates></Point>
    </Placemark>
    <Placemark><name>Krispy Kreme</name>
      <description><![CDATA[Priority 3: Coffee-chain backup.<br/>Address: 4760 E Los Coyotes Diagonal, Long Beach, CA 90815, USA<br/>Approximate runner mile: 37.2.<br/>Nearest runner geometry: approximately 0.32 mi straight-line (not a walking detour).<br/>Verification: Google Places business backup (operational); confirm customer restroom access and hours on race day.<br/>Source: <a href="https://maps.google.com/?cid=4308808791626613632&g_mp=Cilnb29nbGUubWFwcy5wbGFjZXMudjEuUGxhY2VzLlNlYXJjaE5lYXJieRACGAQgAA">official / current listing</a>]]></description>
      <styleUrl>#coffeeBackup</styleUrl>
      <Point><coordinates>-118.13805049999999,33.7926047,0</coordinates></Point>
    </Placemark>
    <Placemark><name>Kuli Coffee</name>
      <description><![CDATA[Priority 3: Coffee-chain backup.<br/>Address: 203 Avenida Del Mar, San Clemente, CA 92672, USA<br/>Approximate runner mile: 78.7.<br/>Nearest runner geometry: approximately 0.20 mi straight-line (not a walking detour).<br/>Verification: Google Places business backup (operational); confirm customer restroom access and hours on race day.<br/>Source: <a href="https://maps.google.com/?cid=18248055981123628830&g_mp=Cilnb29nbGUubWFwcy5wbGFjZXMudjEuUGxhY2VzLlNlYXJjaE5lYXJieRACGAQgAA">official / current listing</a>]]></description>
      <styleUrl>#coffeeBackup</styleUrl>
      <Point><coordinates>-117.6150397,33.425658399999996,0</coordinates></Point>
    </Placemark>
    <Placemark><name>Kéan Coffee Artisan Roasters</name>
      <description><![CDATA[Priority 3: Coffee-chain backup.<br/>Address: 2043 Westcliff Dr #100, Newport Beach, CA 92660, USA<br/>Approximate runner mile: 56.0.<br/>Nearest runner geometry: approximately 0.78 mi straight-line (not a walking detour).<br/>Verification: Google Places business backup (operational); confirm customer restroom access and hours on race day.<br/>Source: <a href="https://maps.google.com/?cid=17779965694766655&g_mp=Cilnb29nbGUubWFwcy5wbGFjZXMudjEuUGxhY2VzLlNlYXJjaE5lYXJieRACGAQgAA">official / current listing</a>]]></description>
      <styleUrl>#coffeeBackup</styleUrl>
      <Point><coordinates>-117.90840439999998,33.6276558,0</coordinates></Point>
    </Placemark>
    <Placemark><name>LA PETITE BAKERY</name>
      <description><![CDATA[Priority 3: Coffee-chain backup.<br/>Address: 142 S Cedros Ave, Solana Beach, CA 92075, USA<br/>Approximate runner mile: 98.2.<br/>Nearest runner geometry: approximately 0.07 mi straight-line (not a walking detour).<br/>Verification: Google Places business backup (operational); confirm customer restroom access and hours on race day.<br/>Source: <a href="https://maps.google.com/?cid=10802868419364745839&g_mp=Cilnb29nbGUubWFwcy5wbGFjZXMudjEuUGxhY2VzLlNlYXJjaE5lYXJieRACGAQgAA">official / current listing</a>]]></description>
      <styleUrl>#coffeeBackup</styleUrl>
      <Point><coordinates>-117.2701116,32.990824499999995,0</coordinates></Point>
    </Placemark>
    <Placemark><name>La Espiga</name>
      <description><![CDATA[Priority 3: Coffee-chain backup.<br/>Address: 7351 Rosecrans Ave Unit c, Paramount, CA 90723, USA<br/>Approximate runner mile: 25.4.<br/>Nearest runner geometry: approximately 0.68 mi straight-line (not a walking detour).<br/>Verification: Google Places business backup (operational); confirm customer restroom access and hours on race day.<br/>Source: <a href="https://maps.google.com/?cid=12177620038276902669&g_mp=Cilnb29nbGUubWFwcy5wbGFjZXMudjEuUGxhY2VzLlNlYXJjaE5lYXJieRACGAQgAA">official / current listing</a>]]></description>
      <styleUrl>#coffeeBackup</styleUrl>
      <Point><coordinates>-118.16950579999998,33.9042631,0</coordinates></Point>
    </Placemark>
    <Placemark><name>La Michoacana</name>
      <description><![CDATA[Priority 3: Coffee-chain backup.<br/>Address: 1500 E Florence Ave, Los Angeles, CA 90001, USA<br/>Approximate runner mile: 17.2.<br/>Nearest runner geometry: approximately 0.98 mi straight-line (not a walking detour).<br/>Verification: Google Places business backup (operational); confirm customer restroom access and hours on race day.<br/>Source: <a href="https://maps.google.com/?cid=9354635346318325955&g_mp=Cilnb29nbGUubWFwcy5wbGFjZXMudjEuUGxhY2VzLlNlYXJjaE5lYXJieRACGAQgAA">official / current listing</a>]]></description>
      <styleUrl>#coffeeBackup</styleUrl>
      <Point><coordinates>-118.2474561,33.974578699999995,0</coordinates></Point>
    </Placemark>
    <Placemark><name>Laguna Coast Café</name>
      <description><![CDATA[Priority 3: Coffee-chain backup.<br/>Address: 1796 S Coast Hwy, Laguna Beach, CA 92651, USA<br/>Approximate runner mile: 66.2.<br/>Nearest runner geometry: approximately 0.01 mi straight-line (not a walking detour).<br/>Verification: Google Places business backup (operational); confirm customer restroom access and hours on race day.<br/>Source: <a href="https://maps.google.com/?cid=688526321593425288&g_mp=Cilnb29nbGUubWFwcy5wbGFjZXMudjEuUGxhY2VzLlNlYXJjaE5lYXJieRACGAQgAA">official / current listing</a>]]></description>
      <styleUrl>#coffeeBackup</styleUrl>
      <Point><coordinates>-117.7712067,33.529032,0</coordinates></Point>
    </Placemark>
    <Placemark><name>Laguna Coffee Company</name>
      <description><![CDATA[Priority 3: Coffee-chain backup.<br/>Address: 1050 S Coast Hwy B, Laguna Beach, CA 92651, USA<br/>Approximate runner mile: 65.7.<br/>Nearest runner geometry: approximately 0.01 mi straight-line (not a walking detour).<br/>Verification: Google Places business backup (operational); confirm customer restroom access and hours on race day.<br/>Source: <a href="https://maps.google.com/?cid=7707369790808027201&g_mp=Cilnb29nbGUubWFwcy5wbGFjZXMudjEuUGxhY2VzLlNlYXJjaE5lYXJieRACGAQgAA">official / current listing</a>]]></description>
      <styleUrl>#coffeeBackup</styleUrl>
      <Point><coordinates>-117.7771812,33.5346234,0</coordinates></Point>
    </Placemark>
    <Placemark><name>Liquid Bean Cafe</name>
      <description><![CDATA[Priority 3: Coffee-chain backup.<br/>Address: 2002 Jimmy Durante Blvd, Del Mar, CA 92014, USA<br/>Approximate runner mile: 99.9.<br/>Nearest runner geometry: approximately 0.13 mi straight-line (not a walking detour).<br/>Verification: Google Places business backup (operational); confirm customer restroom access and hours on race day.<br/>Source: <a href="https://maps.google.com/?cid=12848969903721835301&g_mp=Cilnb29nbGUubWFwcy5wbGFjZXMudjEuUGxhY2VzLlNlYXJjaE5lYXJieRACGAQgAA">official / current listing</a>]]></description>
      <styleUrl>#coffeeBackup</styleUrl>
      <Point><coordinates>-117.26526249999999,32.9685859,0</coordinates></Point>
    </Placemark>
    <Placemark><name>Little Billy's</name>
      <description><![CDATA[Priority 3: Coffee-chain backup.<br/>Address: 2606 Avon St, Newport Beach, CA 92663, USA<br/>Approximate runner mile: 54.9.<br/>Nearest runner geometry: approximately 0.08 mi straight-line (not a walking detour).<br/>Verification: Google Places business backup (operational); confirm customer restroom access and hours on race day.<br/>Source: <a href="https://maps.google.com/?cid=16531050552567002921&g_mp=Cilnb29nbGUubWFwcy5wbGFjZXMudjEuUGxhY2VzLlNlYXJjaE5lYXJieRACGAQgAA">official / current listing</a>]]></description>
      <styleUrl>#coffeeBackup</styleUrl>
      <Point><coordinates>-117.92264410000001,33.6208463,0</coordinates></Point>
    </Placemark>
    <Placemark><name>Living Room Coffeehouse La Jolla</name>
      <description><![CDATA[Priority 3: Coffee-chain backup.<br/>Address: 1205 Prospect St, La Jolla, CA 92037, USA<br/>Approximate runner mile: 109.9.<br/>Nearest runner geometry: approximately 0.29 mi straight-line (not a walking detour).<br/>Verification: Google Places business backup (operational); confirm customer restroom access and hours on race day.<br/>Source: <a href="https://maps.google.com/?cid=2992205076254255024&g_mp=Cilnb29nbGUubWFwcy5wbGFjZXMudjEuUGxhY2VzLlNlYXJjaE5lYXJieRACGAQgAA">official / current listing</a>]]></description>
      <styleUrl>#coffeeBackup</styleUrl>
      <Point><coordinates>-117.2722422,32.8488247,0</coordinates></Point>
    </Placemark>
    <Placemark><name>Lofty Coffee Co.</name>
      <description><![CDATA[Priority 3: Coffee-chain backup.<br/>Address: 90 N Coast Hwy 101 Ste 214, Encinitas, CA 92024, USA<br/>Approximate runner mile: 93.8.<br/>Nearest runner geometry: approximately 0.02 mi straight-line (not a walking detour).<br/>Verification: Google Places business backup (operational); confirm customer restroom access and hours on race day.<br/>Source: <a href="https://maps.google.com/?cid=16143662665796410886&g_mp=Cilnb29nbGUubWFwcy5wbGFjZXMudjEuUGxhY2VzLlNlYXJjaE5lYXJieRACGAQgAA">official / current listing</a>]]></description>
      <styleUrl>#coffeeBackup</styleUrl>
      <Point><coordinates>-117.2945767,33.0497867,0</coordinates></Point>
    </Placemark>
    <Placemark><name>Los jardines</name>
      <description><![CDATA[Priority 3: Coffee-chain backup.<br/>Address: 9020 Aviation Blvd, Inglewood, CA 90301, USA<br/>Approximate runner mile: 9.6.<br/>Nearest runner geometry: approximately 0.60 mi straight-line (not a walking detour).<br/>Verification: Google Places business backup (operational); confirm customer restroom access and hours on race day.<br/>Source: <a href="https://maps.google.com/?cid=8579107914967269544&g_mp=Cilnb29nbGUubWFwcy5wbGFjZXMudjEuUGxhY2VzLlNlYXJjaE5lYXJieRACGAQgAA">official / current listing</a>]]></description>
      <styleUrl>#coffeeBackup</styleUrl>
      <Point><coordinates>-118.3766137,33.954936,0</coordinates></Point>
    </Placemark>
    <Placemark><name>Lucky Dog Gelato</name>
      <description><![CDATA[Priority 3: Coffee-chain backup.<br/>Address: 1008 S El Camino Real, San Clemente, CA 92672, USA<br/>Approximate runner mile: 79.2.<br/>Nearest runner geometry: approximately 0.01 mi straight-line (not a walking detour).<br/>Verification: Google Places business backup (operational); confirm customer restroom access and hours on race day.<br/>Source: <a href="https://maps.google.com/?cid=16163680080565187412&g_mp=Cilnb29nbGUubWFwcy5wbGFjZXMudjEuUGxhY2VzLlNlYXJjaE5lYXJieRACGAQgAA">official / current listing</a>]]></description>
      <styleUrl>#coffeeBackup</styleUrl>
      <Point><coordinates>-117.60838299999998,33.4212037,0</coordinates></Point>
    </Placemark>
    <Placemark><name>Luz y Sombra Cafe</name>
      <description><![CDATA[Priority 3: Coffee-chain backup.<br/>Address: 2600 Firestone Blvd, South Gate, CA 90280, USA<br/>Approximate runner mile: 18.6.<br/>Nearest runner geometry: approximately 0.02 mi straight-line (not a walking detour).<br/>Verification: Google Places business backup (operational); confirm customer restroom access and hours on race day.<br/>Source: <a href="https://maps.google.com/?cid=17643614040944480507&g_mp=Cilnb29nbGUubWFwcy5wbGFjZXMudjEuUGxhY2VzLlNlYXJjaE5lYXJieRACGAQgAA">official / current listing</a>]]></description>
      <styleUrl>#coffeeBackup</styleUrl>
      <Point><coordinates>-118.2252972,33.9558637,0</coordinates></Point>
    </Placemark>
    <Placemark><name>MAURICE CAFE</name>
      <description><![CDATA[Priority 3: Coffee-chain backup.<br/>Address: 34118 Pacific Coast Hwy, Dana Point, CA 92629, USA<br/>Approximate runner mile: 72.3.<br/>Nearest runner geometry: approximately 0.03 mi straight-line (not a walking detour).<br/>Verification: Google Places business backup (operational); confirm customer restroom access and hours on race day.<br/>Source: <a href="https://maps.google.com/?cid=17463512812657922633&g_mp=Cilnb29nbGUubWFwcy5wbGFjZXMudjEuUGxhY2VzLlNlYXJjaE5lYXJieRACGAQgAA">official / current listing</a>]]></description>
      <styleUrl>#coffeeBackup</styleUrl>
      <Point><coordinates>-117.70400269999999,33.4663201,0</coordinates></Point>
    </Placemark>
    <Placemark><name>MOM's Café (aka Muir Woods Coffee House)</name>
      <description><![CDATA[Priority 3: Coffee-chain backup.<br/>Address: 9500 Gilman Dr, La Jolla, CA 92093, USA<br/>Approximate runner mile: 106.6.<br/>Nearest runner geometry: approximately 0.08 mi straight-line (not a walking detour).<br/>Verification: Google Places business backup (closed temporarily); confirm customer restroom access and hours on race day.<br/>Source: <a href="https://maps.google.com/?cid=6286815122298909483&g_mp=Cilnb29nbGUubWFwcy5wbGFjZXMudjEuUGxhY2VzLlNlYXJjaE5lYXJieRACGAQgAA">official / current listing</a>]]></description>
      <styleUrl>#coffeeBackup</styleUrl>
      <Point><coordinates>-117.2426465,32.8787929,0</coordinates></Point>
    </Placemark>
    <Placemark><name>Macha</name>
      <description><![CDATA[Priority 3: Coffee-chain backup.<br/>Address: 305 E 76th Pl, Los Angeles, CA 90003, USA<br/>Approximate runner mile: 15.9.<br/>Nearest runner geometry: approximately 0.74 mi straight-line (not a walking detour).<br/>Verification: Google Places business backup (operational); confirm customer restroom access and hours on race day.<br/>Source: <a href="https://maps.google.com/?cid=5164692820967490903&g_mp=Cilnb29nbGUubWFwcy5wbGFjZXMudjEuUGxhY2VzLlNlYXJjaE5lYXJieRACGAQgAA">official / current listing</a>]]></description>
      <styleUrl>#coffeeBackup</styleUrl>
      <Point><coordinates>-118.26931280000001,33.9706954,0</coordinates></Point>
    </Placemark>
    <Placemark><name>Mad Lab Coffee</name>
      <description><![CDATA[Priority 3: Coffee-chain backup.<br/>Address: 11955 Culver Blvd, Los Angeles, CA 90066, USA<br/>Approximate runner mile: 5.6.<br/>Nearest runner geometry: approximately 0.01 mi straight-line (not a walking detour).<br/>Verification: Google Places business backup (operational); confirm customer restroom access and hours on race day.<br/>Source: <a href="https://maps.google.com/?cid=13018940383182367887&g_mp=Cilnb29nbGUubWFwcy5wbGFjZXMudjEuUGxhY2VzLlNlYXJjaE5lYXJieRACGAQgAA">official / current listing</a>]]></description>
      <styleUrl>#coffeeBackup</styleUrl>
      <Point><coordinates>-118.4179927,33.9952499,0</coordinates></Point>
    </Placemark>
    <Placemark><name>Madeleine Café &amp; Bakery</name>
      <description><![CDATA[Priority 3: Coffee-chain backup.<br/>Address: 240 S Cedros Ave, Solana Beach, CA 92075, USA<br/>Approximate runner mile: 98.3.<br/>Nearest runner geometry: approximately 0.07 mi straight-line (not a walking detour).<br/>Verification: Google Places business backup (operational); confirm customer restroom access and hours on race day.<br/>Source: <a href="https://maps.google.com/?cid=8573590607034131507&g_mp=Cilnb29nbGUubWFwcy5wbGFjZXMudjEuUGxhY2VzLlNlYXJjaE5lYXJieRACGAQgAA">official / current listing</a>]]></description>
      <styleUrl>#coffeeBackup</styleUrl>
      <Point><coordinates>-117.2698825,32.9896613,0</coordinates></Point>
    </Placemark>
    <Placemark><name>Mangiamo Gelato Caffe</name>
      <description><![CDATA[Priority 3: Coffee-chain backup.<br/>Address: 124 Main St Unit 101, Huntington Beach, CA 92648, USA<br/>Approximate runner mile: 49.6.<br/>Nearest runner geometry: approximately 0.06 mi straight-line (not a walking detour).<br/>Verification: Google Places business backup (operational); confirm customer restroom access and hours on race day.<br/>Source: <a href="https://maps.google.com/?cid=14503532618839539585&g_mp=Cilnb29nbGUubWFwcy5wbGFjZXMudjEuUGxhY2VzLlNlYXJjaE5lYXJieRACGAQgAA">official / current listing</a>]]></description>
      <styleUrl>#coffeeBackup</styleUrl>
      <Point><coordinates>-118.0011907,33.6577226,0</coordinates></Point>
    </Placemark>
    <Placemark><name>Manivela Coffee Truck</name>
      <description><![CDATA[Priority 3: Coffee-chain backup.<br/>Address: 1165 Garnet Ave, San Diego, CA 92109, USA<br/>Approximate runner mile: 114.6.<br/>Nearest runner geometry: approximately 0.01 mi straight-line (not a walking detour).<br/>Verification: Google Places business backup (closed temporarily); confirm customer restroom access and hours on race day.<br/>Source: <a href="https://maps.google.com/?cid=7671759689932156785&g_mp=Cilnb29nbGUubWFwcy5wbGFjZXMudjEuUGxhY2VzLlNlYXJjaE5lYXJieRACGAQgAA">official / current listing</a>]]></description>
      <styleUrl>#coffeeBackup</styleUrl>
      <Point><coordinates>-117.24881819999999,32.797846899999996,0</coordinates></Point>
    </Placemark>
    <Placemark><name>Marakaticafe</name>
      <description><![CDATA[Priority 3: Coffee-chain backup.<br/>Address: 4929 Santa Ana St, Cudahy, CA 90201, USA<br/>Approximate runner mile: 21.1.<br/>Nearest runner geometry: approximately 0.62 mi straight-line (not a walking detour).<br/>Verification: Google Places business backup (operational); confirm customer restroom access and hours on race day.<br/>Source: <a href="https://maps.google.com/?cid=2802976958697000850&g_mp=Cilnb29nbGUubWFwcy5wbGFjZXMudjEuUGxhY2VzLlNlYXJjaE5lYXJieRACGAQgAA">official / current listing</a>]]></description>
      <styleUrl>#coffeeBackup</styleUrl>
      <Point><coordinates>-118.1803056,33.9604777,0</coordinates></Point>
    </Placemark>
    <Placemark><name>Marla’s Coffee</name>
      <description><![CDATA[Priority 3: Coffee-chain backup.<br/>Address: 640 Grand Ave, Carlsbad, CA 92008, USA<br/>Approximate runner mile: 85.4.<br/>Nearest runner geometry: approximately 0.28 mi straight-line (not a walking detour).<br/>Verification: Google Places business backup (operational); confirm customer restroom access and hours on race day.<br/>Source: <a href="https://maps.google.com/?cid=9134903974555109843&g_mp=Cilnb29nbGUubWFwcy5wbGFjZXMudjEuUGxhY2VzLlNlYXJjaE5lYXJieRACGAQgAA">official / current listing</a>]]></description>
      <styleUrl>#coffeeBackup</styleUrl>
      <Point><coordinates>-117.3482122,33.1617555,0</coordinates></Point>
    </Placemark>
    <Placemark><name>Marlena Long Beach</name>
      <description><![CDATA[Priority 3: Coffee-chain backup.<br/>Address: 5854 E Naples Plaza, Long Beach, CA 90803, USA<br/>Approximate runner mile: 39.8.<br/>Nearest runner geometry: approximately 0.49 mi straight-line (not a walking detour).<br/>Verification: Google Places business backup (operational); confirm customer restroom access and hours on race day.<br/>Source: <a href="https://maps.google.com/?cid=17308620240369334458&g_mp=Cilnb29nbGUubWFwcy5wbGFjZXMudjEuUGxhY2VzLlNlYXJjaE5lYXJieRACGAQgAA">official / current listing</a>]]></description>
      <styleUrl>#coffeeBackup</styleUrl>
      <Point><coordinates>-118.11993319999999,33.7556956,0</coordinates></Point>
    </Placemark>
    <Placemark><name>Mavro Kafe</name>
      <description><![CDATA[Priority 3: Coffee-chain backup.<br/>Address: 12224 Venice Blvd., Los Angeles, CA 90066, USA<br/>Approximate runner mile: 4.7.<br/>Nearest runner geometry: approximately 0.52 mi straight-line (not a walking detour).<br/>Verification: Google Places business backup (operational); confirm customer restroom access and hours on race day.<br/>Source: <a href="https://maps.google.com/?cid=11689464441810668886&g_mp=Cilnb29nbGUubWFwcy5wbGFjZXMudjEuUGxhY2VzLlNlYXJjaE5lYXJieRACGAQgAA">official / current listing</a>]]></description>
      <styleUrl>#coffeeBackup</styleUrl>
      <Point><coordinates>-118.43184769999999,34.0042499,0</coordinates></Point>
    </Placemark>
    <Placemark><name>McDonald's</name>
      <description><![CDATA[Priority 3: Coffee-chain backup.<br/>Address: 1540 2nd St, Santa Monica, CA 90405, USA<br/>Approximate runner mile: 0.1.<br/>Nearest runner geometry: approximately 0.06 mi straight-line (not a walking detour).<br/>Verification: Google Places business backup (operational); confirm customer restroom access and hours on race day.<br/>Source: <a href="https://maps.google.com/?cid=4666376952414188466&g_mp=Cilnb29nbGUubWFwcy5wbGFjZXMudjEuUGxhY2VzLlNlYXJjaE5lYXJieRACGAQgAA">official / current listing</a>]]></description>
      <styleUrl>#coffeeBackup</styleUrl>
      <Point><coordinates>-118.494355,34.012091999999996,0</coordinates></Point>
    </Placemark>
    <Placemark><name>McDonald's</name>
      <description><![CDATA[Priority 3: Coffee-chain backup.<br/>Address: 2809 Lincoln Blvd, Santa Monica, CA 90405, USA<br/>Approximate runner mile: 1.3.<br/>Nearest runner geometry: approximately 0.59 mi straight-line (not a walking detour).<br/>Verification: Google Places business backup (operational); confirm customer restroom access and hours on race day.<br/>Source: <a href="https://maps.google.com/?cid=8149524160961712458&g_mp=Cilnb29nbGUubWFwcy5wbGFjZXMudjEuUGxhY2VzLlNlYXJjaE5lYXJieRACGAQgAA">official / current listing</a>]]></description>
      <styleUrl>#coffeeBackup</styleUrl>
      <Point><coordinates>-118.4739755,34.005679799999996,0</coordinates></Point>
    </Placemark>
    <Placemark><name>McDonald's</name>
      <description><![CDATA[Priority 3: Coffee-chain backup.<br/>Address: 2457 Lincoln Blvd, Venice, CA 90291, USA<br/>Approximate runner mile: 3.5.<br/>Nearest runner geometry: approximately 0.24 mi straight-line (not a walking detour).<br/>Verification: Google Places business backup (operational); confirm customer restroom access and hours on race day.<br/>Source: <a href="https://maps.google.com/?cid=983849271718134087&g_mp=Cilnb29nbGUubWFwcy5wbGFjZXMudjEuUGxhY2VzLlNlYXJjaE5lYXJieRACGAQgAA">official / current listing</a>]]></description>
      <styleUrl>#coffeeBackup</styleUrl>
      <Point><coordinates>-118.45109849999999,33.9929494,0</coordinates></Point>
    </Placemark>
    <Placemark><name>McDonald's</name>
      <description><![CDATA[Priority 3: Coffee-chain backup.<br/>Address: 4835 Sepulveda Blvd, Culver City, CA 90230, USA<br/>Approximate runner mile: 6.3.<br/>Nearest runner geometry: approximately 0.73 mi straight-line (not a walking detour).<br/>Verification: Google Places business backup (operational); confirm customer restroom access and hours on race day.<br/>Source: <a href="https://maps.google.com/?cid=11190610526894943424&g_mp=Cilnb29nbGUubWFwcy5wbGFjZXMudjEuUGxhY2VzLlNlYXJjaE5lYXJieRACGAQgAA">official / current listing</a>]]></description>
      <styleUrl>#coffeeBackup</styleUrl>
      <Point><coordinates>-118.40289829999999,34.000330999999996,0</coordinates></Point>
    </Placemark>
    <Placemark><name>McDonald's</name>
      <description><![CDATA[Priority 3: Coffee-chain backup.<br/>Address: 5908 W Manchester Ave, Los Angeles, CA 90045, USA<br/>Approximate runner mile: 9.2.<br/>Nearest runner geometry: approximately 0.60 mi straight-line (not a walking detour).<br/>Verification: Google Places business backup (operational); confirm customer restroom access and hours on race day.<br/>Source: <a href="https://maps.google.com/?cid=14272059824958959062&g_mp=Cilnb29nbGUubWFwcy5wbGFjZXMudjEuUGxhY2VzLlNlYXJjaE5lYXJieRACGAQgAA">official / current listing</a>]]></description>
      <styleUrl>#coffeeBackup</styleUrl>
      <Point><coordinates>-118.38611200000001,33.959627999999995,0</coordinates></Point>
    </Placemark>
    <Placemark><name>McDonald's</name>
      <description><![CDATA[Priority 3: Coffee-chain backup.<br/>Address: 6904 S La Tijera Blvd, Los Angeles, CA 90045, USA<br/>Approximate runner mile: 9.0.<br/>Nearest runner geometry: approximately 0.69 mi straight-line (not a walking detour).<br/>Verification: Google Places business backup (operational); confirm customer restroom access and hours on race day.<br/>Source: <a href="https://maps.google.com/?cid=7890776007664599369&g_mp=Cilnb29nbGUubWFwcy5wbGFjZXMudjEuUGxhY2VzLlNlYXJjaE5lYXJieRACGAQgAA">official / current listing</a>]]></description>
      <styleUrl>#coffeeBackup</styleUrl>
      <Point><coordinates>-118.37333900000002,33.97555,0</coordinates></Point>
    </Placemark>
    <Placemark><name>McDonald's</name>
      <description><![CDATA[Priority 3: Coffee-chain backup.<br/>Address: 401 W Manchester Blvd, Inglewood, CA 90301, USA<br/>Approximate runner mile: 11.1.<br/>Nearest runner geometry: approximately 0.01 mi straight-line (not a walking detour).<br/>Verification: Google Places business backup (operational); confirm customer restroom access and hours on race day.<br/>Source: <a href="https://maps.google.com/?cid=14268735379352245364&g_mp=Cilnb29nbGUubWFwcy5wbGFjZXMudjEuUGxhY2VzLlNlYXJjaE5lYXJieRACGAQgAA">official / current listing</a>]]></description>
      <styleUrl>#coffeeBackup</styleUrl>
      <Point><coordinates>-118.35011399999999,33.962137,0</coordinates></Point>
    </Placemark>
    <Placemark><name>McDonald's</name>
      <description><![CDATA[Priority 3: Coffee-chain backup.<br/>Address: 4015 W Century Blvd, Inglewood, CA 90304, USA<br/>Approximate runner mile: 11.5.<br/>Nearest runner geometry: approximately 0.97 mi straight-line (not a walking detour).<br/>Verification: Google Places business backup (operational); confirm customer restroom access and hours on race day.<br/>Source: <a href="https://maps.google.com/?cid=8898429764079022386&g_mp=Cilnb29nbGUubWFwcy5wbGFjZXMudjEuUGxhY2VzLlNlYXJjaE5lYXJieRACGAQgAA">official / current listing</a>]]></description>
      <styleUrl>#coffeeBackup</styleUrl>
      <Point><coordinates>-118.3446448,33.9458171,0</coordinates></Point>
    </Placemark>
    <Placemark><name>McDonald's</name>
      <description><![CDATA[Priority 3: Coffee-chain backup.<br/>Address: 1406 W Manchester Ave, Los Angeles, CA 90047, USA<br/>Approximate runner mile: 14.1.<br/>Nearest runner geometry: approximately 0.01 mi straight-line (not a walking detour).<br/>Verification: Google Places business backup (operational); confirm customer restroom access and hours on race day.<br/>Source: <a href="https://maps.google.com/?cid=9482358144494621570&g_mp=Cilnb29nbGUubWFwcy5wbGFjZXMudjEuUGxhY2VzLlNlYXJjaE5lYXJieRACGAQgAA">official / current listing</a>]]></description>
      <styleUrl>#coffeeBackup</styleUrl>
      <Point><coordinates>-118.30064809999999,33.959758799999996,0</coordinates></Point>
    </Placemark>
    <Placemark><name>McDonald's</name>
      <description><![CDATA[Priority 3: Coffee-chain backup.<br/>Address: 1763 W Century Blvd, Los Angeles, CA 90047, USA<br/>Approximate runner mile: 13.6.<br/>Nearest runner geometry: approximately 0.98 mi straight-line (not a walking detour).<br/>Verification: Google Places business backup (operational); confirm customer restroom access and hours on race day.<br/>Source: <a href="https://maps.google.com/?cid=2631237646588360506&g_mp=Cilnb29nbGUubWFwcy5wbGFjZXMudjEuUGxhY2VzLlNlYXJjaE5lYXJieRACGAQgAA">official / current listing</a>]]></description>
      <styleUrl>#coffeeBackup</styleUrl>
      <Point><coordinates>-118.30860100000001,33.945707999999996,0</coordinates></Point>
    </Placemark>
    <Placemark><name>McDonald's</name>
      <description><![CDATA[Priority 3: Coffee-chain backup.<br/>Address: 101 W Manchester Ave, Los Angeles, CA 90003, USA<br/>Approximate runner mile: 15.6.<br/>Nearest runner geometry: approximately 0.03 mi straight-line (not a walking detour).<br/>Verification: Google Places business backup (operational); confirm customer restroom access and hours on race day.<br/>Source: <a href="https://maps.google.com/?cid=18154340811620102850&g_mp=Cilnb29nbGUubWFwcy5wbGFjZXMudjEuUGxhY2VzLlNlYXJjaE5lYXJieRACGAQgAA">official / current listing</a>]]></description>
      <styleUrl>#coffeeBackup</styleUrl>
      <Point><coordinates>-118.2743615,33.9604451,0</coordinates></Point>
    </Placemark>
    <Placemark><name>McDonald's</name>
      <description><![CDATA[Priority 3: Coffee-chain backup.<br/>Address: 8681 S Alameda St, Los Angeles, CA 90002, USA<br/>Approximate runner mile: 18.2.<br/>Nearest runner geometry: approximately 0.03 mi straight-line (not a walking detour).<br/>Verification: Google Places business backup (operational); confirm customer restroom access and hours on race day.<br/>Source: <a href="https://maps.google.com/?cid=17466840196276401532&g_mp=Cilnb29nbGUubWFwcy5wbGFjZXMudjEuUGxhY2VzLlNlYXJjaE5lYXJieRACGAQgAA">official / current listing</a>]]></description>
      <styleUrl>#coffeeBackup</styleUrl>
      <Point><coordinates>-118.23148629999999,33.9581802,0</coordinates></Point>
    </Placemark>
    <Placemark><name>McDonald's</name>
      <description><![CDATA[Priority 3: Coffee-chain backup.<br/>Address: 3309 Tweedy Blvd, South Gate, CA 90280, USA<br/>Approximate runner mile: 19.5.<br/>Nearest runner geometry: approximately 0.65 mi straight-line (not a walking detour).<br/>Verification: Google Places business backup (operational); confirm customer restroom access and hours on race day.<br/>Source: <a href="https://maps.google.com/?cid=5618508763608253213&g_mp=Cilnb29nbGUubWFwcy5wbGFjZXMudjEuUGxhY2VzLlNlYXJjaE5lYXJieRACGAQgAA">official / current listing</a>]]></description>
      <styleUrl>#coffeeBackup</styleUrl>
      <Point><coordinates>-118.211532,33.945129,0</coordinates></Point>
    </Placemark>
    <Placemark><name>McDonald's</name>
      <description><![CDATA[Priority 3: Coffee-chain backup.<br/>Address: 4135 Firestone Blvd, South Gate, CA 90280, USA<br/>Approximate runner mile: 20.3.<br/>Nearest runner geometry: approximately 0.02 mi straight-line (not a walking detour).<br/>Verification: Google Places business backup (operational); confirm customer restroom access and hours on race day.<br/>Source: <a href="https://maps.google.com/?cid=8045086138830679811&g_mp=Cilnb29nbGUubWFwcy5wbGFjZXMudjEuUGxhY2VzLlNlYXJjaE5lYXJieRACGAQgAA">official / current listing</a>]]></description>
      <styleUrl>#coffeeBackup</styleUrl>
      <Point><coordinates>-118.19714499999998,33.953534,0</coordinates></Point>
    </Placemark>
    <Placemark><name>McDonald's</name>
      <description><![CDATA[Priority 3: Coffee-chain backup.<br/>Address: 8029 Atlantic Ave, Cudahy, CA 90201, USA<br/>Approximate runner mile: 20.8.<br/>Nearest runner geometry: approximately 0.63 mi straight-line (not a walking detour).<br/>Verification: Google Places business backup (operational); confirm customer restroom access and hours on race day.<br/>Source: <a href="https://maps.google.com/?cid=4107641078006693139&g_mp=Cilnb29nbGUubWFwcy5wbGFjZXMudjEuUGxhY2VzLlNlYXJjaE5lYXJieRACGAQgAA">official / current listing</a>]]></description>
      <styleUrl>#coffeeBackup</styleUrl>
      <Point><coordinates>-118.18629000000001,33.961231999999995,0</coordinates></Point>
    </Placemark>
    <Placemark><name>McDonald's</name>
      <description><![CDATA[Priority 3: Coffee-chain backup.<br/>Address: 10721 Atlantic Ave, Lynwood, CA 90262, USA<br/>Approximate runner mile: 22.5.<br/>Nearest runner geometry: approximately 0.01 mi straight-line (not a walking detour).<br/>Verification: Google Places business backup (operational); confirm customer restroom access and hours on race day.<br/>Source: <a href="https://maps.google.com/?cid=1845592935663614099&g_mp=Cilnb29nbGUubWFwcy5wbGFjZXMudjEuUGxhY2VzLlNlYXJjaE5lYXJieRACGAQgAA">official / current listing</a>]]></description>
      <styleUrl>#coffeeBackup</styleUrl>
      <Point><coordinates>-118.1831557,33.9325896,0</coordinates></Point>
    </Placemark>
    <Placemark><name>McDonald's</name>
      <description><![CDATA[Priority 3: Coffee-chain backup.<br/>Address: 7357 Alondra Blvd, Paramount, CA 90723, USA<br/>Approximate runner mile: 26.4.<br/>Nearest runner geometry: approximately 0.99 mi straight-line (not a walking detour).<br/>Verification: Google Places business backup (operational); confirm customer restroom access and hours on race day.<br/>Source: <a href="https://maps.google.com/?cid=15197906881579445508&g_mp=Cilnb29nbGUubWFwcy5wbGFjZXMudjEuUGxhY2VzLlNlYXJjaE5lYXJieRACGAQgAA">official / current listing</a>]]></description>
      <styleUrl>#coffeeBackup</styleUrl>
      <Point><coordinates>-118.1692752,33.889438999999996,0</coordinates></Point>
    </Placemark>
    <Placemark><name>McDonald's</name>
      <description><![CDATA[Priority 3: Coffee-chain backup.<br/>Address: 6959 Atlantic Ave, Long Beach, CA 90805, USA<br/>Approximate runner mile: 27.5.<br/>Nearest runner geometry: approximately 0.17 mi straight-line (not a walking detour).<br/>Verification: Google Places business backup (operational); confirm customer restroom access and hours on race day.<br/>Source: <a href="https://maps.google.com/?cid=15821684075565257062&g_mp=Cilnb29nbGUubWFwcy5wbGFjZXMudjEuUGxhY2VzLlNlYXJjaE5lYXJieRACGAQgAA">official / current listing</a>]]></description>
      <styleUrl>#coffeeBackup</styleUrl>
      <Point><coordinates>-118.1865748,33.874097,0</coordinates></Point>
    </Placemark>
    <Placemark><name>McDonald's</name>
      <description><![CDATA[Priority 3: Coffee-chain backup.<br/>Address: 5020 Long Beach Blvd, Long Beach, CA 90805, USA<br/>Approximate runner mile: 29.5.<br/>Nearest runner geometry: approximately 0.54 mi straight-line (not a walking detour).<br/>Verification: Google Places business backup (operational); confirm customer restroom access and hours on race day.<br/>Source: <a href="https://maps.google.com/?cid=12731675442417096469&g_mp=Cilnb29nbGUubWFwcy5wbGFjZXMudjEuUGxhY2VzLlNlYXJjaE5lYXJieRACGAQgAA">official / current listing</a>]]></description>
      <styleUrl>#coffeeBackup</styleUrl>
      <Point><coordinates>-118.19314,33.847119,0</coordinates></Point>
    </Placemark>
    <Placemark><name>McDonald's</name>
      <description><![CDATA[Priority 3: Coffee-chain backup.<br/>Address: 2599 Long Beach Blvd, Long Beach, CA 90806, USA<br/>Approximate runner mile: 32.6.<br/>Nearest runner geometry: approximately 0.84 mi straight-line (not a walking detour).<br/>Verification: Google Places business backup (operational); confirm customer restroom access and hours on race day.<br/>Source: <a href="https://maps.google.com/?cid=12483761653666866923&g_mp=Cilnb29nbGUubWFwcy5wbGFjZXMudjEuUGxhY2VzLlNlYXJjaE5lYXJieRACGAQgAA">official / current listing</a>]]></description>
      <styleUrl>#coffeeBackup</styleUrl>
      <Point><coordinates>-118.1898627,33.8041209,0</coordinates></Point>
    </Placemark>
    <Placemark><name>McDonald's</name>
      <description><![CDATA[Priority 3: Coffee-chain backup.<br/>Address: 1705 W Pacific Coast Hwy, Long Beach, CA 90810, USA<br/>Approximate runner mile: 33.5.<br/>Nearest runner geometry: approximately 0.67 mi straight-line (not a walking detour).<br/>Verification: Google Places business backup (operational); confirm customer restroom access and hours on race day.<br/>Source: <a href="https://maps.google.com/?cid=618463979644605110&g_mp=Cilnb29nbGUubWFwcy5wbGFjZXMudjEuUGxhY2VzLlNlYXJjaE5lYXJieRACGAQgAA">official / current listing</a>]]></description>
      <styleUrl>#coffeeBackup</styleUrl>
      <Point><coordinates>-118.216042,33.790229,0</coordinates></Point>
    </Placemark>
    <Placemark><name>McDonald's</name>
      <description><![CDATA[Priority 3: Coffee-chain backup.<br/>Address: 1830 Long Beach Blvd, Long Beach, CA 90806, USA<br/>Approximate runner mile: 34.4.<br/>Nearest runner geometry: approximately 0.02 mi straight-line (not a walking detour).<br/>Verification: Google Places business backup (operational); confirm customer restroom access and hours on race day.<br/>Source: <a href="https://maps.google.com/?cid=389757024236309984&g_mp=Cilnb29nbGUubWFwcy5wbGFjZXMudjEuUGxhY2VzLlNlYXJjaE5lYXJieRACGAQgAA">official / current listing</a>]]></description>
      <styleUrl>#coffeeBackup</styleUrl>
      <Point><coordinates>-118.1888815,33.7901142,0</coordinates></Point>
    </Placemark>
    <Placemark><name>McDonald's</name>
      <description><![CDATA[Priority 3: Coffee-chain backup.<br/>Address: 3302 E Anaheim St, Long Beach, CA 90804, USA<br/>Approximate runner mile: 36.5.<br/>Nearest runner geometry: approximately 0.51 mi straight-line (not a walking detour).<br/>Verification: Google Places business backup (operational); confirm customer restroom access and hours on race day.<br/>Source: <a href="https://maps.google.com/?cid=6347979438007398394&g_mp=Cilnb29nbGUubWFwcy5wbGFjZXMudjEuUGxhY2VzLlNlYXJjaE5lYXJieRACGAQgAA">official / current listing</a>]]></description>
      <styleUrl>#coffeeBackup</styleUrl>
      <Point><coordinates>-118.15341529999999,33.7823665,0</coordinates></Point>
    </Placemark>
    <Placemark><name>McDonald's</name>
      <description><![CDATA[Priority 3: Coffee-chain backup.<br/>Address: 2599 Cherry Ave, Signal Hill, CA 90755, USA<br/>Approximate runner mile: 35.6.<br/>Nearest runner geometry: approximately 0.98 mi straight-line (not a walking detour).<br/>Verification: Google Places business backup (operational); confirm customer restroom access and hours on race day.<br/>Source: <a href="https://maps.google.com/?cid=7583492772859569769&g_mp=Cilnb29nbGUubWFwcy5wbGFjZXMudjEuUGxhY2VzLlNlYXJjaE5lYXJieRACGAQgAA">official / current listing</a>]]></description>
      <styleUrl>#coffeeBackup</styleUrl>
      <Point><coordinates>-118.16833439999999,33.8038838,0</coordinates></Point>
    </Placemark>
    <Placemark><name>McDonald's</name>
      <description><![CDATA[Priority 3: Coffee-chain backup.<br/>Address: 630 Pacific Coast Hwy, Seal Beach, CA 90740, USA<br/>Approximate runner mile: 41.0.<br/>Nearest runner geometry: approximately 0.02 mi straight-line (not a walking detour).<br/>Verification: Google Places business backup (operational); confirm customer restroom access and hours on race day.<br/>Source: <a href="https://maps.google.com/?cid=11523614637894996786&g_mp=Cilnb29nbGUubWFwcy5wbGFjZXMudjEuUGxhY2VzLlNlYXJjaE5lYXJieRACGAQgAA">official / current listing</a>]]></description>
      <styleUrl>#coffeeBackup</styleUrl>
      <Point><coordinates>-118.10514560000001,33.745463199999996,0</coordinates></Point>
    </Placemark>
    <Placemark><name>McDonald's</name>
      <description><![CDATA[Priority 3: Coffee-chain backup.<br/>Address: 700 Pacific Coast Hwy, Newport Beach, CA 92660, USA<br/>Approximate runner mile: 55.7.<br/>Nearest runner geometry: approximately 0.02 mi straight-line (not a walking detour).<br/>Verification: Google Places business backup (operational); confirm customer restroom access and hours on race day.<br/>Source: <a href="https://maps.google.com/?cid=7987656629012869840&g_mp=Cilnb29nbGUubWFwcy5wbGFjZXMudjEuUGxhY2VzLlNlYXJjaE5lYXJieRACGAQgAA">official / current listing</a>]]></description>
      <styleUrl>#coffeeBackup</styleUrl>
      <Point><coordinates>-117.9105571,33.616273,0</coordinates></Point>
    </Placemark>
    <Placemark><name>McDonald's</name>
      <description><![CDATA[Priority 3: Coffee-chain backup.<br/>Address: 34277 Pacific Coast Hwy, Dana Point, CA 92629, USA<br/>Approximate runner mile: 73.3.<br/>Nearest runner geometry: approximately 0.12 mi straight-line (not a walking detour).<br/>Verification: Google Places business backup (operational); confirm customer restroom access and hours on race day.<br/>Source: <a href="https://maps.google.com/?cid=15093991096892721495&g_mp=Cilnb29nbGUubWFwcy5wbGFjZXMudjEuUGxhY2VzLlNlYXJjaE5lYXJieRACGAQgAA">official / current listing</a>]]></description>
      <styleUrl>#coffeeBackup</styleUrl>
      <Point><coordinates>-117.68982199999999,33.46528,0</coordinates></Point>
    </Placemark>
    <Placemark><name>McDonald's</name>
      <description><![CDATA[Priority 3: Coffee-chain backup.<br/>Address: 650 Avenida Pico, San Clemente, CA 92672, USA<br/>Approximate runner mile: 78.0.<br/>Nearest runner geometry: approximately 0.53 mi straight-line (not a walking detour).<br/>Verification: Google Places business backup (operational); confirm customer restroom access and hours on race day.<br/>Source: <a href="https://maps.google.com/?cid=9438072445063713906&g_mp=Cilnb29nbGUubWFwcy5wbGFjZXMudjEuUGxhY2VzLlNlYXJjaE5lYXJieRACGAQgAA">official / current listing</a>]]></description>
      <styleUrl>#coffeeBackup</styleUrl>
      <Point><coordinates>-117.62019060000002,33.439496,0</coordinates></Point>
    </Placemark>
    <Placemark><name>McDonald's</name>
      <description><![CDATA[Priority 3: Coffee-chain backup.<br/>Address: 1701 Oceanside Blvd, Oceanside, CA 92054, USA<br/>Approximate runner mile: 83.3.<br/>Nearest runner geometry: approximately 0.66 mi straight-line (not a walking detour).<br/>Verification: Google Places business backup (operational); confirm customer restroom access and hours on race day.<br/>Source: <a href="https://maps.google.com/?cid=12915549417624632301&g_mp=Cilnb29nbGUubWFwcy5wbGFjZXMudjEuUGxhY2VzLlNlYXJjaE5lYXJieRACGAQgAA">official / current listing</a>]]></description>
      <styleUrl>#coffeeBackup</styleUrl>
      <Point><coordinates>-117.3611581,33.1903929,0</coordinates></Point>
    </Placemark>
    <Placemark><name>McDonald's</name>
      <description><![CDATA[Priority 3: Coffee-chain backup.<br/>Address: 5990 Avenida Encinas, Carlsbad, CA 92008, USA<br/>Approximate runner mile: 88.5.<br/>Nearest runner geometry: approximately 0.19 mi straight-line (not a walking detour).<br/>Verification: Google Places business backup (operational); confirm customer restroom access and hours on race day.<br/>Source: <a href="https://maps.google.com/?cid=3308846766868874931&g_mp=Cilnb29nbGUubWFwcy5wbGFjZXMudjEuUGxhY2VzLlNlYXJjaE5lYXJieRACGAQgAA">official / current listing</a>]]></description>
      <styleUrl>#coffeeBackup</styleUrl>
      <Point><coordinates>-117.32423390000001,33.122627699999995,0</coordinates></Point>
    </Placemark>
    <Placemark><name>McDonald's</name>
      <description><![CDATA[Priority 3: Coffee-chain backup.<br/>Address: 1121 Garnet Ave, San Diego, CA 92109, USA<br/>Approximate runner mile: 114.6.<br/>Nearest runner geometry: approximately 0.01 mi straight-line (not a walking detour).<br/>Verification: Google Places business backup (operational); confirm customer restroom access and hours on race day.<br/>Source: <a href="https://maps.google.com/?cid=6131213832921922932&g_mp=Cilnb29nbGUubWFwcy5wbGFjZXMudjEuUGxhY2VzLlNlYXJjaE5lYXJieRACGAQgAA">official / current listing</a>]]></description>
      <styleUrl>#coffeeBackup</styleUrl>
      <Point><coordinates>-117.24950279999999,32.7976126,0</coordinates></Point>
    </Placemark>
    <Placemark><name>Menotti's Coffee Stop</name>
      <description><![CDATA[Priority 3: Coffee-chain backup.<br/>Address: 12430 Washington Blvd, Los Angeles, CA 90066, USA<br/>Approximate runner mile: 4.8.<br/>Nearest runner geometry: approximately 0.01 mi straight-line (not a walking detour).<br/>Verification: Google Places business backup (operational); confirm customer restroom access and hours on race day.<br/>Source: <a href="https://maps.google.com/?cid=7068183563539390245&g_mp=Cilnb29nbGUubWFwcy5wbGFjZXMudjEuUGxhY2VzLlNlYXJjaE5lYXJieRACGAQgAA">official / current listing</a>]]></description>
      <styleUrl>#coffeeBackup</styleUrl>
      <Point><coordinates>-118.42915119999998,33.9967323,0</coordinates></Point>
    </Placemark>
    <Placemark><name>Milk &amp; Honey</name>
      <description><![CDATA[Priority 3: Coffee-chain backup.<br/>Address: 438 Main St Ste 110, Huntington Beach, CA 92648, USA<br/>Approximate runner mile: 49.6.<br/>Nearest runner geometry: approximately 0.31 mi straight-line (not a walking detour).<br/>Verification: Google Places business backup (operational); confirm customer restroom access and hours on race day.<br/>Source: <a href="https://maps.google.com/?cid=11881016996943356593&g_mp=Cilnb29nbGUubWFwcy5wbGFjZXMudjEuUGxhY2VzLlNlYXJjaE5lYXJieRACGAQgAA">official / current listing</a>]]></description>
      <styleUrl>#coffeeBackup</styleUrl>
      <Point><coordinates>-117.99869430000001,33.6607007,0</coordinates></Point>
    </Placemark>
    <Placemark><name>MoGo Coffee</name>
      <description><![CDATA[Priority 3: Coffee-chain backup.<br/>Address: 1434 4th St, Santa Monica, CA 90401, USA<br/>Approximate runner mile: 0.1.<br/>Nearest runner geometry: approximately 0.29 mi straight-line (not a walking detour).<br/>Verification: Google Places business backup (operational); confirm customer restroom access and hours on race day.<br/>Source: <a href="https://maps.google.com/?cid=12426085708649015955&g_mp=Cilnb29nbGUubWFwcy5wbGFjZXMudjEuUGxhY2VzLlNlYXJjaE5lYXJieRACGAQgAA">official / current listing</a>]]></description>
      <styleUrl>#coffeeBackup</styleUrl>
      <Point><coordinates>-118.4944204,34.0155641,0</coordinates></Point>
    </Placemark>
    <Placemark><name>Moby's Coffee Shop</name>
      <description><![CDATA[Priority 3: Coffee-chain backup.<br/>Address: 3008 W Manchester Blvd, Inglewood, CA 90305, USA<br/>Approximate runner mile: 12.6.<br/>Nearest runner geometry: approximately 0.02 mi straight-line (not a walking detour).<br/>Verification: Google Places business backup (operational); confirm customer restroom access and hours on race day.<br/>Source: <a href="https://maps.google.com/?cid=8652796751977148773&g_mp=Cilnb29nbGUubWFwcy5wbGFjZXMudjEuUGxhY2VzLlNlYXJjaE5lYXJieRACGAQgAA">official / current listing</a>]]></description>
      <styleUrl>#coffeeBackup</styleUrl>
      <Point><coordinates>-118.32583029999999,33.9597799,0</coordinates></Point>
    </Placemark>
    <Placemark><name>Mocca Max Coffee</name>
      <description><![CDATA[Priority 3: Coffee-chain backup.<br/>Address: 1050 Linden Ave, Long Beach, CA 90813, USA<br/>Approximate runner mile: 34.5.<br/>Nearest runner geometry: approximately 0.66 mi straight-line (not a walking detour).<br/>Verification: Google Places business backup (operational); confirm customer restroom access and hours on race day.<br/>Source: <a href="https://maps.google.com/?cid=12662667518898678182&g_mp=Cilnb29nbGUubWFwcy5wbGFjZXMudjEuUGxhY2VzLlNlYXJjaE5lYXJieRACGAQgAA">official / current listing</a>]]></description>
      <styleUrl>#coffeeBackup</styleUrl>
      <Point><coordinates>-118.1872247,33.7802584,0</coordinates></Point>
    </Placemark>
    <Placemark><name>Moulin</name>
      <description><![CDATA[Priority 3: Coffee-chain backup.<br/>Address: 2 Ritz Carlton Dr, Dana Point, CA 92629, USA<br/>Approximate runner mile: 71.1.<br/>Nearest runner geometry: approximately 0.01 mi straight-line (not a walking detour).<br/>Verification: Google Places business backup (operational); confirm customer restroom access and hours on race day.<br/>Source: <a href="https://maps.google.com/?cid=18051372120465369455&g_mp=Cilnb29nbGUubWFwcy5wbGFjZXMudjEuUGxhY2VzLlNlYXJjaE5lYXJieRACGAQgAA">official / current listing</a>]]></description>
      <styleUrl>#coffeeBackup</styleUrl>
      <Point><coordinates>-117.7171047,33.475949400000005,0</coordinates></Point>
    </Placemark>
    <Placemark><name>Mr. Rivers Coffee</name>
      <description><![CDATA[Priority 3: Coffee-chain backup.<br/>Address: 12457 Washington Blvd, Los Angeles, CA 90066, USA<br/>Approximate runner mile: 4.8.<br/>Nearest runner geometry: approximately 0.02 mi straight-line (not a walking detour).<br/>Verification: Google Places business backup (operational); confirm customer restroom access and hours on race day.<br/>Source: <a href="https://maps.google.com/?cid=14099822789430437617&g_mp=Cilnb29nbGUubWFwcy5wbGFjZXMudjEuUGxhY2VzLlNlYXJjaE5lYXJieRACGAQgAA">official / current listing</a>]]></description>
      <styleUrl>#coffeeBackup</styleUrl>
      <Point><coordinates>-118.4300567,33.9969922,0</coordinates></Point>
    </Placemark>
    <Placemark><name>Mrs. Fields</name>
      <description><![CDATA[Priority 3: Coffee-chain backup.<br/>Address: 6000 Sepulveda Blvd Ste 1561, Culver City, CA 90230, USA<br/>Approximate runner mile: 7.3.<br/>Nearest runner geometry: approximately 0.38 mi straight-line (not a walking detour).<br/>Verification: Google Places business backup (operational); confirm customer restroom access and hours on race day.<br/>Source: <a href="https://maps.google.com/?cid=359658835394936955&g_mp=Cilnb29nbGUubWFwcy5wbGFjZXMudjEuUGxhY2VzLlNlYXJjaE5lYXJieRACGAQgAA">official / current listing</a>]]></description>
      <styleUrl>#coffeeBackup</styleUrl>
      <Point><coordinates>-118.3922882,33.986347099999996,0</coordinates></Point>
    </Placemark>
    <Placemark><name>My Galley</name>
      <description><![CDATA[Priority 3: Coffee-chain backup.<br/>Address: 500 W Balboa Blvd, Newport Beach, CA 92661, USA<br/>Approximate runner mile: 55.9.<br/>Nearest runner geometry: approximately 0.83 mi straight-line (not a walking detour).<br/>Verification: Google Places business backup (operational); confirm customer restroom access and hours on race day.<br/>Source: <a href="https://maps.google.com/?cid=15050883965489886213&g_mp=Cilnb29nbGUubWFwcy5wbGFjZXMudjEuUGxhY2VzLlNlYXJjaE5lYXJieRACGAQgAA">official / current listing</a>]]></description>
      <styleUrl>#coffeeBackup</styleUrl>
      <Point><coordinates>-117.90655709999999,33.6041218,0</coordinates></Point>
    </Placemark>
    <Placemark><name>NA</name>
      <description><![CDATA[Priority 3: Coffee-chain backup.<br/>Address: 261 N Hwy 101, Solana Beach, CA 92075, USA<br/>Approximate runner mile: 97.9.<br/>Nearest runner geometry: approximately 0.02 mi straight-line (not a walking detour).<br/>Verification: Google Places business backup (operational); confirm customer restroom access and hours on race day.<br/>Source: <a href="https://maps.google.com/?cid=18208228019052972526&g_mp=Cilnb29nbGUubWFwcy5wbGFjZXMudjEuUGxhY2VzLlNlYXJjaE5lYXJieRACGAQgAA">official / current listing</a>]]></description>
      <styleUrl>#coffeeBackup</styleUrl>
      <Point><coordinates>-117.27263069999998,32.9943958,0</coordinates></Point>
    </Placemark>
    <Placemark><name>Nautical Bean Coffee Company Inc.</name>
      <description><![CDATA[Priority 3: Coffee-chain backup.<br/>Address: 240 Harbor Dr, Oceanside, CA 92054, USA<br/>Approximate runner mile: 81.5.<br/>Nearest runner geometry: approximately 0.33 mi straight-line (not a walking detour).<br/>Verification: Google Places business backup (operational); confirm customer restroom access and hours on race day.<br/>Source: <a href="https://maps.google.com/?cid=12102593400430324351&g_mp=Cilnb29nbGUubWFwcy5wbGFjZXMudjEuUGxhY2VzLlNlYXJjaE5lYXJieRACGAQgAA">official / current listing</a>]]></description>
      <styleUrl>#coffeeBackup</styleUrl>
      <Point><coordinates>-117.39048260000001,33.2043677,0</coordinates></Point>
    </Placemark>
    <Placemark><name>Neat Coffee</name>
      <description><![CDATA[Priority 3: Coffee-chain backup.<br/>Address: 16182 Pacific Coast Hwy, Huntington Beach, CA 92649, USA<br/>Approximate runner mile: 42.9.<br/>Nearest runner geometry: approximately 0.01 mi straight-line (not a walking detour).<br/>Verification: Google Places business backup (operational); confirm customer restroom access and hours on race day.<br/>Source: <a href="https://maps.google.com/?cid=18392429547071491618&g_mp=Cilnb29nbGUubWFwcy5wbGFjZXMudjEuUGxhY2VzLlNlYXJjaE5lYXJieRACGAQgAA">official / current listing</a>]]></description>
      <styleUrl>#coffeeBackup</styleUrl>
      <Point><coordinates>-118.08170150000001,33.7275008,0</coordinates></Point>
    </Placemark>
    <Placemark><name>Nectarine Grove</name>
      <description><![CDATA[Priority 3: Coffee-chain backup.<br/>Address: 948 N Coast Hwy 101, Encinitas, CA 92024, USA<br/>Approximate runner mile: 92.6.<br/>Nearest runner geometry: approximately 0.03 mi straight-line (not a walking detour).<br/>Verification: Google Places business backup (operational); confirm customer restroom access and hours on race day.<br/>Source: <a href="https://maps.google.com/?cid=16371853167499780269&g_mp=Cilnb29nbGUubWFwcy5wbGFjZXMudjEuUGxhY2VzLlNlYXJjaE5lYXJieRACGAQgAA">official / current listing</a>]]></description>
      <styleUrl>#coffeeBackup</styleUrl>
      <Point><coordinates>-117.3029116,33.0653311,0</coordinates></Point>
    </Placemark>
    <Placemark><name>Newport Coffee Co.</name>
      <description><![CDATA[Priority 3: Coffee-chain backup.<br/>Address: 104 Mc Fadden Pl, Newport Beach, CA 92663, USA<br/>Approximate runner mile: 55.2.<br/>Nearest runner geometry: approximately 0.85 mi straight-line (not a walking detour).<br/>Verification: Google Places business backup (operational); confirm customer restroom access and hours on race day.<br/>Source: <a href="https://maps.google.com/?cid=15839267900430045601&g_mp=Cilnb29nbGUubWFwcy5wbGFjZXMudjEuUGxhY2VzLlNlYXJjaE5lYXJieRACGAQgAA">official / current listing</a>]]></description>
      <styleUrl>#coffeeBackup</styleUrl>
      <Point><coordinates>-117.9283213,33.608094699999995,0</coordinates></Point>
    </Placemark>
    <Placemark><name>Niche</name>
      <description><![CDATA[Priority 3: Coffee-chain backup.<br/>Address: 714 Washington Blvd, Marina Del Rey, CA 90292, USA<br/>Approximate runner mile: 3.2.<br/>Nearest runner geometry: approximately 0.12 mi straight-line (not a walking detour).<br/>Verification: Google Places business backup (operational); confirm customer restroom access and hours on race day.<br/>Source: <a href="https://maps.google.com/?cid=14129887450581785480&g_mp=Cilnb29nbGUubWFwcy5wbGFjZXMudjEuUGxhY2VzLlNlYXJjaE5lYXJieRACGAQgAA">official / current listing</a>]]></description>
      <styleUrl>#coffeeBackup</styleUrl>
      <Point><coordinates>-118.45417119999999,33.9867506,0</coordinates></Point>
    </Placemark>
    <Placemark><name>Noah's NY Bagels</name>
      <description><![CDATA[Priority 3: Coffee-chain backup.<br/>Address: 548 W Washington Blvd, Marina Del Rey, CA 90292, USA<br/>Approximate runner mile: 2.9.<br/>Nearest runner geometry: approximately 0.34 mi straight-line (not a walking detour).<br/>Verification: Google Places business backup (operational); confirm customer restroom access and hours on race day.<br/>Source: <a href="https://maps.google.com/?cid=18142229704685947206&g_mp=Cilnb29nbGUubWFwcy5wbGFjZXMudjEuUGxhY2VzLlNlYXJjaE5lYXJieRACGAQgAA">official / current listing</a>]]></description>
      <styleUrl>#coffeeBackup</styleUrl>
      <Point><coordinates>-118.45975709999999,33.9830982,0</coordinates></Point>
    </Placemark>
    <Placemark><name>Nordstrom Ebar Artisan Coffee</name>
      <description><![CDATA[Priority 3: Coffee-chain backup.<br/>Address: 901 Newport Center Dr, Newport Beach, CA 92660, USA<br/>Approximate runner mile: 57.4.<br/>Nearest runner geometry: approximately 0.49 mi straight-line (not a walking detour).<br/>Verification: Google Places business backup (operational); confirm customer restroom access and hours on race day.<br/>Source: <a href="https://maps.google.com/?cid=5028232892584350457&g_mp=Cilnb29nbGUubWFwcy5wbGFjZXMudjEuUGxhY2VzLlNlYXJjaE5lYXJieRACGAQgAA">official / current listing</a>]]></description>
      <styleUrl>#coffeeBackup</styleUrl>
      <Point><coordinates>-117.8775233,33.6159841,0</coordinates></Point>
    </Placemark>
    <Placemark><name>Nowadays Coffee</name>
      <description><![CDATA[Priority 3: Coffee-chain backup.<br/>Address: 350 Main St Unit A, Seal Beach, CA 90740, USA<br/>Approximate runner mile: 41.1.<br/>Nearest runner geometry: approximately 0.01 mi straight-line (not a walking detour).<br/>Verification: Google Places business backup (operational); confirm customer restroom access and hours on race day.<br/>Source: <a href="https://maps.google.com/?cid=18431472599126800263&g_mp=Cilnb29nbGUubWFwcy5wbGFjZXMudjEuUGxhY2VzLlNlYXJjaE5lYXJieRACGAQgAA">official / current listing</a>]]></description>
      <styleUrl>#coffeeBackup</styleUrl>
      <Point><coordinates>-118.10246339999999,33.744056199999996,0</coordinates></Point>
    </Placemark>
    <Placemark><name>Nubia mairena</name>
      <description><![CDATA[Priority 3: Coffee-chain backup.<br/>Address: 1601-1633 CA-1, Long Beach, CA 90810, USA<br/>Approximate runner mile: 35.4.<br/>Nearest runner geometry: approximately 0.02 mi straight-line (not a walking detour).<br/>Verification: Google Places business backup (operational); confirm customer restroom access and hours on race day.<br/>Source: <a href="https://maps.google.com/?cid=3540824647863779529&g_mp=Cilnb29nbGUubWFwcy5wbGFjZXMudjEuUGxhY2VzLlNlYXJjaE5lYXJieRACGAQgAA">official / current listing</a>]]></description>
      <styleUrl>#coffeeBackup</styleUrl>
      <Point><coordinates>-118.17169519999999,33.790134099999996,0</coordinates></Point>
    </Placemark>
    <Placemark><name>O'Side Strand Café</name>
      <description><![CDATA[Priority 3: Coffee-chain backup.<br/>Address: 206 S The Strand, Oceanside, CA 92054, USA<br/>Approximate runner mile: 82.5.<br/>Nearest runner geometry: approximately 0.26 mi straight-line (not a walking detour).<br/>Verification: Google Places business backup (operational); confirm customer restroom access and hours on race day.<br/>Source: <a href="https://maps.google.com/?cid=2607399156517270683&g_mp=Cilnb29nbGUubWFwcy5wbGFjZXMudjEuUGxhY2VzLlNlYXJjaE5lYXJieRACGAQgAA">official / current listing</a>]]></description>
      <styleUrl>#coffeeBackup</styleUrl>
      <Point><coordinates>-117.3816834,33.191893199999996,0</coordinates></Point>
    </Placemark>
    <Placemark><name>OM42</name>
      <description><![CDATA[Priority 3: Coffee-chain backup.<br/>Address: 1434 4th St, Santa Monica, CA 90401, USA<br/>Approximate runner mile: 0.1.<br/>Nearest runner geometry: approximately 0.29 mi straight-line (not a walking detour).<br/>Verification: Google Places business backup (operational); confirm customer restroom access and hours on race day.<br/>Source: <a href="https://maps.google.com/?cid=14654635663327052111&g_mp=Cilnb29nbGUubWFwcy5wbGFjZXMudjEuUGxhY2VzLlNlYXJjaE5lYXJieRACGAQgAA">official / current listing</a>]]></description>
      <styleUrl>#coffeeBackup</styleUrl>
      <Point><coordinates>-118.49453090000002,34.0155096,0</coordinates></Point>
    </Placemark>
    <Placemark><name>ONDA COFFEE</name>
      <description><![CDATA[Priority 3: Coffee-chain backup.<br/>Address: 222 E 10th St Unit T, Long Beach, CA 90813, USA<br/>Approximate runner mile: 34.3.<br/>Nearest runner geometry: approximately 0.77 mi straight-line (not a walking detour).<br/>Verification: Google Places business backup (operational); confirm customer restroom access and hours on race day.<br/>Source: <a href="https://maps.google.com/?cid=5972201480109516898&g_mp=Cilnb29nbGUubWFwcy5wbGFjZXMudjEuUGxhY2VzLlNlYXJjaE5lYXJieRACGAQgAA">official / current listing</a>]]></description>
      <styleUrl>#coffeeBackup</styleUrl>
      <Point><coordinates>-118.19028720000001,33.7785692,0</coordinates></Point>
    </Placemark>
    <Placemark><name>Ocean Cafe</name>
      <description><![CDATA[Priority 3: Coffee-chain backup.<br/>Address: 4426 Ingraham St, San Diego, CA 92109, USA<br/>Approximate runner mile: 115.1.<br/>Nearest runner geometry: approximately 0.09 mi straight-line (not a walking detour).<br/>Verification: Google Places business backup (operational); confirm customer restroom access and hours on race day.<br/>Source: <a href="https://maps.google.com/?cid=9015322755896351170&g_mp=Cilnb29nbGUubWFwcy5wbGFjZXMudjEuUGxhY2VzLlNlYXJjaE5lYXJieRACGAQgAA">official / current listing</a>]]></description>
      <styleUrl>#coffeeBackup</styleUrl>
      <Point><coordinates>-117.240839,32.7984055,0</coordinates></Point>
    </Placemark>
    <Placemark><name>Oceanside Harbor Village</name>
      <description><![CDATA[Priority 3: Coffee-chain backup.<br/>Address: 280 Harbor Dr, Oceanside, CA 92054, USA<br/>Approximate runner mile: 81.5.<br/>Nearest runner geometry: approximately 0.28 mi straight-line (not a walking detour).<br/>Verification: Google Places business backup (operational); confirm customer restroom access and hours on race day.<br/>Source: <a href="https://maps.google.com/?cid=18390150877275111338&g_mp=Cilnb29nbGUubWFwcy5wbGFjZXMudjEuUGxhY2VzLlNlYXJjaE5lYXJieRACGAQgAA">official / current listing</a>]]></description>
      <styleUrl>#coffeeBackup</styleUrl>
      <Point><coordinates>-117.38958019999998,33.2046776,0</coordinates></Point>
    </Placemark>
    <Placemark><name>Odd One Out Tea Santa Monica</name>
      <description><![CDATA[Priority 3: Coffee-chain backup.<br/>Address: 1260 3rd Street Promenade, Santa Monica, CA 90401, USA<br/>Approximate runner mile: 0.1.<br/>Nearest runner geometry: approximately 0.43 mi straight-line (not a walking detour).<br/>Verification: Google Places business backup (operational); confirm customer restroom access and hours on race day.<br/>Source: <a href="https://maps.google.com/?cid=12078910671077543652&g_mp=Cilnb29nbGUubWFwcy5wbGFjZXMudjEuUGxhY2VzLlNlYXJjaE5lYXJieRACGAQgAA">official / current listing</a>]]></description>
      <styleUrl>#coffeeBackup</styleUrl>
      <Point><coordinates>-118.4979994,34.0170728,0</coordinates></Point>
    </Placemark>
    <Placemark><name>Orange Inn</name>
      <description><![CDATA[Priority 3: Coffee-chain backup.<br/>Address: 703 S Coast Hwy, Laguna Beach, CA 92651, USA<br/>Approximate runner mile: 65.5.<br/>Nearest runner geometry: approximately 0.00 mi straight-line (not a walking detour).<br/>Verification: Google Places business backup (operational); confirm customer restroom access and hours on race day.<br/>Source: <a href="https://maps.google.com/?cid=10731863913943344884&g_mp=Cilnb29nbGUubWFwcy5wbGFjZXMudjEuUGxhY2VzLlNlYXJjaE5lYXJieRACGAQgAA">official / current listing</a>]]></description>
      <styleUrl>#coffeeBackup</styleUrl>
      <Point><coordinates>-117.77965129999998,33.5374464,0</coordinates></Point>
    </Placemark>
    <Placemark><name>Our Place + Cafe</name>
      <description><![CDATA[Priority 3: Coffee-chain backup.<br/>Address: 1344 Abbot Kinney Blvd, Venice, CA 90291, USA<br/>Approximate runner mile: 2.4.<br/>Nearest runner geometry: approximately 0.02 mi straight-line (not a walking detour).<br/>Verification: Google Places business backup (operational); confirm customer restroom access and hours on race day.<br/>Source: <a href="https://maps.google.com/?cid=14483450233012862717&g_mp=Cilnb29nbGUubWFwcy5wbGFjZXMudjEuUGxhY2VzLlNlYXJjaE5lYXJieRACGAQgAA">official / current listing</a>]]></description>
      <styleUrl>#coffeeBackup</styleUrl>
      <Point><coordinates>-118.46666479999998,33.9906712,0</coordinates></Point>
    </Placemark>
    <Placemark><name>P&amp;J CAFE</name>
      <description><![CDATA[Priority 3: Coffee-chain backup.<br/>Address: 1043 Pine Ave, Long Beach, CA 90813, USA<br/>Approximate runner mile: 34.2.<br/>Nearest runner geometry: approximately 0.69 mi straight-line (not a walking detour).<br/>Verification: Google Places business backup (operational); confirm customer restroom access and hours on race day.<br/>Source: <a href="https://maps.google.com/?cid=11929220731862689820&g_mp=Cilnb29nbGUubWFwcy5wbGFjZXMudjEuUGxhY2VzLlNlYXJjaE5lYXJieRACGAQgAA">official / current listing</a>]]></description>
      <styleUrl>#coffeeBackup</styleUrl>
      <Point><coordinates>-118.1927047,33.779837799999996,0</coordinates></Point>
    </Placemark>
    <Placemark><name>PARA</name>
      <description><![CDATA[Priority 3: Coffee-chain backup.<br/>Address: 949 2nd St, Encinitas, CA 92024, USA<br/>Approximate runner mile: 94.6.<br/>Nearest runner geometry: approximately 0.03 mi straight-line (not a walking detour).<br/>Verification: Google Places business backup (operational); confirm customer restroom access and hours on race day.<br/>Source: <a href="https://maps.google.com/?cid=451883539766545530&g_mp=Cilnb29nbGUubWFwcy5wbGFjZXMudjEuUGxhY2VzLlNlYXJjaE5lYXJieRACGAQgAA">official / current listing</a>]]></description>
      <styleUrl>#coffeeBackup</styleUrl>
      <Point><coordinates>-117.29374240000001,33.039624599999996,0</coordinates></Point>
    </Placemark>
    <Placemark><name>POKE &amp; TEA CO.</name>
      <description><![CDATA[Priority 3: Coffee-chain backup.<br/>Address: 111 W Avenida Palizada suite 307, San Clemente, CA 92672, USA<br/>Approximate runner mile: 78.4.<br/>Nearest runner geometry: approximately 0.04 mi straight-line (not a walking detour).<br/>Verification: Google Places business backup (operational); confirm customer restroom access and hours on race day.<br/>Source: <a href="https://maps.google.com/?cid=11664024754406220496&g_mp=Cilnb29nbGUubWFwcy5wbGFjZXMudjEuUGxhY2VzLlNlYXJjaE5lYXJieRACGAQgAA">official / current listing</a>]]></description>
      <styleUrl>#coffeeBackup</styleUrl>
      <Point><coordinates>-117.6155379,33.4291831,0</coordinates></Point>
    </Placemark>
    <Placemark><name>Pacific Bean Coffee</name>
      <description><![CDATA[Priority 3: Coffee-chain backup.<br/>Address: 712 Garnet Ave, San Diego, CA 92109, USA<br/>Approximate runner mile: 114.2.<br/>Nearest runner geometry: approximately 0.04 mi straight-line (not a walking detour).<br/>Verification: Google Places business backup (operational); confirm customer restroom access and hours on race day.<br/>Source: <a href="https://maps.google.com/?cid=4310865898148648817&g_mp=Cilnb29nbGUubWFwcy5wbGFjZXMudjEuUGxhY2VzLlNlYXJjaE5lYXJieRACGAQgAA">official / current listing</a>]]></description>
      <styleUrl>#coffeeBackup</styleUrl>
      <Point><coordinates>-117.2563742,32.7965972,0</coordinates></Point>
    </Placemark>
    <Placemark><name>Pacific Perk</name>
      <description><![CDATA[Priority 3: Coffee-chain backup.<br/>Address: 1555 S Coast Hwy, Laguna Beach, CA 92651, USA<br/>Approximate runner mile: 66.1.<br/>Nearest runner geometry: approximately 0.03 mi straight-line (not a walking detour).<br/>Verification: Google Places business backup (operational); confirm customer restroom access and hours on race day.<br/>Source: <a href="https://maps.google.com/?cid=15554084535635573780&g_mp=Cilnb29nbGUubWFwcy5wbGFjZXMudjEuUGxhY2VzLlNlYXJjaE5lYXJieRACGAQgAA">official / current listing</a>]]></description>
      <styleUrl>#coffeeBackup</styleUrl>
      <Point><coordinates>-117.7737109,33.530281699999996,0</coordinates></Point>
    </Placemark>
    <Placemark><name>Paciugo Italian Gelato Renaissance</name>
      <description><![CDATA[Priority 3: Coffee-chain backup.<br/>Address: 122 Main St, Huntington Beach, CA 92648, USA<br/>Approximate runner mile: 49.6.<br/>Nearest runner geometry: approximately 0.06 mi straight-line (not a walking detour).<br/>Verification: Google Places business backup (closed temporarily); confirm customer restroom access and hours on race day.<br/>Source: <a href="https://maps.google.com/?cid=10591302335972482275&g_mp=Cilnb29nbGUubWFwcy5wbGFjZXMudjEuUGxhY2VzLlNlYXJjaE5lYXJieRACGAQgAA">official / current listing</a>]]></description>
      <styleUrl>#coffeeBackup</styleUrl>
      <Point><coordinates>-118.00119079999999,33.6577227,0</coordinates></Point>
    </Placemark>
    <Placemark><name>Pajarita's Café</name>
      <description><![CDATA[Priority 3: Coffee-chain backup.<br/>Address: 811 E La Palma Dr, Inglewood, CA 90301, USA<br/>Approximate runner mile: 11.4.<br/>Nearest runner geometry: approximately 0.36 mi straight-line (not a walking detour).<br/>Verification: Google Places business backup (closed temporarily); confirm customer restroom access and hours on race day.<br/>Source: <a href="https://maps.google.com/?cid=14336709224047540685&g_mp=Cilnb29nbGUubWFwcy5wbGFjZXMudjEuUGxhY2VzLlNlYXJjaE5lYXJieRACGAQgAA">official / current listing</a>]]></description>
      <styleUrl>#coffeeBackup</styleUrl>
      <Point><coordinates>-118.350877,33.9564673,0</coordinates></Point>
    </Placemark>
    <Placemark><name>Panera Bread</name>
      <description><![CDATA[Priority 3: Coffee-chain backup.<br/>Address: 10990 W Jefferson Blvd, Culver City, CA 90230, USA<br/>Approximate runner mile: 6.8.<br/>Nearest runner geometry: approximately 0.85 mi straight-line (not a walking detour).<br/>Verification: Google Places business backup (operational); confirm customer restroom access and hours on race day.<br/>Source: <a href="https://maps.google.com/?cid=2725475664752877627&g_mp=Cilnb29nbGUubWFwcy5wbGFjZXMudjEuUGxhY2VzLlNlYXJjaE5lYXJieRACGAQgAA">official / current listing</a>]]></description>
      <styleUrl>#coffeeBackup</styleUrl>
      <Point><coordinates>-118.39483059999999,33.9978285,0</coordinates></Point>
    </Placemark>
    <Placemark><name>Panera Bread</name>
      <description><![CDATA[Priority 3: Coffee-chain backup.<br/>Address: 8647 S Sepulveda Blvd, Westchester, CA 90045, USA<br/>Approximate runner mile: 8.3.<br/>Nearest runner geometry: approximately 0.79 mi straight-line (not a walking detour).<br/>Verification: Google Places business backup (operational); confirm customer restroom access and hours on race day.<br/>Source: <a href="https://maps.google.com/?cid=1261832666544908249&g_mp=Cilnb29nbGUubWFwcy5wbGFjZXMudjEuUGxhY2VzLlNlYXJjaE5lYXJieRACGAQgAA">official / current listing</a>]]></description>
      <styleUrl>#coffeeBackup</styleUrl>
      <Point><coordinates>-118.3966441,33.958531799999996,0</coordinates></Point>
    </Placemark>
    <Placemark><name>Panera Bread</name>
      <description><![CDATA[Priority 3: Coffee-chain backup.<br/>Address: 101 W Avenida Vista Hermosa Suite 480, San Clemente, CA 92672, USA<br/>Approximate runner mile: 77.5.<br/>Nearest runner geometry: approximately 0.53 mi straight-line (not a walking detour).<br/>Verification: Google Places business backup (operational); confirm customer restroom access and hours on race day.<br/>Source: <a href="https://maps.google.com/?cid=1950217775815128020&g_mp=Cilnb29nbGUubWFwcy5wbGFjZXMudjEuUGxhY2VzLlNlYXJjaE5lYXJieRACGAQgAA">official / current listing</a>]]></description>
      <styleUrl>#coffeeBackup</styleUrl>
      <Point><coordinates>-117.628769,33.440523299999995,0</coordinates></Point>
    </Placemark>
    <Placemark><name>Panera Bread</name>
      <description><![CDATA[Priority 3: Coffee-chain backup.<br/>Address: 667 San Rodolfo Dr Suite 130, Solana Beach, CA 92075, USA<br/>Approximate runner mile: 98.1.<br/>Nearest runner geometry: approximately 0.72 mi straight-line (not a walking detour).<br/>Verification: Google Places business backup (operational); confirm customer restroom access and hours on race day.<br/>Source: <a href="https://maps.google.com/?cid=4430590650855718442&g_mp=Cilnb29nbGUubWFwcy5wbGFjZXMudjEuUGxhY2VzLlNlYXJjaE5lYXJieRACGAQgAA">official / current listing</a>]]></description>
      <styleUrl>#coffeeBackup</styleUrl>
      <Point><coordinates>-117.25929199999999,32.993829999999996,0</coordinates></Point>
    </Placemark>
    <Placemark><name>Pannikin Coffee &amp; Tea</name>
      <description><![CDATA[Priority 3: Coffee-chain backup.<br/>Address: 322 N Cleveland St Ste b, Oceanside, CA 92054, USA<br/>Approximate runner mile: 82.2.<br/>Nearest runner geometry: approximately 0.09 mi straight-line (not a walking detour).<br/>Verification: Google Places business backup (operational); confirm customer restroom access and hours on race day.<br/>Source: <a href="https://maps.google.com/?cid=8226884190776992306&g_mp=Cilnb29nbGUubWFwcy5wbGFjZXMudjEuUGxhY2VzLlNlYXJjaE5lYXJieRACGAQgAA">official / current listing</a>]]></description>
      <styleUrl>#coffeeBackup</styleUrl>
      <Point><coordinates>-117.382199,33.1966963,0</coordinates></Point>
    </Placemark>
    <Placemark><name>Pannikin Coffee &amp; Tea</name>
      <description><![CDATA[Priority 3: Coffee-chain backup.<br/>Address: 510 N Coast Hwy 101, Encinitas, CA 92024, USA<br/>Approximate runner mile: 93.2.<br/>Nearest runner geometry: approximately 0.02 mi straight-line (not a walking detour).<br/>Verification: Google Places business backup (operational); confirm customer restroom access and hours on race day.<br/>Source: <a href="https://maps.google.com/?cid=11618373556083897538&g_mp=Cilnb29nbGUubWFwcy5wbGFjZXMudjEuUGxhY2VzLlNlYXJjaE5lYXJieRACGAQgAA">official / current listing</a>]]></description>
      <styleUrl>#coffeeBackup</styleUrl>
      <Point><coordinates>-117.2996475,33.0582992,0</coordinates></Point>
    </Placemark>
    <Placemark><name>Papille Gustative</name>
      <description><![CDATA[Priority 3: Coffee-chain backup.<br/>Address: 2823 Main St, Santa Monica, CA 90405, USA<br/>Approximate runner mile: 1.3.<br/>Nearest runner geometry: approximately 0.02 mi straight-line (not a walking detour).<br/>Verification: Google Places business backup (operational); confirm customer restroom access and hours on race day.<br/>Source: <a href="https://maps.google.com/?cid=8185418506150340399&g_mp=Cilnb29nbGUubWFwcy5wbGFjZXMudjEuUGxhY2VzLlNlYXJjaE5lYXJieRACGAQgAA">official / current listing</a>]]></description>
      <styleUrl>#coffeeBackup</styleUrl>
      <Point><coordinates>-118.48113910000001,33.9997718,0</coordinates></Point>
    </Placemark>
    <Placemark><name>Parakeet Cafe</name>
      <description><![CDATA[Priority 3: Coffee-chain backup.<br/>Address: 7972 Pacific Coast Hwy, Newport Beach, CA 92657, USA<br/>Approximate runner mile: 61.6.<br/>Nearest runner geometry: approximately 0.08 mi straight-line (not a walking detour).<br/>Verification: Google Places business backup (operational); confirm customer restroom access and hours on race day.<br/>Source: <a href="https://maps.google.com/?cid=13651200607789381710&g_mp=Cilnb29nbGUubWFwcy5wbGFjZXMudjEuUGxhY2VzLlNlYXJjaE5lYXJieRACGAQgAA">official / current listing</a>]]></description>
      <styleUrl>#coffeeBackup</styleUrl>
      <Point><coordinates>-117.83182970000001,33.5692151,0</coordinates></Point>
    </Placemark>
    <Placemark><name>Parakeet Cafe</name>
      <description><![CDATA[Priority 3: Coffee-chain backup.<br/>Address: 1155 Coast Blvd, La Jolla, CA 92037, USA<br/>Approximate runner mile: 109.9.<br/>Nearest runner geometry: approximately 0.38 mi straight-line (not a walking detour).<br/>Verification: Google Places business backup (operational); confirm customer restroom access and hours on race day.<br/>Source: <a href="https://maps.google.com/?cid=888687111223888496&g_mp=Cilnb29nbGUubWFwcy5wbGFjZXMudjEuUGxhY2VzLlNlYXJjaE5lYXJieRACGAQgAA">official / current listing</a>]]></description>
      <styleUrl>#coffeeBackup</styleUrl>
      <Point><coordinates>-117.27327740000001,32.849720500000004,0</coordinates></Point>
    </Placemark>
    <Placemark><name>Parakeet Cafe - La Jolla</name>
      <description><![CDATA[Priority 3: Coffee-chain backup.<br/>Address: 927 Silverado St, La Jolla, CA 92037, USA<br/>Approximate runner mile: 110.2.<br/>Nearest runner geometry: approximately 0.20 mi straight-line (not a walking detour).<br/>Verification: Google Places business backup (operational); confirm customer restroom access and hours on race day.<br/>Source: <a href="https://maps.google.com/?cid=8574794300480736501&g_mp=Cilnb29nbGUubWFwcy5wbGFjZXMudjEuUGxhY2VzLlNlYXJjaE5lYXJieRACGAQgAA">official / current listing</a>]]></description>
      <styleUrl>#coffeeBackup</styleUrl>
      <Point><coordinates>-117.27445019999999,32.8448753,0</coordinates></Point>
    </Placemark>
    <Placemark><name>Parakeet Cafe - Nautilus</name>
      <description><![CDATA[Priority 3: Coffee-chain backup.<br/>Address: 3535 General Atomics Ct, San Diego, CA 92121, USA<br/>Approximate runner mile: 105.5.<br/>Nearest runner geometry: approximately 0.16 mi straight-line (not a walking detour).<br/>Verification: Google Places business backup (operational); confirm customer restroom access and hours on race day.<br/>Source: <a href="https://maps.google.com/?cid=6975607187602856930&g_mp=Cilnb29nbGUubWFwcy5wbGFjZXMudjEuUGxhY2VzLlNlYXJjaE5lYXJieRACGAQgAA">official / current listing</a>]]></description>
      <styleUrl>#coffeeBackup</styleUrl>
      <Point><coordinates>-117.2384246,32.8933396,0</coordinates></Point>
    </Placemark>
    <Placemark><name>Parlor Doughnuts</name>
      <description><![CDATA[Priority 3: Coffee-chain backup.<br/>Address: Pierside Pavilion, 300 Pacific Coast Hwy, Huntington Beach, CA 92648, USA<br/>Approximate runner mile: 49.6.<br/>Nearest runner geometry: approximately 0.02 mi straight-line (not a walking detour).<br/>Verification: Google Places business backup (operational); confirm customer restroom access and hours on race day.<br/>Source: <a href="https://maps.google.com/?cid=10618346504494173245&g_mp=Cilnb29nbGUubWFwcy5wbGFjZXMudjEuUGxhY2VzLlNlYXJjaE5lYXJieRACGAQgAA">official / current listing</a>]]></description>
      <styleUrl>#coffeeBackup</styleUrl>
      <Point><coordinates>-118.0014864,33.6570098,0</coordinates></Point>
    </Placemark>
    <Placemark><name>Parlor Doughnuts</name>
      <description><![CDATA[Priority 3: Coffee-chain backup.<br/>Address: 331 N Cleveland St, Oceanside, CA 92054, USA<br/>Approximate runner mile: 82.3.<br/>Nearest runner geometry: approximately 0.12 mi straight-line (not a walking detour).<br/>Verification: Google Places business backup (operational); confirm customer restroom access and hours on race day.<br/>Source: <a href="https://maps.google.com/?cid=10843974900607226470&g_mp=Cilnb29nbGUubWFwcy5wbGFjZXMudjEuUGxhY2VzLlNlYXJjaE5lYXJieRACGAQgAA">official / current listing</a>]]></description>
      <styleUrl>#coffeeBackup</styleUrl>
      <Point><coordinates>-117.3821997,33.1958543,0</coordinates></Point>
    </Placemark>
    <Placemark><name>Part &amp; Parcel Market</name>
      <description><![CDATA[Priority 3: Coffee-chain backup.<br/>Address: 1 Monarch Beach Resort N, Dana Point, CA 92629, USA<br/>Approximate runner mile: 70.7.<br/>Nearest runner geometry: approximately 0.28 mi straight-line (not a walking detour).<br/>Verification: Google Places business backup (operational); confirm customer restroom access and hours on race day.<br/>Source: <a href="https://maps.google.com/?cid=2513427064453409887&g_mp=Cilnb29nbGUubWFwcy5wbGFjZXMudjEuUGxhY2VzLlNlYXJjaE5lYXJieRACGAQgAA">official / current listing</a>]]></description>
      <styleUrl>#coffeeBackup</styleUrl>
      <Point><coordinates>-117.71592820000001,33.4825127,0</coordinates></Point>
    </Placemark>
    <Placemark><name>Peet's Coffee</name>
      <description><![CDATA[Priority 3: Coffee-chain backup.<br/>Address: 894 Avocado Ave, Newport Beach, CA 92660, USA<br/>Approximate runner mile: 58.0.<br/>Nearest runner geometry: approximately 0.03 mi straight-line (not a walking detour).<br/>Verification: Google Places business backup (operational); confirm customer restroom access and hours on race day.<br/>Source: <a href="https://maps.google.com/?cid=17893685991150713293&g_mp=Cilnb29nbGUubWFwcy5wbGFjZXMudjEuUGxhY2VzLlNlYXJjaE5lYXJieRACGAQgAA">official / current listing</a>]]></description>
      <styleUrl>#coffeeBackup</styleUrl>
      <Point><coordinates>-117.8751231,33.6055691,0</coordinates></Point>
    </Placemark>
    <Placemark><name>Philz Coffee</name>
      <description><![CDATA[Priority 3: Coffee-chain backup.<br/>Address: 21010 Pacific Coast Hwy, Huntington Beach, CA 92648, USA<br/>Approximate runner mile: 49.8.<br/>Nearest runner geometry: approximately 0.05 mi straight-line (not a walking detour).<br/>Verification: Google Places business backup (operational); confirm customer restroom access and hours on race day.<br/>Source: <a href="https://maps.google.com/?cid=889739554891333421&g_mp=Cilnb29nbGUubWFwcy5wbGFjZXMudjEuUGxhY2VzLlNlYXJjaE5lYXJieRACGAQgAA">official / current listing</a>]]></description>
      <styleUrl>#coffeeBackup</styleUrl>
      <Point><coordinates>-117.99855090000001,33.6554937,0</coordinates></Point>
    </Placemark>
    <Placemark><name>Philz Coffee</name>
      <description><![CDATA[Priority 3: Coffee-chain backup.<br/>Address: 34179 Pacific Coast Hwy, Dana Point, CA 92629, USA<br/>Approximate runner mile: 72.6.<br/>Nearest runner geometry: approximately 0.01 mi straight-line (not a walking detour).<br/>Verification: Google Places business backup (operational); confirm customer restroom access and hours on race day.<br/>Source: <a href="https://maps.google.com/?cid=2498258638834081648&g_mp=Cilnb29nbGUubWFwcy5wbGFjZXMudjEuUGxhY2VzLlNlYXJjaE5lYXJieRACGAQgAA">official / current listing</a>]]></description>
      <styleUrl>#coffeeBackup</styleUrl>
      <Point><coordinates>-117.69832360000001,33.4669612,0</coordinates></Point>
    </Placemark>
    <Placemark><name>Philz Coffee</name>
      <description><![CDATA[Priority 3: Coffee-chain backup.<br/>Address: 1060 S Coast Hwy 101, Encinitas, CA 92024, USA<br/>Approximate runner mile: 94.6.<br/>Nearest runner geometry: approximately 0.01 mi straight-line (not a walking detour).<br/>Verification: Google Places business backup (operational); confirm customer restroom access and hours on race day.<br/>Source: <a href="https://maps.google.com/?cid=7205668757077452239&g_mp=Cilnb29nbGUubWFwcy5wbGFjZXMudjEuUGxhY2VzLlNlYXJjaE5lYXJieRACGAQgAA">official / current listing</a>]]></description>
      <styleUrl>#coffeeBackup</styleUrl>
      <Point><coordinates>-117.293117,33.0384017,0</coordinates></Point>
    </Placemark>
    <Placemark><name>Philz Coffee</name>
      <description><![CDATA[Priority 3: Coffee-chain backup.<br/>Address: 8849 Villa La Jolla Dr, La Jolla, CA 92037, USA<br/>Approximate runner mile: 106.8.<br/>Nearest runner geometry: approximately 0.81 mi straight-line (not a walking detour).<br/>Verification: Google Places business backup (operational); confirm customer restroom access and hours on race day.<br/>Source: <a href="https://maps.google.com/?cid=11769173885779923933&g_mp=Cilnb29nbGUubWFwcy5wbGFjZXMudjEuUGxhY2VzLlNlYXJjaE5lYXJieRACGAQgAA">official / current listing</a>]]></description>
      <styleUrl>#coffeeBackup</styleUrl>
      <Point><coordinates>-117.2319586,32.8693502,0</coordinates></Point>
    </Placemark>
    <Placemark><name>Picco's Pizza &amp; Coffee</name>
      <description><![CDATA[Priority 3: Coffee-chain backup.<br/>Address: 815 Indianapolis Ave Unit 101, Huntington Beach, CA 92648, USA<br/>Approximate runner mile: 49.9.<br/>Nearest runner geometry: approximately 0.92 mi straight-line (not a walking detour).<br/>Verification: Google Places business backup (operational); confirm customer restroom access and hours on race day.<br/>Source: <a href="https://maps.google.com/?cid=17623002806453146720&g_mp=Cilnb29nbGUubWFwcy5wbGFjZXMudjEuUGxhY2VzLlNlYXJjaE5lYXJieRACGAQgAA">official / current listing</a>]]></description>
      <styleUrl>#coffeeBackup</styleUrl>
      <Point><coordinates>-117.98895119999999,33.6653348,0</coordinates></Point>
    </Placemark>
    <Placemark><name>Pier View Coffee Co</name>
      <description><![CDATA[Priority 3: Coffee-chain backup.<br/>Address: 300 Pier View Wy, Oceanside, CA 92054, USA<br/>Approximate runner mile: 82.2.<br/>Nearest runner geometry: approximately 0.10 mi straight-line (not a walking detour).<br/>Verification: Google Places business backup (operational); confirm customer restroom access and hours on race day.<br/>Source: <a href="https://maps.google.com/?cid=15329196485091208062&g_mp=Cilnb29nbGUubWFwcy5wbGFjZXMudjEuUGxhY2VzLlNlYXJjaE5lYXJieRACGAQgAA">official / current listing</a>]]></description>
      <styleUrl>#coffeeBackup</styleUrl>
      <Point><coordinates>-117.3818694,33.1960583,0</coordinates></Point>
    </Placemark>
    <Placemark><name>Pink Elephant Espresso Bar</name>
      <description><![CDATA[Priority 3: Coffee-chain backup.<br/>Address: 801 Ocean Front Walk #2, Venice, CA 90291, USA<br/>Approximate runner mile: 1.9.<br/>Nearest runner geometry: approximately 0.19 mi straight-line (not a walking detour).<br/>Verification: Google Places business backup (operational); confirm customer restroom access and hours on race day.<br/>Source: <a href="https://maps.google.com/?cid=16943476684127682651&g_mp=Cilnb29nbGUubWFwcy5wbGFjZXMudjEuUGxhY2VzLlNlYXJjaE5lYXJieRACGAQgAA">official / current listing</a>]]></description>
      <styleUrl>#coffeeBackup</styleUrl>
      <Point><coordinates>-118.4772362,33.991195499999996,0</coordinates></Point>
    </Placemark>
    <Placemark><name>Pinpoint Cafe - By the Sea</name>
      <description><![CDATA[Priority 3: Coffee-chain backup.<br/>Address: 8755 Biological Grade, La Jolla, CA 92037, USA<br/>Approximate runner mile: 107.8.<br/>Nearest runner geometry: approximately 0.03 mi straight-line (not a walking detour).<br/>Verification: Google Places business backup (operational); confirm customer restroom access and hours on race day.<br/>Source: <a href="https://maps.google.com/?cid=4488913573601626093&g_mp=Cilnb29nbGUubWFwcy5wbGFjZXMudjEuUGxhY2VzLlNlYXJjaE5lYXJieRACGAQgAA">official / current listing</a>]]></description>
      <styleUrl>#coffeeBackup</styleUrl>
      <Point><coordinates>-117.25279889999999,32.8671387,0</coordinates></Point>
    </Placemark>
    <Placemark><name>Pinpoint Cafe - Gateway Torrey Hills</name>
      <description><![CDATA[Priority 3: Coffee-chain backup.<br/>Address: 3570 Carmel Mountain Rd #170, San Diego, CA 92130, USA<br/>Approximate runner mile: 104.0.<br/>Nearest runner geometry: approximately 0.81 mi straight-line (not a walking detour).<br/>Verification: Google Places business backup (operational); confirm customer restroom access and hours on race day.<br/>Source: <a href="https://maps.google.com/?cid=1245012451479221463&g_mp=Cilnb29nbGUubWFwcy5wbGFjZXMudjEuUGxhY2VzLlNlYXJjaE5lYXJieRACGAQgAA">official / current listing</a>]]></description>
      <styleUrl>#coffeeBackup</styleUrl>
      <Point><coordinates>-117.2333479,32.9193208,0</coordinates></Point>
    </Placemark>
    <Placemark><name>Pinpoint Cafe - Pepper Canyon</name>
      <description><![CDATA[Priority 3: Coffee-chain backup.<br/>Address: 9610 Gilman Dr, La Jolla, CA 92093, USA<br/>Approximate runner mile: 106.7.<br/>Nearest runner geometry: approximately 0.63 mi straight-line (not a walking detour).<br/>Verification: Google Places business backup (operational); confirm customer restroom access and hours on race day.<br/>Source: <a href="https://maps.google.com/?cid=7763036270042346576&g_mp=Cilnb29nbGUubWFwcy5wbGFjZXMudjEuUGxhY2VzLlNlYXJjaE5lYXJieRACGAQgAA">official / current listing</a>]]></description>
      <styleUrl>#coffeeBackup</styleUrl>
      <Point><coordinates>-117.23304509999998,32.877166599999995,0</coordinates></Point>
    </Placemark>
    <Placemark><name>Pinpoint Cafe - Village</name>
      <description><![CDATA[Priority 3: Coffee-chain backup.<br/>Address: 7855 Ivanhoe Ave, La Jolla, CA 92037, USA<br/>Approximate runner mile: 110.0.<br/>Nearest runner geometry: approximately 0.20 mi straight-line (not a walking detour).<br/>Verification: Google Places business backup (operational); confirm customer restroom access and hours on race day.<br/>Source: <a href="https://maps.google.com/?cid=15243617918473844842&g_mp=Cilnb29nbGUubWFwcy5wbGFjZXMudjEuUGxhY2VzLlNlYXJjaE5lYXJieRACGAQgAA">official / current listing</a>]]></description>
      <styleUrl>#coffeeBackup</styleUrl>
      <Point><coordinates>-117.2718,32.8472295,0</coordinates></Point>
    </Placemark>
    <Placemark><name>Plantology Cafe</name>
      <description><![CDATA[Priority 3: Coffee-chain backup.<br/>Address: 913 S Coast Hwy, Oceanside, CA 92054, USA<br/>Approximate runner mile: 83.1.<br/>Nearest runner geometry: approximately 0.01 mi straight-line (not a walking detour).<br/>Verification: Google Places business backup (operational); confirm customer restroom access and hours on race day.<br/>Source: <a href="https://maps.google.com/?cid=8336481685698693811&g_mp=Cilnb29nbGUubWFwcy5wbGFjZXMudjEuUGxhY2VzLlNlYXJjaE5lYXJieRACGAQgAA">official / current listing</a>]]></description>
      <styleUrl>#coffeeBackup</styleUrl>
      <Point><coordinates>-117.3723661,33.186937,0</coordinates></Point>
    </Placemark>
    <Placemark><name>Play Coffee Laguna Beach</name>
      <description><![CDATA[Priority 3: Coffee-chain backup.<br/>Address: 500 Broadway St, Laguna Beach, CA 92651, USA<br/>Approximate runner mile: 65.1.<br/>Nearest runner geometry: approximately 0.31 mi straight-line (not a walking detour).<br/>Verification: Google Places business backup (operational); confirm customer restroom access and hours on race day.<br/>Source: <a href="https://maps.google.com/?cid=15286210326171128149&g_mp=Cilnb29nbGUubWFwcy5wbGFjZXMudjEuUGxhY2VzLlNlYXJjaE5lYXJieRACGAQgAA">official / current listing</a>]]></description>
      <styleUrl>#coffeeBackup</styleUrl>
      <Point><coordinates>-117.7824467,33.5463626,0</coordinates></Point>
    </Placemark>
    <Placemark><name>PorchLight Coffee</name>
      <description><![CDATA[Priority 3: Coffee-chain backup.<br/>Address: 4865 Cass St, San Diego, CA 92109, USA<br/>Approximate runner mile: 113.8.<br/>Nearest runner geometry: approximately 0.23 mi straight-line (not a walking detour).<br/>Verification: Google Places business backup (operational); confirm customer restroom access and hours on race day.<br/>Source: <a href="https://maps.google.com/?cid=12582419673840095591&g_mp=Cilnb29nbGUubWFwcy5wbGFjZXMudjEuUGxhY2VzLlNlYXJjaE5lYXJieRACGAQgAA">official / current listing</a>]]></description>
      <styleUrl>#coffeeBackup</styleUrl>
      <Point><coordinates>-117.25352369999997,32.8033865,0</coordinates></Point>
    </Placemark>
    <Placemark><name>Potato stop Wings &amp; Fries Restaurant Culver City</name>
      <description><![CDATA[Priority 3: Coffee-chain backup.<br/>Address: 6000 Sepulveda Blvd, Culver City, CA 90230, USA<br/>Approximate runner mile: 7.2.<br/>Nearest runner geometry: approximately 0.27 mi straight-line (not a walking detour).<br/>Verification: Google Places business backup (operational); confirm customer restroom access and hours on race day.<br/>Source: <a href="https://maps.google.com/?cid=8916436310519896789&g_mp=Cilnb29nbGUubWFwcy5wbGFjZXMudjEuUGxhY2VzLlNlYXJjaE5lYXJieRACGAQgAA">official / current listing</a>]]></description>
      <styleUrl>#coffeeBackup</styleUrl>
      <Point><coordinates>-118.39428939999999,33.9855052,0</coordinates></Point>
    </Placemark>
    <Placemark><name>PourMeUp! Mobile Espresso Bar + Matcha + Teas &amp; More</name>
      <description><![CDATA[Priority 3: Coffee-chain backup.<br/>Address: Culver City, Los Angeles, CA 90066, USA<br/>Approximate runner mile: 4.5.<br/>Nearest runner geometry: approximately 0.48 mi straight-line (not a walking detour).<br/>Verification: Google Places business backup (operational); confirm customer restroom access and hours on race day.<br/>Source: <a href="https://maps.google.com/?cid=17048370432242196069&g_mp=Cilnb29nbGUubWFwcy5wbGFjZXMudjEuUGxhY2VzLlNlYXJjaE5lYXJieRACGAQgAA">official / current listing</a>]]></description>
      <styleUrl>#coffeeBackup</styleUrl>
      <Point><coordinates>-118.43357700000001,34.003736499999995,0</coordinates></Point>
    </Placemark>
    <Placemark><name>Preppylisous's work place/Dunkin</name>
      <description><![CDATA[Priority 3: Coffee-chain backup.<br/>Address: 6812 S La Tijera Blvd, Los Angeles, CA 90045, USA<br/>Approximate runner mile: 9.0.<br/>Nearest runner geometry: approximately 0.82 mi straight-line (not a walking detour).<br/>Verification: Google Places business backup (operational); confirm customer restroom access and hours on race day.<br/>Source: <a href="https://maps.google.com/?cid=17506662846208505811&g_mp=Cilnb29nbGUubWFwcy5wbGFjZXMudjEuUGxhY2VzLlNlYXJjaE5lYXJieRACGAQgAA">official / current listing</a>]]></description>
      <styleUrl>#coffeeBackup</styleUrl>
      <Point><coordinates>-118.3717776,33.9768292,0</coordinates></Point>
    </Placemark>
    <Placemark><name>Pump Coffee</name>
      <description><![CDATA[Priority 3: Coffee-chain backup.<br/>Address: 4150 Mission Blvd Ste 159, San Diego, CA 92109, USA<br/>Approximate runner mile: 114.2.<br/>Nearest runner geometry: approximately 0.30 mi straight-line (not a walking detour).<br/>Verification: Google Places business backup (operational); confirm customer restroom access and hours on race day.<br/>Source: <a href="https://maps.google.com/?cid=17161488117214054755&g_mp=Cilnb29nbGUubWFwcy5wbGFjZXMudjEuUGxhY2VzLlNlYXJjaE5lYXJieRACGAQgAA">official / current listing</a>]]></description>
      <styleUrl>#coffeeBackup</styleUrl>
      <Point><coordinates>-117.2546218,32.7922614,0</coordinates></Point>
    </Placemark>
    <Placemark><name>Pura Vida Miami</name>
      <description><![CDATA[Priority 3: Coffee-chain backup.<br/>Address: 6460 Pacific Coast Hwy #125, Long Beach, CA 90803, USA<br/>Approximate runner mile: 40.2.<br/>Nearest runner geometry: approximately 0.06 mi straight-line (not a walking detour).<br/>Verification: Google Places business backup (operational); confirm customer restroom access and hours on race day.<br/>Source: <a href="https://maps.google.com/?cid=5967861991655736705&g_mp=Cilnb29nbGUubWFwcy5wbGFjZXMudjEuUGxhY2VzLlNlYXJjaE5lYXJieRACGAQgAA">official / current listing</a>]]></description>
      <styleUrl>#coffeeBackup</styleUrl>
      <Point><coordinates>-118.11034189999998,33.7553639,0</coordinates></Point>
    </Placemark>
    <Placemark><name>Queenstage Coffee House</name>
      <description><![CDATA[Priority 3: Coffee-chain backup.<br/>Address: 190 N Coast Hwy 101, Encinitas, CA 92024, USA<br/>Approximate runner mile: 93.6.<br/>Nearest runner geometry: approximately 0.03 mi straight-line (not a walking detour).<br/>Verification: Google Places business backup (operational); confirm customer restroom access and hours on race day.<br/>Source: <a href="https://maps.google.com/?cid=7428837736092665443&g_mp=Cilnb29nbGUubWFwcy5wbGFjZXMudjEuUGxhY2VzLlNlYXJjaE5lYXJieRACGAQgAA">official / current listing</a>]]></description>
      <styleUrl>#coffeeBackup</styleUrl>
      <Point><coordinates>-117.2960078,33.05240880000001,0</coordinates></Point>
    </Placemark>
    <Placemark><name>Queenstown Village</name>
      <description><![CDATA[Priority 3: Coffee-chain backup.<br/>Address: 1044 Wall St, La Jolla, CA 92037, USA<br/>Approximate runner mile: 110.1.<br/>Nearest runner geometry: approximately 0.27 mi straight-line (not a walking detour).<br/>Verification: Google Places business backup (operational); confirm customer restroom access and hours on race day.<br/>Source: <a href="https://maps.google.com/?cid=11004559230695530064&g_mp=Cilnb29nbGUubWFwcy5wbGFjZXMudjEuUGxhY2VzLlNlYXJjaE5lYXJieRACGAQgAA">official / current listing</a>]]></description>
      <styleUrl>#coffeeBackup</styleUrl>
      <Point><coordinates>-117.27353609999999,32.8471174,0</coordinates></Point>
    </Placemark>
    <Placemark><name>Quetzalito Cafe</name>
      <description><![CDATA[Priority 3: Coffee-chain backup.<br/>Address: 1238 E 74th St, Los Angeles, CA 90001, USA<br/>Approximate runner mile: 16.8.<br/>Nearest runner geometry: approximately 0.87 mi straight-line (not a walking detour).<br/>Verification: Google Places business backup (operational); confirm customer restroom access and hours on race day.<br/>Source: <a href="https://maps.google.com/?cid=2830462001055791464&g_mp=Cilnb29nbGUubWFwcy5wbGFjZXMudjEuUGxhY2VzLlNlYXJjaE5lYXJieRACGAQgAA">official / current listing</a>]]></description>
      <styleUrl>#coffeeBackup</styleUrl>
      <Point><coordinates>-118.25298210000001,33.9728609,0</coordinates></Point>
    </Placemark>
    <Placemark><name>Ralph’s Coffee</name>
      <description><![CDATA[Priority 3: Coffee-chain backup.<br/>Address: 401 Newport Center Dr Ste 201A, Newport Beach, CA 92660, USA<br/>Approximate runner mile: 57.5.<br/>Nearest runner geometry: approximately 0.58 mi straight-line (not a walking detour).<br/>Verification: Google Places business backup (operational); confirm customer restroom access and hours on race day.<br/>Source: <a href="https://maps.google.com/?cid=14371962643475279391&g_mp=Cilnb29nbGUubWFwcy5wbGFjZXMudjEuUGxhY2VzLlNlYXJjaE5lYXJieRACGAQgAA">official / current listing</a>]]></description>
      <styleUrl>#coffeeBackup</styleUrl>
      <Point><coordinates>-117.87517939999998,33.6159109,0</coordinates></Point>
    </Placemark>
    <Placemark><name>Rancho Roasters</name>
      <description><![CDATA[Priority 3: Coffee-chain backup.<br/>Address: 1258 Prospect St, La Jolla, CA 92037, USA<br/>Approximate runner mile: 109.9.<br/>Nearest runner geometry: approximately 0.28 mi straight-line (not a walking detour).<br/>Verification: Google Places business backup (operational); confirm customer restroom access and hours on race day.<br/>Source: <a href="https://maps.google.com/?cid=12399723564469699488&g_mp=Cilnb29nbGUubWFwcy5wbGFjZXMudjEuUGxhY2VzLlNlYXJjaE5lYXJieRACGAQgAA">official / current listing</a>]]></description>
      <styleUrl>#coffeeBackup</styleUrl>
      <Point><coordinates>-117.2715807,32.849317899999996,0</coordinates></Point>
    </Placemark>
    <Placemark><name>Rapha Los Angeles</name>
      <description><![CDATA[Priority 3: Coffee-chain backup.<br/>Address: 1347 4th St, Santa Monica, CA 90401, USA<br/>Approximate runner mile: 0.1.<br/>Nearest runner geometry: approximately 0.39 mi straight-line (not a walking detour).<br/>Verification: Google Places business backup (operational); confirm customer restroom access and hours on race day.<br/>Source: <a href="https://maps.google.com/?cid=584400102227062206&g_mp=Cilnb29nbGUubWFwcy5wbGFjZXMudjEuUGxhY2VzLlNlYXJjaE5lYXJieRACGAQgAA">official / current listing</a>]]></description>
      <styleUrl>#coffeeBackup</styleUrl>
      <Point><coordinates>-118.49540850000001,34.016925199999996,0</coordinates></Point>
    </Placemark>
    <Placemark><name>Rapport Coffee &amp; Roasters</name>
      <description><![CDATA[Priority 3: Coffee-chain backup.<br/>Address: 647 Camino De Los Mares #122, San Clemente, CA 92673, USA<br/>Approximate runner mile: 75.5.<br/>Nearest runner geometry: approximately 0.74 mi straight-line (not a walking detour).<br/>Verification: Google Places business backup (operational); confirm customer restroom access and hours on race day.<br/>Source: <a href="https://maps.google.com/?cid=15556867104026732658&g_mp=Cilnb29nbGUubWFwcy5wbGFjZXMudjEuUGxhY2VzLlNlYXJjaE5lYXJieRACGAQgAA">official / current listing</a>]]></description>
      <styleUrl>#coffeeBackup</styleUrl>
      <Point><coordinates>-117.64982189999999,33.4587005,0</coordinates></Point>
    </Placemark>
    <Placemark><name>Rapport Coffee Roasters</name>
      <description><![CDATA[Priority 3: Coffee-chain backup.<br/>Address: 30820 Coast Hwy, Laguna Beach, CA 92651, USA<br/>Approximate runner mile: 67.5.<br/>Nearest runner geometry: approximately 0.05 mi straight-line (not a walking detour).<br/>Verification: Google Places business backup (operational); confirm customer restroom access and hours on race day.<br/>Source: <a href="https://maps.google.com/?cid=3787172687885510170&g_mp=Cilnb29nbGUubWFwcy5wbGFjZXMudjEuUGxhY2VzLlNlYXJjaE5lYXJieRACGAQgAA">official / current listing</a>]]></description>
      <styleUrl>#coffeeBackup</styleUrl>
      <Point><coordinates>-117.7561745,33.5162978,0</coordinates></Point>
    </Placemark>
    <Placemark><name>Read The Room Coffee</name>
      <description><![CDATA[Priority 3: Coffee-chain backup.<br/>Address: 6241 W 87th St, Los Angeles, CA 90045, USA<br/>Approximate runner mile: 8.4.<br/>Nearest runner geometry: approximately 0.75 mi straight-line (not a walking detour).<br/>Verification: Google Places business backup (operational); confirm customer restroom access and hours on race day.<br/>Source: <a href="https://maps.google.com/?cid=7884132416571558847&g_mp=Cilnb29nbGUubWFwcy5wbGFjZXMudjEuUGxhY2VzLlNlYXJjaE5lYXJieRACGAQgAA">official / current listing</a>]]></description>
      <styleUrl>#coffeeBackup</styleUrl>
      <Point><coordinates>-118.39438299999999,33.9587102,0</coordinates></Point>
    </Placemark>
    <Placemark><name>Reborn Coffee</name>
      <description><![CDATA[Priority 3: Coffee-chain backup.<br/>Address: 2933 East Coast Hwy, Corona Del Mar, CA 92625, USA<br/>Approximate runner mile: 58.4.<br/>Nearest runner geometry: approximately 0.01 mi straight-line (not a walking detour).<br/>Verification: Google Places business backup (operational); confirm customer restroom access and hours on race day.<br/>Source: <a href="https://maps.google.com/?cid=9407130977667792377&g_mp=Cilnb29nbGUubWFwcy5wbGFjZXMudjEuUGxhY2VzLlNlYXJjaE5lYXJieRACGAQgAA">official / current listing</a>]]></description>
      <styleUrl>#coffeeBackup</styleUrl>
      <Point><coordinates>-117.87231899999998,33.599128,0</coordinates></Point>
    </Placemark>
    <Placemark><name>Refresh By Ekkamai</name>
      <description><![CDATA[Priority 3: Coffee-chain backup.<br/>Address: 13217 Washington Blvd, Los Angeles, CA 90066, USA<br/>Approximate runner mile: 4.0.<br/>Nearest runner geometry: approximately 0.02 mi straight-line (not a walking detour).<br/>Verification: Google Places business backup (operational); confirm customer restroom access and hours on race day.<br/>Source: <a href="https://maps.google.com/?cid=10275382074264026468&g_mp=Cilnb29nbGUubWFwcy5wbGFjZXMudjEuUGxhY2VzLlNlYXJjaE5lYXJieRACGAQgAA">official / current listing</a>]]></description>
      <styleUrl>#coffeeBackup</styleUrl>
      <Point><coordinates>-118.44212320000001,33.9935514,0</coordinates></Point>
    </Placemark>
    <Placemark><name>Rendez Vous French Bakery &amp; Cafe</name>
      <description><![CDATA[Priority 3: Coffee-chain backup.<br/>Address: 3330 East Coast Hwy, Corona Del Mar, CA 92625, USA<br/>Approximate runner mile: 58.7.<br/>Nearest runner geometry: approximately 0.02 mi straight-line (not a walking detour).<br/>Verification: Google Places business backup (operational); confirm customer restroom access and hours on race day.<br/>Source: <a href="https://maps.google.com/?cid=16646647111792955252&g_mp=Cilnb29nbGUubWFwcy5wbGFjZXMudjEuUGxhY2VzLlNlYXJjaE5lYXJieRACGAQgAA">official / current listing</a>]]></description>
      <styleUrl>#coffeeBackup</styleUrl>
      <Point><coordinates>-117.87023970000001,33.5961104,0</coordinates></Point>
    </Placemark>
    <Placemark><name>Revolution Roasters</name>
      <description><![CDATA[Priority 3: Coffee-chain backup.<br/>Address: 1836 S Coast Hwy, Oceanside, CA 92054, USA<br/>Approximate runner mile: 84.2.<br/>Nearest runner geometry: approximately 0.02 mi straight-line (not a walking detour).<br/>Verification: Google Places business backup (operational); confirm customer restroom access and hours on race day.<br/>Source: <a href="https://maps.google.com/?cid=9377876199536006272&g_mp=Cilnb29nbGUubWFwcy5wbGFjZXMudjEuUGxhY2VzLlNlYXJjaE5lYXJieRACGAQgAA">official / current listing</a>]]></description>
      <styleUrl>#coffeeBackup</styleUrl>
      <Point><coordinates>-117.3609591,33.1741549,0</coordinates></Point>
    </Placemark>
    <Placemark><name>Revolution Roasters</name>
      <description><![CDATA[Priority 3: Coffee-chain backup.<br/>Address: 2956 Roosevelt St, Carlsbad, CA 92008, USA<br/>Approximate runner mile: 85.5.<br/>Nearest runner geometry: approximately 0.25 mi straight-line (not a walking detour).<br/>Verification: Google Places business backup (operational); confirm customer restroom access and hours on race day.<br/>Source: <a href="https://maps.google.com/?cid=6842311013478900371&g_mp=Cilnb29nbGUubWFwcy5wbGFjZXMudjEuUGxhY2VzLlNlYXJjaE5lYXJieRACGAQgAA">official / current listing</a>]]></description>
      <styleUrl>#coffeeBackup</styleUrl>
      <Point><coordinates>-117.3478621,33.1606696,0</coordinates></Point>
    </Placemark>
    <Placemark><name>Rhino Cake and Coffee Company</name>
      <description><![CDATA[Priority 3: Coffee-chain backup.<br/>Address: 10010 N Torrey Pines Rd, La Jolla, CA 92037, USA<br/>Approximate runner mile: 106.0.<br/>Nearest runner geometry: approximately 0.08 mi straight-line (not a walking detour).<br/>Verification: Google Places business backup (operational); confirm customer restroom access and hours on race day.<br/>Source: <a href="https://maps.google.com/?cid=5982490324877787102&g_mp=Cilnb29nbGUubWFwcy5wbGFjZXMudjEuUGxhY2VzLlNlYXJjaE5lYXJieRACGAQgAA">official / current listing</a>]]></description>
      <styleUrl>#coffeeBackup</styleUrl>
      <Point><coordinates>-117.24526139999999,32.8874107,0</coordinates></Point>
    </Placemark>
    <Placemark><name>Rodriguez coffee &amp; juice</name>
      <description><![CDATA[Priority 3: Coffee-chain backup.<br/>Address: 11300 Linden St, Lynwood, CA 90262, USA<br/>Approximate runner mile: 23.2.<br/>Nearest runner geometry: approximately 0.04 mi straight-line (not a walking detour).<br/>Verification: Google Places business backup (operational); confirm customer restroom access and hours on race day.<br/>Source: <a href="https://maps.google.com/?cid=6526879379702725333&g_mp=Cilnb29nbGUubWFwcy5wbGFjZXMudjEuUGxhY2VzLlNlYXJjaE5lYXJieRACGAQgAA">official / current listing</a>]]></description>
      <styleUrl>#coffeeBackup</styleUrl>
      <Point><coordinates>-118.187478,33.9235192,0</coordinates></Point>
    </Placemark>
    <Placemark><name>Rose Bakery Cafe</name>
      <description><![CDATA[Priority 3: Coffee-chain backup.<br/>Address: 3536 East Coast Hwy C, Corona Del Mar, CA 92625, USA<br/>Approximate runner mile: 58.8.<br/>Nearest runner geometry: approximately 0.01 mi straight-line (not a walking detour).<br/>Verification: Google Places business backup (operational); confirm customer restroom access and hours on race day.<br/>Source: <a href="https://maps.google.com/?cid=14568916009237927013&g_mp=Cilnb29nbGUubWFwcy5wbGFjZXMudjEuUGxhY2VzLlNlYXJjaE5lYXJieRACGAQgAA">official / current listing</a>]]></description>
      <styleUrl>#coffeeBackup</styleUrl>
      <Point><coordinates>-117.8687103,33.594883599999996,0</coordinates></Point>
    </Placemark>
    <Placemark><name>Rose Donuts And Ice Cream</name>
      <description><![CDATA[Priority 3: Coffee-chain backup.<br/>Address: 917 N La Brea Ave #2207, Inglewood, CA 90302, USA<br/>Approximate runner mile: 10.7.<br/>Nearest runner geometry: approximately 0.91 mi straight-line (not a walking detour).<br/>Verification: Google Places business backup (operational); confirm customer restroom access and hours on race day.<br/>Source: <a href="https://maps.google.com/?cid=9873526816248690540&g_mp=Cilnb29nbGUubWFwcy5wbGFjZXMudjEuUGxhY2VzLlNlYXJjaE5lYXJieRACGAQgAA">official / current listing</a>]]></description>
      <styleUrl>#coffeeBackup</styleUrl>
      <Point><coordinates>-118.35824600000001,33.975059,0</coordinates></Point>
    </Placemark>
    <Placemark><name>Rye Goods</name>
      <description><![CDATA[Priority 3: Coffee-chain backup.<br/>Address: 384 Forest Ave #4, Laguna Beach, CA 92651, USA<br/>Approximate runner mile: 65.1.<br/>Nearest runner geometry: approximately 0.20 mi straight-line (not a walking detour).<br/>Verification: Google Places business backup (operational); confirm customer restroom access and hours on race day.<br/>Source: <a href="https://maps.google.com/?cid=13318095631220159097&g_mp=Cilnb29nbGUubWFwcy5wbGFjZXMudjEuUGxhY2VzLlNlYXJjaE5lYXJieRACGAQgAA">official / current listing</a>]]></description>
      <styleUrl>#coffeeBackup</styleUrl>
      <Point><coordinates>-117.78199579999999,33.5446002,0</coordinates></Point>
    </Placemark>
    <Placemark><name>SACHI.LA</name>
      <description><![CDATA[Priority 3: Coffee-chain backup.<br/>Address: 4574 S Centinela Ave, Los Angeles, CA 90066, USA<br/>Approximate runner mile: 5.6.<br/>Nearest runner geometry: approximately 0.31 mi straight-line (not a walking detour).<br/>Verification: Google Places business backup (operational); confirm customer restroom access and hours on race day.<br/>Source: <a href="https://maps.google.com/?cid=1572212271287091828&g_mp=Cilnb29nbGUubWFwcy5wbGFjZXMudjEuUGxhY2VzLlNlYXJjaE5lYXJieRACGAQgAA">official / current listing</a>]]></description>
      <styleUrl>#coffeeBackup</styleUrl>
      <Point><coordinates>-118.421465,33.991626,0</coordinates></Point>
    </Placemark>
    <Placemark><name>SALT&amp;FOAM COFFEE</name>
      <description><![CDATA[Priority 3: Coffee-chain backup.<br/>Address: 2233 W Balboa Blvd #105, Newport Beach, CA 92663, USA<br/>Approximate runner mile: 55.0.<br/>Nearest runner geometry: approximately 0.77 mi straight-line (not a walking detour).<br/>Verification: Google Places business backup (operational); confirm customer restroom access and hours on race day.<br/>Source: <a href="https://maps.google.com/?cid=16434368226717283599&g_mp=Cilnb29nbGUubWFwcy5wbGFjZXMudjEuUGxhY2VzLlNlYXJjaE5lYXJieRACGAQgAA">official / current listing</a>]]></description>
      <styleUrl>#coffeeBackup</styleUrl>
      <Point><coordinates>-117.92906499999998,33.6098366,0</coordinates></Point>
    </Placemark>
    <Placemark><name>SC Mexican Food</name>
      <description><![CDATA[Priority 3: Coffee-chain backup.<br/>Address: 101 W El Portal, San Clemente, CA 92672, USA<br/>Approximate runner mile: 78.1.<br/>Nearest runner geometry: approximately 0.05 mi straight-line (not a walking detour).<br/>Verification: Google Places business backup (operational); confirm customer restroom access and hours on race day.<br/>Source: <a href="https://maps.google.com/?cid=7734963707969367521&g_mp=Cilnb29nbGUubWFwcy5wbGFjZXMudjEuUGxhY2VzLlNlYXJjaE5lYXJieRACGAQgAA">official / current listing</a>]]></description>
      <styleUrl>#coffeeBackup</styleUrl>
      <Point><coordinates>-117.6215954,33.4303893,0</coordinates></Point>
    </Placemark>
    <Placemark><name>SENNA COFFEE</name>
      <description><![CDATA[Priority 3: Coffee-chain backup.<br/>Address: Vía Marina &, Panay Way, Marina Del Rey, CA 90292, USA<br/>Approximate runner mile: 2.9.<br/>Nearest runner geometry: approximately 0.61 mi straight-line (not a walking detour).<br/>Verification: Google Places business backup (closed temporarily); confirm customer restroom access and hours on race day.<br/>Source: <a href="https://maps.google.com/?cid=7144453428386912368&g_mp=Cilnb29nbGUubWFwcy5wbGFjZXMudjEuUGxhY2VzLlNlYXJjaE5lYXJieRACGAQgAA">official / current listing</a>]]></description>
      <styleUrl>#coffeeBackup</styleUrl>
      <Point><coordinates>-118.4587291,33.9792073,0</coordinates></Point>
    </Placemark>
    <Placemark><name>Saba Coffee Shop</name>
      <description><![CDATA[Priority 3: Coffee-chain backup.<br/>Address: 12912 Venice Blvd., Los Angeles, CA 90066, USA<br/>Approximate runner mile: 4.2.<br/>Nearest runner geometry: approximately 0.35 mi straight-line (not a walking detour).<br/>Verification: Google Places business backup (operational); confirm customer restroom access and hours on race day.<br/>Source: <a href="https://maps.google.com/?cid=13335528997304693572&g_mp=Cilnb29nbGUubWFwcy5wbGFjZXMudjEuUGxhY2VzLlNlYXJjaE5lYXJieRACGAQgAA">official / current listing</a>]]></description>
      <styleUrl>#coffeeBackup</styleUrl>
      <Point><coordinates>-118.4414794,33.999333799999995,0</coordinates></Point>
    </Placemark>
    <Placemark><name>Saby's Coffee &amp; Kitchen</name>
      <description><![CDATA[Priority 3: Coffee-chain backup.<br/>Address: 12900 Venice Blvd., Los Angeles, CA 90066, USA<br/>Approximate runner mile: 4.3.<br/>Nearest runner geometry: approximately 0.35 mi straight-line (not a walking detour).<br/>Verification: Google Places business backup (operational); confirm customer restroom access and hours on race day.<br/>Source: <a href="https://maps.google.com/?cid=16956399452825144&g_mp=Cilnb29nbGUubWFwcy5wbGFjZXMudjEuUGxhY2VzLlNlYXJjaE5lYXJieRACGAQgAA">official / current listing</a>]]></description>
      <styleUrl>#coffeeBackup</styleUrl>
      <Point><coordinates>-118.4411885,33.9995085,0</coordinates></Point>
    </Placemark>
    <Placemark><name>Saint Maxime coffee</name>
      <description><![CDATA[Priority 3: Coffee-chain backup.<br/>Address: 560 Rose Ave, Venice, CA 90291, USA<br/>Approximate runner mile: 1.7.<br/>Nearest runner geometry: approximately 0.36 mi straight-line (not a walking detour).<br/>Verification: Google Places business backup (closed temporarily); confirm customer restroom access and hours on race day.<br/>Source: <a href="https://maps.google.com/?cid=4400782377196981843&g_mp=Cilnb29nbGUubWFwcy5wbGFjZXMudjEuUGxhY2VzLlNlYXJjaE5lYXJieRACGAQgAA">official / current listing</a>]]></description>
      <styleUrl>#coffeeBackup</styleUrl>
      <Point><coordinates>-118.47216569999998,33.9987975,0</coordinates></Point>
    </Placemark>
    <Placemark><name>Santa Monica Cafe</name>
      <description><![CDATA[Priority 3: Coffee-chain backup.<br/>Address: 1447 Ocean Ave, Santa Monica, CA 90401, USA<br/>Approximate runner mile: 0.1.<br/>Nearest runner geometry: approximately 0.16 mi straight-line (not a walking detour).<br/>Verification: Google Places business backup (operational); confirm customer restroom access and hours on race day.<br/>Source: <a href="https://maps.google.com/?cid=1401219121205970710&g_mp=Cilnb29nbGUubWFwcy5wbGFjZXMudjEuUGxhY2VzLlNlYXJjaE5lYXJieRACGAQgAA">official / current listing</a>]]></description>
      <styleUrl>#coffeeBackup</styleUrl>
      <Point><coordinates>-118.49657789999999,34.0132024,0</coordinates></Point>
    </Placemark>
    <Placemark><name>Santa Monica Visitor Center &amp; Cafe</name>
      <description><![CDATA[Priority 3: Coffee-chain backup.<br/>Address: 1447 Ocean Ave, Santa Monica, CA 90401, USA<br/>Approximate runner mile: 0.1.<br/>Nearest runner geometry: approximately 0.16 mi straight-line (not a walking detour).<br/>Verification: Google Places business backup (operational); confirm customer restroom access and hours on race day.<br/>Source: <a href="https://maps.google.com/?cid=3972030736003851007&g_mp=Cilnb29nbGUubWFwcy5wbGFjZXMudjEuUGxhY2VzLlNlYXJjaE5lYXJieRACGAQgAA">official / current listing</a>]]></description>
      <styleUrl>#coffeeBackup</styleUrl>
      <Point><coordinates>-118.49657789999999,34.0132024,0</coordinates></Point>
    </Placemark>
    <Placemark><name>Scoops La Jolla</name>
      <description><![CDATA[Priority 3: Coffee-chain backup.<br/>Address: 2179 Avenida De La Playa, La Jolla, CA 92037, USA<br/>Approximate runner mile: 108.8.<br/>Nearest runner geometry: approximately 0.12 mi straight-line (not a walking detour).<br/>Verification: Google Places business backup (operational); confirm customer restroom access and hours on race day.<br/>Source: <a href="https://maps.google.com/?cid=8223101133046845779&g_mp=Cilnb29nbGUubWFwcy5wbGFjZXMudjEuUGxhY2VzLlNlYXJjaE5lYXJieRACGAQgAA">official / current listing</a>]]></description>
      <styleUrl>#coffeeBackup</styleUrl>
      <Point><coordinates>-117.2559229,32.8536376,0</coordinates></Point>
    </Placemark>
    <Placemark><name>Second Nature</name>
      <description><![CDATA[Priority 3: Coffee-chain backup.<br/>Address: 5026 Cass St, San Diego, CA 92109, USA<br/>Approximate runner mile: 113.6.<br/>Nearest runner geometry: approximately 0.22 mi straight-line (not a walking detour).<br/>Verification: Google Places business backup (operational); confirm customer restroom access and hours on race day.<br/>Source: <a href="https://maps.google.com/?cid=12066722113876289503&g_mp=Cilnb29nbGUubWFwcy5wbGFjZXMudjEuUGxhY2VzLlNlYXJjaE5lYXJieRACGAQgAA">official / current listing</a>]]></description>
      <styleUrl>#coffeeBackup</styleUrl>
      <Point><coordinates>-117.2548453,32.8064252,0</coordinates></Point>
    </Placemark>
    <Placemark><name>Sesame Dinette</name>
      <description><![CDATA[Priority 3: Coffee-chain backup.<br/>Address: 1750 Pacific Ave Unit B, Long Beach, CA 90813, USA<br/>Approximate runner mile: 34.2.<br/>Nearest runner geometry: approximately 0.05 mi straight-line (not a walking detour).<br/>Verification: Google Places business backup (operational); confirm customer restroom access and hours on race day.<br/>Source: <a href="https://maps.google.com/?cid=61502459549581311&g_mp=Cilnb29nbGUubWFwcy5wbGFjZXMudjEuUGxhY2VzLlNlYXJjaE5lYXJieRACGAQgAA">official / current listing</a>]]></description>
      <styleUrl>#coffeeBackup</styleUrl>
      <Point><coordinates>-118.19333150000001,33.7890252,0</coordinates></Point>
    </Placemark>
    <Placemark><name>Set Forth Coffee</name>
      <description><![CDATA[Priority 3: Coffee-chain backup.<br/>Address: 1335 Loma Ave, Long Beach, CA 90804, USA<br/>Approximate runner mile: 36.6.<br/>Nearest runner geometry: approximately 0.44 mi straight-line (not a walking detour).<br/>Verification: Google Places business backup (closed temporarily); confirm customer restroom access and hours on race day.<br/>Source: <a href="https://maps.google.com/?cid=915478026289717530&g_mp=Cilnb29nbGUubWFwcy5wbGFjZXMudjEuUGxhY2VzLlNlYXJjaE5lYXJieRACGAQgAA">official / current listing</a>]]></description>
      <styleUrl>#coffeeBackup</styleUrl>
      <Point><coordinates>-118.150366,33.7834079,0</coordinates></Point>
    </Placemark>
    <Placemark><name>Seven Seas Roasting Co.</name>
      <description><![CDATA[Priority 3: Coffee-chain backup.<br/>Address: 2100 N Coast Hwy 101, Encinitas, CA 92024, USA<br/>Approximate runner mile: 91.4.<br/>Nearest runner geometry: approximately 0.03 mi straight-line (not a walking detour).<br/>Verification: Google Places business backup (operational); confirm customer restroom access and hours on race day.<br/>Source: <a href="https://maps.google.com/?cid=4639377258886319544&g_mp=Cilnb29nbGUubWFwcy5wbGFjZXMudjEuUGxhY2VzLlNlYXJjaE5lYXJieRACGAQgAA">official / current listing</a>]]></description>
      <styleUrl>#coffeeBackup</styleUrl>
      <Point><coordinates>-117.30916760000001,33.0823586,0</coordinates></Point>
    </Placemark>
    <Placemark><name>Seven Seas Roasting Co. Solana Beach</name>
      <description><![CDATA[Priority 3: Coffee-chain backup.<br/>Address: 312 S Cedros Ave, Solana Beach, CA 92075, USA<br/>Approximate runner mile: 98.3.<br/>Nearest runner geometry: approximately 0.07 mi straight-line (not a walking detour).<br/>Verification: Google Places business backup (operational); confirm customer restroom access and hours on race day.<br/>Source: <a href="https://maps.google.com/?cid=296894209622789334&g_mp=Cilnb29nbGUubWFwcy5wbGFjZXMudjEuUGxhY2VzLlNlYXJjaE5lYXJieRACGAQgAA">official / current listing</a>]]></description>
      <styleUrl>#coffeeBackup</styleUrl>
      <Point><coordinates>-117.2697472,32.989283799999995,0</coordinates></Point>
    </Placemark>
    <Placemark><name>Shorehouse Kitchen</name>
      <description><![CDATA[Priority 3: Coffee-chain backup.<br/>Address: 2236 Avenida De La Playa, La Jolla, CA 92037, USA<br/>Approximate runner mile: 108.8.<br/>Nearest runner geometry: approximately 0.04 mi straight-line (not a walking detour).<br/>Verification: Google Places business backup (operational); confirm customer restroom access and hours on race day.<br/>Source: <a href="https://maps.google.com/?cid=813096895555494495&g_mp=Cilnb29nbGUubWFwcy5wbGFjZXMudjEuUGxhY2VzLlNlYXJjaE5lYXJieRACGAQgAA">official / current listing</a>]]></description>
      <styleUrl>#coffeeBackup</styleUrl>
      <Point><coordinates>-117.25461389999998,32.854006,0</coordinates></Point>
    </Placemark>
    <Placemark><name>Sierra Mexican Cafe</name>
      <description><![CDATA[Priority 3: Coffee-chain backup.<br/>Address: 3008 Tweedy Blvd, South Gate, CA 90280, USA<br/>Approximate runner mile: 19.1.<br/>Nearest runner geometry: approximately 0.68 mi straight-line (not a walking detour).<br/>Verification: Google Places business backup (operational); confirm customer restroom access and hours on race day.<br/>Source: <a href="https://maps.google.com/?cid=7155571301797451008&g_mp=Cilnb29nbGUubWFwcy5wbGFjZXMudjEuUGxhY2VzLlNlYXJjaE5lYXJieRACGAQgAA">official / current listing</a>]]></description>
      <styleUrl>#coffeeBackup</styleUrl>
      <Point><coordinates>-118.2183948,33.9454267,0</coordinates></Point>
    </Placemark>
    <Placemark><name>Sip-N-Sea: Coffee + Açaí</name>
      <description><![CDATA[Priority 3: Coffee-chain backup.<br/>Address: 1488 N Coast Hwy 101, Encinitas, CA 92024, USA<br/>Approximate runner mile: 92.1.<br/>Nearest runner geometry: approximately 0.02 mi straight-line (not a walking detour).<br/>Verification: Google Places business backup (operational); confirm customer restroom access and hours on race day.<br/>Source: <a href="https://maps.google.com/?cid=7861085821027430793&g_mp=Cilnb29nbGUubWFwcy5wbGFjZXMudjEuUGxhY2VzLlNlYXJjaE5lYXJieRACGAQgAA">official / current listing</a>]]></description>
      <styleUrl>#coffeeBackup</styleUrl>
      <Point><coordinates>-117.3053862,33.0732441,0</coordinates></Point>
    </Placemark>
    <Placemark><name>Snack bar</name>
      <description><![CDATA[Priority 3: Coffee-chain backup.<br/>Address: 3737 Martin Luther King Jr Blvd, Lynwood, CA 90262, USA<br/>Approximate runner mile: 23.1.<br/>Nearest runner geometry: approximately 0.86 mi straight-line (not a walking detour).<br/>Verification: Google Places business backup (operational); confirm customer restroom access and hours on race day.<br/>Source: <a href="https://maps.google.com/?cid=6778543528111611876&g_mp=Cilnb29nbGUubWFwcy5wbGFjZXMudjEuUGxhY2VzLlNlYXJjaE5lYXJieRACGAQgAA">official / current listing</a>]]></description>
      <styleUrl>#coffeeBackup</styleUrl>
      <Point><coordinates>-118.20027999999999,33.9288011,0</coordinates></Point>
    </Placemark>
    <Placemark><name>Sneaky Good Coffee</name>
      <description><![CDATA[Priority 3: Coffee-chain backup.<br/>Address: 1919 Lincoln Blvd, Venice, CA 90291, USA<br/>Approximate runner mile: 3.1.<br/>Nearest runner geometry: approximately 0.51 mi straight-line (not a walking detour).<br/>Verification: Google Places business backup (operational); confirm customer restroom access and hours on race day.<br/>Source: <a href="https://maps.google.com/?cid=8164294856462701439&g_mp=Cilnb29nbGUubWFwcy5wbGFjZXMudjEuUGxhY2VzLlNlYXJjaE5lYXJieRACGAQgAA">official / current listing</a>]]></description>
      <styleUrl>#coffeeBackup</styleUrl>
      <Point><coordinates>-118.45649859999999,33.9956799,0</coordinates></Point>
    </Placemark>
    <Placemark><name>Snooze, an A.M. Eatery</name>
      <description><![CDATA[Priority 3: Coffee-chain backup.<br/>Address: 8861 Villa La Jolla Dr #509, La Jolla, CA 92037, USA<br/>Approximate runner mile: 107.0.<br/>Nearest runner geometry: approximately 0.78 mi straight-line (not a walking detour).<br/>Verification: Google Places business backup (operational); confirm customer restroom access and hours on race day.<br/>Source: <a href="https://maps.google.com/?cid=12607448559640807797&g_mp=Cilnb29nbGUubWFwcy5wbGFjZXMudjEuUGxhY2VzLlNlYXJjaE5lYXJieRACGAQgAA">official / current listing</a>]]></description>
      <styleUrl>#coffeeBackup</styleUrl>
      <Point><coordinates>-117.23253500000001,32.8694437,0</coordinates></Point>
    </Placemark>
    <Placemark><name>So Sentimental</name>
      <description><![CDATA[Priority 3: Coffee-chain backup.<br/>Address: 1145-1147 Loma Ave, Long Beach, CA 90804, USA<br/>Approximate runner mile: 36.6.<br/>Nearest runner geometry: approximately 0.56 mi straight-line (not a walking detour).<br/>Verification: Google Places business backup (operational); confirm customer restroom access and hours on race day.<br/>Source: <a href="https://maps.google.com/?cid=11323068698047237412&g_mp=Cilnb29nbGUubWFwcy5wbGFjZXMudjEuUGxhY2VzLlNlYXJjaE5lYXJieRACGAQgAA">official / current listing</a>]]></description>
      <styleUrl>#coffeeBackup</styleUrl>
      <Point><coordinates>-118.1504515,33.7816324,0</coordinates></Point>
    </Placemark>
    <Placemark><name>Spill The Beans Coffee and Bagels</name>
      <description><![CDATA[Priority 3: Coffee-chain backup.<br/>Address: 980 Garnet Ave, San Diego, CA 92109, USA<br/>Approximate runner mile: 114.4.<br/>Nearest runner geometry: approximately 0.02 mi straight-line (not a walking detour).<br/>Verification: Google Places business backup (operational); confirm customer restroom access and hours on race day.<br/>Source: <a href="https://maps.google.com/?cid=18151749934665652385&g_mp=Cilnb29nbGUubWFwcy5wbGFjZXMudjEuUGxhY2VzLlNlYXJjaE5lYXJieRACGAQgAA">official / current listing</a>]]></description>
      <styleUrl>#coffeeBackup</styleUrl>
      <Point><coordinates>-117.25203859999999,32.7974929,0</coordinates></Point>
    </Placemark>
    <Placemark><name>Starbucks</name>
      <description><![CDATA[Priority 3: Coffee-chain backup.<br/>Address: Macy's 2nd Floor, 6200 Slauson Ave, Culver City, CA 90230, USA<br/>Approximate runner mile: 7.2.<br/>Nearest runner geometry: approximately 0.34 mi straight-line (not a walking detour).<br/>Verification: Google Places business backup (operational); confirm customer restroom access and hours on race day.<br/>Source: <a href="https://maps.google.com/?cid=11801494892992620319&g_mp=Cilnb29nbGUubWFwcy5wbGFjZXMudjEuUGxhY2VzLlNlYXJjaE5lYXJieRACGAQgAA">official / current listing</a>]]></description>
      <styleUrl>#coffeeBackup</styleUrl>
      <Point><coordinates>-118.39352,33.98643,0</coordinates></Point>
    </Placemark>
    <Placemark><name>Starbucks</name>
      <description><![CDATA[Priority 3: Coffee-chain backup.<br/>Address: Ralphs, 5245 W Centinela Ave, Los Angeles, CA 90045, USA<br/>Approximate runner mile: 9.0.<br/>Nearest runner geometry: approximately 0.95 mi straight-line (not a walking detour).<br/>Verification: Google Places business backup (operational); confirm customer restroom access and hours on race day.<br/>Source: <a href="https://maps.google.com/?cid=15540945136854980187&g_mp=Cilnb29nbGUubWFwcy5wbGFjZXMudjEuUGxhY2VzLlNlYXJjaE5lYXJieRACGAQgAA">official / current listing</a>]]></description>
      <styleUrl>#coffeeBackup</styleUrl>
      <Point><coordinates>-118.37126219999999,33.9789945,0</coordinates></Point>
    </Placemark>
    <Placemark><name>Starbucks</name>
      <description><![CDATA[Priority 3: Coffee-chain backup.<br/>Address: 3451 W Century Blvd, Inglewood, CA 90303, USA<br/>Approximate runner mile: 12.2.<br/>Nearest runner geometry: approximately 0.83 mi straight-line (not a walking detour).<br/>Verification: Google Places business backup (operational); confirm customer restroom access and hours on race day.<br/>Source: <a href="https://maps.google.com/?cid=18178528044439677032&g_mp=Cilnb29nbGUubWFwcy5wbGFjZXMudjEuUGxhY2VzLlNlYXJjaE5lYXJieRACGAQgAA">official / current listing</a>]]></description>
      <styleUrl>#coffeeBackup</styleUrl>
      <Point><coordinates>-118.3330033,33.948140599999995,0</coordinates></Point>
    </Placemark>
    <Placemark><name>Starbucks</name>
      <description><![CDATA[Priority 3: Coffee-chain backup.<br/>Address: 1730 W Manchester Ave, Los Angeles, CA 90047, USA<br/>Approximate runner mile: 13.7.<br/>Nearest runner geometry: approximately 0.02 mi straight-line (not a walking detour).<br/>Verification: Google Places business backup (operational); confirm customer restroom access and hours on race day.<br/>Source: <a href="https://maps.google.com/?cid=7104025061498419886&g_mp=Cilnb29nbGUubWFwcy5wbGFjZXMudjEuUGxhY2VzLlNlYXJjaE5lYXJieRACGAQgAA">official / current listing</a>]]></description>
      <styleUrl>#coffeeBackup</styleUrl>
      <Point><coordinates>-118.30791999999998,33.95951,0</coordinates></Point>
    </Placemark>
    <Placemark><name>Starbucks</name>
      <description><![CDATA[Priority 3: Coffee-chain backup.<br/>Address: 2250 Firestone Blvd, Los Angeles, CA 90002, USA<br/>Approximate runner mile: 18.2.<br/>Nearest runner geometry: approximately 0.02 mi straight-line (not a walking detour).<br/>Verification: Google Places business backup (operational); confirm customer restroom access and hours on race day.<br/>Source: <a href="https://maps.google.com/?cid=2999900922891115751&g_mp=Cilnb29nbGUubWFwcy5wbGFjZXMudjEuUGxhY2VzLlNlYXJjaE5lYXJieRACGAQgAA">official / current listing</a>]]></description>
      <styleUrl>#coffeeBackup</styleUrl>
      <Point><coordinates>-118.2322956,33.957937199999996,0</coordinates></Point>
    </Placemark>
    <Placemark><name>Starbucks</name>
      <description><![CDATA[Priority 3: Coffee-chain backup.<br/>Address: 2449 E Century Blvd, Los Angeles, CA 90002, USA<br/>Approximate runner mile: 18.6.<br/>Nearest runner geometry: approximately 0.68 mi straight-line (not a walking detour).<br/>Verification: Google Places business backup (operational); confirm customer restroom access and hours on race day.<br/>Source: <a href="https://maps.google.com/?cid=8517882502435577165&g_mp=Cilnb29nbGUubWFwcy5wbGFjZXMudjEuUGxhY2VzLlNlYXJjaE5lYXJieRACGAQgAA">official / current listing</a>]]></description>
      <styleUrl>#coffeeBackup</styleUrl>
      <Point><coordinates>-118.22919999999999,33.946819999999995,0</coordinates></Point>
    </Placemark>
    <Placemark><name>Starbucks</name>
      <description><![CDATA[Priority 3: Coffee-chain backup.<br/>Address: 695 E Artesia Blvd, Long Beach, CA 90805, USA<br/>Approximate runner mile: 27.4.<br/>Nearest runner geometry: approximately 0.28 mi straight-line (not a walking detour).<br/>Verification: Google Places business backup (operational); confirm customer restroom access and hours on race day.<br/>Source: <a href="https://maps.google.com/?cid=4257948843977093554&g_mp=Cilnb29nbGUubWFwcy5wbGFjZXMudjEuUGxhY2VzLlNlYXJjaE5lYXJieRACGAQgAA">official / current listing</a>]]></description>
      <styleUrl>#coffeeBackup</styleUrl>
      <Point><coordinates>-118.18430000000001,33.874863,0</coordinates></Point>
    </Placemark>
    <Placemark><name>Starbucks</name>
      <description><![CDATA[Priority 3: Coffee-chain backup.<br/>Address: 5353 Atlantic Ave, Long Beach, CA 90805, USA<br/>Approximate runner mile: 28.7.<br/>Nearest runner geometry: approximately 0.84 mi straight-line (not a walking detour).<br/>Verification: Google Places business backup (operational); confirm customer restroom access and hours on race day.<br/>Source: <a href="https://maps.google.com/?cid=17442859006371274790&g_mp=Cilnb29nbGUubWFwcy5wbGFjZXMudjEuUGxhY2VzLlNlYXJjaE5lYXJieRACGAQgAA">official / current listing</a>]]></description>
      <styleUrl>#coffeeBackup</styleUrl>
      <Point><coordinates>-118.18517569999999,33.853319899999995,0</coordinates></Point>
    </Placemark>
    <Placemark><name>Starbucks</name>
      <description><![CDATA[Priority 3: Coffee-chain backup.<br/>Address: 377 Pacific Coast Hwy, Newport Beach, CA 92657, USA<br/>Approximate runner mile: 56.4.<br/>Nearest runner geometry: approximately 0.02 mi straight-line (not a walking detour).<br/>Verification: Google Places business backup (operational); confirm customer restroom access and hours on race day.<br/>Source: <a href="https://maps.google.com/?cid=478680158176384540&g_mp=Cilnb29nbGUubWFwcy5wbGFjZXMudjEuUGxhY2VzLlNlYXJjaE5lYXJieRACGAQgAA">official / current listing</a>]]></description>
      <styleUrl>#coffeeBackup</styleUrl>
      <Point><coordinates>-117.8996291,33.6156211,0</coordinates></Point>
    </Placemark>
    <Placemark><name>Starbucks</name>
      <description><![CDATA[Priority 3: Coffee-chain backup.<br/>Address: 34297 Pacific Coast Hwy, Dana Point, CA 92629, USA<br/>Approximate runner mile: 73.4.<br/>Nearest runner geometry: approximately 0.09 mi straight-line (not a walking detour).<br/>Verification: Google Places business backup (operational); confirm customer restroom access and hours on race day.<br/>Source: <a href="https://maps.google.com/?cid=15517818833172294956&g_mp=Cilnb29nbGUubWFwcy5wbGFjZXMudjEuUGxhY2VzLlNlYXJjaE5lYXJieRACGAQgAA">official / current listing</a>]]></description>
      <styleUrl>#coffeeBackup</styleUrl>
      <Point><coordinates>-117.68834000000001,33.46505,0</coordinates></Point>
    </Placemark>
    <Placemark><name>Starbucks</name>
      <description><![CDATA[Priority 3: Coffee-chain backup.<br/>Address: 620 Avenida Pico, San Clemente, CA 92673, USA<br/>Approximate runner mile: 78.0.<br/>Nearest runner geometry: approximately 0.51 mi straight-line (not a walking detour).<br/>Verification: Google Places business backup (operational); confirm customer restroom access and hours on race day.<br/>Source: <a href="https://maps.google.com/?cid=5983533832533390032&g_mp=Cilnb29nbGUubWFwcy5wbGFjZXMudjEuUGxhY2VzLlNlYXJjaE5lYXJieRACGAQgAA">official / current listing</a>]]></description>
      <styleUrl>#coffeeBackup</styleUrl>
      <Point><coordinates>-117.62059,33.43929,0</coordinates></Point>
    </Placemark>
    <Placemark><name>Starbucks</name>
      <description><![CDATA[Priority 3: Coffee-chain backup.<br/>Address: Encinitas, CA 92024, USA<br/>Approximate runner mile: 92.7.<br/>Nearest runner geometry: approximately 0.02 mi straight-line (not a walking detour).<br/>Verification: Google Places business backup (operational); confirm customer restroom access and hours on race day.<br/>Source: <a href="https://maps.google.com/?cid=281562832466786017&g_mp=Cilnb29nbGUubWFwcy5wbGFjZXMudjEuUGxhY2VzLlNlYXJjaE5lYXJieRACGAQgAA">official / current listing</a>]]></description>
      <styleUrl>#coffeeBackup</styleUrl>
      <Point><coordinates>-117.30170710000002,33.0644311,0</coordinates></Point>
    </Placemark>
    <Placemark><name>Starbucks</name>
      <description><![CDATA[Priority 3: Coffee-chain backup.<br/>Address: 1641 Grand Ave, San Diego, CA 92109, USA<br/>Approximate runner mile: 115.2.<br/>Nearest runner geometry: approximately 0.15 mi straight-line (not a walking detour).<br/>Verification: Google Places business backup (operational); confirm customer restroom access and hours on race day.<br/>Source: <a href="https://maps.google.com/?cid=8233346889025829084&g_mp=Cilnb29nbGUubWFwcy5wbGFjZXMudjEuUGxhY2VzLlNlYXJjaE5lYXJieRACGAQgAA">official / current listing</a>]]></description>
      <styleUrl>#coffeeBackup</styleUrl>
      <Point><coordinates>-117.23931999999999,32.79779,0</coordinates></Point>
    </Placemark>
    <Placemark><name>Starbucks Coffee Company</name>
      <description><![CDATA[Priority 3: Coffee-chain backup.<br/>Address: 1356 3rd Street Promenade, Santa Monica, CA 90401, USA<br/>Approximate runner mile: 0.1.<br/>Nearest runner geometry: approximately 0.32 mi straight-line (not a walking detour).<br/>Verification: Google Places business backup (operational); confirm customer restroom access and hours on race day.<br/>Source: <a href="https://maps.google.com/?cid=7810790470281470418&g_mp=Cilnb29nbGUubWFwcy5wbGFjZXMudjEuUGxhY2VzLlNlYXJjaE5lYXJieRACGAQgAA">official / current listing</a>]]></description>
      <styleUrl>#coffeeBackup</styleUrl>
      <Point><coordinates>-118.49646999999999,34.015789999999996,0</coordinates></Point>
    </Placemark>
    <Placemark><name>Starbucks Coffee Company</name>
      <description><![CDATA[Priority 3: Coffee-chain backup.<br/>Address: 2901 Main St, Santa Monica, CA 90405, USA<br/>Approximate runner mile: 1.3.<br/>Nearest runner geometry: approximately 0.02 mi straight-line (not a walking detour).<br/>Verification: Google Places business backup (operational); confirm customer restroom access and hours on race day.<br/>Source: <a href="https://maps.google.com/?cid=4619201171881842295&g_mp=Cilnb29nbGUubWFwcy5wbGFjZXMudjEuUGxhY2VzLlNlYXJjaE5lYXJieRACGAQgAA">official / current listing</a>]]></description>
      <styleUrl>#coffeeBackup</styleUrl>
      <Point><coordinates>-118.48086999999998,33.99953,0</coordinates></Point>
    </Placemark>
    <Placemark><name>Starbucks Coffee Company</name>
      <description><![CDATA[Priority 3: Coffee-chain backup.<br/>Address: 3020 Lincoln Blvd, Santa Monica, CA 90405, USA<br/>Approximate runner mile: 1.5.<br/>Nearest runner geometry: approximately 0.58 mi straight-line (not a walking detour).<br/>Verification: Google Places business backup (operational); confirm customer restroom access and hours on race day.<br/>Source: <a href="https://maps.google.com/?cid=7754885718374342806&g_mp=Cilnb29nbGUubWFwcy5wbGFjZXMudjEuUGxhY2VzLlNlYXJjaE5lYXJieRACGAQgAA">official / current listing</a>]]></description>
      <styleUrl>#coffeeBackup</styleUrl>
      <Point><coordinates>-118.47196,34.00345,0</coordinates></Point>
    </Placemark>
    <Placemark><name>Starbucks Coffee Company</name>
      <description><![CDATA[Priority 3: Coffee-chain backup.<br/>Address: 12404 Venice Blvd., Los Angeles, CA 90066, USA<br/>Approximate runner mile: 4.5.<br/>Nearest runner geometry: approximately 0.45 mi straight-line (not a walking detour).<br/>Verification: Google Places business backup (operational); confirm customer restroom access and hours on race day.<br/>Source: <a href="https://maps.google.com/?cid=1915490453150250490&g_mp=Cilnb29nbGUubWFwcy5wbGFjZXMudjEuUGxhY2VzLlNlYXJjaE5lYXJieRACGAQgAA">official / current listing</a>]]></description>
      <styleUrl>#coffeeBackup</styleUrl>
      <Point><coordinates>-118.43369999999999,34.00324,0</coordinates></Point>
    </Placemark>
    <Placemark><name>Starbucks Coffee Company</name>
      <description><![CDATA[Priority 3: Coffee-chain backup.<br/>Address: 10700 Jefferson Blvd, Culver City, CA 90230, USA<br/>Approximate runner mile: 6.7.<br/>Nearest runner geometry: approximately 0.54 mi straight-line (not a walking detour).<br/>Verification: Google Places business backup (operational); confirm customer restroom access and hours on race day.<br/>Source: <a href="https://maps.google.com/?cid=2997925547410497201&g_mp=Cilnb29nbGUubWFwcy5wbGFjZXMudjEuUGxhY2VzLlNlYXJjaE5lYXJieRACGAQgAA">official / current listing</a>]]></description>
      <styleUrl>#coffeeBackup</styleUrl>
      <Point><coordinates>-118.40907999999999,33.981539999999995,0</coordinates></Point>
    </Placemark>
    <Placemark><name>Starbucks Coffee Company</name>
      <description><![CDATA[Priority 3: Coffee-chain backup.<br/>Address: 6081 Center Dr, Los Angeles, CA 90045, USA<br/>Approximate runner mile: 7.6.<br/>Nearest runner geometry: approximately 0.14 mi straight-line (not a walking detour).<br/>Verification: Google Places business backup (operational); confirm customer restroom access and hours on race day.<br/>Source: <a href="https://maps.google.com/?cid=2932918591721503312&g_mp=Cilnb29nbGUubWFwcy5wbGFjZXMudjEuUGxhY2VzLlNlYXJjaE5lYXJieRACGAQgAA">official / current listing</a>]]></description>
      <styleUrl>#coffeeBackup</styleUrl>
      <Point><coordinates>-118.39174999999999,33.97777,0</coordinates></Point>
    </Placemark>
    <Placemark><name>Starbucks Coffee Company</name>
      <description><![CDATA[Priority 3: Coffee-chain backup.<br/>Address: 6000 Sepulveda Blvd, Culver City, CA 90230, USA<br/>Approximate runner mile: 7.3.<br/>Nearest runner geometry: approximately 0.21 mi straight-line (not a walking detour).<br/>Verification: Google Places business backup (operational); confirm customer restroom access and hours on race day.<br/>Source: <a href="https://maps.google.com/?cid=9973758453044687001&g_mp=Cilnb29nbGUubWFwcy5wbGFjZXMudjEuUGxhY2VzLlNlYXJjaE5lYXJieRACGAQgAA">official / current listing</a>]]></description>
      <styleUrl>#coffeeBackup</styleUrl>
      <Point><coordinates>-118.39439,33.9846,0</coordinates></Point>
    </Placemark>
    <Placemark><name>Starbucks Coffee Company</name>
      <description><![CDATA[Priority 3: Coffee-chain backup.<br/>Address: 6150 Slauson Ave, Culver City, CA 90230, USA<br/>Approximate runner mile: 7.1.<br/>Nearest runner geometry: approximately 0.46 mi straight-line (not a walking detour).<br/>Verification: Google Places business backup (operational); confirm customer restroom access and hours on race day.<br/>Source: <a href="https://maps.google.com/?cid=8474322272270827454&g_mp=Cilnb29nbGUubWFwcy5wbGFjZXMudjEuUGxhY2VzLlNlYXJjaE5lYXJieRACGAQgAA">official / current listing</a>]]></description>
      <styleUrl>#coffeeBackup</styleUrl>
      <Point><coordinates>-118.39268999999999,33.98816,0</coordinates></Point>
    </Placemark>
    <Placemark><name>Starbucks Coffee Company</name>
      <description><![CDATA[Priority 3: Coffee-chain backup.<br/>Address: Pavilions, 11030 Jefferson Blvd, Culver City, CA 90230, USA<br/>Approximate runner mile: 6.8.<br/>Nearest runner geometry: approximately 0.82 mi straight-line (not a walking detour).<br/>Verification: Google Places business backup (operational); confirm customer restroom access and hours on race day.<br/>Source: <a href="https://maps.google.com/?cid=4105175779376027435&g_mp=Cilnb29nbGUubWFwcy5wbGFjZXMudjEuUGxhY2VzLlNlYXJjaE5lYXJieRACGAQgAA">official / current listing</a>]]></description>
      <styleUrl>#coffeeBackup</styleUrl>
      <Point><coordinates>-118.39421,33.996829999999996,0</coordinates></Point>
    </Placemark>
    <Placemark><name>Starbucks Coffee Company</name>
      <description><![CDATA[Priority 3: Coffee-chain backup.<br/>Address: 1740 Centinela Ave, Inglewood, CA 90302, USA<br/>Approximate runner mile: 9.0.<br/>Nearest runner geometry: approximately 0.93 mi straight-line (not a walking detour).<br/>Verification: Google Places business backup (operational); confirm customer restroom access and hours on race day.<br/>Source: <a href="https://maps.google.com/?cid=5595427268565998839&g_mp=Cilnb29nbGUubWFwcy5wbGFjZXMudjEuUGxhY2VzLlNlYXJjaE5lYXJieRACGAQgAA">official / current listing</a>]]></description>
      <styleUrl>#coffeeBackup</styleUrl>
      <Point><coordinates>-118.36993,33.97752,0</coordinates></Point>
    </Placemark>
    <Placemark><name>Starbucks Coffee Company</name>
      <description><![CDATA[Priority 3: Coffee-chain backup.<br/>Address: 601 W Manchester Blvd, Inglewood, CA 90301, USA<br/>Approximate runner mile: 10.2.<br/>Nearest runner geometry: approximately 0.00 mi straight-line (not a walking detour).<br/>Verification: Google Places business backup (operational); confirm customer restroom access and hours on race day.<br/>Source: <a href="https://maps.google.com/?cid=448218966454913484&g_mp=Cilnb29nbGUubWFwcy5wbGFjZXMudjEuUGxhY2VzLlNlYXJjaE5lYXJieRACGAQgAA">official / current listing</a>]]></description>
      <styleUrl>#coffeeBackup</styleUrl>
      <Point><coordinates>-118.36636999999999,33.9618,0</coordinates></Point>
    </Placemark>
    <Placemark><name>Starbucks Coffee Company</name>
      <description><![CDATA[Priority 3: Coffee-chain backup.<br/>Address: 8817 S Sepulveda Blvd, Los Angeles, CA 90045, USA<br/>Approximate runner mile: 8.3.<br/>Nearest runner geometry: approximately 0.91 mi straight-line (not a walking detour).<br/>Verification: Google Places business backup (operational); confirm customer restroom access and hours on race day.<br/>Source: <a href="https://maps.google.com/?cid=12318803730345808795&g_mp=Cilnb29nbGUubWFwcy5wbGFjZXMudjEuUGxhY2VzLlNlYXJjaE5lYXJieRACGAQgAA">official / current listing</a>]]></description>
      <styleUrl>#coffeeBackup</styleUrl>
      <Point><coordinates>-118.3969,33.956720000000004,0</coordinates></Point>
    </Placemark>
    <Placemark><name>Starbucks Coffee Company</name>
      <description><![CDATA[Priority 3: Coffee-chain backup.<br/>Address: 220 N La Brea Ave, Inglewood, CA 90301, USA<br/>Approximate runner mile: 11.0.<br/>Nearest runner geometry: approximately 0.23 mi straight-line (not a walking detour).<br/>Verification: Google Places business backup (operational); confirm customer restroom access and hours on race day.<br/>Source: <a href="https://maps.google.com/?cid=9124321074632857575&g_mp=Cilnb29nbGUubWFwcy5wbGFjZXMudjEuUGxhY2VzLlNlYXJjaE5lYXJieRACGAQgAA">official / current listing</a>]]></description>
      <styleUrl>#coffeeBackup</styleUrl>
      <Point><coordinates>-118.3529739,33.96527330000001,0</coordinates></Point>
    </Placemark>
    <Placemark><name>Starbucks Coffee Company</name>
      <description><![CDATA[Priority 3: Coffee-chain backup.<br/>Address: 500 E Manchester Blvd, Inglewood, CA 90301, USA<br/>Approximate runner mile: 11.3.<br/>Nearest runner geometry: approximately 0.10 mi straight-line (not a walking detour).<br/>Verification: Google Places business backup (operational); confirm customer restroom access and hours on race day.<br/>Source: <a href="https://maps.google.com/?cid=1421541454414919221&g_mp=Cilnb29nbGUubWFwcy5wbGFjZXMudjEuUGxhY2VzLlNlYXJjaE5lYXJieRACGAQgAA">official / current listing</a>]]></description>
      <styleUrl>#coffeeBackup</styleUrl>
      <Point><coordinates>-118.34914800000001,33.960254,0</coordinates></Point>
    </Placemark>
    <Placemark><name>Starbucks Coffee Company</name>
      <description><![CDATA[Priority 3: Coffee-chain backup.<br/>Address: 801 E Manchester Blvd, Inglewood, CA 90301, USA<br/>Approximate runner mile: 11.5.<br/>Nearest runner geometry: approximately 0.01 mi straight-line (not a walking detour).<br/>Verification: Google Places business backup (operational); confirm customer restroom access and hours on race day.<br/>Source: <a href="https://maps.google.com/?cid=1040788101462157144&g_mp=Cilnb29nbGUubWFwcy5wbGFjZXMudjEuUGxhY2VzLlNlYXJjaE5lYXJieRACGAQgAA">official / current listing</a>]]></description>
      <styleUrl>#coffeeBackup</styleUrl>
      <Point><coordinates>-118.34517,33.95995,0</coordinates></Point>
    </Placemark>
    <Placemark><name>Starbucks Coffee Company</name>
      <description><![CDATA[Priority 3: Coffee-chain backup.<br/>Address: 941 North La Brea Avenue, N La Brea Ave, Inglewood, CA 90302, USA<br/>Approximate runner mile: 10.7.<br/>Nearest runner geometry: approximately 0.95 mi straight-line (not a walking detour).<br/>Verification: Google Places business backup (operational); confirm customer restroom access and hours on race day.<br/>Source: <a href="https://maps.google.com/?cid=6376187319662777534&g_mp=Cilnb29nbGUubWFwcy5wbGFjZXMudjEuUGxhY2VzLlNlYXJjaE5lYXJieRACGAQgAA">official / current listing</a>]]></description>
      <styleUrl>#coffeeBackup</styleUrl>
      <Point><coordinates>-118.35790999999999,33.97558,0</coordinates></Point>
    </Placemark>
    <Placemark><name>Starbucks Coffee Company</name>
      <description><![CDATA[Priority 3: Coffee-chain backup.<br/>Address: Hollywood Park Marketplace, 3351 W Century Blvd, Inglewood, CA 90303, USA<br/>Approximate runner mile: 12.3.<br/>Nearest runner geometry: approximately 0.99 mi straight-line (not a walking detour).<br/>Verification: Google Places business backup (operational); confirm customer restroom access and hours on race day.<br/>Source: <a href="https://maps.google.com/?cid=14860076437056272709&g_mp=Cilnb29nbGUubWFwcy5wbGFjZXMudjEuUGxhY2VzLlNlYXJjaE5lYXJieRACGAQgAA">official / current listing</a>]]></description>
      <styleUrl>#coffeeBackup</styleUrl>
      <Point><coordinates>-118.33111000000001,33.94584,0</coordinates></Point>
    </Placemark>
    <Placemark><name>Starbucks Coffee Company</name>
      <description><![CDATA[Priority 3: Coffee-chain backup.<br/>Address: 8012 Long Beach Blvd, South Gate, CA 90280, USA<br/>Approximate runner mile: 18.4.<br/>Nearest runner geometry: approximately 0.63 mi straight-line (not a walking detour).<br/>Verification: Google Places business backup (operational); confirm customer restroom access and hours on race day.<br/>Source: <a href="https://maps.google.com/?cid=16492073727109792883&g_mp=Cilnb29nbGUubWFwcy5wbGFjZXMudjEuUGxhY2VzLlNlYXJjaE5lYXJieRACGAQgAA">official / current listing</a>]]></description>
      <styleUrl>#coffeeBackup</styleUrl>
      <Point><coordinates>-118.22487,33.9656,0</coordinates></Point>
    </Placemark>
    <Placemark><name>Starbucks Coffee Company</name>
      <description><![CDATA[Priority 3: Coffee-chain backup.<br/>Address: 8924 Long Beach Blvd, South Gate, CA 90280, USA<br/>Approximate runner mile: 19.0.<br/>Nearest runner geometry: approximately 0.02 mi straight-line (not a walking detour).<br/>Verification: Google Places business backup (operational); confirm customer restroom access and hours on race day.<br/>Source: <a href="https://maps.google.com/?cid=2453076909517112495&g_mp=Cilnb29nbGUubWFwcy5wbGFjZXMudjEuUGxhY2VzLlNlYXJjaE5lYXJieRACGAQgAA">official / current listing</a>]]></description>
      <styleUrl>#coffeeBackup</styleUrl>
      <Point><coordinates>-118.21903999999999,33.95516,0</coordinates></Point>
    </Placemark>
    <Placemark><name>Starbucks Coffee Company</name>
      <description><![CDATA[Priority 3: Coffee-chain backup.<br/>Address: 4704 Firestone Blvd, South Gate, CA 90280, USA<br/>Approximate runner mile: 20.9.<br/>Nearest runner geometry: approximately 0.01 mi straight-line (not a walking detour).<br/>Verification: Google Places business backup (operational); confirm customer restroom access and hours on race day.<br/>Source: <a href="https://maps.google.com/?cid=1187665855650312927&g_mp=Cilnb29nbGUubWFwcy5wbGFjZXMudjEuUGxhY2VzLlNlYXJjaE5lYXJieRACGAQgAA">official / current listing</a>]]></description>
      <styleUrl>#coffeeBackup</styleUrl>
      <Point><coordinates>-118.18643,33.95202,0</coordinates></Point>
    </Placemark>
    <Placemark><name>Starbucks Coffee Company</name>
      <description><![CDATA[Priority 3: Coffee-chain backup.<br/>Address: 7900 Atlantic Ave, Cudahy, CA 90201, USA<br/>Approximate runner mile: 20.8.<br/>Nearest runner geometry: approximately 0.75 mi straight-line (not a walking detour).<br/>Verification: Google Places business backup (operational); confirm customer restroom access and hours on race day.<br/>Source: <a href="https://maps.google.com/?cid=7738248543244055442&g_mp=Cilnb29nbGUubWFwcy5wbGFjZXMudjEuUGxhY2VzLlNlYXJjaE5lYXJieRACGAQgAA">official / current listing</a>]]></description>
      <styleUrl>#coffeeBackup</styleUrl>
      <Point><coordinates>-118.18591459999999,33.962996499999996,0</coordinates></Point>
    </Placemark>
    <Placemark><name>Starbucks Coffee Company</name>
      <description><![CDATA[Priority 3: Coffee-chain backup.<br/>Address: 5700 Firestone Blvd, South Gate, CA 90280, USA<br/>Approximate runner mile: 21.6.<br/>Nearest runner geometry: approximately 0.80 mi straight-line (not a walking detour).<br/>Verification: Google Places business backup (operational); confirm customer restroom access and hours on race day.<br/>Source: <a href="https://maps.google.com/?cid=14415687616942539758&g_mp=Cilnb29nbGUubWFwcy5wbGFjZXMudjEuUGxhY2VzLlNlYXJjaE5lYXJieRACGAQgAA">official / current listing</a>]]></description>
      <styleUrl>#coffeeBackup</styleUrl>
      <Point><coordinates>-118.16747999999998,33.9482,0</coordinates></Point>
    </Placemark>
    <Placemark><name>Starbucks Coffee Company</name>
      <description><![CDATA[Priority 3: Coffee-chain backup.<br/>Address: Imperial Atlantic Plaza, 10925 Atlantic Ave, Lynwood, CA 90262, USA<br/>Approximate runner mile: 22.5.<br/>Nearest runner geometry: approximately 0.01 mi straight-line (not a walking detour).<br/>Verification: Google Places business backup (operational); confirm customer restroom access and hours on race day.<br/>Source: <a href="https://maps.google.com/?cid=2594928054561895136&g_mp=Cilnb29nbGUubWFwcy5wbGFjZXMudjEuUGxhY2VzLlNlYXJjaE5lYXJieRACGAQgAA">official / current listing</a>]]></description>
      <styleUrl>#coffeeBackup</styleUrl>
      <Point><coordinates>-118.18334,33.93201,0</coordinates></Point>
    </Placemark>
    <Placemark><name>Starbucks Coffee Company</name>
      <description><![CDATA[Priority 3: Coffee-chain backup.<br/>Address: 3801 Martin Luther King Jr Blvd, Lynwood, CA 90262, USA<br/>Approximate runner mile: 23.1.<br/>Nearest runner geometry: approximately 0.76 mi straight-line (not a walking detour).<br/>Verification: Google Places business backup (operational); confirm customer restroom access and hours on race day.<br/>Source: <a href="https://maps.google.com/?cid=17511292299130272825&g_mp=Cilnb29nbGUubWFwcy5wbGFjZXMudjEuUGxhY2VzLlNlYXJjaE5lYXJieRACGAQgAA">official / current listing</a>]]></description>
      <styleUrl>#coffeeBackup</styleUrl>
      <Point><coordinates>-118.19875999999998,33.928339099999995,0</coordinates></Point>
    </Placemark>
    <Placemark><name>Starbucks Coffee Company</name>
      <description><![CDATA[Priority 3: Coffee-chain backup.<br/>Address: 281 E Willow St, Long Beach, CA 90806, USA<br/>Approximate runner mile: 32.5.<br/>Nearest runner geometry: approximately 0.85 mi straight-line (not a walking detour).<br/>Verification: Google Places business backup (operational); confirm customer restroom access and hours on race day.<br/>Source: <a href="https://maps.google.com/?cid=4459689305666705555&g_mp=Cilnb29nbGUubWFwcy5wbGFjZXMudjEuUGxhY2VzLlNlYXJjaE5lYXJieRACGAQgAA">official / current listing</a>]]></description>
      <styleUrl>#coffeeBackup</styleUrl>
      <Point><coordinates>-118.18978379999999,33.8053118,0</coordinates></Point>
    </Placemark>
    <Placemark><name>Starbucks Coffee Company</name>
      <description><![CDATA[Priority 3: Coffee-chain backup.<br/>Address: 1775 Ximeno Ave, Long Beach, CA 90815, USA<br/>Approximate runner mile: 37.2.<br/>Nearest runner geometry: approximately 0.11 mi straight-line (not a walking detour).<br/>Verification: Google Places business backup (operational); confirm customer restroom access and hours on race day.<br/>Source: <a href="https://maps.google.com/?cid=12625187269677564024&g_mp=Cilnb29nbGUubWFwcy5wbGFjZXMudjEuUGxhY2VzLlNlYXJjaE5lYXJieRACGAQgAA">official / current listing</a>]]></description>
      <styleUrl>#coffeeBackup</styleUrl>
      <Point><coordinates>-118.13933999999999,33.78964,0</coordinates></Point>
    </Placemark>
    <Placemark><name>Starbucks Coffee Company</name>
      <description><![CDATA[Priority 3: Coffee-chain backup.<br/>Address: 1820 Ximeno Ave, Long Beach, CA 90815, USA<br/>Approximate runner mile: 37.3.<br/>Nearest runner geometry: approximately 0.23 mi straight-line (not a walking detour).<br/>Verification: Google Places business backup (operational); confirm customer restroom access and hours on race day.<br/>Source: <a href="https://maps.google.com/?cid=13639935058756714258&g_mp=Cilnb29nbGUubWFwcy5wbGFjZXMudjEuUGxhY2VzLlNlYXJjaE5lYXJieRACGAQgAA">official / current listing</a>]]></description>
      <styleUrl>#coffeeBackup</styleUrl>
      <Point><coordinates>-118.13744000000001,33.790549999999996,0</coordinates></Point>
    </Placemark>
    <Placemark><name>Starbucks Coffee Company</name>
      <description><![CDATA[Priority 3: Coffee-chain backup.<br/>Address: 5760 E 7th St, Long Beach, CA 90803, USA<br/>Approximate runner mile: 38.8.<br/>Nearest runner geometry: approximately 0.08 mi straight-line (not a walking detour).<br/>Verification: Google Places business backup (operational); confirm customer restroom access and hours on race day.<br/>Source: <a href="https://maps.google.com/?cid=6557060582581060078&g_mp=Cilnb29nbGUubWFwcy5wbGFjZXMudjEuUGxhY2VzLlNlYXJjaE5lYXJieRACGAQgAA">official / current listing</a>]]></description>
      <styleUrl>#coffeeBackup</styleUrl>
      <Point><coordinates>-118.11958,33.774339999999995,0</coordinates></Point>
    </Placemark>
    <Placemark><name>Starbucks Coffee Company</name>
      <description><![CDATA[Priority 3: Coffee-chain backup.<br/>Address: 6290 E Pacific Coast Hwy, Long Beach, CA 90803, USA<br/>Approximate runner mile: 39.7.<br/>Nearest runner geometry: approximately 0.10 mi straight-line (not a walking detour).<br/>Verification: Google Places business backup (operational); confirm customer restroom access and hours on race day.<br/>Source: <a href="https://maps.google.com/?cid=5820317072267174546&g_mp=Cilnb29nbGUubWFwcy5wbGFjZXMudjEuUGxhY2VzLlNlYXJjaE5lYXJieRACGAQgAA">official / current listing</a>]]></description>
      <styleUrl>#coffeeBackup</styleUrl>
      <Point><coordinates>-118.11601999999999,33.76097,0</coordinates></Point>
    </Placemark>
    <Placemark><name>Starbucks Coffee Company</name>
      <description><![CDATA[Priority 3: Coffee-chain backup.<br/>Address: 1101 Pacific Coast Hwy, Seal Beach, CA 90740, USA<br/>Approximate runner mile: 41.2.<br/>Nearest runner geometry: approximately 0.06 mi straight-line (not a walking detour).<br/>Verification: Google Places business backup (operational); confirm customer restroom access and hours on race day.<br/>Source: <a href="https://maps.google.com/?cid=11220231378977347796&g_mp=Cilnb29nbGUubWFwcy5wbGFjZXMudjEuUGxhY2VzLlNlYXJjaE5lYXJieRACGAQgAA">official / current listing</a>]]></description>
      <styleUrl>#coffeeBackup</styleUrl>
      <Point><coordinates>-118.10005999999998,33.74397,0</coordinates></Point>
    </Placemark>
    <Placemark><name>Starbucks Coffee Company</name>
      <description><![CDATA[Priority 3: Coffee-chain backup.<br/>Address: Peter's Landing Retail Center, 16470 Pacific Coast Hwy, Huntington Beach, CA 92649, USA<br/>Approximate runner mile: 43.3.<br/>Nearest runner geometry: approximately 0.02 mi straight-line (not a walking detour).<br/>Verification: Google Places business backup (operational); confirm customer restroom access and hours on race day.<br/>Source: <a href="https://maps.google.com/?cid=10844944271397601492&g_mp=Cilnb29nbGUubWFwcy5wbGFjZXMudjEuUGxhY2VzLlNlYXJjaE5lYXJieRACGAQgAA">official / current listing</a>]]></description>
      <styleUrl>#coffeeBackup</styleUrl>
      <Point><coordinates>-118.07566999999999,33.72329,0</coordinates></Point>
    </Placemark>
    <Placemark><name>Starbucks Coffee Company</name>
      <description><![CDATA[Priority 3: Coffee-chain backup.<br/>Address: 221 Main St, Huntington Beach, CA 92648, USA<br/>Approximate runner mile: 49.6.<br/>Nearest runner geometry: approximately 0.15 mi straight-line (not a walking detour).<br/>Verification: Google Places business backup (operational); confirm customer restroom access and hours on race day.<br/>Source: <a href="https://maps.google.com/?cid=15374690023568788560&g_mp=Cilnb29nbGUubWFwcy5wbGFjZXMudjEuUGxhY2VzLlNlYXJjaE5lYXJieRACGAQgAA">official / current listing</a>]]></description>
      <styleUrl>#coffeeBackup</styleUrl>
      <Point><coordinates>-118.00064,33.65893,0</coordinates></Point>
    </Placemark>
    <Placemark><name>Starbucks Coffee Company</name>
      <description><![CDATA[Priority 3: Coffee-chain backup.<br/>Address: 3465 Via Lido, Newport Beach, CA 92663, USA<br/>Approximate runner mile: 54.5.<br/>Nearest runner geometry: approximately 0.20 mi straight-line (not a walking detour).<br/>Verification: Google Places business backup (operational); confirm customer restroom access and hours on race day.<br/>Source: <a href="https://maps.google.com/?cid=17713906885609757919&g_mp=Cilnb29nbGUubWFwcy5wbGFjZXMudjEuUGxhY2VzLlNlYXJjaE5lYXJieRACGAQgAA">official / current listing</a>]]></description>
      <styleUrl>#coffeeBackup</styleUrl>
      <Point><coordinates>-117.9297226,33.6180527,0</coordinates></Point>
    </Placemark>
    <Placemark><name>Starbucks Coffee Company</name>
      <description><![CDATA[Priority 3: Coffee-chain backup.<br/>Address: 3100 W Balboa Blvd, Newport Beach, CA 92663, USA<br/>Approximate runner mile: 54.5.<br/>Nearest runner geometry: approximately 0.43 mi straight-line (not a walking detour).<br/>Verification: Google Places business backup (operational); confirm customer restroom access and hours on race day.<br/>Source: <a href="https://maps.google.com/?cid=2082604897967548248&g_mp=Cilnb29nbGUubWFwcy5wbGFjZXMudjEuUGxhY2VzLlNlYXJjaE5lYXJieRACGAQgAA">official / current listing</a>]]></description>
      <styleUrl>#coffeeBackup</styleUrl>
      <Point><coordinates>-117.93132,33.614889999999995,0</coordinates></Point>
    </Placemark>
    <Placemark><name>Starbucks Coffee Company</name>
      <description><![CDATA[Priority 3: Coffee-chain backup.<br/>Address: 377 Pacific Coast Hwy, Newport Beach, CA 92660, USA<br/>Approximate runner mile: 56.4.<br/>Nearest runner geometry: approximately 0.01 mi straight-line (not a walking detour).<br/>Verification: Google Places business backup (operational); confirm customer restroom access and hours on race day.<br/>Source: <a href="https://maps.google.com/?cid=6404323976970617909&g_mp=Cilnb29nbGUubWFwcy5wbGFjZXMudjEuUGxhY2VzLlNlYXJjaE5lYXJieRACGAQgAA">official / current listing</a>]]></description>
      <styleUrl>#coffeeBackup</styleUrl>
      <Point><coordinates>-117.89954159999999,33.6156736,0</coordinates></Point>
    </Placemark>
    <Placemark><name>Starbucks Coffee Company</name>
      <description><![CDATA[Priority 3: Coffee-chain backup.<br/>Address: 2801 East Coast Hwy, Corona Del Mar, CA 92625, USA<br/>Approximate runner mile: 58.3.<br/>Nearest runner geometry: approximately 0.00 mi straight-line (not a walking detour).<br/>Verification: Google Places business backup (operational); confirm customer restroom access and hours on race day.<br/>Source: <a href="https://maps.google.com/?cid=16856906139498502768&g_mp=Cilnb29nbGUubWFwcy5wbGFjZXMudjEuUGxhY2VzLlNlYXJjaE5lYXJieRACGAQgAA">official / current listing</a>]]></description>
      <styleUrl>#coffeeBackup</styleUrl>
      <Point><coordinates>-117.87269999999998,33.60062,0</coordinates></Point>
    </Placemark>
    <Placemark><name>Starbucks Coffee Company</name>
      <description><![CDATA[Priority 3: Coffee-chain backup.<br/>Address: 137 Newport Center Dr, Newport Beach, CA 92660, USA<br/>Approximate runner mile: 57.6.<br/>Nearest runner geometry: approximately 0.54 mi straight-line (not a walking detour).<br/>Verification: Google Places business backup (operational); confirm customer restroom access and hours on race day.<br/>Source: <a href="https://maps.google.com/?cid=3319232993476778211&g_mp=Cilnb29nbGUubWFwcy5wbGFjZXMudjEuUGxhY2VzLlNlYXJjaE5lYXJieRACGAQgAA">official / current listing</a>]]></description>
      <styleUrl>#coffeeBackup</styleUrl>
      <Point><coordinates>-117.8748,33.61491,0</coordinates></Point>
    </Placemark>
    <Placemark><name>Starbucks Coffee Company</name>
      <description><![CDATA[Priority 3: Coffee-chain backup.<br/>Address: 600 N Pacific Coast Hwy, Laguna Beach, CA 92651, USA<br/>Approximate runner mile: 64.4.<br/>Nearest runner geometry: approximately 0.06 mi straight-line (not a walking detour).<br/>Verification: Google Places business backup (operational); confirm customer restroom access and hours on race day.<br/>Source: <a href="https://maps.google.com/?cid=15953186117880427888&g_mp=Cilnb29nbGUubWFwcy5wbGFjZXMudjEuUGxhY2VzLlNlYXJjaE5lYXJieRACGAQgAA">official / current listing</a>]]></description>
      <styleUrl>#coffeeBackup</styleUrl>
      <Point><coordinates>-117.79352999999999,33.546659999999996,0</coordinates></Point>
    </Placemark>
    <Placemark><name>Starbucks Coffee Company</name>
      <description><![CDATA[Priority 3: Coffee-chain backup.<br/>Address: 180 N Coast Hwy, Laguna Beach, CA 92651, USA<br/>Approximate runner mile: 64.9.<br/>Nearest runner geometry: approximately 0.02 mi straight-line (not a walking detour).<br/>Verification: Google Places business backup (operational); confirm customer restroom access and hours on race day.<br/>Source: <a href="https://maps.google.com/?cid=906977386446650362&g_mp=Cilnb29nbGUubWFwcy5wbGFjZXMudjEuUGxhY2VzLlNlYXJjaE5lYXJieRACGAQgAA">official / current listing</a>]]></description>
      <styleUrl>#coffeeBackup</styleUrl>
      <Point><coordinates>-117.78603,33.54318,0</coordinates></Point>
    </Placemark>
    <Placemark><name>Starbucks Coffee Company</name>
      <description><![CDATA[Priority 3: Coffee-chain backup.<br/>Address: 32880 Pacific Coast Hwy, Dana Point, CA 92629, USA<br/>Approximate runner mile: 70.3.<br/>Nearest runner geometry: approximately 0.08 mi straight-line (not a walking detour).<br/>Verification: Google Places business backup (operational); confirm customer restroom access and hours on race day.<br/>Source: <a href="https://maps.google.com/?cid=12200011888739217916&g_mp=Cilnb29nbGUubWFwcy5wbGFjZXMudjEuUGxhY2VzLlNlYXJjaE5lYXJieRACGAQgAA">official / current listing</a>]]></description>
      <styleUrl>#coffeeBackup</styleUrl>
      <Point><coordinates>-117.72427300000001,33.4857851,0</coordinates></Point>
    </Placemark>
    <Placemark><name>Starbucks Coffee Company</name>
      <description><![CDATA[Priority 3: Coffee-chain backup.<br/>Address: 34122 Pacific Coast Hwy, Dana Point, CA 92629, USA<br/>Approximate runner mile: 72.3.<br/>Nearest runner geometry: approximately 0.02 mi straight-line (not a walking detour).<br/>Verification: Google Places business backup (operational); confirm customer restroom access and hours on race day.<br/>Source: <a href="https://maps.google.com/?cid=821699523763689319&g_mp=Cilnb29nbGUubWFwcy5wbGFjZXMudjEuUGxhY2VzLlNlYXJjaE5lYXJieRACGAQgAA">official / current listing</a>]]></description>
      <styleUrl>#coffeeBackup</styleUrl>
      <Point><coordinates>-117.7036422,33.4663371,0</coordinates></Point>
    </Placemark>
    <Placemark><name>Starbucks Coffee Company</name>
      <description><![CDATA[Priority 3: Coffee-chain backup.<br/>Address: 33601 Del Obispo St, Dana Point, CA 92629, USA<br/>Approximate runner mile: 73.5.<br/>Nearest runner geometry: approximately 0.74 mi straight-line (not a walking detour).<br/>Verification: Google Places business backup (operational); confirm customer restroom access and hours on race day.<br/>Source: <a href="https://maps.google.com/?cid=5281206084941744902&g_mp=Cilnb29nbGUubWFwcy5wbGFjZXMudjEuUGxhY2VzLlNlYXJjaE5lYXJieRACGAQgAA">official / current listing</a>]]></description>
      <styleUrl>#coffeeBackup</styleUrl>
      <Point><coordinates>-117.68625929999999,33.475105899999996,0</coordinates></Point>
    </Placemark>
    <Placemark><name>Starbucks Coffee Company</name>
      <description><![CDATA[Priority 3: Coffee-chain backup.<br/>Address: 638 Camino De Los Mares, San Clemente, CA 92673, USA<br/>Approximate runner mile: 75.4.<br/>Nearest runner geometry: approximately 0.69 mi straight-line (not a walking detour).<br/>Verification: Google Places business backup (operational); confirm customer restroom access and hours on race day.<br/>Source: <a href="https://maps.google.com/?cid=5545529334112427793&g_mp=Cilnb29nbGUubWFwcy5wbGFjZXMudjEuUGxhY2VzLlNlYXJjaE5lYXJieRACGAQgAA">official / current listing</a>]]></description>
      <styleUrl>#coffeeBackup</styleUrl>
      <Point><coordinates>-117.6513351,33.4587059,0</coordinates></Point>
    </Placemark>
    <Placemark><name>Starbucks Coffee Company</name>
      <description><![CDATA[Priority 3: Coffee-chain backup.<br/>Address: 101 W Avenida Vista Hermosa Plaza, San Clemente, CA 92672, USA<br/>Approximate runner mile: 77.6.<br/>Nearest runner geometry: approximately 0.48 mi straight-line (not a walking detour).<br/>Verification: Google Places business backup (operational); confirm customer restroom access and hours on race day.<br/>Source: <a href="https://maps.google.com/?cid=13407203491932478702&g_mp=Cilnb29nbGUubWFwcy5wbGFjZXMudjEuUGxhY2VzLlNlYXJjaE5lYXJieRACGAQgAA">official / current listing</a>]]></description>
      <styleUrl>#coffeeBackup</styleUrl>
      <Point><coordinates>-117.62772,33.43961,0</coordinates></Point>
    </Placemark>
    <Placemark><name>Starbucks Coffee Company</name>
      <description><![CDATA[Priority 3: Coffee-chain backup.<br/>Address: 300 S El Camino Real, San Clemente, CA 92672, USA<br/>Approximate runner mile: 78.8.<br/>Nearest runner geometry: approximately 0.02 mi straight-line (not a walking detour).<br/>Verification: Google Places business backup (operational); confirm customer restroom access and hours on race day.<br/>Source: <a href="https://maps.google.com/?cid=3607011932635959122&g_mp=Cilnb29nbGUubWFwcy5wbGFjZXMudjEuUGxhY2VzLlNlYXJjaE5lYXJieRACGAQgAA">official / current listing</a>]]></description>
      <styleUrl>#coffeeBackup</styleUrl>
      <Point><coordinates>-117.61138,33.42601,0</coordinates></Point>
    </Placemark>
    <Placemark><name>Starbucks Coffee Company</name>
      <description><![CDATA[Priority 3: Coffee-chain backup.<br/>Address: 801 N Coast Hwy, Oceanside, CA 92054, USA<br/>Approximate runner mile: 81.9.<br/>Nearest runner geometry: approximately 0.01 mi straight-line (not a walking detour).<br/>Verification: Google Places business backup (operational); confirm customer restroom access and hours on race day.<br/>Source: <a href="https://maps.google.com/?cid=13029952543468630568&g_mp=Cilnb29nbGUubWFwcy5wbGFjZXMudjEuUGxhY2VzLlNlYXJjaE5lYXJieRACGAQgAA">official / current listing</a>]]></description>
      <styleUrl>#coffeeBackup</styleUrl>
      <Point><coordinates>-117.38431989999998,33.2011292,0</coordinates></Point>
    </Placemark>
    <Placemark><name>Starbucks Coffee Company</name>
      <description><![CDATA[Priority 3: Coffee-chain backup.<br/>Address: 895 Tamarack Ave, Carlsbad, CA 92008, USA<br/>Approximate runner mile: 86.4.<br/>Nearest runner geometry: approximately 0.56 mi straight-line (not a walking detour).<br/>Verification: Google Places business backup (operational); confirm customer restroom access and hours on race day.<br/>Source: <a href="https://maps.google.com/?cid=11303729935389006910&g_mp=Cilnb29nbGUubWFwcy5wbGFjZXMudjEuUGxhY2VzLlNlYXJjaE5lYXJieRACGAQgAA">official / current listing</a>]]></description>
      <styleUrl>#coffeeBackup</styleUrl>
      <Point><coordinates>-117.33715570000001,33.1515516,0</coordinates></Point>
    </Placemark>
    <Placemark><name>Starbucks Coffee Company</name>
      <description><![CDATA[Priority 3: Coffee-chain backup.<br/>Address: 5620 Paseo Del Norte, Carlsbad, CA 92008, USA<br/>Approximate runner mile: 88.3.<br/>Nearest runner geometry: approximately 0.46 mi straight-line (not a walking detour).<br/>Verification: Google Places business backup (operational); confirm customer restroom access and hours on race day.<br/>Source: <a href="https://maps.google.com/?cid=11542278604632777779&g_mp=Cilnb29nbGUubWFwcy5wbGFjZXMudjEuUGxhY2VzLlNlYXJjaE5lYXJieRACGAQgAA">official / current listing</a>]]></description>
      <styleUrl>#coffeeBackup</styleUrl>
      <Point><coordinates>-117.32016999999999,33.12506,0</coordinates></Point>
    </Placemark>
    <Placemark><name>Starbucks Coffee Company</name>
      <description><![CDATA[Priority 3: Coffee-chain backup.<br/>Address: 965 Palomar Airport Rd, Carlsbad, CA 92011, USA<br/>Approximate runner mile: 88.8.<br/>Nearest runner geometry: approximately 0.70 mi straight-line (not a walking detour).<br/>Verification: Google Places business backup (operational); confirm customer restroom access and hours on race day.<br/>Source: <a href="https://maps.google.com/?cid=18035257400156254468&g_mp=Cilnb29nbGUubWFwcy5wbGFjZXMudjEuUGxhY2VzLlNlYXJjaE5lYXJieRACGAQgAA">official / current listing</a>]]></description>
      <styleUrl>#coffeeBackup</styleUrl>
      <Point><coordinates>-117.3138564,33.121276099999996,0</coordinates></Point>
    </Placemark>
    <Placemark><name>Starbucks Coffee Company</name>
      <description><![CDATA[Priority 3: Coffee-chain backup.<br/>Address: 7130 Avenida Encinas, Carlsbad, CA 92011, USA<br/>Approximate runner mile: 90.1.<br/>Nearest runner geometry: approximately 0.37 mi straight-line (not a walking detour).<br/>Verification: Google Places business backup (operational); confirm customer restroom access and hours on race day.<br/>Source: <a href="https://maps.google.com/?cid=1104570261315860461&g_mp=Cilnb29nbGUubWFwcy5wbGFjZXMudjEuUGxhY2VzLlNlYXJjaE5lYXJieRACGAQgAA">official / current listing</a>]]></description>
      <styleUrl>#coffeeBackup</styleUrl>
      <Point><coordinates>-117.31111999999999,33.10144,0</coordinates></Point>
    </Placemark>
    <Placemark><name>Starbucks Coffee Company</name>
      <description><![CDATA[Priority 3: Coffee-chain backup.<br/>Address: 905 Orpheus Ave, Encinitas, CA 92024, USA<br/>Approximate runner mile: 92.8.<br/>Nearest runner geometry: approximately 0.51 mi straight-line (not a walking detour).<br/>Verification: Google Places business backup (operational); confirm customer restroom access and hours on race day.<br/>Source: <a href="https://maps.google.com/?cid=8186781288854312724&g_mp=Cilnb29nbGUubWFwcy5wbGFjZXMudjEuUGxhY2VzLlNlYXJjaE5lYXJieRACGAQgAA">official / current listing</a>]]></description>
      <styleUrl>#coffeeBackup</styleUrl>
      <Point><coordinates>-117.2933745,33.0656513,0</coordinates></Point>
    </Placemark>
    <Placemark><name>Starbucks Coffee Company</name>
      <description><![CDATA[Priority 3: Coffee-chain backup.<br/>Address: 453 Santa Fe Dr, Encinitas, CA 92024, USA<br/>Approximate runner mile: 95.1.<br/>Nearest runner geometry: approximately 0.45 mi straight-line (not a walking detour).<br/>Verification: Google Places business backup (operational); confirm customer restroom access and hours on race day.<br/>Source: <a href="https://maps.google.com/?cid=18332445689884616324&g_mp=Cilnb29nbGUubWFwcy5wbGFjZXMudjEuUGxhY2VzLlNlYXJjaE5lYXJieRACGAQgAA">official / current listing</a>]]></description>
      <styleUrl>#coffeeBackup</styleUrl>
      <Point><coordinates>-117.28278999999999,33.035019999999996,0</coordinates></Point>
    </Placemark>
    <Placemark><name>Starbucks Coffee Company</name>
      <description><![CDATA[Priority 3: Coffee-chain backup.<br/>Address: 2081 San Elijo Ave, Cardiff, CA 92007, USA<br/>Approximate runner mile: 96.0.<br/>Nearest runner geometry: approximately 0.09 mi straight-line (not a walking detour).<br/>Verification: Google Places business backup (operational); confirm customer restroom access and hours on race day.<br/>Source: <a href="https://maps.google.com/?cid=18270839065902053556&g_mp=Cilnb29nbGUubWFwcy5wbGFjZXMudjEuUGxhY2VzLlNlYXJjaE5lYXJieRACGAQgAA">official / current listing</a>]]></description>
      <styleUrl>#coffeeBackup</styleUrl>
      <Point><coordinates>-117.28206000000002,33.02182,0</coordinates></Point>
    </Placemark>
    <Placemark><name>Starbucks Coffee Company</name>
      <description><![CDATA[Priority 3: Coffee-chain backup.<br/>Address: 691 Lomas Santa Fe Dr, Solana Beach, CA 92075, USA<br/>Approximate runner mile: 98.1.<br/>Nearest runner geometry: approximately 0.76 mi straight-line (not a walking detour).<br/>Verification: Google Places business backup (operational); confirm customer restroom access and hours on race day.<br/>Source: <a href="https://maps.google.com/?cid=9728369700189889686&g_mp=Cilnb29nbGUubWFwcy5wbGFjZXMudjEuUGxhY2VzLlNlYXJjaE5lYXJieRACGAQgAA">official / current listing</a>]]></description>
      <styleUrl>#coffeeBackup</styleUrl>
      <Point><coordinates>-117.25891,32.995059999999995,0</coordinates></Point>
    </Placemark>
    <Placemark><name>Starbucks Coffee Company</name>
      <description><![CDATA[Priority 3: Coffee-chain backup.<br/>Address: 2602 Del Mar Heights Rd, Del Mar, CA 92014, USA<br/>Approximate runner mile: 101.4.<br/>Nearest runner geometry: approximately 0.81 mi straight-line (not a walking detour).<br/>Verification: Google Places business backup (operational); confirm customer restroom access and hours on race day.<br/>Source: <a href="https://maps.google.com/?cid=395975064978344943&g_mp=Cilnb29nbGUubWFwcy5wbGFjZXMudjEuUGxhY2VzLlNlYXJjaE5lYXJieRACGAQgAA">official / current listing</a>]]></description>
      <styleUrl>#coffeeBackup</styleUrl>
      <Point><coordinates>-117.24714,32.949909999999996,0</coordinates></Point>
    </Placemark>
    <Placemark><name>Starbucks Coffee Company</name>
      <description><![CDATA[Priority 3: Coffee-chain backup.<br/>Address: 9500 Gilman Dr, La Jolla, CA 92093, USA<br/>Approximate runner mile: 106.5.<br/>Nearest runner geometry: approximately 0.44 mi straight-line (not a walking detour).<br/>Verification: Google Places business backup (operational); confirm customer restroom access and hours on race day.<br/>Source: <a href="https://maps.google.com/?cid=9934430360577230551&g_mp=Cilnb29nbGUubWFwcy5wbGFjZXMudjEuUGxhY2VzLlNlYXJjaE5lYXJieRACGAQgAA">official / current listing</a>]]></description>
      <styleUrl>#coffeeBackup</styleUrl>
      <Point><coordinates>-117.23644,32.88006,0</coordinates></Point>
    </Placemark>
    <Placemark><name>Starbucks Coffee Company</name>
      <description><![CDATA[Priority 3: Coffee-chain backup.<br/>Address: 8657 Villa La Jolla Dr, La Jolla, CA 92037, USA<br/>Approximate runner mile: 107.1.<br/>Nearest runner geometry: approximately 0.89 mi straight-line (not a walking detour).<br/>Verification: Google Places business backup (operational); confirm customer restroom access and hours on race day.<br/>Source: <a href="https://maps.google.com/?cid=9813584965710009923&g_mp=Cilnb29nbGUubWFwcy5wbGFjZXMudjEuUGxhY2VzLlNlYXJjaE5lYXJieRACGAQgAA">official / current listing</a>]]></description>
      <styleUrl>#coffeeBackup</styleUrl>
      <Point><coordinates>-117.23218999999999,32.865919999999996,0</coordinates></Point>
    </Placemark>
    <Placemark><name>Starbucks Coffee Company</name>
      <description><![CDATA[Priority 3: Coffee-chain backup.<br/>Address: 2206 Torrey Pines Rd, La Jolla, CA 92037, USA<br/>Approximate runner mile: 109.0.<br/>Nearest runner geometry: approximately 0.03 mi straight-line (not a walking detour).<br/>Verification: Google Places business backup (operational); confirm customer restroom access and hours on race day.<br/>Source: <a href="https://maps.google.com/?cid=14902121627979302828&g_mp=Cilnb29nbGUubWFwcy5wbGFjZXMudjEuUGxhY2VzLlNlYXJjaE5lYXJieRACGAQgAA">official / current listing</a>]]></description>
      <styleUrl>#coffeeBackup</styleUrl>
      <Point><coordinates>-117.25386999999999,32.85116,0</coordinates></Point>
    </Placemark>
    <Placemark><name>Starbucks Coffee Company</name>
      <description><![CDATA[Priority 3: Coffee-chain backup.<br/>Address: 1150 Prospect St, La Jolla, CA 92037, USA<br/>Approximate runner mile: 109.9.<br/>Nearest runner geometry: approximately 0.33 mi straight-line (not a walking detour).<br/>Verification: Google Places business backup (operational); confirm customer restroom access and hours on race day.<br/>Source: <a href="https://maps.google.com/?cid=1496166599301101567&g_mp=Cilnb29nbGUubWFwcy5wbGFjZXMudjEuUGxhY2VzLlNlYXJjaE5lYXJieRACGAQgAA">official / current listing</a>]]></description>
      <styleUrl>#coffeeBackup</styleUrl>
      <Point><coordinates>-117.27328999999999,32.84877,0</coordinates></Point>
    </Placemark>
    <Placemark><name>Starbucks Coffee Company</name>
      <description><![CDATA[Priority 3: Coffee-chain backup.<br/>Address: 7544 Girard Ave, La Jolla, CA 92037, USA<br/>Approximate runner mile: 110.3.<br/>Nearest runner geometry: approximately 0.02 mi straight-line (not a walking detour).<br/>Verification: Google Places business backup (operational); confirm customer restroom access and hours on race day.<br/>Source: <a href="https://maps.google.com/?cid=15629268535242747473&g_mp=Cilnb29nbGUubWFwcy5wbGFjZXMudjEuUGxhY2VzLlNlYXJjaE5lYXJieRACGAQgAA">official / current listing</a>]]></description>
      <styleUrl>#coffeeBackup</styleUrl>
      <Point><coordinates>-117.27328,32.84195,0</coordinates></Point>
    </Placemark>
    <Placemark><name>Starbucks Coffee Company</name>
      <description><![CDATA[Priority 3: Coffee-chain backup.<br/>Address: 5604 La Jolla Blvd, La Jolla, CA 92037, USA<br/>Approximate runner mile: 112.7.<br/>Nearest runner geometry: approximately 0.02 mi straight-line (not a walking detour).<br/>Verification: Google Places business backup (operational); confirm customer restroom access and hours on race day.<br/>Source: <a href="https://maps.google.com/?cid=6340428041196815590&g_mp=Cilnb29nbGUubWFwcy5wbGFjZXMudjEuUGxhY2VzLlNlYXJjaE5lYXJieRACGAQgAA">official / current listing</a>]]></description>
      <styleUrl>#coffeeBackup</styleUrl>
      <Point><coordinates>-117.26996999999999,32.813919999999996,0</coordinates></Point>
    </Placemark>
    <Placemark><name>Starbucks Coffee Company</name>
      <description><![CDATA[Priority 3: Coffee-chain backup.<br/>Address: 4315 Mission Blvd, San Diego, CA 92109, USA<br/>Approximate runner mile: 114.3.<br/>Nearest runner geometry: approximately 0.17 mi straight-line (not a walking detour).<br/>Verification: Google Places business backup (operational); confirm customer restroom access and hours on race day.<br/>Source: <a href="https://maps.google.com/?cid=6036337942549839533&g_mp=Cilnb29nbGUubWFwcy5wbGFjZXMudjEuUGxhY2VzLlNlYXJjaE5lYXJieRACGAQgAA">official / current listing</a>]]></description>
      <styleUrl>#coffeeBackup</styleUrl>
      <Point><coordinates>-117.25407,32.79428,0</coordinates></Point>
    </Placemark>
    <Placemark><name>Starbucks Coffee Company</name>
      <description><![CDATA[Priority 3: Coffee-chain backup.<br/>Address: 1702 Garnet Ave, San Diego, CA 92109, USA<br/>Approximate runner mile: 115.3.<br/>Nearest runner geometry: approximately 0.12 mi straight-line (not a walking detour).<br/>Verification: Google Places business backup (operational); confirm customer restroom access and hours on race day.<br/>Source: <a href="https://maps.google.com/?cid=18169632808619362267&g_mp=Cilnb29nbGUubWFwcy5wbGFjZXMudjEuUGxhY2VzLlNlYXJjaE5lYXJieRACGAQgAA">official / current listing</a>]]></description>
      <styleUrl>#coffeeBackup</styleUrl>
      <Point><coordinates>-117.23894999999997,32.802,0</coordinates></Point>
    </Placemark>
    <Placemark><name>Starbucks Coffee Company</name>
      <description><![CDATA[Priority 3: Coffee-chain backup.<br/>Address: 1359 Garnet Ave, San Diego, CA 92109, USA<br/>Approximate runner mile: 114.9.<br/>Nearest runner geometry: approximately 0.00 mi straight-line (not a walking detour).<br/>Verification: Google Places business backup (operational); confirm customer restroom access and hours on race day.<br/>Source: <a href="https://maps.google.com/?cid=13311712910376106000&g_mp=Cilnb29nbGUubWFwcy5wbGFjZXMudjEuUGxhY2VzLlNlYXJjaE5lYXJieRACGAQgAA">official / current listing</a>]]></description>
      <styleUrl>#coffeeBackup</styleUrl>
      <Point><coordinates>-117.2451,32.798719999999996,0</coordinates></Point>
    </Placemark>
    <Placemark><name>Starbucks — Carlsbad Village backup</name>
      <description><![CDATA[Priority 3: Coffee-chain backup.<br/>Address: Carlsbad Village / Carlsbad Blvd area, Carlsbad, CA 92008<br/>Approximate runner mile: 85.4.<br/>Nearest runner geometry: approximately 0.12 mi straight-line (not a walking detour).<br/>Verification: Business backup only; confirm race-day hours and customer restroom access before relying on it.<br/>Source: <a href="https://www.starbucks.com/store-locator">official / current listing</a>]]></description>
      <styleUrl>#coffeeBackup</styleUrl>
      <Point><coordinates>-117.3505,33.1604,0</coordinates></Point>
    </Placemark>
    <Placemark><name>Starbucks — Firestone and California backup</name>
      <description><![CDATA[Priority 3: Coffee-chain backup.<br/>Address: 4704 Firestone Blvd, South Gate, CA 90280<br/>Approximate runner mile: 19.8.<br/>Nearest runner geometry: approximately 0.01 mi straight-line (not a walking detour).<br/>Verification: Business backup only; confirm race-day hours and customer restroom access before relying on it.<br/>Source: <a href="https://www.starbucks.com/store-locator/store/1019314">official / current listing</a>]]></description>
      <styleUrl>#coffeeBackup</styleUrl>
      <Point><coordinates>-118.2061,33.9542,0</coordinates></Point>
    </Placemark>
    <Placemark><name>Starbucks — Firestone and Long Beach backup</name>
      <description><![CDATA[Priority 3: Coffee-chain backup.<br/>Address: 8924 Long Beach Blvd, South Gate, CA 90280<br/>Approximate runner mile: 19.0.<br/>Nearest runner geometry: approximately 0.01 mi straight-line (not a walking detour).<br/>Verification: Business backup only; confirm race-day hours and customer restroom access before relying on it.<br/>Source: <a href="https://www.starbucks.com/store-locator">official / current listing</a>]]></description>
      <styleUrl>#coffeeBackup</styleUrl>
      <Point><coordinates>-118.219045,33.955165,0</coordinates></Point>
    </Placemark>
    <Placemark><name>Starbucks — La Jolla Village backup</name>
      <description><![CDATA[Priority 3: Coffee-chain backup.<br/>Address: Girard Ave / Pearl St area, La Jolla, CA 92037<br/>Approximate runner mile: 111.2.<br/>Nearest runner geometry: approximately 0.00 mi straight-line (not a walking detour).<br/>Verification: Business backup only; confirm race-day hours and customer restroom access before relying on it.<br/>Source: <a href="https://www.starbucks.com/store-locator">official / current listing</a>]]></description>
      <styleUrl>#coffeeBackup</styleUrl>
      <Point><coordinates>-117.2741,32.8323,0</coordinates></Point>
    </Placemark>
    <Placemark><name>Steady State Roasting</name>
      <description><![CDATA[Priority 3: Coffee-chain backup.<br/>Address: 2562 State St Ste g, Carlsbad, CA 92008, USA<br/>Approximate runner mile: 85.0.<br/>Nearest runner geometry: approximately 0.13 mi straight-line (not a walking detour).<br/>Verification: Google Places business backup (operational); confirm customer restroom access and hours on race day.<br/>Source: <a href="https://maps.google.com/?cid=12303152980344953948&g_mp=Cilnb29nbGUubWFwcy5wbGFjZXMudjEuUGxhY2VzLlNlYXJjaE5lYXJieRACGAQgAA">official / current listing</a>]]></description>
      <styleUrl>#coffeeBackup</styleUrl>
      <Point><coordinates>-117.3522321,33.164606299999996,0</coordinates></Point>
    </Placemark>
    <Placemark><name>Steel Cup Café</name>
      <description><![CDATA[Priority 3: Coffee-chain backup.<br/>Address: 2201 N Lakewood Blvd Ste e, Long Beach, CA 90815, USA<br/>Approximate runner mile: 37.0.<br/>Nearest runner geometry: approximately 0.45 mi straight-line (not a walking detour).<br/>Verification: Google Places business backup (operational); confirm customer restroom access and hours on race day.<br/>Source: <a href="https://maps.google.com/?cid=4620007678856440587&g_mp=Cilnb29nbGUubWFwcy5wbGFjZXMudjEuUGxhY2VzLlNlYXJjaE5lYXJieRACGAQgAA">official / current listing</a>]]></description>
      <styleUrl>#coffeeBackup</styleUrl>
      <Point><coordinates>-118.1430408,33.7962403,0</coordinates></Point>
    </Placemark>
    <Placemark><name>SteelCraft Long Beach</name>
      <description><![CDATA[Priority 3: Coffee-chain backup.<br/>Address: 3768 Long Beach Blvd, Long Beach, CA 90807, USA<br/>Approximate runner mile: 31.0.<br/>Nearest runner geometry: approximately 0.88 mi straight-line (not a walking detour).<br/>Verification: Google Places business backup (operational); confirm customer restroom access and hours on race day.<br/>Source: <a href="https://maps.google.com/?cid=813333306461066612&g_mp=Cilnb29nbGUubWFwcy5wbGFjZXMudjEuUGxhY2VzLlNlYXJjaE5lYXJieRACGAQgAA">official / current listing</a>]]></description>
      <styleUrl>#coffeeBackup</styleUrl>
      <Point><coordinates>-118.18911860000001,33.826422300000004,0</coordinates></Point>
    </Placemark>
    <Placemark><name>Steelhead Coffee</name>
      <description><![CDATA[Priority 3: Coffee-chain backup.<br/>Address: 3768 Long Beach Blvd, Long Beach, CA 90807, USA<br/>Approximate runner mile: 31.0.<br/>Nearest runner geometry: approximately 0.88 mi straight-line (not a walking detour).<br/>Verification: Google Places business backup (operational); confirm customer restroom access and hours on race day.<br/>Source: <a href="https://maps.google.com/?cid=14594580256129334526&g_mp=Cilnb29nbGUubWFwcy5wbGFjZXMudjEuUGxhY2VzLlNlYXJjaE5lYXJieRACGAQgAA">official / current listing</a>]]></description>
      <styleUrl>#coffeeBackup</styleUrl>
      <Point><coordinates>-118.18918219999999,33.826444699999996,0</coordinates></Point>
    </Placemark>
    <Placemark><name>Stratford Court Cafe</name>
      <description><![CDATA[Priority 3: Coffee-chain backup.<br/>Address: 1307 Stratford Ct, Del Mar, CA 92014, USA<br/>Approximate runner mile: 100.6.<br/>Nearest runner geometry: approximately 0.04 mi straight-line (not a walking detour).<br/>Verification: Google Places business backup (operational); confirm customer restroom access and hours on race day.<br/>Source: <a href="https://maps.google.com/?cid=12626339217808304296&g_mp=Cilnb29nbGUubWFwcy5wbGFjZXMudjEuUGxhY2VzLlNlYXJjaE5lYXJieRACGAQgAA">official / current listing</a>]]></description>
      <styleUrl>#coffeeBackup</styleUrl>
      <Point><coordinates>-117.265358,32.957538,0</coordinates></Point>
    </Placemark>
    <Placemark><name>Stratford at the Harbor</name>
      <description><![CDATA[Priority 3: Coffee-chain backup.<br/>Address: 280 Harbor Dr, Oceanside, CA 92054, USA<br/>Approximate runner mile: 81.5.<br/>Nearest runner geometry: approximately 0.24 mi straight-line (not a walking detour).<br/>Verification: Google Places business backup (operational); confirm customer restroom access and hours on race day.<br/>Source: <a href="https://maps.google.com/?cid=4491907494748466135&g_mp=Cilnb29nbGUubWFwcy5wbGFjZXMudjEuUGxhY2VzLlNlYXJjaE5lYXJieRACGAQgAA">official / current listing</a>]]></description>
      <styleUrl>#coffeeBackup</styleUrl>
      <Point><coordinates>-117.38921710000001,33.205151,0</coordinates></Point>
    </Placemark>
    <Placemark><name>Subterranean Coffee &amp; Gelato</name>
      <description><![CDATA[Priority 3: Coffee-chain backup.<br/>Address: 1237 Prospect St Ste V, La Jolla, CA 92037, USA<br/>Approximate runner mile: 109.9.<br/>Nearest runner geometry: approximately 0.26 mi straight-line (not a walking detour).<br/>Verification: Google Places business backup (operational); confirm customer restroom access and hours on race day.<br/>Source: <a href="https://maps.google.com/?cid=9052234277173459548&g_mp=Cilnb29nbGUubWFwcy5wbGFjZXMudjEuUGxhY2VzLlNlYXJjaE5lYXJieRACGAQgAA">official / current listing</a>]]></description>
      <styleUrl>#coffeeBackup</styleUrl>
      <Point><coordinates>-117.27170020000001,32.8487241,0</coordinates></Point>
    </Placemark>
    <Placemark><name>Succulent Coffee</name>
      <description><![CDATA[Priority 3: Coffee-chain backup.<br/>Address: 306 N Tremont St, Oceanside, CA 92054, USA<br/>Approximate runner mile: 82.2.<br/>Nearest runner geometry: approximately 0.04 mi straight-line (not a walking detour).<br/>Verification: Google Places business backup (operational); confirm customer restroom access and hours on race day.<br/>Source: <a href="https://maps.google.com/?cid=286595566462649782&g_mp=Cilnb29nbGUubWFwcy5wbGFjZXMudjEuUGxhY2VzLlNlYXJjaE5lYXJieRACGAQgAA">official / current listing</a>]]></description>
      <styleUrl>#coffeeBackup</styleUrl>
      <Point><coordinates>-117.3811285,33.1966859,0</coordinates></Point>
    </Placemark>
    <Placemark><name>Succulent Coffee Roasters</name>
      <description><![CDATA[Priority 3: Coffee-chain backup.<br/>Address: 17196 Pacific Coast Hwy, Huntington Beach, CA 92649, USA<br/>Approximate runner mile: 44.3.<br/>Nearest runner geometry: approximately 0.03 mi straight-line (not a walking detour).<br/>Verification: Google Places business backup (operational); confirm customer restroom access and hours on race day.<br/>Source: <a href="https://maps.google.com/?cid=1955768345358179639&g_mp=Cilnb29nbGUubWFwcy5wbGFjZXMudjEuUGxhY2VzLlNlYXJjaE5lYXJieRACGAQgAA">official / current listing</a>]]></description>
      <styleUrl>#coffeeBackup</styleUrl>
      <Point><coordinates>-118.0638439,33.7127403,0</coordinates></Point>
    </Placemark>
    <Placemark><name>Sugar Blossom Bake Shop</name>
      <description><![CDATA[Priority 3: Coffee-chain backup.<br/>Address: 122 S El Camino Real, San Clemente, CA 92672, USA<br/>Approximate runner mile: 78.7.<br/>Nearest runner geometry: approximately 0.01 mi straight-line (not a walking detour).<br/>Verification: Google Places business backup (operational); confirm customer restroom access and hours on race day.<br/>Source: <a href="https://maps.google.com/?cid=18052789260641985216&g_mp=Cilnb29nbGUubWFwcy5wbGFjZXMudjEuUGxhY2VzLlNlYXJjaE5lYXJieRACGAQgAA">official / current listing</a>]]></description>
      <styleUrl>#coffeeBackup</styleUrl>
      <Point><coordinates>-117.61232889999998,33.4270237,0</coordinates></Point>
    </Placemark>
    <Placemark><name>Sugar Shack Cafe</name>
      <description><![CDATA[Priority 3: Coffee-chain backup.<br/>Address: 213 Main St, Huntington Beach, CA 92648, USA<br/>Approximate runner mile: 49.6.<br/>Nearest runner geometry: approximately 0.12 mi straight-line (not a walking detour).<br/>Verification: Google Places business backup (operational); confirm customer restroom access and hours on race day.<br/>Source: <a href="https://maps.google.com/?cid=9222963402274768719&g_mp=Cilnb29nbGUubWFwcy5wbGFjZXMudjEuUGxhY2VzLlNlYXJjaE5lYXJieRACGAQgAA">official / current listing</a>]]></description>
      <styleUrl>#coffeeBackup</styleUrl>
      <Point><coordinates>-118.00084580000001,33.6585819,0</coordinates></Point>
    </Placemark>
    <Placemark><name>Summerland Homemade Ice Cream &amp; Patisserie</name>
      <description><![CDATA[Priority 3: Coffee-chain backup.<br/>Address: 705 E Balboa Blvd, Newport Beach, CA 92661, USA<br/>Approximate runner mile: 56.7.<br/>Nearest runner geometry: approximately 0.85 mi straight-line (not a walking detour).<br/>Verification: Google Places business backup (operational); confirm customer restroom access and hours on race day.<br/>Source: <a href="https://maps.google.com/?cid=8058961365690074707&g_mp=Cilnb29nbGUubWFwcy5wbGFjZXMudjEuUGxhY2VzLlNlYXJjaE5lYXJieRACGAQgAA">official / current listing</a>]]></description>
      <styleUrl>#coffeeBackup</styleUrl>
      <Point><coordinates>-117.9001218,33.6019783,0</coordinates></Point>
    </Placemark>
    <Placemark><name>Sun Gold Point Diner</name>
      <description><![CDATA[Priority 3: Coffee-chain backup.<br/>Address: 5632 La Jolla Blvd, La Jolla, CA 92037, USA<br/>Approximate runner mile: 112.6.<br/>Nearest runner geometry: approximately 0.01 mi straight-line (not a walking detour).<br/>Verification: Google Places business backup (operational); confirm customer restroom access and hours on race day.<br/>Source: <a href="https://maps.google.com/?cid=4296688014139876329&g_mp=Cilnb29nbGUubWFwcy5wbGFjZXMudjEuUGxhY2VzLlNlYXJjaE5lYXJieRACGAQgAA">official / current listing</a>]]></description>
      <styleUrl>#coffeeBackup</styleUrl>
      <Point><coordinates>-117.2702524,32.8145324,0</coordinates></Point>
    </Placemark>
    <Placemark><name>Sunbliss Cafe</name>
      <description><![CDATA[Priority 3: Coffee-chain backup.<br/>Address: 3348 East Coast Hwy, Corona Del Mar, CA 92625, USA<br/>Approximate runner mile: 58.7.<br/>Nearest runner geometry: approximately 0.02 mi straight-line (not a walking detour).<br/>Verification: Google Places business backup (closed temporarily); confirm customer restroom access and hours on race day.<br/>Source: <a href="https://maps.google.com/?cid=6519742519883227604&g_mp=Cilnb29nbGUubWFwcy5wbGFjZXMudjEuUGxhY2VzLlNlYXJjaE5lYXJieRACGAQgAA">official / current listing</a>]]></description>
      <styleUrl>#coffeeBackup</styleUrl>
      <Point><coordinates>-117.8700607,33.5959143,0</coordinates></Point>
    </Placemark>
    <Placemark><name>Sundays Coffee &amp; Co.</name>
      <description><![CDATA[Priority 3: Coffee-chain backup.<br/>Address: 408 31st St, Newport Beach, CA 92663, USA<br/>Approximate runner mile: 54.5.<br/>Nearest runner geometry: approximately 0.40 mi straight-line (not a walking detour).<br/>Verification: Google Places business backup (operational); confirm customer restroom access and hours on race day.<br/>Source: <a href="https://maps.google.com/?cid=10595594241286599204&g_mp=Cilnb29nbGUubWFwcy5wbGFjZXMudjEuUGxhY2VzLlNlYXJjaE5lYXJieRACGAQgAA">official / current listing</a>]]></description>
      <styleUrl>#coffeeBackup</styleUrl>
      <Point><coordinates>-117.9298029,33.6151826,0</coordinates></Point>
    </Placemark>
    <Placemark><name>Super Domestic Coffee- Mar Vista</name>
      <description><![CDATA[Priority 3: Coffee-chain backup.<br/>Address: 11469 Washington Blvd, Los Angeles, CA 90066, USA<br/>Approximate runner mile: 5.4.<br/>Nearest runner geometry: approximately 0.40 mi straight-line (not a walking detour).<br/>Verification: Google Places business backup (operational); confirm customer restroom access and hours on race day.<br/>Source: <a href="https://maps.google.com/?cid=5480671281855279343&g_mp=Cilnb29nbGUubWFwcy5wbGFjZXMudjEuUGxhY2VzLlNlYXJjaE5lYXJieRACGAQgAA">official / current listing</a>]]></description>
      <styleUrl>#coffeeBackup</styleUrl>
      <Point><coordinates>-118.41644699999999,34.001522,0</coordinates></Point>
    </Placemark>
    <Placemark><name>Superba Food + Bread Venice</name>
      <description><![CDATA[Priority 3: Coffee-chain backup.<br/>Address: 1900 Lincoln Blvd, Venice, CA 90291, USA<br/>Approximate runner mile: 3.1.<br/>Nearest runner geometry: approximately 0.54 mi straight-line (not a walking detour).<br/>Verification: Google Places business backup (operational); confirm customer restroom access and hours on race day.<br/>Source: <a href="https://maps.google.com/?cid=8359326062744397792&g_mp=Cilnb29nbGUubWFwcy5wbGFjZXMudjEuUGxhY2VzLlNlYXJjaE5lYXJieRACGAQgAA">official / current listing</a>]]></description>
      <styleUrl>#coffeeBackup</styleUrl>
      <Point><coordinates>-118.4563494,33.9962172,0</coordinates></Point>
    </Placemark>
    <Placemark><name>Sur Coffee</name>
      <description><![CDATA[Priority 3: Coffee-chain backup.<br/>Address: 214 5th St #102, Huntington Beach, CA 92648, USA<br/>Approximate runner mile: 49.5.<br/>Nearest runner geometry: approximately 0.12 mi straight-line (not a walking detour).<br/>Verification: Google Places business backup (operational); confirm customer restroom access and hours on race day.<br/>Source: <a href="https://maps.google.com/?cid=14791546663859493763&g_mp=Cilnb29nbGUubWFwcy5wbGFjZXMudjEuUGxhY2VzLlNlYXJjaE5lYXJieRACGAQgAA">official / current listing</a>]]></description>
      <styleUrl>#coffeeBackup</styleUrl>
      <Point><coordinates>-118.0013683,33.6589356,0</coordinates></Point>
    </Placemark>
    <Placemark><name>Sur Coffee</name>
      <description><![CDATA[Priority 3: Coffee-chain backup.<br/>Address: 1391 S Coast Hwy Unit A, Laguna Beach, CA 92651, USA<br/>Approximate runner mile: 65.9.<br/>Nearest runner geometry: approximately 0.01 mi straight-line (not a walking detour).<br/>Verification: Google Places business backup (operational); confirm customer restroom access and hours on race day.<br/>Source: <a href="https://maps.google.com/?cid=5689130412095511677&g_mp=Cilnb29nbGUubWFwcy5wbGFjZXMudjEuUGxhY2VzLlNlYXJjaE5lYXJieRACGAQgAA">official / current listing</a>]]></description>
      <styleUrl>#coffeeBackup</styleUrl>
      <Point><coordinates>-117.77522220000002,33.5318402,0</coordinates></Point>
    </Placemark>
    <Placemark><name>Sur Coffee</name>
      <description><![CDATA[Priority 3: Coffee-chain backup.<br/>Address: 213 Calle de Los Molinos, San Clemente, CA 92672, USA<br/>Approximate runner mile: 77.8.<br/>Nearest runner geometry: approximately 0.13 mi straight-line (not a walking detour).<br/>Verification: Google Places business backup (operational); confirm customer restroom access and hours on race day.<br/>Source: <a href="https://maps.google.com/?cid=5505850880444820677&g_mp=Cilnb29nbGUubWFwcy5wbGFjZXMudjEuUGxhY2VzLlNlYXJjaE5lYXJieRACGAQgAA">official / current listing</a>]]></description>
      <styleUrl>#coffeeBackup</styleUrl>
      <Point><coordinates>-117.6247109,33.434255799999995,0</coordinates></Point>
    </Placemark>
    <Placemark><name>Sur Coffee</name>
      <description><![CDATA[Priority 3: Coffee-chain backup.<br/>Address: 118 S El Camino Real, San Clemente, CA 92672, USA<br/>Approximate runner mile: 78.7.<br/>Nearest runner geometry: approximately 0.01 mi straight-line (not a walking detour).<br/>Verification: Google Places business backup (operational); confirm customer restroom access and hours on race day.<br/>Source: <a href="https://maps.google.com/?cid=7078219223320782552&g_mp=Cilnb29nbGUubWFwcy5wbGFjZXMudjEuUGxhY2VzLlNlYXJjaE5lYXJieRACGAQgAA">official / current listing</a>]]></description>
      <styleUrl>#coffeeBackup</styleUrl>
      <Point><coordinates>-117.61239499999999,33.4271305,0</coordinates></Point>
    </Placemark>
    <Placemark><name>Surfdog's Java Hut</name>
      <description><![CDATA[Priority 3: Coffee-chain backup.<br/>Address: 1126 S Coast Hwy 101, Encinitas, CA 92024, USA<br/>Approximate runner mile: 94.7.<br/>Nearest runner geometry: approximately 0.01 mi straight-line (not a walking detour).<br/>Verification: Google Places business backup (operational); confirm customer restroom access and hours on race day.<br/>Source: <a href="https://maps.google.com/?cid=2647073404354890527&g_mp=Cilnb29nbGUubWFwcy5wbGFjZXMudjEuUGxhY2VzLlNlYXJjaE5lYXJieRACGAQgAA">official / current listing</a>]]></description>
      <styleUrl>#coffeeBackup</styleUrl>
      <Point><coordinates>-117.29284799999999,33.037531,0</coordinates></Point>
    </Placemark>
    <Placemark><name>Sweet Elle Café</name>
      <description><![CDATA[Priority 3: Coffee-chain backup.<br/>Address: 328 11th St, Huntington Beach, CA 92648, USA<br/>Approximate runner mile: 49.2.<br/>Nearest runner geometry: approximately 0.23 mi straight-line (not a walking detour).<br/>Verification: Google Places business backup (operational); confirm customer restroom access and hours on race day.<br/>Source: <a href="https://maps.google.com/?cid=208629393125794581&g_mp=Cilnb29nbGUubWFwcy5wbGFjZXMudjEuUGxhY2VzLlNlYXJjaE5lYXJieRACGAQgAA">official / current listing</a>]]></description>
      <styleUrl>#coffeeBackup</styleUrl>
      <Point><coordinates>-118.00490789999998,33.663562299999995,0</coordinates></Point>
    </Placemark>
    <Placemark><name>TEC Cafe</name>
      <description><![CDATA[Priority 3: Coffee-chain backup.<br/>Address: 9500 Gilman Dr, La Jolla, CA 92093, USA<br/>Approximate runner mile: 106.1.<br/>Nearest runner geometry: approximately 0.20 mi straight-line (not a walking detour).<br/>Verification: Google Places business backup (closed temporarily); confirm customer restroom access and hours on race day.<br/>Source: <a href="https://maps.google.com/?cid=2070088327053086829&g_mp=Cilnb29nbGUubWFwcy5wbGFjZXMudjEuUGxhY2VzLlNlYXJjaE5lYXJieRACGAQgAA">official / current listing</a>]]></description>
      <styleUrl>#coffeeBackup</styleUrl>
      <Point><coordinates>-117.24048060000001,32.8857804,0</coordinates></Point>
    </Placemark>
    <Placemark><name>TOAST Cafe</name>
      <description><![CDATA[Priority 3: Coffee-chain backup.<br/>Address: 11455 El Camino Real, San Diego, CA 92130, USA<br/>Approximate runner mile: 103.5.<br/>Nearest runner geometry: approximately 0.85 mi straight-line (not a walking detour).<br/>Verification: Google Places business backup (operational); confirm customer restroom access and hours on race day.<br/>Source: <a href="https://maps.google.com/?cid=16660931521326280240&g_mp=Cilnb29nbGUubWFwcy5wbGFjZXMudjEuUGxhY2VzLlNlYXJjaE5lYXJieRACGAQgAA">official / current listing</a>]]></description>
      <styleUrl>#coffeeBackup</styleUrl>
      <Point><coordinates>-117.2367361,32.9269289,0</coordinates></Point>
    </Placemark>
    <Placemark><name>TOUS les JOURS Bakery Café - La Jolla</name>
      <description><![CDATA[Priority 3: Coffee-chain backup.<br/>Address: 3363 Nobel Dr, La Jolla, CA 92037, USA<br/>Approximate runner mile: 107.0.<br/>Nearest runner geometry: approximately 0.91 mi straight-line (not a walking detour).<br/>Verification: Google Places business backup (operational); confirm customer restroom access and hours on race day.<br/>Source: <a href="https://maps.google.com/?cid=3779967736720748512&g_mp=Cilnb29nbGUubWFwcy5wbGFjZXMudjEuUGxhY2VzLlNlYXJjaE5lYXJieRACGAQgAA">official / current listing</a>]]></description>
      <styleUrl>#coffeeBackup</styleUrl>
      <Point><coordinates>-117.23097460000001,32.8676828,0</coordinates></Point>
    </Placemark>
    <Placemark><name>Tamales y tortas sara</name>
      <description><![CDATA[Priority 3: Coffee-chain backup.<br/>Address: 428 W 73rd St, Los Angeles, CA 90003, USA<br/>Approximate runner mile: 15.2.<br/>Nearest runner geometry: approximately 0.93 mi straight-line (not a walking detour).<br/>Verification: Google Places business backup (operational); confirm customer restroom access and hours on race day.<br/>Source: <a href="https://maps.google.com/?cid=7460873163500623943&g_mp=Cilnb29nbGUubWFwcy5wbGFjZXMudjEuUGxhY2VzLlNlYXJjaE5lYXJieRACGAQgAA">official / current listing</a>]]></description>
      <styleUrl>#coffeeBackup</styleUrl>
      <Point><coordinates>-118.2814159,33.9734239,0</coordinates></Point>
    </Placemark>
    <Placemark><name>Tanner's Coffee Co.</name>
      <description><![CDATA[Priority 3: Coffee-chain backup.<br/>Address: Tanner's Coffee Co, 4342 Sepulveda Blvd, Culver City, CA 90230, USA<br/>Approximate runner mile: 5.6.<br/>Nearest runner geometry: approximately 0.83 mi straight-line (not a walking detour).<br/>Verification: Google Places business backup (operational); confirm customer restroom access and hours on race day.<br/>Source: <a href="https://maps.google.com/?cid=16077922961154446625&g_mp=Cilnb29nbGUubWFwcy5wbGFjZXMudjEuUGxhY2VzLlNlYXJjaE5lYXJieRACGAQgAA">official / current listing</a>]]></description>
      <styleUrl>#coffeeBackup</styleUrl>
      <Point><coordinates>-118.4083338,34.0040417,0</coordinates></Point>
    </Placemark>
    <Placemark><name>Teofilo Coffee Company</name>
      <description><![CDATA[Priority 3: Coffee-chain backup.<br/>Address: 5668 2nd St, Long Beach, CA 90803, USA<br/>Approximate runner mile: 39.7.<br/>Nearest runner geometry: approximately 0.62 mi straight-line (not a walking detour).<br/>Verification: Google Places business backup (operational); confirm customer restroom access and hours on race day.<br/>Source: <a href="https://maps.google.com/?cid=18318315104090337179&g_mp=Cilnb29nbGUubWFwcy5wbGFjZXMudjEuUGxhY2VzLlNlYXJjaE5lYXJieRACGAQgAA">official / current listing</a>]]></description>
      <styleUrl>#coffeeBackup</styleUrl>
      <Point><coordinates>-118.12375189999999,33.7568761,0</coordinates></Point>
    </Placemark>
    <Placemark><name>The American Açaí Cafe</name>
      <description><![CDATA[Priority 3: Coffee-chain backup.<br/>Address: 1001 Garnet Ave Ste 105, San Diego, CA 92109, USA<br/>Approximate runner mile: 114.5.<br/>Nearest runner geometry: approximately 0.00 mi straight-line (not a walking detour).<br/>Verification: Google Places business backup (operational); confirm customer restroom access and hours on race day.<br/>Source: <a href="https://maps.google.com/?cid=16082220345812272638&g_mp=Cilnb29nbGUubWFwcy5wbGFjZXMudjEuUGxhY2VzLlNlYXJjaE5lYXJieRACGAQgAA">official / current listing</a>]]></description>
      <styleUrl>#coffeeBackup</styleUrl>
      <Point><coordinates>-117.25154459999999,32.7973304,0</coordinates></Point>
    </Placemark>
    <Placemark><name>The Bagel Shack</name>
      <description><![CDATA[Priority 3: Coffee-chain backup.<br/>Address: 33585 Del Obispo St Unit A, Dana Point, CA 92629, USA<br/>Approximate runner mile: 73.5.<br/>Nearest runner geometry: approximately 0.76 mi straight-line (not a walking detour).<br/>Verification: Google Places business backup (operational); confirm customer restroom access and hours on race day.<br/>Source: <a href="https://maps.google.com/?cid=15584302800044259104&g_mp=Cilnb29nbGUubWFwcy5wbGFjZXMudjEuUGxhY2VzLlNlYXJjaE5lYXJieRACGAQgAA">official / current listing</a>]]></description>
      <styleUrl>#coffeeBackup</styleUrl>
      <Point><coordinates>-117.68606659999999,33.4753079,0</coordinates></Point>
    </Placemark>
    <Placemark><name>The Barista Botanist</name>
      <description><![CDATA[Priority 3: Coffee-chain backup.<br/>Address: 4680 Cass St, San Diego, CA 92109, USA<br/>Approximate runner mile: 114.5.<br/>Nearest runner geometry: approximately 0.19 mi straight-line (not a walking detour).<br/>Verification: Google Places business backup (operational); confirm customer restroom access and hours on race day.<br/>Source: <a href="https://maps.google.com/?cid=13116668899815549068&g_mp=Cilnb29nbGUubWFwcy5wbGFjZXMudjEuUGxhY2VzLlNlYXJjaE5lYXJieRACGAQgAA">official / current listing</a>]]></description>
      <styleUrl>#coffeeBackup</styleUrl>
      <Point><coordinates>-117.2527912,32.799911099999996,0</coordinates></Point>
    </Placemark>
    <Placemark><name>The Boy &amp; The Bear - Coffee Roastery</name>
      <description><![CDATA[Priority 3: Coffee-chain backup.<br/>Address: 12712 Washington Blvd Ste 101, Los Angeles, CA 90066, USA<br/>Approximate runner mile: 4.5.<br/>Nearest runner geometry: approximately 0.01 mi straight-line (not a walking detour).<br/>Verification: Google Places business backup (operational); confirm customer restroom access and hours on race day.<br/>Source: <a href="https://maps.google.com/?cid=4483907482362979836&g_mp=Cilnb29nbGUubWFwcy5wbGFjZXMudjEuUGxhY2VzLlNlYXJjaE5lYXJieRACGAQgAA">official / current listing</a>]]></description>
      <styleUrl>#coffeeBackup</styleUrl>
      <Point><coordinates>-118.43503399999999,33.9965713,0</coordinates></Point>
    </Placemark>
    <Placemark><name>The Cellar</name>
      <description><![CDATA[Priority 3: Coffee-chain backup.<br/>Address: 156 Avenida Del Mar, San Clemente, CA 92672, USA<br/>Approximate runner mile: 78.6.<br/>Nearest runner geometry: approximately 0.14 mi straight-line (not a walking detour).<br/>Verification: Google Places business backup (operational); confirm customer restroom access and hours on race day.<br/>Source: <a href="https://maps.google.com/?cid=3840097022483939070&g_mp=Cilnb29nbGUubWFwcy5wbGFjZXMudjEuUGxhY2VzLlNlYXJjaE5lYXJieRACGAQgAA">official / current listing</a>]]></description>
      <styleUrl>#coffeeBackup</styleUrl>
      <Point><coordinates>-117.6146589,33.4265061,0</coordinates></Point>
    </Placemark>
    <Placemark><name>The Coffee Bean &amp; Tea Leaf</name>
      <description><![CDATA[Priority 3: Coffee-chain backup.<br/>Address: 1312 3rd Street Promenade, Santa Monica, CA 90401, USA<br/>Approximate runner mile: 0.1.<br/>Nearest runner geometry: approximately 0.38 mi straight-line (not a walking detour).<br/>Verification: Google Places business backup (operational); confirm customer restroom access and hours on race day.<br/>Source: <a href="https://maps.google.com/?cid=15514179327123146109&g_mp=Cilnb29nbGUubWFwcy5wbGFjZXMudjEuUGxhY2VzLlNlYXJjaE5lYXJieRACGAQgAA">official / current listing</a>]]></description>
      <styleUrl>#coffeeBackup</styleUrl>
      <Point><coordinates>-118.4975686,34.0164561,0</coordinates></Point>
    </Placemark>
    <Placemark><name>The Coffee Bean &amp; Tea Leaf</name>
      <description><![CDATA[Priority 3: Coffee-chain backup.<br/>Address: 1996 Ximeno Ave #101, Long Beach, CA 90815, USA<br/>Approximate runner mile: 37.2.<br/>Nearest runner geometry: approximately 0.25 mi straight-line (not a walking detour).<br/>Verification: Google Places business backup (operational); confirm customer restroom access and hours on race day.<br/>Source: <a href="https://maps.google.com/?cid=10910799334269754534&g_mp=Cilnb29nbGUubWFwcy5wbGFjZXMudjEuUGxhY2VzLlNlYXJjaE5lYXJieRACGAQgAA">official / current listing</a>]]></description>
      <styleUrl>#coffeeBackup</styleUrl>
      <Point><coordinates>-118.13877240000001,33.791772099999996,0</coordinates></Point>
    </Placemark>
    <Placemark><name>The Coffee Bean &amp; Tea Leaf</name>
      <description><![CDATA[Priority 3: Coffee-chain backup.<br/>Address: 1212 N Bellflower Blvd, Long Beach, CA 90815, USA<br/>Approximate runner mile: 38.7.<br/>Nearest runner geometry: approximately 0.68 mi straight-line (not a walking detour).<br/>Verification: Google Places business backup (operational); confirm customer restroom access and hours on race day.<br/>Source: <a href="https://maps.google.com/?cid=9217878378363196445&g_mp=Cilnb29nbGUubWFwcy5wbGFjZXMudjEuUGxhY2VzLlNlYXJjaE5lYXJieRACGAQgAA">official / current listing</a>]]></description>
      <styleUrl>#coffeeBackup</styleUrl>
      <Point><coordinates>-118.1130394,33.781143199999995,0</coordinates></Point>
    </Placemark>
    <Placemark><name>The Coffee Bean &amp; Tea Leaf</name>
      <description><![CDATA[Priority 3: Coffee-chain backup.<br/>Address: 347 Main St #A, Seal Beach, CA 90740, USA<br/>Approximate runner mile: 41.1.<br/>Nearest runner geometry: approximately 0.02 mi straight-line (not a walking detour).<br/>Verification: Google Places business backup (operational); confirm customer restroom access and hours on race day.<br/>Source: <a href="https://maps.google.com/?cid=2303762430815061191&g_mp=Cilnb29nbGUubWFwcy5wbGFjZXMudjEuUGxhY2VzLlNlYXJjaE5lYXJieRACGAQgAA">official / current listing</a>]]></description>
      <styleUrl>#coffeeBackup</styleUrl>
      <Point><coordinates>-118.1031378,33.744235700000004,0</coordinates></Point>
    </Placemark>
    <Placemark><name>The Coffee Cart Café &amp; Espresso Catering</name>
      <description><![CDATA[Priority 3: Coffee-chain backup.<br/>Address: 11575 Sorrento Valley Rd Ste 201, San Diego, CA 92121, USA<br/>Approximate runner mile: 104.3.<br/>Nearest runner geometry: approximately 0.80 mi straight-line (not a walking detour).<br/>Verification: Google Places business backup (operational); confirm customer restroom access and hours on race day.<br/>Source: <a href="https://maps.google.com/?cid=16013886513408592128&g_mp=Cilnb29nbGUubWFwcy5wbGFjZXMudjEuUGxhY2VzLlNlYXJjaE5lYXJieRACGAQgAA">official / current listing</a>]]></description>
      <styleUrl>#coffeeBackup</styleUrl>
      <Point><coordinates>-117.2313044,32.9129365,0</coordinates></Point>
    </Placemark>
    <Placemark><name>The Coffee Company</name>
      <description><![CDATA[Priority 3: Coffee-chain backup.<br/>Address: 8751 S La Tijera Blvd, Los Angeles, CA 90045, USA<br/>Approximate runner mile: 8.4.<br/>Nearest runner geometry: approximately 0.82 mi straight-line (not a walking detour).<br/>Verification: Google Places business backup (operational); confirm customer restroom access and hours on race day.<br/>Source: <a href="https://maps.google.com/?cid=3998904605522377640&g_mp=Cilnb29nbGUubWFwcy5wbGFjZXMudjEuUGxhY2VzLlNlYXJjaE5lYXJieRACGAQgAA">official / current listing</a>]]></description>
      <styleUrl>#coffeeBackup</styleUrl>
      <Point><coordinates>-118.39453599999999,33.957594,0</coordinates></Point>
    </Placemark>
    <Placemark><name>The Cottage Del Mar</name>
      <description><![CDATA[Priority 3: Coffee-chain backup.<br/>Address: 1555 Camino Del Mar #102, Del Mar, CA 92014, USA<br/>Approximate runner mile: 100.4.<br/>Nearest runner geometry: approximately 0.02 mi straight-line (not a walking detour).<br/>Verification: Google Places business backup (operational); confirm customer restroom access and hours on race day.<br/>Source: <a href="https://maps.google.com/?cid=8732684488252902763&g_mp=Cilnb29nbGUubWFwcy5wbGFjZXMudjEuUGxhY2VzLlNlYXJjaE5lYXJieRACGAQgAA">official / current listing</a>]]></description>
      <styleUrl>#coffeeBackup</styleUrl>
      <Point><coordinates>-117.2650626,32.9607986,0</coordinates></Point>
    </Placemark>
    <Placemark><name>The Cup Coffee</name>
      <description><![CDATA[Priority 3: Coffee-chain backup.<br/>Address: 206 Wisconsin Ave, Oceanside, CA 92054, USA<br/>Approximate runner mile: 83.0.<br/>Nearest runner geometry: approximately 0.16 mi straight-line (not a walking detour).<br/>Verification: Google Places business backup (operational); confirm customer restroom access and hours on race day.<br/>Source: <a href="https://maps.google.com/?cid=2441475749294381360&g_mp=Cilnb29nbGUubWFwcy5wbGFjZXMudjEuUGxhY2VzLlNlYXJjaE5lYXJieRACGAQgAA">official / current listing</a>]]></description>
      <styleUrl>#coffeeBackup</styleUrl>
      <Point><coordinates>-117.3757746,33.1870451,0</coordinates></Point>
    </Placemark>
    <Placemark><name>The Flower Pot Cafe and Bakery</name>
      <description><![CDATA[Priority 3: Coffee-chain backup.<br/>Address: 7530 Fay Ave, La Jolla, CA 92037, USA<br/>Approximate runner mile: 110.5.<br/>Nearest runner geometry: approximately 0.05 mi straight-line (not a walking detour).<br/>Verification: Google Places business backup (operational); confirm customer restroom access and hours on race day.<br/>Source: <a href="https://maps.google.com/?cid=11269134650828729040&g_mp=Cilnb29nbGUubWFwcy5wbGFjZXMudjEuUGxhY2VzLlNlYXJjaE5lYXJieRACGAQgAA">official / current listing</a>]]></description>
      <styleUrl>#coffeeBackup</styleUrl>
      <Point><coordinates>-117.27421239999998,32.8407249,0</coordinates></Point>
    </Placemark>
    <Placemark><name>The Market Place</name>
      <description><![CDATA[Priority 3: Coffee-chain backup.<br/>Address: 1 Ritz Carlton Dr, Dana Point, CA 92629, USA<br/>Approximate runner mile: 71.1.<br/>Nearest runner geometry: approximately 0.21 mi straight-line (not a walking detour).<br/>Verification: Google Places business backup (operational); confirm customer restroom access and hours on race day.<br/>Source: <a href="https://maps.google.com/?cid=13270159109958692729&g_mp=Cilnb29nbGUubWFwcy5wbGFjZXMudjEuUGxhY2VzLlNlYXJjaE5lYXJieRACGAQgAA">official / current listing</a>]]></description>
      <styleUrl>#coffeeBackup</styleUrl>
      <Point><coordinates>-117.7203117,33.4748573,0</coordinates></Point>
    </Placemark>
    <Placemark><name>The Merchant</name>
      <description><![CDATA[Priority 3: Coffee-chain backup.<br/>Address: 4121 Long Beach Blvd, Long Beach, CA 90807, USA<br/>Approximate runner mile: 30.5.<br/>Nearest runner geometry: approximately 0.81 mi straight-line (not a walking detour).<br/>Verification: Google Places business backup (operational); confirm customer restroom access and hours on race day.<br/>Source: <a href="https://maps.google.com/?cid=12069195376991396148&g_mp=Cilnb29nbGUubWFwcy5wbGFjZXMudjEuUGxhY2VzLlNlYXJjaE5lYXJieRACGAQgAA">official / current listing</a>]]></description>
      <styleUrl>#coffeeBackup</styleUrl>
      <Point><coordinates>-118.18955519999999,33.8328,0</coordinates></Point>
    </Placemark>
    <Placemark><name>The Oasis Coffee</name>
      <description><![CDATA[Priority 3: Coffee-chain backup.<br/>Address: 671 Turquoise St, San Diego, CA 92109, USA<br/>Approximate runner mile: 113.4.<br/>Nearest runner geometry: approximately 0.04 mi straight-line (not a walking detour).<br/>Verification: Google Places business backup (operational); confirm customer restroom access and hours on race day.<br/>Source: <a href="https://maps.google.com/?cid=8562933695788210347&g_mp=Cilnb29nbGUubWFwcy5wbGFjZXMudjEuUGxhY2VzLlNlYXJjaE5lYXJieRACGAQgAA">official / current listing</a>]]></description>
      <styleUrl>#coffeeBackup</styleUrl>
      <Point><coordinates>-117.2610036,32.808031899999996,0</coordinates></Point>
    </Placemark>
    <Placemark><name>The Pantry</name>
      <description><![CDATA[Priority 3: Coffee-chain backup.<br/>Address: 1200 S Coast Hwy #102, Laguna Beach, CA 92651, USA<br/>Approximate runner mile: 65.8.<br/>Nearest runner geometry: approximately 0.02 mi straight-line (not a walking detour).<br/>Verification: Google Places business backup (operational); confirm customer restroom access and hours on race day.<br/>Source: <a href="https://maps.google.com/?cid=18085086262007438484&g_mp=Cilnb29nbGUubWFwcy5wbGFjZXMudjEuUGxhY2VzLlNlYXJjaE5lYXJieRACGAQgAA">official / current listing</a>]]></description>
      <styleUrl>#coffeeBackup</styleUrl>
      <Point><coordinates>-117.7759554,33.533329,0</coordinates></Point>
    </Placemark>
    <Placemark><name>The Patch Coffee</name>
      <description><![CDATA[Priority 3: Coffee-chain backup.<br/>Address: 1347 Summit Ave, Cardiff, CA 92007, USA<br/>Approximate runner mile: 95.1.<br/>Nearest runner geometry: approximately 0.14 mi straight-line (not a walking detour).<br/>Verification: Google Places business backup (operational); confirm customer restroom access and hours on race day.<br/>Source: <a href="https://maps.google.com/?cid=7110953912002309894&g_mp=Cilnb29nbGUubWFwcy5wbGFjZXMudjEuUGxhY2VzLlNlYXJjaE5lYXJieRACGAQgAA">official / current listing</a>]]></description>
      <styleUrl>#coffeeBackup</styleUrl>
      <Point><coordinates>-117.28800469999999,33.0336279,0</coordinates></Point>
    </Placemark>
    <Placemark><name>The Picnic Cafe</name>
      <description><![CDATA[Priority 3: Coffee-chain backup.<br/>Address: 174B Avenida Del Mar, San Clemente, CA 92672, USA<br/>Approximate runner mile: 78.6.<br/>Nearest runner geometry: approximately 0.18 mi straight-line (not a walking detour).<br/>Verification: Google Places business backup (operational); confirm customer restroom access and hours on race day.<br/>Source: <a href="https://maps.google.com/?cid=4796755777462498568&g_mp=Cilnb29nbGUubWFwcy5wbGFjZXMudjEuUGxhY2VzLlNlYXJjaE5lYXJieRACGAQgAA">official / current listing</a>]]></description>
      <styleUrl>#coffeeBackup</styleUrl>
      <Point><coordinates>-117.61512830000001,33.426186,0</coordinates></Point>
    </Placemark>
    <Placemark><name>The Point Crêperie Café</name>
      <description><![CDATA[Priority 3: Coffee-chain backup.<br/>Address: 4651 Mission Blvd, San Diego, CA 92109, USA<br/>Approximate runner mile: 114.1.<br/>Nearest runner geometry: approximately 0.02 mi straight-line (not a walking detour).<br/>Verification: Google Places business backup (operational); confirm customer restroom access and hours on race day.<br/>Source: <a href="https://maps.google.com/?cid=9757428605921167777&g_mp=Cilnb29nbGUubWFwcy5wbGFjZXMudjEuUGxhY2VzLlNlYXJjaE5lYXJieRACGAQgAA">official / current listing</a>]]></description>
      <styleUrl>#coffeeBackup</styleUrl>
      <Point><coordinates>-117.2559229,32.7986545,0</coordinates></Point>
    </Placemark>
    <Placemark><name>The Spicy Bean Lab Cafe</name>
      <description><![CDATA[Priority 3: Coffee-chain backup.<br/>Address: 1970 S Coast Hwy, Laguna Beach, CA 92651, USA<br/>Approximate runner mile: 66.3.<br/>Nearest runner geometry: approximately 0.01 mi straight-line (not a walking detour).<br/>Verification: Google Places business backup (operational); confirm customer restroom access and hours on race day.<br/>Source: <a href="https://maps.google.com/?cid=7689206438999384781&g_mp=Cilnb29nbGUubWFwcy5wbGFjZXMudjEuUGxhY2VzLlNlYXJjaE5lYXJieRACGAQgAA">official / current listing</a>]]></description>
      <styleUrl>#coffeeBackup</styleUrl>
      <Point><coordinates>-117.7698664,33.5277843,0</coordinates></Point>
    </Placemark>
    <Placemark><name>The Trading Post Café &amp; Bar</name>
      <description><![CDATA[Priority 3: Coffee-chain backup.<br/>Address: 9700 N Torrey Pines Rd, La Jolla, CA 92037, USA<br/>Approximate runner mile: 106.2.<br/>Nearest runner geometry: approximately 0.06 mi straight-line (not a walking detour).<br/>Verification: Google Places business backup (operational); confirm customer restroom access and hours on race day.<br/>Source: <a href="https://maps.google.com/?cid=1114790450641962141&g_mp=Cilnb29nbGUubWFwcy5wbGFjZXMudjEuUGxhY2VzLlNlYXJjaE5lYXJieRACGAQgAA">official / current listing</a>]]></description>
      <styleUrl>#coffeeBackup</styleUrl>
      <Point><coordinates>-117.24512920000001,32.8841624,0</coordinates></Point>
    </Placemark>
    <Placemark><name>The Waterfront Venice</name>
      <description><![CDATA[Priority 3: Coffee-chain backup.<br/>Address: 205 Ocean Front Walk, Venice, CA 90291, USA<br/>Approximate runner mile: 1.6.<br/>Nearest runner geometry: approximately 0.17 mi straight-line (not a walking detour).<br/>Verification: Google Places business backup (operational); confirm customer restroom access and hours on race day.<br/>Source: <a href="https://maps.google.com/?cid=7030651404383979618&g_mp=Cilnb29nbGUubWFwcy5wbGFjZXMudjEuUGxhY2VzLlNlYXJjaE5lYXJieRACGAQgAA">official / current listing</a>]]></description>
      <styleUrl>#coffeeBackup</styleUrl>
      <Point><coordinates>-118.4807665,33.9950798,0</coordinates></Point>
    </Placemark>
    <Placemark><name>Thorne Brothers Coffee</name>
      <description><![CDATA[Priority 3: Coffee-chain backup.<br/>Address: 272 Broadway St, Laguna Beach, CA 92651, USA<br/>Approximate runner mile: 64.9.<br/>Nearest runner geometry: approximately 0.10 mi straight-line (not a walking detour).<br/>Verification: Google Places business backup (operational); confirm customer restroom access and hours on race day.<br/>Source: <a href="https://maps.google.com/?cid=9495088366633078506&g_mp=Cilnb29nbGUubWFwcy5wbGFjZXMudjEuUGxhY2VzLlNlYXJjaE5lYXJieRACGAQgAA">official / current listing</a>]]></description>
      <styleUrl>#coffeeBackup</styleUrl>
      <Point><coordinates>-117.7845323,33.5439286,0</coordinates></Point>
    </Placemark>
    <Placemark><name>TidePoole's</name>
      <description><![CDATA[Priority 3: Coffee-chain backup.<br/>Address: 6310 West Coast Hwy, Newport Beach, CA 92663, USA<br/>Approximate runner mile: 53.3.<br/>Nearest runner geometry: approximately 0.02 mi straight-line (not a walking detour).<br/>Verification: Google Places business backup (operational); confirm customer restroom access and hours on race day.<br/>Source: <a href="https://maps.google.com/?cid=2541795203613488657&g_mp=Cilnb29nbGUubWFwcy5wbGFjZXMudjEuUGxhY2VzLlNlYXJjaE5lYXJieRACGAQgAA">official / current listing</a>]]></description>
      <styleUrl>#coffeeBackup</styleUrl>
      <Point><coordinates>-117.9499558,33.6270592,0</coordinates></Point>
    </Placemark>
    <Placemark><name>Tierra Mia Coffee</name>
      <description><![CDATA[Priority 3: Coffee-chain backup.<br/>Address: 4914 Firestone Blvd, South Gate, CA 90280, USA<br/>Approximate runner mile: 21.2.<br/>Nearest runner geometry: approximately 0.05 mi straight-line (not a walking detour).<br/>Verification: Google Places business backup (operational); confirm customer restroom access and hours on race day.<br/>Source: <a href="https://maps.google.com/?cid=1585370918575018897&g_mp=Cilnb29nbGUubWFwcy5wbGFjZXMudjEuUGxhY2VzLlNlYXJjaE5lYXJieRACGAQgAA">official / current listing</a>]]></description>
      <styleUrl>#coffeeBackup</styleUrl>
      <Point><coordinates>-118.18222999999999,33.9514703,0</coordinates></Point>
    </Placemark>
    <Placemark><name>Tierra Mia Coffee Drive Thru</name>
      <description><![CDATA[Priority 3: Coffee-chain backup.<br/>Address: 11004 Atlantic Ave, Lynwood, CA 90262, USA<br/>Approximate runner mile: 22.7.<br/>Nearest runner geometry: approximately 0.02 mi straight-line (not a walking detour).<br/>Verification: Google Places business backup (operational); confirm customer restroom access and hours on race day.<br/>Source: <a href="https://maps.google.com/?cid=9383035455080269793&g_mp=Cilnb29nbGUubWFwcy5wbGFjZXMudjEuUGxhY2VzLlNlYXJjaE5lYXJieRACGAQgAA">official / current listing</a>]]></description>
      <styleUrl>#coffeeBackup</styleUrl>
      <Point><coordinates>-118.1835395,33.93020140000001,0</coordinates></Point>
    </Placemark>
    <Placemark><name>Tierra Mia Coffee Drive Thru</name>
      <description><![CDATA[Priority 3: Coffee-chain backup.<br/>Address: 425 Pacific Coast Hwy, Long Beach, CA 90806, USA<br/>Approximate runner mile: 34.5.<br/>Nearest runner geometry: approximately 0.02 mi straight-line (not a walking detour).<br/>Verification: Google Places business backup (operational); confirm customer restroom access and hours on race day.<br/>Source: <a href="https://maps.google.com/?cid=8366683113771859875&g_mp=Cilnb29nbGUubWFwcy5wbGFjZXMudjEuUGxhY2VzLlNlYXJjaE5lYXJieRACGAQgAA">official / current listing</a>]]></description>
      <styleUrl>#coffeeBackup</styleUrl>
      <Point><coordinates>-118.18756359999999,33.790106099999996,0</coordinates></Point>
    </Placemark>
    <Placemark><name>Todos Santos</name>
      <description><![CDATA[Priority 3: Coffee-chain backup.<br/>Address: 501 Park Ave, Newport Beach, CA 92662, USA<br/>Approximate runner mile: 56.7.<br/>Nearest runner geometry: approximately 0.50 mi straight-line (not a walking detour).<br/>Verification: Google Places business backup (operational); confirm customer restroom access and hours on race day.<br/>Source: <a href="https://maps.google.com/?cid=15026366397711856905&g_mp=Cilnb29nbGUubWFwcy5wbGFjZXMudjEuUGxhY2VzLlNlYXJjaE5lYXJieRACGAQgAA">official / current listing</a>]]></description>
      <styleUrl>#coffeeBackup</styleUrl>
      <Point><coordinates>-117.89732409999999,33.606530899999996,0</coordinates></Point>
    </Placemark>
    <Placemark><name>Torrey Coffee</name>
      <description><![CDATA[Priority 3: Coffee-chain backup.<br/>Address: 10947 Vista Sorrento Pkwy, San Diego, CA 92130, USA<br/>Approximate runner mile: 104.1.<br/>Nearest runner geometry: approximately 0.98 mi straight-line (not a walking detour).<br/>Verification: Google Places business backup (closed temporarily); confirm customer restroom access and hours on race day.<br/>Source: <a href="https://maps.google.com/?cid=5437382410933188954&g_mp=Cilnb29nbGUubWFwcy5wbGFjZXMudjEuUGxhY2VzLlNlYXJjaE5lYXJieRACGAQgAA">official / current listing</a>]]></description>
      <styleUrl>#coffeeBackup</styleUrl>
      <Point><coordinates>-117.22845740000001,32.914877499999996,0</coordinates></Point>
    </Placemark>
    <Placemark><name>Trabajo</name>
      <description><![CDATA[Priority 3: Coffee-chain backup.<br/>Address: 15 Crystal Cove, Newport Coast, CA 92657, USA<br/>Approximate runner mile: 61.0.<br/>Nearest runner geometry: approximately 0.05 mi straight-line (not a walking detour).<br/>Verification: Google Places business backup (operational); confirm customer restroom access and hours on race day.<br/>Source: <a href="https://maps.google.com/?cid=3439501145447190023&g_mp=Cilnb29nbGUubWFwcy5wbGFjZXMudjEuUGxhY2VzLlNlYXJjaE5lYXJieRACGAQgAA">official / current listing</a>]]></description>
      <styleUrl>#coffeeBackup</styleUrl>
      <Point><coordinates>-117.84033179999999,33.574330599999996,0</coordinates></Point>
    </Placemark>
    <Placemark><name>Trident Coffee Pacific Beach</name>
      <description><![CDATA[Priority 3: Coffee-chain backup.<br/>Address: 4462 Mission Blvd Ste 102, San Diego, CA 92109, USA<br/>Approximate runner mile: 114.2.<br/>Nearest runner geometry: approximately 0.06 mi straight-line (not a walking detour).<br/>Verification: Google Places business backup (operational); confirm customer restroom access and hours on race day.<br/>Source: <a href="https://maps.google.com/?cid=9239193484172900479&g_mp=Cilnb29nbGUubWFwcy5wbGFjZXMudjEuUGxhY2VzLlNlYXJjaE5lYXJieRACGAQgAA">official / current listing</a>]]></description>
      <styleUrl>#coffeeBackup</styleUrl>
      <Point><coordinates>-117.2554325,32.7957762,0</coordinates></Point>
    </Placemark>
    <Placemark><name>Trung Nguyen E-Coffee</name>
      <description><![CDATA[Priority 3: Coffee-chain backup.<br/>Address: 5710 E 7th St, Long Beach, CA 90803, USA<br/>Approximate runner mile: 38.7.<br/>Nearest runner geometry: approximately 0.08 mi straight-line (not a walking detour).<br/>Verification: Google Places business backup (operational); confirm customer restroom access and hours on race day.<br/>Source: <a href="https://maps.google.com/?cid=5525969525762981950&g_mp=Cilnb29nbGUubWFwcy5wbGFjZXMudjEuUGxhY2VzLlNlYXJjaE5lYXJieRACGAQgAA">official / current listing</a>]]></description>
      <styleUrl>#coffeeBackup</styleUrl>
      <Point><coordinates>-118.12035929999999,33.7748358,0</coordinates></Point>
    </Placemark>
    <Placemark><name>Tutti Frutti</name>
      <description><![CDATA[Priority 3: Coffee-chain backup.<br/>Address: 10909 Atlantic Ave Unit B, Lynwood, CA 90262, USA<br/>Approximate runner mile: 22.6.<br/>Nearest runner geometry: approximately 0.04 mi straight-line (not a walking detour).<br/>Verification: Google Places business backup (operational); confirm customer restroom access and hours on race day.<br/>Source: <a href="https://maps.google.com/?cid=8764145452154476509&g_mp=Cilnb29nbGUubWFwcy5wbGFjZXMudjEuUGxhY2VzLlNlYXJjaE5lYXJieRACGAQgAA">official / current listing</a>]]></description>
      <styleUrl>#coffeeBackup</styleUrl>
      <Point><coordinates>-118.183976,33.9319779,0</coordinates></Point>
    </Placemark>
    <Placemark><name>Ubuntu Café</name>
      <description><![CDATA[Priority 3: Coffee-chain backup.<br/>Address: 335 Nieto Ave, Long Beach, CA 90814, USA<br/>Approximate runner mile: 38.4.<br/>Nearest runner geometry: approximately 0.69 mi straight-line (not a walking detour).<br/>Verification: Google Places business backup (operational); confirm customer restroom access and hours on race day.<br/>Source: <a href="https://maps.google.com/?cid=9279171431390143798&g_mp=Cilnb29nbGUubWFwcy5wbGFjZXMudjEuUGxhY2VzLlNlYXJjaE5lYXJieRACGAQgAA">official / current listing</a>]]></description>
      <styleUrl>#coffeeBackup</styleUrl>
      <Point><coordinates>-118.13311459999998,33.7693699,0</coordinates></Point>
    </Placemark>
    <Placemark><name>Ugo Santa Monica</name>
      <description><![CDATA[Priority 3: Coffee-chain backup.<br/>Address: 1400 3rd Street Promenade, Santa Monica, CA 90401, USA<br/>Approximate runner mile: 0.1.<br/>Nearest runner geometry: approximately 0.29 mi straight-line (not a walking detour).<br/>Verification: Google Places business backup (operational); confirm customer restroom access and hours on race day.<br/>Source: <a href="https://maps.google.com/?cid=1808797631586912336&g_mp=Cilnb29nbGUubWFwcy5wbGFjZXMudjEuUGxhY2VzLlNlYXJjaE5lYXJieRACGAQgAA">official / current listing</a>]]></description>
      <styleUrl>#coffeeBackup</styleUrl>
      <Point><coordinates>-118.49593739999999,34.0155099,0</coordinates></Point>
    </Placemark>
    <Placemark><name>Un Toque de Vida Cafe</name>
      <description><![CDATA[Priority 3: Coffee-chain backup.<br/>Address: Santa Ana St, Cudahy, CA 90201, USA<br/>Approximate runner mile: 20.8.<br/>Nearest runner geometry: approximately 0.61 mi straight-line (not a walking detour).<br/>Verification: Google Places business backup (operational); confirm customer restroom access and hours on race day.<br/>Source: <a href="https://maps.google.com/?cid=11916263968969642238&g_mp=Cilnb29nbGUubWFwcy5wbGFjZXMudjEuUGxhY2VzLlNlYXJjaE5lYXJieRACGAQgAA">official / current listing</a>]]></description>
      <styleUrl>#coffeeBackup</styleUrl>
      <Point><coordinates>-118.18737720000001,33.9610418,0</coordinates></Point>
    </Placemark>
    <Placemark><name>Uncle Fluffy</name>
      <description><![CDATA[Priority 3: Coffee-chain backup.<br/>Address: 120 5th St Ste C120, Huntington Beach, CA 92648, USA<br/>Approximate runner mile: 49.6.<br/>Nearest runner geometry: approximately 0.02 mi straight-line (not a walking detour).<br/>Verification: Google Places business backup (operational); confirm customer restroom access and hours on race day.<br/>Source: <a href="https://maps.google.com/?cid=16752510529490695047&g_mp=Cilnb29nbGUubWFwcy5wbGFjZXMudjEuUGxhY2VzLlNlYXJjaE5lYXJieRACGAQgAA">official / current listing</a>]]></description>
      <styleUrl>#coffeeBackup</styleUrl>
      <Point><coordinates>-118.0024603,33.657823799999996,0</coordinates></Point>
    </Placemark>
    <Placemark><name>Urth Caffe Laguna Beach</name>
      <description><![CDATA[Priority 3: Coffee-chain backup.<br/>Address: 308 N Pacific Coast Hwy, Laguna Beach, CA 92651, USA<br/>Approximate runner mile: 64.7.<br/>Nearest runner geometry: approximately 0.02 mi straight-line (not a walking detour).<br/>Verification: Google Places business backup (operational); confirm customer restroom access and hours on race day.<br/>Source: <a href="https://maps.google.com/?cid=5409456198118431018&g_mp=Cilnb29nbGUubWFwcy5wbGFjZXMudjEuUGxhY2VzLlNlYXJjaE5lYXJieRACGAQgAA">official / current listing</a>]]></description>
      <styleUrl>#coffeeBackup</styleUrl>
      <Point><coordinates>-117.78845210000001,33.544153,0</coordinates></Point>
    </Placemark>
    <Placemark><name>Urth Caffe Santa Monica</name>
      <description><![CDATA[Priority 3: Coffee-chain backup.<br/>Address: 2327 Main St, Santa Monica, CA 90405, USA<br/>Approximate runner mile: 0.9.<br/>Nearest runner geometry: approximately 0.02 mi straight-line (not a walking detour).<br/>Verification: Google Places business backup (operational); confirm customer restroom access and hours on race day.<br/>Source: <a href="https://maps.google.com/?cid=11481030901337874609&g_mp=Cilnb29nbGUubWFwcy5wbGFjZXMudjEuUGxhY2VzLlNlYXJjaE5lYXJieRACGAQgAA">official / current listing</a>]]></description>
      <styleUrl>#coffeeBackup</styleUrl>
      <Point><coordinates>-118.48578479999999,34.0043734,0</coordinates></Point>
    </Placemark>
    <Placemark><name>V Cafe</name>
      <description><![CDATA[Priority 3: Coffee-chain backup.<br/>Address: 1726 Clark Ave, Long Beach, CA 90815, USA<br/>Approximate runner mile: 37.5.<br/>Nearest runner geometry: approximately 0.29 mi straight-line (not a walking detour).<br/>Verification: Google Places business backup (operational); confirm customer restroom access and hours on race day.<br/>Source: <a href="https://maps.google.com/?cid=7136718819943572690&g_mp=Cilnb29nbGUubWFwcy5wbGFjZXMudjEuUGxhY2VzLlNlYXJjaE5lYXJieRACGAQgAA">official / current listing</a>]]></description>
      <styleUrl>#coffeeBackup</styleUrl>
      <Point><coordinates>-118.133511,33.7886789,0</coordinates></Point>
    </Placemark>
    <Placemark><name>VCS Patriot Brew</name>
      <description><![CDATA[Priority 3: Coffee-chain backup.<br/>Address: 3350 La Jolla Village Dr, San Diego, CA 92161, USA<br/>Approximate runner mile: 106.8.<br/>Nearest runner geometry: approximately 0.67 mi straight-line (not a walking detour).<br/>Verification: Google Places business backup (operational); confirm customer restroom access and hours on race day.<br/>Source: <a href="https://maps.google.com/?cid=16094015173789267622&g_mp=Cilnb29nbGUubWFwcy5wbGFjZXMudjEuUGxhY2VzLlNlYXJjaE5lYXJieRACGAQgAA">official / current listing</a>]]></description>
      <styleUrl>#coffeeBackup</styleUrl>
      <Point><coordinates>-117.23233499999998,32.8749955,0</coordinates></Point>
    </Placemark>
    <Placemark><name>Vacancy Coffee</name>
      <description><![CDATA[Priority 3: Coffee-chain backup.<br/>Address: 6480 West Coast Hwy, Newport Beach, CA 92663, USA<br/>Approximate runner mile: 53.2.<br/>Nearest runner geometry: approximately 0.02 mi straight-line (not a walking detour).<br/>Verification: Google Places business backup (operational); confirm customer restroom access and hours on race day.<br/>Source: <a href="https://maps.google.com/?cid=11582430643445940181&g_mp=Cilnb29nbGUubWFwcy5wbGFjZXMudjEuUGxhY2VzLlNlYXJjaE5lYXJieRACGAQgAA">official / current listing</a>]]></description>
      <styleUrl>#coffeeBackup</styleUrl>
      <Point><coordinates>-117.9504141,33.627314,0</coordinates></Point>
    </Placemark>
    <Placemark><name>Variable Cafe</name>
      <description><![CDATA[Priority 3: Coffee-chain backup.<br/>Address: 13350 W Washington Blvd, Los Angeles, CA 90066, USA<br/>Approximate runner mile: 3.9.<br/>Nearest runner geometry: approximately 0.00 mi straight-line (not a walking detour).<br/>Verification: Google Places business backup (operational); confirm customer restroom access and hours on race day.<br/>Source: <a href="https://maps.google.com/?cid=12952624485952283017&g_mp=Cilnb29nbGUubWFwcy5wbGFjZXMudjEuUGxhY2VzLlNlYXJjaE5lYXJieRACGAQgAA">official / current listing</a>]]></description>
      <styleUrl>#coffeeBackup</styleUrl>
      <Point><coordinates>-118.4435786,33.9923694,0</coordinates></Point>
    </Placemark>
    <Placemark><name>Village Faire</name>
      <description><![CDATA[Priority 3: Coffee-chain backup.<br/>Address: 300 Carlsbad Village Dr, Carlsbad, CA 92008, USA<br/>Approximate runner mile: 85.5.<br/>Nearest runner geometry: approximately 0.05 mi straight-line (not a walking detour).<br/>Verification: Google Places business backup (operational); confirm customer restroom access and hours on race day.<br/>Source: <a href="https://maps.google.com/?cid=12063745835745323215&g_mp=Cilnb29nbGUubWFwcy5wbGFjZXMudjEuUGxhY2VzLlNlYXJjaE5lYXJieRACGAQgAA">official / current listing</a>]]></description>
      <styleUrl>#coffeeBackup</styleUrl>
      <Point><coordinates>-117.3506041,33.158839799999996,0</coordinates></Point>
    </Placemark>
    <Placemark><name>Vinaka Cafe</name>
      <description><![CDATA[Priority 3: Coffee-chain backup.<br/>Address: 300 Carlsbad Village Dr #211, Carlsbad, CA 92008, USA<br/>Approximate runner mile: 85.5.<br/>Nearest runner geometry: approximately 0.06 mi straight-line (not a walking detour).<br/>Verification: Google Places business backup (operational); confirm customer restroom access and hours on race day.<br/>Source: <a href="https://maps.google.com/?cid=1412693225790909825&g_mp=Cilnb29nbGUubWFwcy5wbGFjZXMudjEuUGxhY2VzLlNlYXJjaE5lYXJieRACGAQgAA">official / current listing</a>]]></description>
      <styleUrl>#coffeeBackup</styleUrl>
      <Point><coordinates>-117.3508301,33.159317,0</coordinates></Point>
    </Placemark>
    <Placemark><name>Vista Bean Coffee</name>
      <description><![CDATA[Priority 3: Coffee-chain backup.<br/>Address: 1227 Vista Way, Oceanside, CA 92054, USA<br/>Approximate runner mile: 84.5.<br/>Nearest runner geometry: approximately 0.50 mi straight-line (not a walking detour).<br/>Verification: Google Places business backup (operational); confirm customer restroom access and hours on race day.<br/>Source: <a href="https://maps.google.com/?cid=14037248049775119253&g_mp=Cilnb29nbGUubWFwcy5wbGFjZXMudjEuUGxhY2VzLlNlYXJjaE5lYXJieRACGAQgAA">official / current listing</a>]]></description>
      <styleUrl>#coffeeBackup</styleUrl>
      <Point><coordinates>-117.3523275,33.1759471,0</coordinates></Point>
    </Placemark>
    <Placemark><name>Vons / Target Starbucks — Sepulveda backup</name>
      <description><![CDATA[Priority 3: Coffee-chain backup.<br/>Address: 6000 Sepulveda Blvd, Culver City, CA 90230<br/>Approximate runner mile: 7.3.<br/>Nearest runner geometry: approximately 0.21 mi straight-line (not a walking detour).<br/>Verification: Business backup only; confirm race-day hours and customer restroom access before relying on it.<br/>Source: <a href="https://www.target.com/sl/culver-city-westfield-mall/2632/starbucks">official / current listing</a>]]></description>
      <styleUrl>#coffeeBackup</styleUrl>
      <Point><coordinates>-118.3944,33.9846,0</coordinates></Point>
    </Placemark>
    <Placemark><name>WFM Coffee &amp; Juice Bar</name>
      <description><![CDATA[Priority 3: Coffee-chain backup.<br/>Address: 225 Lincoln Blvd, Venice, CA 90291, USA<br/>Approximate runner mile: 1.7.<br/>Nearest runner geometry: approximately 0.57 mi straight-line (not a walking detour).<br/>Verification: Google Places business backup (operational); confirm customer restroom access and hours on race day.<br/>Source: <a href="https://maps.google.com/?cid=12008444885093799702&g_mp=Cilnb29nbGUubWFwcy5wbGFjZXMudjEuUGxhY2VzLlNlYXJjaE5lYXJieRACGAQgAA">official / current listing</a>]]></description>
      <styleUrl>#coffeeBackup</styleUrl>
      <Point><coordinates>-118.4698813,34.0011613,0</coordinates></Point>
    </Placemark>
    <Placemark><name>WFM Coffee &amp; Juice Bar</name>
      <description><![CDATA[Priority 3: Coffee-chain backup.<br/>Address: 283 Broadway St, Laguna Beach, CA 92651, USA<br/>Approximate runner mile: 65.0.<br/>Nearest runner geometry: approximately 0.12 mi straight-line (not a walking detour).<br/>Verification: Google Places business backup (operational); confirm customer restroom access and hours on race day.<br/>Source: <a href="https://maps.google.com/?cid=14795093910460263818&g_mp=Cilnb29nbGUubWFwcy5wbGFjZXMudjEuUGxhY2VzLlNlYXJjaE5lYXJieRACGAQgAA">official / current listing</a>]]></description>
      <styleUrl>#coffeeBackup</styleUrl>
      <Point><coordinates>-117.78383099999998,33.5438776,0</coordinates></Point>
    </Placemark>
    <Placemark><name>WFM Coffee Bar</name>
      <description><![CDATA[Priority 3: Coffee-chain backup.<br/>Address: 12746 W Jefferson Blvd, Playa Vista, CA 90094, USA<br/>Approximate runner mile: 6.2.<br/>Nearest runner geometry: approximately 0.97 mi straight-line (not a walking detour).<br/>Verification: Google Places business backup (operational); confirm customer restroom access and hours on race day.<br/>Source: <a href="https://maps.google.com/?cid=7861226947050676998&g_mp=Cilnb29nbGUubWFwcy5wbGFjZXMudjEuUGxhY2VzLlNlYXJjaE5lYXJieRACGAQgAA">official / current listing</a>]]></description>
      <styleUrl>#coffeeBackup</styleUrl>
      <Point><coordinates>-118.4179227,33.976637,0</coordinates></Point>
    </Placemark>
    <Placemark><name>Ways Market &amp; Encinitas Chevron Gas Station</name>
      <description><![CDATA[Priority 3: Coffee-chain backup.<br/>Address: 865 Orpheus Ave, Encinitas, CA 92024, USA<br/>Approximate runner mile: 92.9.<br/>Nearest runner geometry: approximately 0.49 mi straight-line (not a walking detour).<br/>Verification: Google Places business backup (operational); confirm customer restroom access and hours on race day.<br/>Source: <a href="https://maps.google.com/?cid=16768442481648901283&g_mp=Cilnb29nbGUubWFwcy5wbGFjZXMudjEuUGxhY2VzLlNlYXJjaE5lYXJieRACGAQgAA">official / current listing</a>]]></description>
      <styleUrl>#coffeeBackup</styleUrl>
      <Point><coordinates>-117.29342520000002,33.064685,0</coordinates></Point>
    </Placemark>
    <Placemark><name>West Toast Cafe</name>
      <description><![CDATA[Priority 3: Coffee-chain backup.<br/>Address: 339 W Paseo De Cristobal, San Clemente, CA 92672, USA<br/>Approximate runner mile: 79.3.<br/>Nearest runner geometry: approximately 0.63 mi straight-line (not a walking detour).<br/>Verification: Google Places business backup (operational); confirm customer restroom access and hours on race day.<br/>Source: <a href="https://maps.google.com/?cid=13431613705760096065&g_mp=Cilnb29nbGUubWFwcy5wbGFjZXMudjEuUGxhY2VzLlNlYXJjaE5lYXJieRACGAQgAA">official / current listing</a>]]></description>
      <styleUrl>#coffeeBackup</styleUrl>
      <Point><coordinates>-117.6175592,33.4165475,0</coordinates></Point>
    </Placemark>
    <Placemark><name>Wilson Coffee Roasting Company</name>
      <description><![CDATA[Priority 3: Coffee-chain backup.<br/>Address: 1651 Placentia Ave Ste L, Costa Mesa, CA 92627, USA<br/>Approximate runner mile: 53.8.<br/>Nearest runner geometry: approximately 0.89 mi straight-line (not a walking detour).<br/>Verification: Google Places business backup (operational); confirm customer restroom access and hours on race day.<br/>Source: <a href="https://maps.google.com/?cid=7877506805776638466&g_mp=Cilnb29nbGUubWFwcy5wbGFjZXMudjEuUGxhY2VzLlNlYXJjaE5lYXJieRACGAQgAA">official / current listing</a>]]></description>
      <styleUrl>#coffeeBackup</styleUrl>
      <Point><coordinates>-117.9325724,33.6344579,0</coordinates></Point>
    </Placemark>
    <Placemark><name>Winchell's Donut House</name>
      <description><![CDATA[Priority 3: Coffee-chain backup.<br/>Address: 11413 Jefferson Blvd, Culver City, CA 90230, USA<br/>Approximate runner mile: 6.9.<br/>Nearest runner geometry: approximately 0.37 mi straight-line (not a walking detour).<br/>Verification: Google Places business backup (operational); confirm customer restroom access and hours on race day.<br/>Source: <a href="https://maps.google.com/?cid=14551774248628396789&g_mp=Cilnb29nbGUubWFwcy5wbGFjZXMudjEuUGxhY2VzLlNlYXJjaE5lYXJieRACGAQgAA">official / current listing</a>]]></description>
      <styleUrl>#coffeeBackup</styleUrl>
      <Point><coordinates>-118.39638909999998,33.9900634,0</coordinates></Point>
    </Placemark>
    <Placemark><name>Winchell's Donut House</name>
      <description><![CDATA[Priority 3: Coffee-chain backup.<br/>Address: 8567 S Broadway #2, Los Angeles, CA 90003, USA<br/>Approximate runner mile: 15.3.<br/>Nearest runner geometry: approximately 0.02 mi straight-line (not a walking detour).<br/>Verification: Google Places business backup (operational); confirm customer restroom access and hours on race day.<br/>Source: <a href="https://maps.google.com/?cid=2407109972874052619&g_mp=Cilnb29nbGUubWFwcy5wbGFjZXMudjEuUGxhY2VzLlNlYXJjaE5lYXJieRACGAQgAA">official / current listing</a>]]></description>
      <styleUrl>#coffeeBackup</styleUrl>
      <Point><coordinates>-118.27890149999999,33.960274,0</coordinates></Point>
    </Placemark>
    <Placemark><name>Winchell's Donut House</name>
      <description><![CDATA[Priority 3: Coffee-chain backup.<br/>Address: 4000 Firestone Blvd, South Gate, CA 90280, USA<br/>Approximate runner mile: 20.1.<br/>Nearest runner geometry: approximately 0.02 mi straight-line (not a walking detour).<br/>Verification: Google Places business backup (operational); confirm customer restroom access and hours on race day.<br/>Source: <a href="https://maps.google.com/?cid=12522576231388992272&g_mp=Cilnb29nbGUubWFwcy5wbGFjZXMudjEuUGxhY2VzLlNlYXJjaE5lYXJieRACGAQgAA">official / current listing</a>]]></description>
      <styleUrl>#coffeeBackup</styleUrl>
      <Point><coordinates>-118.2001755,33.9533006,0</coordinates></Point>
    </Placemark>
    <Placemark><name>Winchell's Donut House</name>
      <description><![CDATA[Priority 3: Coffee-chain backup.<br/>Address: 9922 Atlantic Ave, South Gate, CA 90280, USA<br/>Approximate runner mile: 21.9.<br/>Nearest runner geometry: approximately 0.03 mi straight-line (not a walking detour).<br/>Verification: Google Places business backup (operational); confirm customer restroom access and hours on race day.<br/>Source: <a href="https://maps.google.com/?cid=13523721722771534811&g_mp=Cilnb29nbGUubWFwcy5wbGFjZXMudjEuUGxhY2VzLlNlYXJjaE5lYXJieRACGAQgAA">official / current listing</a>]]></description>
      <styleUrl>#coffeeBackup</styleUrl>
      <Point><coordinates>-118.1812788,33.9410728,0</coordinates></Point>
    </Placemark>
    <Placemark><name>Winchell's Donut House</name>
      <description><![CDATA[Priority 3: Coffee-chain backup.<br/>Address: 4328 Imperial Hwy., Lynwood, CA 90262, USA<br/>Approximate runner mile: 22.7.<br/>Nearest runner geometry: approximately 0.07 mi straight-line (not a walking detour).<br/>Verification: Google Places business backup (operational); confirm customer restroom access and hours on race day.<br/>Source: <a href="https://maps.google.com/?cid=4520552910537145770&g_mp=Cilnb29nbGUubWFwcy5wbGFjZXMudjEuUGxhY2VzLlNlYXJjaE5lYXJieRACGAQgAA">official / current listing</a>]]></description>
      <styleUrl>#coffeeBackup</styleUrl>
      <Point><coordinates>-118.1849681,33.930550800000006,0</coordinates></Point>
    </Placemark>
    <Placemark><name>Winchell's Donut House</name>
      <description><![CDATA[Priority 3: Coffee-chain backup.<br/>Address: 1695 W Pacific Coast Hwy, Long Beach, CA 90810, USA<br/>Approximate runner mile: 33.5.<br/>Nearest runner geometry: approximately 0.63 mi straight-line (not a walking detour).<br/>Verification: Google Places business backup (operational); confirm customer restroom access and hours on race day.<br/>Source: <a href="https://maps.google.com/?cid=12946056120579297338&g_mp=Cilnb29nbGUubWFwcy5wbGFjZXMudjEuUGxhY2VzLlNlYXJjaE5lYXJieRACGAQgAA">official / current listing</a>]]></description>
      <styleUrl>#coffeeBackup</styleUrl>
      <Point><coordinates>-118.21525059999999,33.7900604,0</coordinates></Point>
    </Placemark>
    <Placemark><name>Wood Coffee Co.</name>
      <description><![CDATA[Priority 3: Coffee-chain backup.<br/>Address: 2728 E 10th St, Long Beach, CA 90804, USA<br/>Approximate runner mile: 36.1.<br/>Nearest runner geometry: approximately 0.75 mi straight-line (not a walking detour).<br/>Verification: Google Places business backup (operational); confirm customer restroom access and hours on race day.<br/>Source: <a href="https://maps.google.com/?cid=6242883961729550378&g_mp=Cilnb29nbGUubWFwcy5wbGFjZXMudjEuUGxhY2VzLlNlYXJjaE5lYXJieRACGAQgAA">official / current listing</a>]]></description>
      <styleUrl>#coffeeBackup</styleUrl>
      <Point><coordinates>-118.1595666,33.7788818,0</coordinates></Point>
    </Placemark>
    <Placemark><name>Wrigley Coffee</name>
      <description><![CDATA[Priority 3: Coffee-chain backup.<br/>Address: 437 W Willow St, Long Beach, CA 90806, USA<br/>Approximate runner mile: 32.5.<br/>Nearest runner geometry: approximately 0.44 mi straight-line (not a walking detour).<br/>Verification: Google Places business backup (operational); confirm customer restroom access and hours on race day.<br/>Source: <a href="https://maps.google.com/?cid=2210923567156902985&g_mp=Cilnb29nbGUubWFwcy5wbGFjZXMudjEuUGxhY2VzLlNlYXJjaE5lYXJieRACGAQgAA">official / current listing</a>]]></description>
      <styleUrl>#coffeeBackup</styleUrl>
      <Point><coordinates>-118.1968518,33.8045743,0</coordinates></Point>
    </Placemark>
    <Placemark><name>Ye Olde King's Head Gift Shoppe, Bakery &amp; Coffee</name>
      <description><![CDATA[Priority 3: Coffee-chain backup.<br/>Address: 132 Santa Monica Blvd, Santa Monica, CA 90401, USA<br/>Approximate runner mile: 0.1.<br/>Nearest runner geometry: approximately 0.26 mi straight-line (not a walking detour).<br/>Verification: Google Places business backup (operational); confirm customer restroom access and hours on race day.<br/>Source: <a href="https://maps.google.com/?cid=13171069705108822191&g_mp=Cilnb29nbGUubWFwcy5wbGFjZXMudjEuUGxhY2VzLlNlYXJjaE5lYXJieRACGAQgAA">official / current listing</a>]]></description>
      <styleUrl>#coffeeBackup</styleUrl>
      <Point><coordinates>-118.49708740000001,34.0147042,0</coordinates></Point>
    </Placemark>
    <Placemark><name>Yipao Coffee</name>
      <description><![CDATA[Priority 3: Coffee-chain backup.<br/>Address: 4480 Haines St, San Diego, CA 92109, USA<br/>Approximate runner mile: 115.0.<br/>Nearest runner geometry: approximately 0.01 mi straight-line (not a walking detour).<br/>Verification: Google Places business backup (operational); confirm customer restroom access and hours on race day.<br/>Source: <a href="https://maps.google.com/?cid=15185539212521076009&g_mp=Cilnb29nbGUubWFwcy5wbGFjZXMudjEuUGxhY2VzLlNlYXJjaE5lYXJieRACGAQgAA">official / current listing</a>]]></description>
      <styleUrl>#coffeeBackup</styleUrl>
      <Point><coordinates>-117.24282099999999,32.799118,0</coordinates></Point>
    </Placemark>
    <Placemark><name>Yum Yum Donuts</name>
      <description><![CDATA[Priority 3: Coffee-chain backup.<br/>Address: 12201 Venice Blvd., Los Angeles, CA 90066, USA<br/>Approximate runner mile: 4.7.<br/>Nearest runner geometry: approximately 0.58 mi straight-line (not a walking detour).<br/>Verification: Google Places business backup (operational); confirm customer restroom access and hours on race day.<br/>Source: <a href="https://maps.google.com/?cid=8146957593844816193&g_mp=Cilnb29nbGUubWFwcy5wbGFjZXMudjEuUGxhY2VzLlNlYXJjaE5lYXJieRACGAQgAA">official / current listing</a>]]></description>
      <styleUrl>#coffeeBackup</styleUrl>
      <Point><coordinates>-118.43161640000001,34.005108299999996,0</coordinates></Point>
    </Placemark>
    <Placemark><name>Yum Yum Donuts</name>
      <description><![CDATA[Priority 3: Coffee-chain backup.<br/>Address: 5836 W Manchester Ave, Los Angeles, CA 90045, USA<br/>Approximate runner mile: 9.2.<br/>Nearest runner geometry: approximately 0.54 mi straight-line (not a walking detour).<br/>Verification: Google Places business backup (operational); confirm customer restroom access and hours on race day.<br/>Source: <a href="https://maps.google.com/?cid=14195504727481534474&g_mp=Cilnb29nbGUubWFwcy5wbGFjZXMudjEuUGxhY2VzLlNlYXJjaE5lYXJieRACGAQgAA">official / current listing</a>]]></description>
      <styleUrl>#coffeeBackup</styleUrl>
      <Point><coordinates>-118.38411470000001,33.9595669,0</coordinates></Point>
    </Placemark>
    <Placemark><name>Zanzibar Cafe At the Loft</name>
      <description><![CDATA[Priority 3: Coffee-chain backup.<br/>Address: 9500 Gilman Dr, La Jolla, CA 92093, USA<br/>Approximate runner mile: 106.5.<br/>Nearest runner geometry: approximately 0.48 mi straight-line (not a walking detour).<br/>Verification: Google Places business backup (operational); confirm customer restroom access and hours on race day.<br/>Source: <a href="https://maps.google.com/?cid=5461745426331235087&g_mp=Cilnb29nbGUubWFwcy5wbGFjZXMudjEuUGxhY2VzLlNlYXJjaE5lYXJieRACGAQgAA">official / current listing</a>]]></description>
      <styleUrl>#coffeeBackup</styleUrl>
      <Point><coordinates>-117.23588549999998,32.8796069,0</coordinates></Point>
    </Placemark>
    <Placemark><name>Zebra House Coffee &amp; Eatery</name>
      <description><![CDATA[Priority 3: Coffee-chain backup.<br/>Address: 1001 S El Camino Real, San Clemente, CA 92672, USA<br/>Approximate runner mile: 79.2.<br/>Nearest runner geometry: approximately 0.01 mi straight-line (not a walking detour).<br/>Verification: Google Places business backup (operational); confirm customer restroom access and hours on race day.<br/>Source: <a href="https://maps.google.com/?cid=1308168215729098933&g_mp=Cilnb29nbGUubWFwcy5wbGFjZXMudjEuUGxhY2VzLlNlYXJjaE5lYXJieRACGAQgAA">official / current listing</a>]]></description>
      <styleUrl>#coffeeBackup</styleUrl>
      <Point><coordinates>-117.60808899999999,33.421453,0</coordinates></Point>
    </Placemark>
    <Placemark><name>ZermenosCatering</name>
      <description><![CDATA[Priority 3: Coffee-chain backup.<br/>Address: 2210 Lincoln Blvd, Venice, CA 90291, USA<br/>Approximate runner mile: 3.5.<br/>Nearest runner geometry: approximately 0.47 mi straight-line (not a walking detour).<br/>Verification: Google Places business backup (operational); confirm customer restroom access and hours on race day.<br/>Source: <a href="https://maps.google.com/?cid=17145506109523718459&g_mp=Cilnb29nbGUubWFwcy5wbGFjZXMudjEuUGxhY2VzLlNlYXJjaE5lYXJieRACGAQgAA">official / current listing</a>]]></description>
      <styleUrl>#coffeeBackup</styleUrl>
      <Point><coordinates>-118.45434269999998,33.9952022,0</coordinates></Point>
    </Placemark>
    <Placemark><name>Zinqué Newport Beach</name>
      <description><![CDATA[Priority 3: Coffee-chain backup.<br/>Address: 3446 Via Oporto, Newport Beach, CA 92663, USA<br/>Approximate runner mile: 54.6.<br/>Nearest runner geometry: approximately 0.14 mi straight-line (not a walking detour).<br/>Verification: Google Places business backup (operational); confirm customer restroom access and hours on race day.<br/>Source: <a href="https://maps.google.com/?cid=8797762333506301087&g_mp=Cilnb29nbGUubWFwcy5wbGFjZXMudjEuUGxhY2VzLlNlYXJjaE5lYXJieRACGAQgAA">official / current listing</a>]]></description>
      <styleUrl>#coffeeBackup</styleUrl>
      <Point><coordinates>-117.92857799999999,33.6191013,0</coordinates></Point>
    </Placemark>
    <Placemark><name>Zumbar Coffee &amp; Tea</name>
      <description><![CDATA[Priority 3: Coffee-chain backup.<br/>Address: 10920 Roselle St, San Diego, CA 92121, USA<br/>Approximate runner mile: 105.0.<br/>Nearest runner geometry: approximately 0.99 mi straight-line (not a walking detour).<br/>Verification: Google Places business backup (operational); confirm customer restroom access and hours on race day.<br/>Source: <a href="https://maps.google.com/?cid=12315577579071336874&g_mp=Cilnb29nbGUubWFwcy5wbGFjZXMudjEuUGxhY2VzLlNlYXJjaE5lYXJieRACGAQgAA">official / current listing</a>]]></description>
      <styleUrl>#coffeeBackup</styleUrl>
      <Point><coordinates>-117.22566499999999,32.9019865,0</coordinates></Point>
    </Placemark>
    <Placemark><name>bassi</name>
      <description><![CDATA[Priority 3: Coffee-chain backup.<br/>Address: 703 Linden Ave, Long Beach, CA 90813, USA<br/>Approximate runner mile: 34.5.<br/>Nearest runner geometry: approximately 0.98 mi straight-line (not a walking detour).<br/>Verification: Google Places business backup (operational); confirm customer restroom access and hours on race day.<br/>Source: <a href="https://maps.google.com/?cid=8842482403031908796&g_mp=Cilnb29nbGUubWFwcy5wbGFjZXMudjEuUGxhY2VzLlNlYXJjaE5lYXJieRACGAQgAA">official / current listing</a>]]></description>
      <styleUrl>#coffeeBackup</styleUrl>
      <Point><coordinates>-118.18661669999999,33.7756379,0</coordinates></Point>
    </Placemark>
    <Placemark><name>ganolifecafe</name>
      <description><![CDATA[Priority 3: Coffee-chain backup.<br/>Address: Santa Ana St, Cudahy, CA 90201, USA<br/>Approximate runner mile: 21.1.<br/>Nearest runner geometry: approximately 0.62 mi straight-line (not a walking detour).<br/>Verification: Google Places business backup (operational); confirm customer restroom access and hours on race day.<br/>Source: <a href="https://maps.google.com/?cid=2711534581874736732&g_mp=Cilnb29nbGUubWFwcy5wbGFjZXMudjEuUGxhY2VzLlNlYXJjaE5lYXJieRACGAQgAA">official / current listing</a>]]></description>
      <styleUrl>#coffeeBackup</styleUrl>
      <Point><coordinates>-118.18064599999998,33.9604711,0</coordinates></Point>
    </Placemark>
    <Placemark><name>goodboybob Coffee Roasters</name>
      <description><![CDATA[Priority 3: Coffee-chain backup.<br/>Address: 1001 Venice Blvd., Venice, CA 90291, USA<br/>Approximate runner mile: 3.5.<br/>Nearest runner geometry: approximately 0.37 mi straight-line (not a walking detour).<br/>Verification: Google Places business backup (operational); confirm customer restroom access and hours on race day.<br/>Source: <a href="https://maps.google.com/?cid=3641625702655489689&g_mp=Cilnb29nbGUubWFwcy5wbGFjZXMudjEuUGxhY2VzLlNlYXJjaE5lYXJieRACGAQgAA">official / current listing</a>]]></description>
      <styleUrl>#coffeeBackup</styleUrl>
      <Point><coordinates>-118.45286269999998,33.9943591,0</coordinates></Point>
    </Placemark>
    <Placemark><name>heladerias</name>
      <description><![CDATA[Priority 3: Coffee-chain backup.<br/>Address: Tweedy Blvd, South Gate, CA 90280, USA<br/>Approximate runner mile: 20.0.<br/>Nearest runner geometry: approximately 0.68 mi straight-line (not a walking detour).<br/>Verification: Google Places business backup (operational); confirm customer restroom access and hours on race day.<br/>Source: <a href="https://maps.google.com/?cid=16746599700853208773&g_mp=Cilnb29nbGUubWFwcy5wbGFjZXMudjEuUGxhY2VzLlNlYXJjaE5lYXJieRACGAQgAA">official / current listing</a>]]></description>
      <styleUrl>#coffeeBackup</styleUrl>
      <Point><coordinates>-118.20327089999999,33.943956899999996,0</coordinates></Point>
    </Placemark>
    <Placemark><name>il giardino di Lilli</name>
      <description><![CDATA[Priority 3: Coffee-chain backup.<br/>Address: 7467 Girard Ave, La Jolla, CA 92037, USA<br/>Approximate runner mile: 110.4.<br/>Nearest runner geometry: approximately 0.02 mi straight-line (not a walking detour).<br/>Verification: Google Places business backup (operational); confirm customer restroom access and hours on race day.<br/>Source: <a href="https://maps.google.com/?cid=6265436383775732824&g_mp=Cilnb29nbGUubWFwcy5wbGFjZXMudjEuUGxhY2VzLlNlYXJjaE5lYXJieRACGAQgAA">official / current listing</a>]]></description>
      <styleUrl>#coffeeBackup</styleUrl>
      <Point><coordinates>-117.2721622,32.8402834,0</coordinates></Point>
    </Placemark>
    <Placemark><name>little lunch coffee + snacks</name>
      <description><![CDATA[Priority 3: Coffee-chain backup.<br/>Address: 50 Brooks Ave, Venice, CA 90291, USA<br/>Approximate runner mile: 2.0.<br/>Nearest runner geometry: approximately 0.10 mi straight-line (not a walking detour).<br/>Verification: Google Places business backup (operational); confirm customer restroom access and hours on race day.<br/>Source: <a href="https://maps.google.com/?cid=17566222399238080737&g_mp=Cilnb29nbGUubWFwcy5wbGFjZXMudjEuUGxhY2VzLlNlYXJjaE5lYXJieRACGAQgAA">official / current listing</a>]]></description>
      <styleUrl>#coffeeBackup</styleUrl>
      <Point><coordinates>-118.47543230000001,33.991390599999995,0</coordinates></Point>
    </Placemark>
    <Placemark><name>noun coffee + wine</name>
      <description><![CDATA[Priority 3: Coffee-chain backup.<br/>Address: 4065 Glencoe Ave #100, Marina Del Rey, CA 90292, USA<br/>Approximate runner mile: 3.8.<br/>Nearest runner geometry: approximately 0.11 mi straight-line (not a walking detour).<br/>Verification: Google Places business backup (operational); confirm customer restroom access and hours on race day.<br/>Source: <a href="https://maps.google.com/?cid=1964298562555657824&g_mp=Cilnb29nbGUubWFwcy5wbGFjZXMudjEuUGxhY2VzLlNlYXJjaE5lYXJieRACGAQgAA">official / current listing</a>]]></description>
      <styleUrl>#coffeeBackup</styleUrl>
      <Point><coordinates>-118.44366219999998,33.9905387,0</coordinates></Point>
    </Placemark>
    <Placemark><name>vere’s cakery</name>
      <description><![CDATA[Priority 3: Coffee-chain backup.<br/>Address: 5720 Imperial Hwy. C, South Gate, CA 90280, USA<br/>Approximate runner mile: 22.5.<br/>Nearest runner geometry: approximately 0.82 mi straight-line (not a walking detour).<br/>Verification: Google Places business backup (operational); confirm customer restroom access and hours on race day.<br/>Source: <a href="https://maps.google.com/?cid=6649527482920626814&g_mp=Cilnb29nbGUubWFwcy5wbGFjZXMudjEuUGxhY2VzLlNlYXJjaE5lYXJieRACGAQgAA">official / current listing</a>]]></description>
      <styleUrl>#coffeeBackup</styleUrl>
      <Point><coordinates>-118.1691629,33.9295611,0</coordinates></Point>
    </Placemark>
    <Placemark><name>¡Salud!</name>
      <description><![CDATA[Priority 3: Coffee-chain backup.<br/>Address: 417 Washington Blvd, Venice, CA 90292, USA<br/>Approximate runner mile: 2.8.<br/>Nearest runner geometry: approximately 0.48 mi straight-line (not a walking detour).<br/>Verification: Google Places business backup (operational); confirm customer restroom access and hours on race day.<br/>Source: <a href="https://maps.google.com/?cid=17246375499297413967&g_mp=Cilnb29nbGUubWFwcy5wbGFjZXMudjEuUGxhY2VzLlNlYXJjaE5lYXJieRACGAQgAA">official / current listing</a>]]></description>
      <styleUrl>#coffeeBackup</styleUrl>
      <Point><coordinates>-118.4631367,33.9815496,0</coordinates></Point>
    </Placemark>
    <Placemark><name>à côté</name>
      <description><![CDATA[Priority 3: Coffee-chain backup.<br/>Address: 1440 Lincoln Blvd, Venice, CA 90291, USA<br/>Approximate runner mile: 2.6.<br/>Nearest runner geometry: approximately 0.58 mi straight-line (not a walking detour).<br/>Verification: Google Places business backup (operational); confirm customer restroom access and hours on race day.<br/>Source: <a href="https://maps.google.com/?cid=16919123778323145178&g_mp=Cilnb29nbGUubWFwcy5wbGFjZXMudjEuUGxhY2VzLlNlYXJjaE5lYXJieRACGAQgAA">official / current listing</a>]]></description>
      <styleUrl>#coffeeBackup</styleUrl>
      <Point><coordinates>-118.4599806,33.9978505,0</coordinates></Point>
    </Placemark>
  </Folder></Document></kml>
