<?xml version="1.0" encoding="UTF-8"?>
<kml xmlns="http://www.opengis.net/kml/2.2"><Document><name>NSTT 2026 - Elevation by Grade</name><description>Terrain-elevation overlay for the finalized runner route. Dark blue: ≤ -6%; blue: -6% to -3%; light blue: -3% to -1%; gray: -1% to +1%; light orange: +1% to +3%; orange: +3% to +6%; red: ≥ +6%.</description>
  <Style id="darkBlue"><LineStyle><color>ff913d0b</color><width>6</width></LineStyle></Style><Style id="blue"><LineStyle><color>ffd27619</color><width>6</width></LineStyle></Style><Style id="lightBlue"><LineStyle><color>fff6b564</color><width>6</width></LineStyle></Style><Style id="gray"><LineStyle><color>ff808080</color><width>6</width></LineStyle></Style><Style id="lightOrange"><LineStyle><color>ff80ccff</color><width>6</width></LineStyle></Style><Style id="orange"><LineStyle><color>ff0098ff</color><width>6</width></LineStyle></Style><Style id="red"><LineStyle><color>ff2f2fd3</color><width>6</width></LineStyle></Style>
  <Folder><name>Runner route elevation grade</name><description>Terrain-elevation overlay for the finalized runner route. Dark blue: ≤ -6%; blue: -6% to -3%; light blue: -3% to -1%; gray: -1% to +1%; light orange: +1% to +3%; orange: +3% to +6%; red: ≥ +6%.</description>
      <Placemark><name>Segment 001</name>
        <description>Runner miles: 0.0-0.5. ETA: 5:00 AM to 5:03 AM PDT. Smoothed terrain elevation: 21 ft to 50 ft; net gain/loss: +29 ft; signed average grade: +1.1%.</description><styleUrl>#lightOrange</styleUrl>
        <LineString><tessellate>1</tessellate><coordinates>-118.4966,34.00997,0 -118.49495,34.01136,0 -118.490485,34.007586,0</coordinates></LineString>
      </Placemark>
      <Placemark><name>Segment 002</name>
        <description>Runner miles: 0.5-1.0. ETA: 5:03 AM to 5:07 AM PDT. Smoothed terrain elevation: 50 ft to 25 ft; net gain/loss: -25 ft; signed average grade: -0.9%.</description><styleUrl>#gray</styleUrl>
        <LineString><tessellate>1</tessellate><coordinates>-118.490485,34.007586,0 -118.49031,34.007438,0 -118.48974,34.00784,0 -118.485342,34.00358,0 -118.484817,34.003071,0 -118.484713,34.00297,0</coordinates></LineString>
      </Placemark>
      <Placemark><name>Segment 003</name>
        <description>Runner miles: 1.0-1.5. ETA: 5:07 AM to 5:11 AM PDT. Smoothed terrain elevation: 25 ft to 21 ft; net gain/loss: -4 ft; signed average grade: -0.2%.</description><styleUrl>#gray</styleUrl>
        <LineString><tessellate>1</tessellate><coordinates>-118.484713,34.00297,0 -118.48461,34.00287,0 -118.48442,34.00266,0 -118.48409,34.00234,0 -118.48411,34.00233,0 -118.48392,34.00214,0 -118.4839,34.00215,0 -118.48372,34.00197,0 -118.48363,34.00186,0 -118.48353,34.00179,0 -118.48326,34.0015,0 -118.48182,34.00008,0 -118.48126,33.99953,0 -118.48128,33.99952,0 -118.4812,33.99944,0 -118.48117,33.99946,0 -118.48045,33.99869,0 -118.48027,33.99854,0 -118.4799,33.99815,0 -118.47975,33.99801,0 -118.47976,33.998,0 -118.47966,33.9979,0 -118.479219,33.997486,0</coordinates></LineString>
      </Placemark>
      <Placemark><name>Segment 004</name>
        <description>Runner miles: 1.5-2.0. ETA: 5:11 AM to 5:15 AM PDT. Smoothed terrain elevation: 21 ft to 13 ft; net gain/loss: -9 ft; signed average grade: -0.3%.</description><styleUrl>#gray</styleUrl>
        <LineString><tessellate>1</tessellate><coordinates>-118.479219,33.997486,0 -118.47918,33.99745,0 -118.47904,33.99728,0 -118.47872,33.99695,0 -118.47847,33.99674,0 -118.47821,33.99647,0 -118.47809,33.99638,0 -118.47791,33.99618,0 -118.47795,33.99616,0 -118.47781,33.99602,0 -118.47778,33.99603,0 -118.47735,33.9955,0 -118.47707,33.99548,0 -118.47623,33.99449,0 -118.47615,33.99445,0 -118.47502,33.99343,0 -118.474924,33.993318,0 -118.47441,33.99272,0 -118.47426,33.99258,0 -118.47426,33.99256,0 -118.47412,33.99243,0 -118.47395,33.99251,0 -118.47384,33.99252,0 -118.47364,33.992498,0 -118.473559,33.992489,0</coordinates></LineString>
      </Placemark>
      <Placemark><name>Segment 005</name>
        <description>Runner miles: 2.0-2.5. ETA: 5:15 AM to 5:20 AM PDT. Smoothed terrain elevation: 13 ft to 7 ft; net gain/loss: -5 ft; signed average grade: -0.2%.</description><styleUrl>#gray</styleUrl>
        <LineString><tessellate>1</tessellate><coordinates>-118.473559,33.992489,0 -118.47347,33.99248,0 -118.47332,33.99244,0 -118.47303,33.99241,0 -118.47211,33.99223,0 -118.47193,33.99217,0 -118.47141,33.99206,0 -118.47107,33.99201,0 -118.47071,33.99194,0 -118.47058,33.99192,0 -118.47059,33.9919,0 -118.46921,33.99155,0 -118.46896,33.99151,0 -118.46782,33.9912,0 -118.46603,33.99074,0 -118.46602,33.99076,0 -118.46589,33.99073,0 -118.4659,33.99071,0 -118.46525,33.990543,0</coordinates></LineString>
      </Placemark>
      <Placemark><name>Segment 006</name>
        <description>Runner miles: 2.5-3.0. ETA: 5:20 AM to 5:26 AM PDT. Smoothed terrain elevation: 7 ft to 9 ft; net gain/loss: +2 ft; signed average grade: +0.1%.</description><styleUrl>#gray</styleUrl>
        <LineString><tessellate>1</tessellate><coordinates>-118.46525,33.990543,0 -118.465249,33.990543,0 -118.46422,33.99028,0 -118.46402,33.99017,0 -118.46401,33.99017,0 -118.46388,33.99009,0 -118.46389,33.99008,0 -118.46351,33.98984,0 -118.46342,33.98976,0 -118.4633,33.98971,0 -118.46257,33.98922,0 -118.46255,33.98923,0 -118.46227,33.98906,0 -118.46229,33.98905,0 -118.46133,33.98843,0 -118.460356,33.988167,0 -118.45996,33.98806,0 -118.45968,33.988,0 -118.45935,33.98798,0 -118.45905,33.98801,0 -118.45886,33.98802,0 -118.45861,33.98806,0 -118.4586,33.98807,0 -118.45844,33.98809,0 -118.45845,33.98808,0 -118.45769,33.98817,0 -118.4576,33.9882,0 -118.457541,33.988205,0 -118.457537,33.988205,0</coordinates></LineString>
      </Placemark>
      <Placemark><name>Segment 007</name>
        <description>Runner miles: 3.0-3.5. ETA: 5:26 AM to 5:30 AM PDT. Smoothed terrain elevation: 9 ft to 13 ft; net gain/loss: +4 ft; signed average grade: +0.1%.</description><styleUrl>#gray</styleUrl>
        <LineString><tessellate>1</tessellate><coordinates>-118.457537,33.988205,0 -118.45687,33.98826,0 -118.45618,33.98832,0 -118.45484,33.98844,0 -118.45469,33.98846,0 -118.45458,33.98846,0 -118.4546,33.98842,0 -118.45327,33.98852,0 -118.45264,33.98851,0 -118.4524,33.98848,0 -118.45231,33.9885,0 -118.45227,33.98844,0 -118.45229,33.98844,0 -118.45216,33.98837,0 -118.452,33.98846,0 -118.45153,33.98875,0 -118.44998,33.98952,0 -118.449501,33.989755,0</coordinates></LineString>
      </Placemark>
      <Placemark><name>Segment 008</name>
        <description>Runner miles: 3.5-4.0. ETA: 5:30 AM to 5:34 AM PDT. Smoothed terrain elevation: 13 ft to 30 ft; net gain/loss: +17 ft; signed average grade: +0.6%.</description><styleUrl>#gray</styleUrl>
        <LineString><tessellate>1</tessellate><coordinates>-118.449501,33.989755,0 -118.44947,33.98977,0 -118.44922,33.9899,0 -118.44907,33.9897,0 -118.44904,33.98969,0 -118.4486,33.98993,0 -118.44789,33.99029,0 -118.44787,33.99027,0 -118.4476,33.9904,0 -118.44763,33.99042,0 -118.44656,33.99095,0 -118.44623,33.99112,0 -118.44606,33.99119,0 -118.445516,33.991471,0 -118.44515,33.99166,0 -118.44461,33.9919,0 -118.44463,33.99192,0 -118.44325,33.9926,0 -118.44309,33.9927,0 -118.44264,33.9929,0 -118.44255,33.99297,0 -118.44247,33.99299,0 -118.442232,33.993105,0</coordinates></LineString>
      </Placemark>
      <Placemark><name>Segment 009</name>
        <description>Runner miles: 4.0-4.5. ETA: 5:34 AM to 5:39 AM PDT. Smoothed terrain elevation: 30 ft to 46 ft; net gain/loss: +16 ft; signed average grade: +0.6%.</description><styleUrl>#gray</styleUrl>
        <LineString><tessellate>1</tessellate><coordinates>-118.442232,33.993105,0 -118.4422,33.99312,0 -118.442169,33.993136,0 -118.44161,33.99343,0 -118.44097,33.99374,0 -118.43996,33.99424,0 -118.43962,33.99442,0 -118.43903,33.9947,0 -118.43884,33.99482,0 -118.43822,33.9951,0 -118.43778,33.99534,0 -118.4377,33.9954,0 -118.43758,33.99543,0 -118.43662,33.99591,0 -118.43661,33.99591,0 -118.43649,33.99597,0 -118.4365,33.99598,0 -118.43615,33.99616,0 -118.43603,33.99623,0 -118.43602,33.99621,0 -118.43588,33.99627,0 -118.4359,33.99629,0 -118.43565,33.99639,0 -118.43547,33.99652,0 -118.43539,33.99652,0 -118.435,33.9967,0 -118.434829,33.996757,0</coordinates></LineString>
      </Placemark>
      <Placemark><name>Segment 010</name>
        <description>Runner miles: 4.5-5.0. ETA: 5:39 AM to 5:45 AM PDT. Smoothed terrain elevation: 46 ft to 52 ft; net gain/loss: +6 ft; signed average grade: +0.2%.</description><styleUrl>#gray</styleUrl>
        <LineString><tessellate>1</tessellate><coordinates>-118.434829,33.996757,0 -118.43482,33.99676,0 -118.43458,33.99679,0 -118.43446,33.99678,0 -118.43446,33.99676,0 -118.43432,33.99679,0 -118.43342,33.99671,0 -118.43251,33.99664,0 -118.4323,33.99665,0 -118.43218,33.99672,0 -118.4321,33.99666,0 -118.43196,33.99667,0 -118.43176,33.99673,0 -118.43166,33.99667,0 -118.431076,33.996692,0 -118.43085,33.9967,0 -118.4307,33.99672,0 -118.4306,33.99671,0 -118.42978,33.99675,0 -118.42972,33.9968,0 -118.42969,33.99677,0 -118.42874,33.99684,0 -118.42853,33.99686,0 -118.42851,33.99684,0 -118.4282,33.99684,0 -118.42826,33.99689,0 -118.42817,33.9969,0 -118.42797,33.99693,0 -118.42791,33.99694,0 -118.42793,33.9969,0 -118.42788,33.99684,0 -118.42785,33.99693,0 -118.42707,33.99701,0 -118.42687,33.99707,0 -118.42666,33.99709,0</coordinates></LineString>
      </Placemark>
      <Placemark><name>Segment 011</name>
        <description>Runner miles: 5.0-5.5. ETA: 5:45 AM to 5:50 AM PDT. Smoothed terrain elevation: 52 ft to 50 ft; net gain/loss: -2 ft; signed average grade: -0.1%.</description><styleUrl>#gray</styleUrl>
        <LineString><tessellate>1</tessellate><coordinates>-118.42666,33.99709,0 -118.42651,33.997105,0 -118.42636,33.99712,0 -118.42614,33.99712,0 -118.42566,33.99716,0 -118.42546,33.99718,0 -118.42548,33.99719,0 -118.42423,33.99732,0 -118.42397,33.99737,0 -118.42355,33.99739,0 -118.42286,33.99747,0 -118.4228,33.99746,0 -118.42263,33.9975,0 -118.42203,33.99756,0 -118.422,33.99753,0 -118.42168,33.99754,0 -118.42177,33.9976,0 -118.42176,33.9976,0 -118.42195,33.99768,0 -118.42176,33.9976,0 -118.42162,33.99746,0 -118.42136,33.99731,0 -118.41994,33.99638,0 -118.41977,33.99628,0 -118.419349,33.996001,0</coordinates></LineString>
      </Placemark>
      <Placemark><name>Segment 012</name>
        <description>Runner miles: 5.5-6.0. ETA: 5:50 AM to 5:56 AM PDT. Smoothed terrain elevation: 50 ft to 24 ft; net gain/loss: -26 ft; signed average grade: -1.0%.</description><styleUrl>#gray</styleUrl>
        <LineString><tessellate>1</tessellate><coordinates>-118.419349,33.996001,0 -118.41796,33.99508,0 -118.41786,33.99505,0 -118.41784,33.99498,0 -118.41781,33.99501,0 -118.41764,33.99488,0 -118.41766,33.99487,0 -118.417146,33.994547,0 -118.41699,33.99445,0 -118.41493,33.99311,0 -118.41447,33.99281,0 -118.41445,33.99284,0 -118.41402,33.9924,0 -118.41386,33.99224,0 -118.41372,33.99205,0 -118.41322,33.99154,0 -118.4132,33.99155,0 -118.41309,33.99144,0 -118.41312,33.99143,0 -118.413024,33.991337,0</coordinates></LineString>
      </Placemark>
      <Placemark><name>Segment 013</name>
        <description>Runner miles: 6.0-6.5. ETA: 5:56 AM to 6:00 AM PDT. Smoothed terrain elevation: 24 ft to 24 ft; net gain/loss: +0 ft; signed average grade: +0.0%.</description><styleUrl>#gray</styleUrl>
        <LineString><tessellate>1</tessellate><coordinates>-118.413024,33.991337,0 -118.412874,33.991194,0 -118.41287,33.99119,0 -118.41272,33.99103,0 -118.41255,33.9909,0 -118.41201,33.99031,0 -118.41135,33.98963,0 -118.41106,33.9898,0 -118.41091,33.98986,0 -118.40919,33.99087,0 -118.40911,33.99091,0 -118.409,33.99101,0 -118.4089,33.99104,0 -118.40877,33.99102,0 -118.40861,33.99092,0 -118.40844,33.99085,0 -118.406378,33.989597,0</coordinates></LineString>
      </Placemark>
      <Placemark><name>Segment 014</name>
        <description>Runner miles: 6.5-7.0. ETA: 6:00 AM to 6:03 AM PDT. Smoothed terrain elevation: 24 ft to 23 ft; net gain/loss: -1 ft; signed average grade: -0.0%.</description><styleUrl>#gray</styleUrl>
        <LineString><tessellate>1</tessellate><coordinates>-118.406378,33.989597,0 -118.40533,33.98896,0 -118.40537,33.98895,0 -118.40516,33.98884,0 -118.404873,33.988661,0 -118.40367,33.98791,0 -118.40295,33.98749,0 -118.40276,33.9874,0 -118.40152,33.98665,0 -118.40105,33.98638,0 -118.40108,33.98636,0 -118.40056,33.98576,0 -118.399884,33.985002,0</coordinates></LineString>
      </Placemark>
      <Placemark><name>Segment 015</name>
        <description>Runner miles: 7.0-7.5. ETA: 6:03 AM to 6:10 AM PDT. Smoothed terrain elevation: 23 ft to 35 ft; net gain/loss: +12 ft; signed average grade: +0.5%.</description><styleUrl>#gray</styleUrl>
        <LineString><tessellate>1</tessellate><coordinates>-118.399884,33.985002,0 -118.399701,33.984797,0 -118.39831,33.9832,0 -118.395754,33.981602,0 -118.395008,33.981298,0 -118.394871,33.980798,0 -118.394597,33.979665,0</coordinates></LineString>
      </Placemark>
      <Placemark><name>Segment 016</name>
        <description>Runner miles: 7.5-8.0. ETA: 6:10 AM to 6:15 AM PDT. Smoothed terrain elevation: 35 ft to 138 ft; net gain/loss: +103 ft; signed average grade: +3.9%.</description><styleUrl>#orange</styleUrl>
        <LineString><tessellate>1</tessellate><coordinates>-118.394597,33.979665,0 -118.394404,33.978868,0 -118.394258,33.978261,0 -118.394135,33.97654,0 -118.394229,33.974789,0 -118.39469,33.9729,0 -118.394789,33.972508,0</coordinates></LineString>
      </Placemark>
      <Placemark><name>Segment 017</name>
        <description>Runner miles: 8.0-8.5. ETA: 6:15 AM to 6:19 AM PDT. Smoothed terrain elevation: 138 ft to 119 ft; net gain/loss: -19 ft; signed average grade: -0.7%.</description><styleUrl>#gray</styleUrl>
        <LineString><tessellate>1</tessellate><coordinates>-118.394789,33.972508,0 -118.39513,33.97116,0 -118.39546,33.96996,0 -118.39536,33.96994,0 -118.39533,33.96993,0 -118.39001,33.968963,0</coordinates></LineString>
      </Placemark>
      <Placemark><name>Segment 018</name>
        <description>Runner miles: 8.5-9.0. ETA: 6:19 AM to 6:23 AM PDT. Smoothed terrain elevation: 119 ft to 93 ft; net gain/loss: -26 ft; signed average grade: -1.0%.</description><styleUrl>#gray</styleUrl>
        <LineString><tessellate>1</tessellate><coordinates>-118.39001,33.968963,0 -118.389999,33.968961,0 -118.38895,33.96877,0 -118.38861,33.96876,0 -118.38834,33.96881,0 -118.3882,33.96887,0 -118.38695,33.96948,0 -118.38683,33.96955,0 -118.38642,33.96968,0 -118.38617,33.96969,0 -118.384373,33.969325,0 -118.382555,33.968871,0 -118.381954,33.96859,0 -118.38186,33.968503,0</coordinates></LineString>
      </Placemark>
      <Placemark><name>Segment 019</name>
        <description>Runner miles: 9.0-9.5. ETA: 6:23 AM to 6:27 AM PDT. Smoothed terrain elevation: 93 ft to 97 ft; net gain/loss: +4 ft; signed average grade: +0.2%.</description><styleUrl>#gray</styleUrl>
        <LineString><tessellate>1</tessellate><coordinates>-118.38186,33.968503,0 -118.381542,33.968208,0 -118.380163,33.966867,0 -118.379541,33.966458,0 -118.378435,33.966081,0 -118.377618,33.96537,0 -118.376827,33.964908,0 -118.376063,33.964702,0 -118.375842,33.964681,0 -118.375406,33.964638,0 -118.375395,33.964209,0</coordinates></LineString>
      </Placemark>
      <Placemark><name>Segment 020</name>
        <description>Runner miles: 9.5-10.0. ETA: 6:27 AM to 6:31 AM PDT. Smoothed terrain elevation: 97 ft to 93 ft; net gain/loss: -4 ft; signed average grade: -0.2%.</description><styleUrl>#gray</styleUrl>
        <LineString><tessellate>1</tessellate><coordinates>-118.375395,33.964209,0 -118.375379,33.963614,0 -118.374339,33.963592,0 -118.37122,33.9636,0 -118.37104,33.96364,0 -118.37089,33.96369,0 -118.37075,33.96341,0 -118.37077,33.9634,0 -118.3707,33.96325,0 -118.37068,33.96326,0 -118.37067,33.96324,0 -118.37039,33.9633,0 -118.37018,33.96283,0 -118.37002,33.96225,0 -118.36997,33.96189,0 -118.36997,33.96175,0 -118.36981,33.96173,0 -118.369321,33.961737,0</coordinates></LineString>
      </Placemark>
      <Placemark><name>Segment 021</name>
        <description>Runner miles: 10.0-10.5. ETA: 6:31 AM to 6:37 AM PDT. Smoothed terrain elevation: 93 ft to 111 ft; net gain/loss: +18 ft; signed average grade: +0.7%.</description><styleUrl>#gray</styleUrl>
        <LineString><tessellate>1</tessellate><coordinates>-118.369321,33.961737,0 -118.36906,33.96174,0 -118.36815,33.96176,0 -118.36815,33.96175,0 -118.36614,33.96176,0 -118.36556,33.96176,0 -118.36544,33.96174,0 -118.36512,33.96176,0 -118.36499,33.96174,0 -118.36486,33.96177,0 -118.36319,33.96177,0 -118.362543,33.961775,0 -118.36185,33.96178,0 -118.36185,33.9618,0 -118.36166,33.96181,0 -118.36166,33.96179,0 -118.360667,33.961795,0</coordinates></LineString>
      </Placemark>
      <Placemark><name>Segment 022</name>
        <description>Runner miles: 10.5-11.0. ETA: 6:37 AM to 6:42 AM PDT. Smoothed terrain elevation: 111 ft to 136 ft; net gain/loss: +25 ft; signed average grade: +0.9%.</description><styleUrl>#gray</styleUrl>
        <LineString><tessellate>1</tessellate><coordinates>-118.360667,33.961795,0 -118.35963,33.9618,0 -118.35963,33.96183,0 -118.35948,33.96183,0 -118.35948,33.96181,0 -118.358892,33.961821,0 -118.35842,33.96183,0 -118.3583,33.96177,0 -118.35818,33.96182,0 -118.35747,33.96183,0 -118.35745,33.96185,0 -118.3573,33.96186,0 -118.3573,33.96184,0 -118.3568,33.96184,0 -118.35667,33.96187,0 -118.3563,33.96187,0 -118.35617,33.96185,0 -118.35584,33.96185,0 -118.3557,33.96188,0 -118.3554,33.96189,0 -118.35528,33.96187,0 -118.35513,33.96191,0 -118.35502,33.96191,0 -118.35498,33.96189,0 -118.35445,33.96188,0 -118.3535,33.9619,0 -118.3535,33.96192,0 -118.35323,33.96191,0 -118.35323,33.9619,0 -118.35287,33.9619,0 -118.35281,33.96192,0 -118.35263,33.96191,0 -118.352144,33.961916,0</coordinates></LineString>
      </Placemark>
      <Placemark><name>Segment 023</name>
        <description>Runner miles: 11.0-11.5. ETA: 6:42 AM to 6:46 AM PDT. Smoothed terrain elevation: 136 ft to 149 ft; net gain/loss: +13 ft; signed average grade: +0.5%.</description><styleUrl>#gray</styleUrl>
        <LineString><tessellate>1</tessellate><coordinates>-118.352144,33.961916,0 -118.35187,33.96192,0 -118.35187,33.9619,0 -118.3505,33.96192,0 -118.3505,33.96193,0 -118.35028,33.96195,0 -118.35028,33.96193,0 -118.3498,33.96193,0 -118.34971,33.96192,0 -118.34946,33.96193,0 -118.34906,33.96193,0 -118.349,33.96191,0 -118.34891,33.96186,0 -118.34888,33.96191,0 -118.34855,33.96178,0 -118.34813,33.96158,0 -118.34799,33.96143,0 -118.346998,33.96065,0 -118.34696,33.96062,0 -118.34698,33.96062,0 -118.34632,33.96009,0 -118.34601,33.95995,0 -118.34565,33.95986,0 -118.34541,33.95983,0 -118.34473,33.95985,0 -118.344483,33.959878,0</coordinates></LineString>
      </Placemark>
      <Placemark><name>Segment 024</name>
        <description>Runner miles: 11.5-12.0. ETA: 6:46 AM to 6:49 AM PDT. Smoothed terrain elevation: 149 ft to 161 ft; net gain/loss: +12 ft; signed average grade: +0.5%.</description><styleUrl>#gray</styleUrl>
        <LineString><tessellate>1</tessellate><coordinates>-118.344483,33.959878,0 -118.34429,33.9599,0 -118.34407,33.95995,0 -118.34408,33.95998,0 -118.34383,33.96006,0 -118.34383,33.96003,0 -118.34344,33.9601,0 -118.34269,33.960107,0 -118.34243,33.96011,0 -118.34043,33.96011,0 -118.34017,33.96012,0 -118.34017,33.96011,0 -118.33762,33.96011,0 -118.33745,33.96009,0 -118.33725,33.96011,0 -118.335895,33.96011,0</coordinates></LineString>
      </Placemark>
      <Placemark><name>Segment 025</name>
        <description>Runner miles: 12.0-12.5. ETA: 6:49 AM to 6:55 AM PDT. Smoothed terrain elevation: 161 ft to 216 ft; net gain/loss: +55 ft; signed average grade: +2.1%.</description><styleUrl>#lightOrange</styleUrl>
        <LineString><tessellate>1</tessellate><coordinates>-118.335895,33.96011,0 -118.335894,33.96011,0 -118.33522,33.96011,0 -118.33498,33.9601,0 -118.33455,33.9601,0 -118.33443,33.96011,0 -118.33236,33.96012,0 -118.33209,33.96012,0 -118.331032,33.960117,0 -118.32886,33.96011,0 -118.32885,33.96012,0 -118.32868,33.96013,0 -118.32868,33.96011,0 -118.327201,33.96011,0</coordinates></LineString>
      </Placemark>
      <Placemark><name>Segment 026</name>
        <description>Runner miles: 12.5-13.0. ETA: 6:55 AM to 7:01 AM PDT. Smoothed terrain elevation: 216 ft to 214 ft; net gain/loss: -2 ft; signed average grade: -0.1%.</description><styleUrl>#gray</styleUrl>
        <LineString><tessellate>1</tessellate><coordinates>-118.327201,33.96011,0 -118.32666,33.96011,0 -118.32666,33.96014,0 -118.32636,33.96013,0 -118.32635,33.96011,0 -118.32571,33.96011,0 -118.325262,33.960107,0 -118.32441,33.9601,0 -118.32441,33.96013,0 -118.32428,33.96012,0 -118.32428,33.96011,0 -118.32223,33.96011,0 -118.32222,33.96013,0 -118.32198,33.96011,0 -118.32003,33.96011,0 -118.31986,33.96012,0 -118.31986,33.9601,0 -118.318619,33.960106,0</coordinates></LineString>
      </Placemark>
      <Placemark><name>Segment 027</name>
        <description>Runner miles: 13.0-13.5. ETA: 7:01 AM to 7:06 AM PDT. Smoothed terrain elevation: 214 ft to 191 ft; net gain/loss: -23 ft; signed average grade: -0.9%.</description><styleUrl>#gray</styleUrl>
        <LineString><tessellate>1</tessellate><coordinates>-118.318619,33.960106,0 -118.31766,33.96011,0 -118.31754,33.9601,0 -118.314724,33.9601,0 -118.31397,33.9601,0 -118.31381,33.96011,0 -118.31349,33.9601,0 -118.31331,33.9601,0 -118.31331,33.96009,0 -118.31031,33.96009,0 -118.31012,33.96008,0 -118.30994,33.96009,0 -118.309909,33.96009,0</coordinates></LineString>
      </Placemark>
      <Placemark><name>Segment 028</name>
        <description>Runner miles: 13.5-14.0. ETA: 7:06 AM to 7:12 AM PDT. Smoothed terrain elevation: 191 ft to 167 ft; net gain/loss: -24 ft; signed average grade: -0.9%.</description><styleUrl>#gray</styleUrl>
        <LineString><tessellate>1</tessellate><coordinates>-118.309909,33.96009,0 -118.30912,33.96009,0 -118.30893,33.96006,0 -118.30904,33.95987,0 -118.30904,33.95984,0 -118.30892,33.95985,0 -118.30892,33.95986,0 -118.308256,33.95986,0 -118.30694,33.95986,0 -118.30694,33.95984,0 -118.30675,33.95984,0 -118.30649,33.95984,0 -118.30632,33.95987,0 -118.30621,33.95986,0 -118.30568,33.95987,0 -118.30476,33.95988,0 -118.3042,33.95987,0 -118.30256,33.95989,0 -118.30256,33.95988,0 -118.30243,33.95988,0 -118.30243,33.95989,0 -118.301653,33.95989,0</coordinates></LineString>
      </Placemark>
      <Placemark><name>Segment 029</name>
        <description>Runner miles: 14.0-14.5. ETA: 7:12 AM to 7:16 AM PDT. Smoothed terrain elevation: 167 ft to 143 ft; net gain/loss: -25 ft; signed average grade: -0.9%.</description><styleUrl>#gray</styleUrl>
        <LineString><tessellate>1</tessellate><coordinates>-118.301653,33.95989,0 -118.30017,33.95989,0 -118.30017,33.95991,0 -118.29885,33.9599,0 -118.29875,33.959901,0 -118.29781,33.95991,0 -118.29764,33.95993,0 -118.29758,33.95991,0 -118.296,33.95991,0 -118.296,33.9599,0 -118.29583,33.95991,0 -118.2958,33.95992,0 -118.29412,33.95992,0 -118.29402,33.95994,0 -118.29389,33.95992,0 -118.292979,33.95992,0</coordinates></LineString>
      </Placemark>
      <Placemark><name>Segment 030</name>
        <description>Runner miles: 14.5-15.0. ETA: 7:16 AM to 7:20 AM PDT. Smoothed terrain elevation: 143 ft to 131 ft; net gain/loss: -11 ft; signed average grade: -0.4%.</description><styleUrl>#gray</styleUrl>
        <LineString><tessellate>1</tessellate><coordinates>-118.292979,33.95992,0 -118.29192,33.95992,0 -118.29141,33.95991,0 -118.290833,33.959917,0 -118.29055,33.95992,0 -118.29052,33.95991,0 -118.29052,33.95992,0 -118.28943,33.95993,0 -118.28825,33.95994,0 -118.28808,33.95994,0 -118.28714,33.95994,0 -118.28714,33.95993,0 -118.28688,33.95993,0 -118.28688,33.95995,0 -118.284305,33.959959,0</coordinates></LineString>
      </Placemark>
      <Placemark><name>Segment 031</name>
        <description>Runner miles: 15.0-15.5. ETA: 7:20 AM to 7:26 AM PDT. Smoothed terrain elevation: 131 ft to 131 ft; net gain/loss: +0 ft; signed average grade: +0.0%.</description><styleUrl>#gray</styleUrl>
        <LineString><tessellate>1</tessellate><coordinates>-118.284305,33.959959,0 -118.28397,33.95996,0 -118.28397,33.95995,0 -118.28382,33.95995,0 -118.28382,33.95997,0 -118.28283,33.95997,0 -118.28283,33.95995,0 -118.28261,33.95994,0 -118.28261,33.95997,0 -118.282443,33.95997,0 -118.28202,33.95997,0 -118.28202,33.95994,0 -118.28192,33.95995,0 -118.28192,33.95998,0 -118.28146,33.95997,0 -118.28138,33.95994,0 -118.27975,33.95995,0 -118.27945,33.95996,0 -118.27945,33.95997,0 -118.27841,33.95998,0 -118.2784,33.95997,0 -118.27809,33.95997,0 -118.275776,33.959976,0</coordinates></LineString>
      </Placemark>
      <Placemark><name>Segment 032</name>
        <description>Runner miles: 15.5-16.0. ETA: 7:26 AM to 7:32 AM PDT. Smoothed terrain elevation: 131 ft to 129 ft; net gain/loss: -2 ft; signed average grade: -0.1%.</description><styleUrl>#gray</styleUrl>
        <LineString><tessellate>1</tessellate><coordinates>-118.275776,33.959976,0 -118.274,33.95998,0 -118.27399,33.95997,0 -118.27377,33.95997,0 -118.27377,33.95998,0 -118.27357,33.959981,0 -118.27177,33.95999,0 -118.27004,33.96001,0 -118.26963,33.96,0 -118.26961,33.95998,0 -118.26941,33.95999,0 -118.26941,33.96,0 -118.26815,33.96001,0 -118.26813,33.96,0 -118.26714,33.96001,0 -118.267097,33.96001,0</coordinates></LineString>
      </Placemark>
      <Placemark><name>Segment 033</name>
        <description>Runner miles: 16.0-16.5. ETA: 7:32 AM to 7:35 AM PDT. Smoothed terrain elevation: 129 ft to 129 ft; net gain/loss: -0 ft; signed average grade: -0.0%.</description><styleUrl>#gray</styleUrl>
        <LineString><tessellate>1</tessellate><coordinates>-118.267097,33.96001,0 -118.266106,33.960016,0 -118.26526,33.96002,0 -118.26526,33.96001,0 -118.26401,33.96003,0 -118.26372,33.96004,0 -118.2613,33.96005,0 -118.2611,33.96004,0 -118.26086,33.96004,0 -118.26069,33.96004,0 -118.25947,33.96005,0 -118.25868,33.96005,0 -118.258385,33.96005,0</coordinates></LineString>
      </Placemark>
      <Placemark><name>Segment 034</name>
        <description>Runner miles: 16.5-17.0. ETA: 7:35 AM to 7:39 AM PDT. Smoothed terrain elevation: 129 ft to 127 ft; net gain/loss: -2 ft; signed average grade: -0.1%.</description><styleUrl>#gray</styleUrl>
        <LineString><tessellate>1</tessellate><coordinates>-118.258385,33.96005,0 -118.25656,33.96005,0 -118.25628,33.96003,0 -118.25628,33.96009,0 -118.256289,33.960192,0 -118.2563,33.96031,0 -118.2563,33.96007,0 -118.25628,33.9603,0 -118.25414,33.9603,0 -118.25412,33.96028,0 -118.25412,33.96032,0 -118.25388,33.96032,0 -118.25388,33.9603,0 -118.25085,33.96029,0 -118.250651,33.96029,0</coordinates></LineString>
      </Placemark>
      <Placemark><name>Segment 035</name>
        <description>Runner miles: 17.0-17.5. ETA: 7:39 AM to 7:43 AM PDT. Smoothed terrain elevation: 127 ft to 129 ft; net gain/loss: +2 ft; signed average grade: +0.1%.</description><styleUrl>#gray</styleUrl>
        <LineString><tessellate>1</tessellate><coordinates>-118.250651,33.96029,0 -118.250628,33.96029,0 -118.24786,33.96029,0 -118.24784,33.9603,0 -118.2478,33.96027,0 -118.24769,33.96028,0 -118.2477,33.96033,0 -118.24749,33.96032,0 -118.24749,33.96034,0 -118.2473,33.96033,0 -118.24722,33.96029,0 -118.24569,33.9603,0 -118.24452,33.96029,0 -118.24452,33.9603,0 -118.24438,33.9603,0 -118.24438,33.96027,0 -118.24314,33.96028,0 -118.24314,33.96029,0 -118.24238,33.96029,0 -118.242114,33.960282,0</coordinates></LineString>
      </Placemark>
      <Placemark><name>Segment 036</name>
        <description>Runner miles: 17.5-18.0. ETA: 7:43 AM to 7:48 AM PDT. Smoothed terrain elevation: 129 ft to 123 ft; net gain/loss: -5 ft; signed average grade: -0.2%.</description><styleUrl>#gray</styleUrl>
        <LineString><tessellate>1</tessellate><coordinates>-118.242114,33.960282,0 -118.24206,33.96028,0 -118.24089,33.96028,0 -118.24074,33.96027,0 -118.24034,33.96029,0 -118.24034,33.96027,0 -118.239759,33.960275,0 -118.23905,33.96028,0 -118.23905,33.96029,0 -118.23894,33.96029,0 -118.23894,33.96028,0 -118.2375,33.96028,0 -118.23749,33.96029,0 -118.23702,33.96028,0 -118.23677,33.96028,0 -118.23636,33.96027,0 -118.23636,33.96028,0 -118.23532,33.96028,0 -118.23515,33.96026,0 -118.2345,33.96028,0 -118.234404,33.960273,0 -118.2341,33.96025,0 -118.23411,33.96,0 -118.2341,33.95999,0 -118.2341,33.95997,0 -118.23391,33.95992,0 -118.23391,33.95994,0 -118.233842,33.959915,0</coordinates></LineString>
      </Placemark>
      <Placemark><name>Segment 037</name>
        <description>Runner miles: 18.0-18.5. ETA: 7:48 AM to 7:53 AM PDT. Smoothed terrain elevation: 123 ft to 119 ft; net gain/loss: -5 ft; signed average grade: -0.2%.</description><styleUrl>#gray</styleUrl>
        <LineString><tessellate>1</tessellate><coordinates>-118.233842,33.959915,0 -118.233841,33.959915,0 -118.23369,33.95986,0 -118.23337,33.95966,0 -118.23304,33.95928,0 -118.23269,33.95878,0 -118.23252,33.95859,0 -118.23232,33.95831,0 -118.23208,33.95807,0 -118.23175,33.95788,0 -118.23129,33.95772,0 -118.23123,33.95765,0 -118.2312,33.95768,0 -118.23093,33.95759,0 -118.23094,33.9576,0 -118.23079,33.95757,0 -118.23065,33.95757,0 -118.23058,33.95753,0 -118.2298,33.95733,0 -118.22969,33.95728,0 -118.22906,33.95711,0 -118.22907,33.95709,0 -118.22892,33.95706,0 -118.22891,33.95708,0 -118.2272,33.95662,0 -118.22719,33.95659,0 -118.2269,33.9565,0 -118.2269,33.95654,0 -118.226803,33.956514,0</coordinates></LineString>
      </Placemark>
      <Placemark><name>Segment 038</name>
        <description>Runner miles: 18.5-19.0. ETA: 7:53 AM to 7:58 AM PDT. Smoothed terrain elevation: 119 ft to 112 ft; net gain/loss: -6 ft; signed average grade: -0.2%.</description><styleUrl>#gray</styleUrl>
        <LineString><tessellate>1</tessellate><coordinates>-118.226803,33.956514,0 -118.22565,33.9562,0 -118.22552,33.95618,0 -118.22543,33.95614,0 -118.22496,33.95601,0 -118.22494,33.95599,0 -118.22463,33.95591,0 -118.22465,33.95596,0 -118.224556,33.955947,0 -118.22407,33.95588,0 -118.22386,33.95588,0 -118.22321,33.95581,0 -118.22308,33.95576,0 -118.22198,33.95566,0 -118.22148,33.95563,0 -118.22134,33.95559,0 -118.22106,33.95557,0 -118.22092,33.95558,0 -118.22036,33.95552,0 -118.22035,33.9555,0 -118.220268,33.955485,0 -118.22003,33.95544,0 -118.22007,33.9555,0 -118.21939,33.95543,0 -118.21922,33.95542,0 -118.21913,33.95539,0 -118.218501,33.955327,0</coordinates></LineString>
      </Placemark>
      <Placemark><name>Segment 039</name>
        <description>Runner miles: 19.0-19.5. ETA: 7:58 AM to 8:02 AM PDT. Smoothed terrain elevation: 112 ft to 109 ft; net gain/loss: -4 ft; signed average grade: -0.1%.</description><styleUrl>#gray</styleUrl>
        <LineString><tessellate>1</tessellate><coordinates>-118.218501,33.955327,0 -118.21583,33.95506,0 -118.21583,33.95504,0 -118.21567,33.95502,0 -118.21567,33.95504,0 -118.21467,33.95495,0 -118.21447,33.95494,0 -118.21369,33.95487,0 -118.21353,33.95483,0 -118.21235,33.95472,0 -118.21236,33.95469,0 -118.21208,33.95466,0 -118.21208,33.95468,0 -118.21115,33.95459,0 -118.21114,33.95458,0 -118.20999,33.95448,0 -118.20999,33.95447,0 -118.209976,33.954469,0</coordinates></LineString>
      </Placemark>
      <Placemark><name>Segment 040</name>
        <description>Runner miles: 19.5-20.0. ETA: 8:02 AM to 8:06 AM PDT. Smoothed terrain elevation: 109 ft to 112 ft; net gain/loss: +4 ft; signed average grade: +0.1%.</description><styleUrl>#gray</styleUrl>
        <LineString><tessellate>1</tessellate><coordinates>-118.209976,33.954469,0 -118.20986,33.95446,0 -118.20986,33.95447,0 -118.20897,33.95437,0 -118.20875,33.95436,0 -118.20875,33.95434,0 -118.20861,33.95432,0 -118.20861,33.95433,0 -118.207508,33.954221,0 -118.20719,33.95419,0 -118.20691,33.95417,0 -118.20636,33.95409,0 -118.20623,33.95408,0 -118.20624,33.95406,0 -118.20601,33.95406,0 -118.206,33.9541,0 -118.20565,33.95406,0 -118.20547,33.95402,0 -118.20525,33.95401,0 -118.20438,33.95393,0 -118.204303,33.953922,0 -118.20241,33.95373,0 -118.20227,33.95369,0 -118.20209,33.95367,0 -118.20192,33.95369,0 -118.20152,33.95365,0 -118.20152,33.95362,0 -118.201487,33.953615,0</coordinates></LineString>
      </Placemark>
      <Placemark><name>Segment 041</name>
        <description>Runner miles: 20.0-20.5. ETA: 8:06 AM to 8:11 AM PDT. Smoothed terrain elevation: 112 ft to 115 ft; net gain/loss: +3 ft; signed average grade: +0.1%.</description><styleUrl>#gray</styleUrl>
        <LineString><tessellate>1</tessellate><coordinates>-118.201487,33.953615,0 -118.20138,33.9536,0 -118.20137,33.95363,0 -118.2013,33.95363,0 -118.20118,33.95359,0 -118.20078,33.95355,0 -118.20063,33.95361,0 -118.19923,33.95347,0 -118.19924,33.95339,0 -118.19907,33.95337,0 -118.19906,33.95345,0 -118.19666,33.95321,0 -118.19663,33.95311,0 -118.19642,33.95309,0 -118.1964,33.95318,0 -118.19346,33.9529,0 -118.19343,33.95283,0 -118.193311,33.952814,0</coordinates></LineString>
      </Placemark>
      <Placemark><name>Segment 042</name>
        <description>Runner miles: 20.5-21.0. ETA: 8:11 AM to 8:17 AM PDT. Smoothed terrain elevation: 115 ft to 107 ft; net gain/loss: -8 ft; signed average grade: -0.3%.</description><styleUrl>#gray</styleUrl>
        <LineString><tessellate>1</tessellate><coordinates>-118.193311,33.952814,0 -118.19331,33.952814,0 -118.19299,33.95277,0 -118.19299,33.95278,0 -118.19111,33.95259,0 -118.19109,33.95257,0 -118.19094,33.95255,0 -118.190742,33.952532,0 -118.18909,33.95238,0 -118.18892,33.95236,0 -118.188494,33.95233,0 -118.18808,33.9523,0 -118.18784,33.95226,0 -118.18693,33.95216,0 -118.18693,33.95217,0 -118.184687,33.951949,0</coordinates></LineString>
      </Placemark>
      <Placemark><name>Segment 043</name>
        <description>Runner miles: 21.0-21.5. ETA: 8:17 AM to 8:22 AM PDT. Smoothed terrain elevation: 107 ft to 104 ft; net gain/loss: -3 ft; signed average grade: -0.1%.</description><styleUrl>#gray</styleUrl>
        <LineString><tessellate>1</tessellate><coordinates>-118.184687,33.951949,0 -118.18348,33.95183,0 -118.18326,33.9518,0 -118.18325,33.95178,0 -118.18314,33.95175,0 -118.18315,33.9518,0 -118.18314,33.95175,0 -118.18325,33.95178,0 -118.18289,33.95077,0 -118.18207,33.94859,0 -118.18125,33.94636,0 -118.1813,33.94636,0 -118.181291,33.946343,0</coordinates></LineString>
      </Placemark>
      <Placemark><name>Segment 044</name>
        <description>Runner miles: 21.5-22.0. ETA: 8:22 AM to 8:28 AM PDT. Smoothed terrain elevation: 104 ft to 98 ft; net gain/loss: -6 ft; signed average grade: -0.2%.</description><styleUrl>#gray</styleUrl>
        <LineString><tessellate>1</tessellate><coordinates>-118.181291,33.946343,0 -118.18115,33.94607,0 -118.18099,33.94551,0 -118.18093,33.94528,0 -118.18091,33.94511,0 -118.18093,33.94505,0 -118.18093,33.94465,0 -118.180995,33.944162,0 -118.18101,33.94405,0 -118.18111,33.94363,0 -118.181262,33.943179,0 -118.18137,33.94286,0 -118.18158,33.94196,0 -118.1816,33.9418,0 -118.18163,33.94169,0 -118.18165,33.94169,0 -118.18174,33.94149,0 -118.18171,33.94148,0 -118.18185,33.94053,0 -118.181957,33.939273,0</coordinates></LineString>
      </Placemark>
      <Placemark><name>Segment 045</name>
        <description>Runner miles: 22.0-22.5. ETA: 8:28 AM to 8:32 AM PDT. Smoothed terrain elevation: 98 ft to 93 ft; net gain/loss: -5 ft; signed average grade: -0.2%.</description><styleUrl>#gray</styleUrl>
        <LineString><tessellate>1</tessellate><coordinates>-118.181957,33.939273,0 -118.18196,33.93924,0 -118.18199,33.939,0 -118.182,33.939,0 -118.18202,33.93889,0 -118.182,33.93889,0 -118.18228,33.93656,0 -118.18228,33.93639,0 -118.18232,33.93607,0 -118.18236,33.93586,0 -118.1825,33.9346,0 -118.18255,33.93429,0 -118.18256,33.93409,0 -118.18259,33.9341,0 -118.18261,33.93386,0 -118.18259,33.93386,0 -118.18265,33.93343,0 -118.18276,33.93306,0 -118.183,33.93244,0 -118.18309,33.93225,0 -118.18308,33.93225,0 -118.183095,33.932212,0</coordinates></LineString>
      </Placemark>
      <Placemark><name>Segment 046</name>
        <description>Runner miles: 22.5-23.0. ETA: 8:32 AM to 8:36 AM PDT. Smoothed terrain elevation: 93 ft to 86 ft; net gain/loss: -6 ft; signed average grade: -0.2%.</description><styleUrl>#gray</styleUrl>
        <LineString><tessellate>1</tessellate><coordinates>-118.183095,33.932212,0 -118.18346,33.9313,0 -118.18357,33.93118,0 -118.1837,33.93086,0 -118.18379,33.93059,0 -118.18376,33.93059,0 -118.183962,33.930074,0 -118.184014,33.92994,0 -118.18403,33.9299,0 -118.18419,33.92956,0 -118.1849,33.9278,0 -118.18497,33.92767,0 -118.18495,33.92767,0 -118.18578,33.92566,0 -118.18579,33.92565,0 -118.18586,33.92549,0 -118.18585,33.92549,0 -118.185873,33.925432,0</coordinates></LineString>
      </Placemark>
      <Placemark><name>Segment 047</name>
        <description>Runner miles: 23.0-23.5. ETA: 8:36 AM to 8:42 AM PDT. Smoothed terrain elevation: 86 ft to 82 ft; net gain/loss: -4 ft; signed average grade: -0.2%.</description><styleUrl>#gray</styleUrl>
        <LineString><tessellate>1</tessellate><coordinates>-118.185873,33.925432,0 -118.1861,33.92487,0 -118.18616,33.92468,0 -118.18623,33.92457,0 -118.18673,33.92334,0 -118.18757,33.92132,0 -118.18759,33.92133,0 -118.18769,33.92111,0 -118.18766,33.9211,0 -118.18864,33.91874,0 -118.18867,33.91876,0 -118.188704,33.918687,0</coordinates></LineString>
      </Placemark>
      <Placemark><name>Segment 048</name>
        <description>Runner miles: 23.5-24.0. ETA: 8:42 AM to 8:48 AM PDT. Smoothed terrain elevation: 82 ft to 77 ft; net gain/loss: -5 ft; signed average grade: -0.2%.</description><styleUrl>#gray</styleUrl>
        <LineString><tessellate>1</tessellate><coordinates>-118.188704,33.918687,0 -118.18873,33.91863,0 -118.18869,33.91861,0 -118.18912,33.91756,0 -118.189289,33.917158,0 -118.18944,33.9168,0 -118.18946,33.91674,0 -118.18956,33.9165,0 -118.189572,33.91647,0 -118.19015,33.91508,0 -118.19023,33.91493,0 -118.19042,33.91447,0 -118.19047,33.9143,0 -118.19054,33.91414,0 -118.19056,33.91415,0 -118.19066,33.9139,0 -118.19064,33.91389,0 -118.19102,33.91301,0 -118.19104,33.91289,0 -118.19115,33.91272,0 -118.191486,33.911908,0</coordinates></LineString>
      </Placemark>
      <Placemark><name>Segment 049</name>
        <description>Runner miles: 24.0-24.5. ETA: 8:48 AM to 8:51 AM PDT. Smoothed terrain elevation: 77 ft to 73 ft; net gain/loss: -4 ft; signed average grade: -0.1%.</description><styleUrl>#gray</styleUrl>
        <LineString><tessellate>1</tessellate><coordinates>-118.191486,33.911908,0 -118.19151,33.91185,0 -118.19189,33.91092,0 -118.19215,33.9103,0 -118.19265,33.90906,0 -118.19306,33.90811,0 -118.19312,33.908,0 -118.19314,33.90791,0 -118.1932,33.90777,0 -118.19326,33.90757,0 -118.19384,33.90618,0 -118.19394,33.90614,0 -118.1939,33.90601,0 -118.19416,33.90536,0 -118.194198,33.905091,0</coordinates></LineString>
      </Placemark>
      <Placemark><name>Segment 050</name>
        <description>Runner miles: 24.5-25.0. ETA: 8:51 AM to 8:55 AM PDT. Smoothed terrain elevation: 73 ft to 81 ft; net gain/loss: +8 ft; signed average grade: +0.3%.</description><styleUrl>#gray</styleUrl>
        <LineString><tessellate>1</tessellate><coordinates>-118.194198,33.905091,0 -118.1942,33.90508,0 -118.19417,33.90448,0 -118.19414,33.90428,0 -118.19414,33.904262,0 -118.19414,33.9041,0 -118.19411,33.904,0 -118.19413,33.90395,0 -118.19412,33.90372,0 -118.19384,33.90372,0 -118.19382,33.90346,0 -118.19337,33.90347,0 -118.193154,33.903466,0 -118.187357,33.903512,0</coordinates></LineString>
      </Placemark>
      <Placemark><name>Segment 051</name>
        <description>Runner miles: 25.0-25.5. ETA: 8:55 AM to 8:59 AM PDT. Smoothed terrain elevation: 81 ft to 77 ft; net gain/loss: -4 ft; signed average grade: -0.1%.</description><styleUrl>#gray</styleUrl>
        <LineString><tessellate>1</tessellate><coordinates>-118.187357,33.903512,0 -118.18131,33.90356,0 -118.181611,33.903511,0 -118.183186,33.902047,0</coordinates></LineString>
      </Placemark>
      <Placemark><name>Segment 052</name>
        <description>Runner miles: 25.5-26.0. ETA: 8:59 AM to 9:04 AM PDT. Smoothed terrain elevation: 77 ft to 75 ft; net gain/loss: -2 ft; signed average grade: -0.1%.</description><styleUrl>#gray</styleUrl>
        <LineString><tessellate>1</tessellate><coordinates>-118.183186,33.902047,0 -118.183209,33.902025,0 -118.183583,33.901677,0 -118.18367,33.90159,0 -118.18406,33.90116,0 -118.1845,33.90054,0 -118.1847,33.90022,0 -118.18503,33.89951,0 -118.18512,33.89924,0 -118.18531,33.8985,0 -118.18547,33.89744,0 -118.18553,33.89705,0 -118.1857,33.89637,0 -118.18578,33.89596,0 -118.18581,33.89546,0 -118.185823,33.89532,0</coordinates></LineString>
      </Placemark>
      <Placemark><name>Segment 053</name>
        <description>Runner miles: 26.0-26.5. ETA: 9:04 AM to 9:09 AM PDT. Smoothed terrain elevation: 75 ft to 69 ft; net gain/loss: -6 ft; signed average grade: -0.2%.</description><styleUrl>#gray</styleUrl>
        <LineString><tessellate>1</tessellate><coordinates>-118.185823,33.89532,0 -118.18583,33.89524,0 -118.1859,33.89483,0 -118.18646,33.89125,0 -118.1865,33.89096,0 -118.18654,33.89054,0 -118.18665,33.89,0 -118.18685,33.88921,0 -118.1869,33.88895,0 -118.186901,33.888924,0 -118.18693,33.88822,0 -118.186938,33.88815,0</coordinates></LineString>
      </Placemark>
      <Placemark><name>Segment 054</name>
        <description>Runner miles: 26.5-27.0. ETA: 9:09 AM to 9:13 AM PDT. Smoothed terrain elevation: 69 ft to 65 ft; net gain/loss: -4 ft; signed average grade: -0.1%.</description><styleUrl>#gray</styleUrl>
        <LineString><tessellate>1</tessellate><coordinates>-118.186938,33.88815,0 -118.187,33.887592,0 -118.18701,33.8875,0 -118.1871,33.88713,0 -118.18755,33.88419,0 -118.18754,33.88389,0 -118.18763,33.88278,0 -118.18783,33.88207,0 -118.18793,33.88175,0 -118.18798,33.88165,0 -118.18809,33.880995,0</coordinates></LineString>
      </Placemark>
      <Placemark><name>Segment 055</name>
        <description>Runner miles: 27.0-27.5. ETA: 9:13 AM to 9:17 AM PDT. Smoothed terrain elevation: 65 ft to 62 ft; net gain/loss: -4 ft; signed average grade: -0.1%.</description><styleUrl>#gray</styleUrl>
        <LineString><tessellate>1</tessellate><coordinates>-118.18809,33.880995,0 -118.18809,33.880994,0 -118.18821,33.88028,0 -118.18854,33.87886,0 -118.18867,33.87744,0 -118.18896,33.87624,0 -118.18927,33.875437,0 -118.18928,33.87541,0 -118.18934,33.87526,0 -118.18934,33.87509,0 -118.18944,33.87439,0 -118.18949,33.87422,0 -118.1896,33.87394,0 -118.189615,33.873895,0</coordinates></LineString>
      </Placemark>
      <Placemark><name>Segment 056</name>
        <description>Runner miles: 27.5-28.0. ETA: 9:17 AM to 9:22 AM PDT. Smoothed terrain elevation: 62 ft to 56 ft; net gain/loss: -6 ft; signed average grade: -0.2%.</description><styleUrl>#gray</styleUrl>
        <LineString><tessellate>1</tessellate><coordinates>-118.189615,33.873895,0 -118.189615,33.873894,0 -118.18979,33.87335,0 -118.189818,33.873294,0 -118.18987,33.87319,0 -118.19013,33.87241,0 -118.19054,33.87156,0 -118.19082,33.87107,0 -118.19231,33.86867,0 -118.19249,33.86835,0 -118.193146,33.867304,0</coordinates></LineString>
      </Placemark>
      <Placemark><name>Segment 057</name>
        <description>Runner miles: 28.0-28.5. ETA: 9:22 AM to 9:27 AM PDT. Smoothed terrain elevation: 56 ft to 54 ft; net gain/loss: -2 ft; signed average grade: -0.1%.</description><styleUrl>#gray</styleUrl>
        <LineString><tessellate>1</tessellate><coordinates>-118.193146,33.867304,0 -118.19501,33.86433,0 -118.195829,33.862989,0 -118.19696,33.86114,0 -118.197135,33.86087,0</coordinates></LineString>
      </Placemark>
      <Placemark><name>Segment 058</name>
        <description>Runner miles: 28.5-29.0. ETA: 9:27 AM to 9:32 AM PDT. Smoothed terrain elevation: 54 ft to 48 ft; net gain/loss: -5 ft; signed average grade: -0.2%.</description><styleUrl>#gray</styleUrl>
        <LineString><tessellate>1</tessellate><coordinates>-118.197135,33.86087,0 -118.19718,33.8608,0 -118.19745,33.86042,0 -118.19753,33.860266,0 -118.19758,33.86017,0 -118.19765,33.85998,0 -118.19792,33.85951,0 -118.19808,33.85918,0 -118.19815,33.85908,0 -118.19895,33.858,0 -118.19907,33.85787,0 -118.20037,33.85579,0 -118.20052,33.85559,0 -118.20079,33.85517,0 -118.201154,33.854467,0</coordinates></LineString>
      </Placemark>
      <Placemark><name>Segment 059</name>
        <description>Runner miles: 29.0-29.5. ETA: 9:32 AM to 9:38 AM PDT. Smoothed terrain elevation: 48 ft to 51 ft; net gain/loss: +3 ft; signed average grade: +0.1%.</description><styleUrl>#gray</styleUrl>
        <LineString><tessellate>1</tessellate><coordinates>-118.201154,33.854467,0 -118.201154,33.854466,0 -118.20124,33.8543,0 -118.2013,33.85414,0 -118.20146,33.85381,0 -118.20154,33.8536,0 -118.20195,33.85218,0 -118.20215,33.85115,0 -118.202218,33.850528,0 -118.20224,33.85033,0 -118.2024,33.84827,0 -118.20238,33.84817,0 -118.202516,33.847359,0</coordinates></LineString>
      </Placemark>
      <Placemark><name>Segment 060</name>
        <description>Runner miles: 29.5-30.0. ETA: 9:38 AM to 9:44 AM PDT. Smoothed terrain elevation: 51 ft to 45 ft; net gain/loss: -7 ft; signed average grade: -0.3%.</description><styleUrl>#gray</styleUrl>
        <LineString><tessellate>1</tessellate><coordinates>-118.202516,33.847359,0 -118.20263,33.84668,0 -118.202636,33.846612,0 -118.20265,33.84647,0 -118.20259,33.84537,0 -118.20255,33.84528,0 -118.20264,33.84399,0 -118.20271,33.84373,0 -118.20282,33.84222,0 -118.20288,33.84175,0 -118.20291,33.84132,0 -118.202994,33.840153,0</coordinates></LineString>
      </Placemark>
      <Placemark><name>Segment 061</name>
        <description>Runner miles: 30.0-30.5. ETA: 9:44 AM to 9:48 AM PDT. Smoothed terrain elevation: 45 ft to 41 ft; net gain/loss: -4 ft; signed average grade: -0.1%.</description><styleUrl>#gray</styleUrl>
        <LineString><tessellate>1</tessellate><coordinates>-118.202994,33.840153,0 -118.20304,33.83951,0 -118.20311,33.83917,0 -118.20314,33.83851,0 -118.20319,33.83772,0 -118.203289,33.836915,0 -118.20367,33.83383,0 -118.20369,33.83352,0 -118.203825,33.832956,0</coordinates></LineString>
      </Placemark>
      <Placemark><name>Segment 062</name>
        <description>Runner miles: 30.5-31.0. ETA: 9:48 AM to 9:52 AM PDT. Smoothed terrain elevation: 41 ft to 37 ft; net gain/loss: -4 ft; signed average grade: -0.2%.</description><styleUrl>#gray</styleUrl>
        <LineString><tessellate>1</tessellate><coordinates>-118.203825,33.832956,0 -118.20398,33.83231,0 -118.203999,33.832152,0 -118.20405,33.83174,0 -118.20403,33.83075,0 -118.20409,33.83045,0 -118.20444,33.82772,0 -118.20446,33.82718,0 -118.20448,33.82656,0 -118.204573,33.825759,0</coordinates></LineString>
      </Placemark>
      <Placemark><name>Segment 063</name>
        <description>Runner miles: 31.0-31.5. ETA: 9:52 AM to 9:57 AM PDT. Smoothed terrain elevation: 37 ft to 34 ft; net gain/loss: -3 ft; signed average grade: -0.1%.</description><styleUrl>#gray</styleUrl>
        <LineString><tessellate>1</tessellate><coordinates>-118.204573,33.825759,0 -118.20458,33.8257,0 -118.20463,33.82539,0 -118.20483,33.82462,0 -118.20482,33.82415,0 -118.20475,33.82376,0 -118.20474,33.82362,0 -118.204783,33.82334,0 -118.20481,33.82316,0 -118.2048,33.8211,0 -118.20478,33.82027,0 -118.20483,33.81968,0 -118.204806,33.818554,0</coordinates></LineString>
      </Placemark>
      <Placemark><name>Segment 064</name>
        <description>Runner miles: 31.5-32.0. ETA: 9:57 AM to 10:04 AM PDT. Smoothed terrain elevation: 34 ft to 33 ft; net gain/loss: -1 ft; signed average grade: -0.0%.</description><styleUrl>#gray</styleUrl>
        <LineString><tessellate>1</tessellate><coordinates>-118.204806,33.818554,0 -118.204806,33.818553,0 -118.2048,33.81826,0 -118.20475,33.81786,0 -118.204744,33.817673,0 -118.20472,33.81693,0 -118.20476,33.81643,0 -118.20478,33.81562,0 -118.20475,33.81275,0 -118.204732,33.811321,0</coordinates></LineString>
      </Placemark>
      <Placemark><name>Segment 065</name>
        <description>Runner miles: 32.0-32.5. ETA: 10:04 AM to 10:07 AM PDT. Smoothed terrain elevation: 33 ft to 31 ft; net gain/loss: -3 ft; signed average grade: -0.1%.</description><styleUrl>#gray</styleUrl>
        <LineString><tessellate>1</tessellate><coordinates>-118.204732,33.811321,0 -118.20473,33.81113,0 -118.204738,33.809677,0 -118.20474,33.80927,0 -118.20476,33.80882,0 -118.20472,33.80843,0 -118.20478,33.80754,0 -118.20476,33.80712,0 -118.2047,33.80675,0 -118.20462,33.8061,0 -118.204561,33.804095,0</coordinates></LineString>
      </Placemark>
      <Placemark><name>Segment 066</name>
        <description>Runner miles: 32.5-33.0. ETA: 10:07 AM to 10:11 AM PDT. Smoothed terrain elevation: 31 ft to 26 ft; net gain/loss: -5 ft; signed average grade: -0.2%.</description><styleUrl>#gray</styleUrl>
        <LineString><tessellate>1</tessellate><coordinates>-118.204561,33.804095,0 -118.20456,33.80405,0 -118.20448,33.80336,0 -118.204479,33.803151,0 -118.204383,33.796862,0</coordinates></LineString>
      </Placemark>
      <Placemark><name>Segment 067</name>
        <description>Runner miles: 33.0-33.5. ETA: 10:11 AM to 10:15 AM PDT. Smoothed terrain elevation: 26 ft to 14 ft; net gain/loss: -11 ft; signed average grade: -0.4%.</description><styleUrl>#gray</styleUrl>
        <LineString><tessellate>1</tessellate><coordinates>-118.204383,33.796862,0 -118.20437,33.796021,0 -118.204283,33.790325,0 -118.204373,33.789901,0 -118.204051,33.789885,0</coordinates></LineString>
      </Placemark>
      <Placemark><name>Segment 068</name>
        <description>Runner miles: 33.5-34.0. ETA: 10:15 AM to 10:19 AM PDT. Smoothed terrain elevation: 14 ft to 11 ft; net gain/loss: -3 ft; signed average grade: -0.1%.</description><styleUrl>#gray</styleUrl>
        <LineString><tessellate>1</tessellate><coordinates>-118.204051,33.789885,0 -118.203588,33.789861,0 -118.20321,33.789754,0 -118.203028,33.789609,0 -118.202284,33.789731,0 -118.201944,33.789746,0 -118.195451,33.789751,0</coordinates></LineString>
      </Placemark>
      <Placemark><name>Segment 069</name>
        <description>Runner miles: 34.0-34.5. ETA: 10:19 AM to 10:25 AM PDT. Smoothed terrain elevation: 11 ft to 30 ft; net gain/loss: +19 ft; signed average grade: +0.7%.</description><styleUrl>#gray</styleUrl>
        <LineString><tessellate>1</tessellate><coordinates>-118.195451,33.789751,0 -118.19545,33.789751,0 -118.195405,33.789751,0 -118.186743,33.789758,0</coordinates></LineString>
      </Placemark>
      <Placemark><name>Segment 070</name>
        <description>Runner miles: 34.5-35.0. ETA: 10:25 AM to 10:29 AM PDT. Smoothed terrain elevation: 30 ft to 26 ft; net gain/loss: -4 ft; signed average grade: -0.1%.</description><styleUrl>#gray</styleUrl>
        <LineString><tessellate>1</tessellate><coordinates>-118.186743,33.789758,0 -118.184796,33.789759,0 -118.178957,33.789767,0 -118.178036,33.789768,0</coordinates></LineString>
      </Placemark>
      <Placemark><name>Segment 071</name>
        <description>Runner miles: 35.0-35.5. ETA: 10:29 AM to 10:34 AM PDT. Smoothed terrain elevation: 26 ft to 20 ft; net gain/loss: -7 ft; signed average grade: -0.2%.</description><styleUrl>#gray</styleUrl>
        <LineString><tessellate>1</tessellate><coordinates>-118.178036,33.789768,0 -118.178035,33.789768,0 -118.169328,33.789781,0</coordinates></LineString>
      </Placemark>
      <Placemark><name>Segment 072</name>
        <description>Runner miles: 35.5-36.0. ETA: 10:34 AM to 10:38 AM PDT. Smoothed terrain elevation: 20 ft to 62 ft; net gain/loss: +42 ft; signed average grade: +1.6%.</description><styleUrl>#lightOrange</styleUrl>
        <LineString><tessellate>1</tessellate><coordinates>-118.169328,33.789781,0 -118.166901,33.789784,0 -118.162508,33.789785,0 -118.160621,33.789786,0</coordinates></LineString>
      </Placemark>
      <Placemark><name>Segment 073</name>
        <description>Runner miles: 36.0-36.5. ETA: 10:38 AM to 10:43 AM PDT. Smoothed terrain elevation: 62 ft to 113 ft; net gain/loss: +51 ft; signed average grade: +1.9%.</description><styleUrl>#lightOrange</styleUrl>
        <LineString><tessellate>1</tessellate><coordinates>-118.160621,33.789786,0 -118.151914,33.789789,0</coordinates></LineString>
      </Placemark>
      <Placemark><name>Segment 074</name>
        <description>Runner miles: 36.5-37.0. ETA: 10:43 AM to 10:49 AM PDT. Smoothed terrain elevation: 113 ft to 31 ft; net gain/loss: -82 ft; signed average grade: -3.1%.</description><styleUrl>#blue</styleUrl>
        <LineString><tessellate>1</tessellate><coordinates>-118.151914,33.789789,0 -118.151913,33.789789,0 -118.149087,33.78979,0 -118.14606,33.789747,0 -118.143794,33.789715,0 -118.143304,33.789554,0 -118.143258,33.789521,0</coordinates></LineString>
      </Placemark>
      <Placemark><name>Segment 075</name>
        <description>Runner miles: 37.0-37.5. ETA: 10:49 AM to 10:54 AM PDT. Smoothed terrain elevation: 31 ft to 28 ft; net gain/loss: -3 ft; signed average grade: -0.1%.</description><styleUrl>#gray</styleUrl>
        <LineString><tessellate>1</tessellate><coordinates>-118.143258,33.789521,0 -118.142911,33.789277,0 -118.14233,33.789178,0 -118.141954,33.789291,0 -118.141303,33.788913,0 -118.136468,33.785346,0</coordinates></LineString>
      </Placemark>
      <Placemark><name>Segment 076</name>
        <description>Runner miles: 37.5-38.0. ETA: 10:54 AM to 11:00 AM PDT. Smoothed terrain elevation: 28 ft to 43 ft; net gain/loss: +15 ft; signed average grade: +0.6%.</description><styleUrl>#gray</styleUrl>
        <LineString><tessellate>1</tessellate><coordinates>-118.136468,33.785346,0 -118.134107,33.783604,0 -118.132819,33.782643,0 -118.129977,33.780523,0</coordinates></LineString>
      </Placemark>
      <Placemark><name>Segment 077</name>
        <description>Runner miles: 38.0-38.5. ETA: 11:00 AM to 11:04 AM PDT. Smoothed terrain elevation: 43 ft to 72 ft; net gain/loss: +29 ft; signed average grade: +1.1%.</description><styleUrl>#lightOrange</styleUrl>
        <LineString><tessellate>1</tessellate><coordinates>-118.129977,33.780523,0 -118.123497,33.77569,0</coordinates></LineString>
      </Placemark>
      <Placemark><name>Segment 078</name>
        <description>Runner miles: 38.5-39.0. ETA: 11:04 AM to 11:07 AM PDT. Smoothed terrain elevation: 72 ft to 20 ft; net gain/loss: -52 ft; signed average grade: -2.0%.</description><styleUrl>#lightBlue</styleUrl>
        <LineString><tessellate>1</tessellate><coordinates>-118.123497,33.77569,0 -118.123496,33.77569,0 -118.120853,33.773719,0 -118.120573,33.773517,0 -118.119579,33.772802,0 -118.119029,33.772225,0 -118.118592,33.771605,0 -118.118114,33.770233,0</coordinates></LineString>
      </Placemark>
      <Placemark><name>Segment 079</name>
        <description>Runner miles: 39.0-39.5. ETA: 11:07 AM to 11:14 AM PDT. Smoothed terrain elevation: 20 ft to 11 ft; net gain/loss: -9 ft; signed average grade: -0.4%.</description><styleUrl>#gray</styleUrl>
        <LineString><tessellate>1</tessellate><coordinates>-118.118114,33.770233,0 -118.118114,33.770232,0 -118.117375,33.768109,0 -118.116446,33.765695,0 -118.11548,33.763432,0 -118.115437,33.763349,0</coordinates></LineString>
      </Placemark>
      <Placemark><name>Segment 080</name>
        <description>Runner miles: 39.5-40.0. ETA: 11:14 AM to 11:20 AM PDT. Smoothed terrain elevation: 11 ft to 8 ft; net gain/loss: -2 ft; signed average grade: -0.1%.</description><styleUrl>#gray</styleUrl>
        <LineString><tessellate>1</tessellate><coordinates>-118.115437,33.763349,0 -118.114267,33.761093,0 -118.112217,33.758866,0 -118.110744,33.757316,0</coordinates></LineString>
      </Placemark>
      <Placemark><name>Segment 081</name>
        <description>Runner miles: 40.0-40.5. ETA: 11:20 AM to 11:23 AM PDT. Smoothed terrain elevation: 8 ft to 10 ft; net gain/loss: +1 ft; signed average grade: +0.1%.</description><styleUrl>#gray</styleUrl>
        <LineString><tessellate>1</tessellate><coordinates>-118.110744,33.757316,0 -118.110072,33.756609,0 -118.107967,33.754326,0 -118.106978,33.753246,0 -118.106643,33.752699,0 -118.106397,33.75209,0 -118.106163,33.751268,0</coordinates></LineString>
      </Placemark>
      <Placemark><name>Segment 082</name>
        <description>Runner miles: 40.5-41.0. ETA: 11:23 AM to 11:27 AM PDT. Smoothed terrain elevation: 10 ft to 8 ft; net gain/loss: -2 ft; signed average grade: -0.1%.</description><styleUrl>#gray</styleUrl>
        <LineString><tessellate>1</tessellate><coordinates>-118.106163,33.751268,0 -118.106163,33.751267,0 -118.106159,33.751252,0 -118.106037,33.750549,0 -118.106075,33.748939,0 -118.105976,33.747561,0 -118.105534,33.746475,0 -118.104841,33.745584,0 -118.103968,33.744975,0 -118.103605,33.744771,0</coordinates></LineString>
      </Placemark>
      <Placemark><name>Segment 083</name>
        <description>Runner miles: 41.0-41.5. ETA: 11:27 AM to 11:31 AM PDT. Smoothed terrain elevation: 8 ft to 5 ft; net gain/loss: -3 ft; signed average grade: -0.1%.</description><styleUrl>#gray</styleUrl>
        <LineString><tessellate>1</tessellate><coordinates>-118.103605,33.744771,0 -118.103457,33.744688,0 -118.101288,33.743621,0 -118.096126,33.741071,0</coordinates></LineString>
      </Placemark>
      <Placemark><name>Segment 084</name>
        <description>Runner miles: 41.5-42.0. ETA: 11:31 AM to 11:36 AM PDT. Smoothed terrain elevation: 5 ft to 25 ft; net gain/loss: +20 ft; signed average grade: +0.8%.</description><styleUrl>#gray</styleUrl>
        <LineString><tessellate>1</tessellate><coordinates>-118.096126,33.741071,0 -118.09576,33.74089,0 -118.09427,33.74028,0 -118.08912,33.73815,0 -118.08875,33.73796,0 -118.088401,33.737752,0</coordinates></LineString>
      </Placemark>
      <Placemark><name>Segment 085</name>
        <description>Runner miles: 42.0-42.5. ETA: 11:36 AM to 11:41 AM PDT. Smoothed terrain elevation: 25 ft to 15 ft; net gain/loss: -10 ft; signed average grade: -0.4%.</description><styleUrl>#gray</styleUrl>
        <LineString><tessellate>1</tessellate><coordinates>-118.088401,33.737752,0 -118.08828,33.73768,0 -118.0877,33.73726,0 -118.08738,33.73697,0 -118.08696,33.73653,0 -118.086548,33.735956,0 -118.08653,33.73593,0 -118.08628,33.73552,0 -118.08608,33.73508,0 -118.084726,33.731357,0</coordinates></LineString>
      </Placemark>
      <Placemark><name>Segment 086</name>
        <description>Runner miles: 42.5-43.0. ETA: 11:41 AM to 11:46 AM PDT. Smoothed terrain elevation: 15 ft to 15 ft; net gain/loss: -0 ft; signed average grade: -0.0%.</description><styleUrl>#gray</styleUrl>
        <LineString><tessellate>1</tessellate><coordinates>-118.084726,33.731357,0 -118.0842,33.72991,0 -118.0839,33.72936,0 -118.08369,33.72905,0 -118.08319,33.72847,0 -118.0824,33.72773,0 -118.08232,33.72766,0 -118.08209,33.72754,0 -118.079835,33.725544,0</coordinates></LineString>
      </Placemark>
      <Placemark><name>Segment 087</name>
        <description>Runner miles: 43.0-43.5. ETA: 11:46 AM to 11:50 AM PDT. Smoothed terrain elevation: 15 ft to 6 ft; net gain/loss: -9 ft; signed average grade: -0.3%.</description><styleUrl>#gray</styleUrl>
        <LineString><tessellate>1</tessellate><coordinates>-118.079835,33.725544,0 -118.07965,33.72538,0 -118.07932,33.72514,0 -118.07887,33.72492,0 -118.07792,33.72455,0 -118.07744,33.72433,0 -118.07737,33.724287,0 -118.07708,33.72411,0 -118.07657,33.72368,0 -118.0758,33.72297,0 -118.07559,33.72271,0 -118.0753,33.72224,0 -118.07533,33.72214,0 -118.07521,33.72197,0 -118.07489,33.72161,0 -118.073772,33.720612,0</coordinates></LineString>
      </Placemark>
      <Placemark><name>Segment 088</name>
        <description>Runner miles: 43.5-44.0. ETA: 11:50 AM to 11:54 AM PDT. Smoothed terrain elevation: 6 ft to 5 ft; net gain/loss: -1 ft; signed average grade: -0.0%.</description><styleUrl>#gray</styleUrl>
        <LineString><tessellate>1</tessellate><coordinates>-118.073772,33.720612,0 -118.07331,33.7202,0 -118.07307,33.72003,0 -118.07291,33.72,0 -118.07195,33.71933,0 -118.07085,33.71838,0 -118.07084,33.71828,0 -118.0701,33.71762,0 -118.06998,33.71757,0 -118.06991,33.71756,0 -118.06821,33.71604,0 -118.067634,33.715581,0</coordinates></LineString>
      </Placemark>
      <Placemark><name>Segment 089</name>
        <description>Runner miles: 44.0-44.5. ETA: 11:54 AM to 11:59 AM PDT. Smoothed terrain elevation: 5 ft to 9 ft; net gain/loss: +3 ft; signed average grade: +0.1%.</description><styleUrl>#gray</styleUrl>
        <LineString><tessellate>1</tessellate><coordinates>-118.067634,33.715581,0 -118.06689,33.71499,0 -118.06556,33.713827,0 -118.063293,33.711586,0 -118.061999,33.710085,0</coordinates></LineString>
      </Placemark>
      <Placemark><name>Segment 090</name>
        <description>Runner miles: 44.5-45.0. ETA: 11:59 AM to 12:05 PM PDT. Smoothed terrain elevation: 9 ft to 7 ft; net gain/loss: -1 ft; signed average grade: -0.0%.</description><styleUrl>#gray</styleUrl>
        <LineString><tessellate>1</tessellate><coordinates>-118.061999,33.710085,0 -118.061111,33.709055,0 -118.057717,33.705922,0 -118.056241,33.704673,0</coordinates></LineString>
      </Placemark>
      <Placemark><name>Segment 091</name>
        <description>Runner miles: 45.0-45.5. ETA: 12:05 PM to 12:10 PM PDT. Smoothed terrain elevation: 7 ft to 9 ft; net gain/loss: +2 ft; signed average grade: +0.1%.</description><styleUrl>#gray</styleUrl>
        <LineString><tessellate>1</tessellate><coordinates>-118.056241,33.704673,0 -118.054154,33.702907,0 -118.051018,33.699493,0 -118.05068,33.699125,0</coordinates></LineString>
      </Placemark>
      <Placemark><name>Segment 092</name>
        <description>Runner miles: 45.5-46.0. ETA: 12:10 PM to 12:16 PM PDT. Smoothed terrain elevation: 9 ft to 8 ft; net gain/loss: -1 ft; signed average grade: -0.0%.</description><styleUrl>#gray</styleUrl>
        <LineString><tessellate>1</tessellate><coordinates>-118.05068,33.699125,0 -118.048692,33.696964,0 -118.045317,33.693428,0</coordinates></LineString>
      </Placemark>
      <Placemark><name>Segment 093</name>
        <description>Runner miles: 46.0-46.5. ETA: 12:16 PM to 12:20 PM PDT. Smoothed terrain elevation: 8 ft to 8 ft; net gain/loss: -0 ft; signed average grade: -0.0%.</description><styleUrl>#gray</styleUrl>
        <LineString><tessellate>1</tessellate><coordinates>-118.045317,33.693428,0 -118.039908,33.687761,0</coordinates></LineString>
      </Placemark>
      <Placemark><name>Segment 094</name>
        <description>Runner miles: 46.5-47.0. ETA: 12:20 PM to 12:24 PM PDT. Smoothed terrain elevation: 8 ft to 14 ft; net gain/loss: +6 ft; signed average grade: +0.2%.</description><styleUrl>#gray</styleUrl>
        <LineString><tessellate>1</tessellate><coordinates>-118.039908,33.687761,0 -118.038268,33.686043,0 -118.0349,33.68245,0 -118.034529,33.682075,0</coordinates></LineString>
      </Placemark>
      <Placemark><name>Segment 095</name>
        <description>Runner miles: 47.0-47.5. ETA: 12:24 PM to 12:30 PM PDT. Smoothed terrain elevation: 14 ft to 39 ft; net gain/loss: +25 ft; signed average grade: +1.0%.</description><styleUrl>#gray</styleUrl>
        <LineString><tessellate>1</tessellate><coordinates>-118.034529,33.682075,0 -118.03401,33.68155,0 -118.03107,33.679,0 -118.028527,33.676842,0</coordinates></LineString>
      </Placemark>
      <Placemark><name>Segment 096</name>
        <description>Runner miles: 47.5-48.0. ETA: 12:30 PM to 12:36 PM PDT. Smoothed terrain elevation: 39 ft to 39 ft; net gain/loss: -0 ft; signed average grade: -0.0%.</description><styleUrl>#gray</styleUrl>
        <LineString><tessellate>1</tessellate><coordinates>-118.028527,33.676842,0 -118.02665,33.675249,0 -118.0238,33.67283,0 -118.0231,33.67228,0 -118.022355,33.671748,0</coordinates></LineString>
      </Placemark>
      <Placemark><name>Segment 097</name>
        <description>Runner miles: 48.0-48.5. ETA: 12:36 PM to 12:39 PM PDT. Smoothed terrain elevation: 39 ft to 26 ft; net gain/loss: -13 ft; signed average grade: -0.5%.</description><styleUrl>#gray</styleUrl>
        <LineString><tessellate>1</tessellate><coordinates>-118.022355,33.671748,0 -118.01751,33.66829,0 -118.015761,33.667031,0</coordinates></LineString>
      </Placemark>
      <Placemark><name>Segment 098</name>
        <description>Runner miles: 48.5-49.0. ETA: 12:39 PM to 12:43 PM PDT. Smoothed terrain elevation: 26 ft to 30 ft; net gain/loss: +4 ft; signed average grade: +0.2%.</description><styleUrl>#gray</styleUrl>
        <LineString><tessellate>1</tessellate><coordinates>-118.015761,33.667031,0 -118.0137,33.665548,0 -118.009184,33.662297,0</coordinates></LineString>
      </Placemark>
      <Placemark><name>Segment 099</name>
        <description>Runner miles: 49.0-49.5. ETA: 12:43 PM to 12:47 PM PDT. Smoothed terrain elevation: 30 ft to 28 ft; net gain/loss: -2 ft; signed average grade: -0.1%.</description><styleUrl>#gray</styleUrl>
        <LineString><tessellate>1</tessellate><coordinates>-118.009184,33.662297,0 -118.00673,33.66053,0 -118.00596,33.65992,0 -118.002645,33.65753,0</coordinates></LineString>
      </Placemark>
      <Placemark><name>Segment 100</name>
        <description>Runner miles: 49.5-50.0. ETA: 12:47 PM to 12:52 PM PDT. Smoothed terrain elevation: 28 ft to 15 ft; net gain/loss: -13 ft; signed average grade: -0.5%.</description><styleUrl>#gray</styleUrl>
        <LineString><tessellate>1</tessellate><coordinates>-118.002645,33.65753,0 -118.000552,33.656021,0 -118.00037,33.65589,0 -117.99971,33.65543,0 -117.99964,33.65533,0 -117.99865,33.65472,0 -117.99749,33.65406,0 -117.99634,33.65345,0 -117.995757,33.653152,0</coordinates></LineString>
      </Placemark>
      <Placemark><name>Segment 101</name>
        <description>Runner miles: 50.0-50.5. ETA: 12:52 PM to 12:57 PM PDT. Smoothed terrain elevation: 15 ft to 11 ft; net gain/loss: -4 ft; signed average grade: -0.1%.</description><styleUrl>#gray</styleUrl>
        <LineString><tessellate>1</tessellate><coordinates>-117.995757,33.653152,0 -117.99493,33.65273,0 -117.99322,33.65167,0 -117.9931,33.6516,0 -117.988782,33.648839,0</coordinates></LineString>
      </Placemark>
      <Placemark><name>Segment 102</name>
        <description>Runner miles: 50.5-51.0. ETA: 12:57 PM to 1:02 PM PDT. Smoothed terrain elevation: 11 ft to 8 ft; net gain/loss: -3 ft; signed average grade: -0.1%.</description><styleUrl>#gray</styleUrl>
        <LineString><tessellate>1</tessellate><coordinates>-117.988782,33.648839,0 -117.9883,33.64853,0 -117.98798,33.64828,0 -117.986573,33.647394,0 -117.98447,33.64607,0 -117.98372,33.64562,0 -117.98229,33.64483,0 -117.981795,33.644542,0</coordinates></LineString>
      </Placemark>
      <Placemark><name>Segment 103</name>
        <description>Runner miles: 51.0-51.5. ETA: 1:02 PM to 1:06 PM PDT. Smoothed terrain elevation: 8 ft to 11 ft; net gain/loss: +2 ft; signed average grade: +0.1%.</description><styleUrl>#gray</styleUrl>
        <LineString><tessellate>1</tessellate><coordinates>-117.981795,33.644542,0 -117.97963,33.64328,0 -117.97793,33.64228,0 -117.974666,33.640401,0</coordinates></LineString>
      </Placemark>
      <Placemark><name>Segment 104</name>
        <description>Runner miles: 51.5-52.0. ETA: 1:06 PM to 1:10 PM PDT. Smoothed terrain elevation: 11 ft to 9 ft; net gain/loss: -1 ft; signed average grade: -0.1%.</description><styleUrl>#gray</styleUrl>
        <LineString><tessellate>1</tessellate><coordinates>-117.974666,33.640401,0 -117.97449,33.6403,0 -117.97365,33.63981,0 -117.97356,33.63978,0 -117.972288,33.63909,0 -117.97227,33.63908,0 -117.97041,33.6383,0 -117.96791,33.63726,0 -117.967088,33.636883,0</coordinates></LineString>
      </Placemark>
      <Placemark><name>Segment 105</name>
        <description>Runner miles: 52.0-52.5. ETA: 1:10 PM to 1:15 PM PDT. Smoothed terrain elevation: 9 ft to 16 ft; net gain/loss: +7 ft; signed average grade: +0.2%.</description><styleUrl>#gray</styleUrl>
        <LineString><tessellate>1</tessellate><coordinates>-117.967088,33.636883,0 -117.96706,33.63687,0 -117.9667,33.63669,0 -117.96545,33.63598,0 -117.96446,33.63538,0 -117.96348,33.63479,0 -117.96004,33.6327,0 -117.960014,33.632682,0</coordinates></LineString>
      </Placemark>
      <Placemark><name>Segment 106</name>
        <description>Runner miles: 52.5-53.0. ETA: 1:15 PM to 1:21 PM PDT. Smoothed terrain elevation: 16 ft to 9 ft; net gain/loss: -7 ft; signed average grade: -0.3%.</description><styleUrl>#gray</styleUrl>
        <LineString><tessellate>1</tessellate><coordinates>-117.960014,33.632682,0 -117.960013,33.632682,0 -117.95895,33.63198,0 -117.957708,33.63122,0 -117.95694,33.63075,0 -117.95586,33.63013,0 -117.95479,33.62956,0 -117.952957,33.628463,0</coordinates></LineString>
      </Placemark>
      <Placemark><name>Segment 107</name>
        <description>Runner miles: 53.0-53.5. ETA: 1:21 PM to 1:26 PM PDT. Smoothed terrain elevation: 9 ft to 8 ft; net gain/loss: -1 ft; signed average grade: -0.0%.</description><styleUrl>#gray</styleUrl>
        <LineString><tessellate>1</tessellate><coordinates>-117.952957,33.628463,0 -117.9521,33.62795,0 -117.94789,33.62554,0 -117.94749,33.62537,0 -117.94703,33.62525,0 -117.9464,33.62518,0 -117.945446,33.625091,0</coordinates></LineString>
      </Placemark>
      <Placemark><name>Segment 108</name>
        <description>Runner miles: 53.5-54.0. ETA: 1:26 PM to 1:32 PM PDT. Smoothed terrain elevation: 8 ft to 8 ft; net gain/loss: -0 ft; signed average grade: -0.0%.</description><styleUrl>#gray</styleUrl>
        <LineString><tessellate>1</tessellate><coordinates>-117.945446,33.625091,0 -117.94414,33.62497,0 -117.94363,33.62486,0 -117.942624,33.624486,0 -117.9412,33.62385,0 -117.9401,33.623191,0 -117.939418,33.622776,0 -117.937604,33.622223,0</coordinates></LineString>
      </Placemark>
      <Placemark><name>Segment 109</name>
        <description>Runner miles: 54.0-54.5. ETA: 1:32 PM to 1:36 PM PDT. Smoothed terrain elevation: 8 ft to 10 ft; net gain/loss: +3 ft; signed average grade: +0.1%.</description><styleUrl>#gray</styleUrl>
        <LineString><tessellate>1</tessellate><coordinates>-117.937604,33.622223,0 -117.937603,33.622223,0 -117.93646,33.621874,0 -117.934159,33.621552,0 -117.932265,33.621292,0 -117.93067,33.621025,0 -117.930448,33.621014,0 -117.929393,33.621007,0 -117.929081,33.62104,0</coordinates></LineString>
      </Placemark>
      <Placemark><name>Segment 110</name>
        <description>Runner miles: 54.5-55.0. ETA: 1:36 PM to 1:40 PM PDT. Smoothed terrain elevation: 10 ft to 14 ft; net gain/loss: +4 ft; signed average grade: +0.1%.</description><styleUrl>#gray</styleUrl>
        <LineString><tessellate>1</tessellate><coordinates>-117.929081,33.62104,0 -117.92908,33.62104,0 -117.928768,33.621074,0 -117.927977,33.621181,0 -117.927353,33.621189,0 -117.926525,33.621105,0 -117.92527,33.62075,0 -117.92267,33.61953,0 -117.92259,33.61955,0 -117.921086,33.618851,0</coordinates></LineString>
      </Placemark>
      <Placemark><name>Segment 111</name>
        <description>Runner miles: 55.0-55.5. ETA: 1:40 PM to 1:46 PM PDT. Smoothed terrain elevation: 14 ft to 12 ft; net gain/loss: -3 ft; signed average grade: -0.1%.</description><styleUrl>#gray</styleUrl>
        <LineString><tessellate>1</tessellate><coordinates>-117.921086,33.618851,0 -117.921085,33.618851,0 -117.92063,33.61864,0 -117.91994,33.61822,0 -117.91915,33.61768,0 -117.9185,33.61733,0 -117.91784,33.61705,0 -117.91744,33.61692,0 -117.91529,33.61641,0 -117.91408,33.61614,0 -117.91352,33.61605,0 -117.913233,33.616023,0</coordinates></LineString>
      </Placemark>
      <Placemark><name>Segment 112</name>
        <description>Runner miles: 55.5-56.0. ETA: 1:46 PM to 1:52 PM PDT. Smoothed terrain elevation: 12 ft to 7 ft; net gain/loss: -5 ft; signed average grade: -0.2%.</description><styleUrl>#gray</styleUrl>
        <LineString><tessellate>1</tessellate><coordinates>-117.913233,33.616023,0 -117.91266,33.61597,0 -117.91206,33.61597,0 -117.909372,33.616075,0 -117.90898,33.61609,0 -117.90883,33.61601,0 -117.90752,33.61609,0 -117.90725,33.61612,0 -117.9068,33.61624,0 -117.90575,33.61657,0 -117.90528,33.61667,0 -117.90486,33.61671,0 -117.904697,33.61671,0</coordinates></LineString>
      </Placemark>
      <Placemark><name>Segment 113</name>
        <description>Runner miles: 56.0-56.5. ETA: 1:52 PM to 1:55 PM PDT. Smoothed terrain elevation: 7 ft to 37 ft; net gain/loss: +31 ft; signed average grade: +1.2%.</description><styleUrl>#lightOrange</styleUrl>
        <LineString><tessellate>1</tessellate><coordinates>-117.904697,33.61671,0 -117.904696,33.61671,0 -117.90427,33.61671,0 -117.90382,33.61665,0 -117.90342,33.61657,0 -117.90243,33.61629,0 -117.90196,33.61623,0 -117.90073,33.61619,0 -117.90028,33.61611,0 -117.89989,33.61602,0 -117.89935,33.61584,0 -117.89868,33.61555,0 -117.89806,33.61521,0 -117.896742,33.614316,0</coordinates></LineString>
      </Placemark>
      <Placemark><name>Segment 114</name>
        <description>Runner miles: 56.5-57.0. ETA: 1:55 PM to 1:59 PM PDT. Smoothed terrain elevation: 37 ft to 90 ft; net gain/loss: +53 ft; signed average grade: +2.0%.</description><styleUrl>#lightOrange</styleUrl>
        <LineString><tessellate>1</tessellate><coordinates>-117.896742,33.614316,0 -117.896741,33.614316,0 -117.89651,33.61416,0 -117.89619,33.61397,0 -117.89544,33.61363,0 -117.89477,33.6134,0 -117.89437,33.61329,0 -117.893177,33.613077,0 -117.89308,33.61306,0 -117.888493,33.61229,0</coordinates></LineString>
      </Placemark>
      <Placemark><name>Segment 115</name>
        <description>Runner miles: 57.0-57.5. ETA: 1:59 PM to 2:03 PM PDT. Smoothed terrain elevation: 90 ft to 92 ft; net gain/loss: +2 ft; signed average grade: +0.1%.</description><styleUrl>#gray</styleUrl>
        <LineString><tessellate>1</tessellate><coordinates>-117.888493,33.61229,0 -117.888492,33.61229,0 -117.88623,33.61191,0 -117.88562,33.61177,0 -117.88492,33.61154,0 -117.88432,33.61128,0 -117.88386,33.61104,0 -117.88333,33.6107,0 -117.880941,33.609045,0</coordinates></LineString>
      </Placemark>
      <Placemark><name>Segment 116</name>
        <description>Runner miles: 57.5-58.0. ETA: 2:03 PM to 2:08 PM PDT. Smoothed terrain elevation: 92 ft to 114 ft; net gain/loss: +22 ft; signed average grade: +0.8%.</description><styleUrl>#gray</styleUrl>
        <LineString><tessellate>1</tessellate><coordinates>-117.880941,33.609045,0 -117.8779,33.606939,0 -117.87601,33.60563,0 -117.87496,33.60492,0 -117.87437,33.60445,0 -117.874301,33.604383,0</coordinates></LineString>
      </Placemark>
      <Placemark><name>Segment 117</name>
        <description>Runner miles: 58.0-58.5. ETA: 2:08 PM to 2:13 PM PDT. Smoothed terrain elevation: 114 ft to 94 ft; net gain/loss: -20 ft; signed average grade: -0.7%.</description><styleUrl>#gray</styleUrl>
        <LineString><tessellate>1</tessellate><coordinates>-117.874301,33.604383,0 -117.8743,33.604382,0 -117.87408,33.60417,0 -117.87366,33.6036,0 -117.87344,33.60316,0 -117.87296,33.6017,0 -117.87278,33.60116,0 -117.87271,33.6009,0 -117.871595,33.597557,0</coordinates></LineString>
      </Placemark>
      <Placemark><name>Segment 118</name>
        <description>Runner miles: 58.5-59.0. ETA: 2:13 PM to 2:18 PM PDT. Smoothed terrain elevation: 94 ft to 94 ft; net gain/loss: -0 ft; signed average grade: -0.0%.</description><styleUrl>#gray</styleUrl>
        <LineString><tessellate>1</tessellate><coordinates>-117.871595,33.597557,0 -117.871595,33.597556,0 -117.87145,33.59712,0 -117.87132,33.5968,0 -117.87092,33.59627,0 -117.87063,33.596,0 -117.8695,33.59508,0 -117.86928,33.594933,0 -117.86926,33.59492,0 -117.865309,33.592856,0</coordinates></LineString>
      </Placemark>
      <Placemark><name>Segment 119</name>
        <description>Runner miles: 59.0-59.5. ETA: 2:18 PM to 2:22 PM PDT. Smoothed terrain elevation: 94 ft to 145 ft; net gain/loss: +52 ft; signed average grade: +2.0%.</description><styleUrl>#lightOrange</styleUrl>
        <LineString><tessellate>1</tessellate><coordinates>-117.865309,33.592856,0 -117.865308,33.592856,0 -117.86319,33.59175,0 -117.857951,33.589009,0</coordinates></LineString>
      </Placemark>
      <Placemark><name>Segment 120</name>
        <description>Runner miles: 59.5-60.0. ETA: 2:22 PM to 2:26 PM PDT. Smoothed terrain elevation: 145 ft to 130 ft; net gain/loss: -16 ft; signed average grade: -0.6%.</description><styleUrl>#gray</styleUrl>
        <LineString><tessellate>1</tessellate><coordinates>-117.857951,33.589009,0 -117.85795,33.589009,0 -117.85732,33.58868,0 -117.85631,33.58803,0 -117.854758,33.586951,0 -117.851192,33.584473,0</coordinates></LineString>
      </Placemark>
      <Placemark><name>Segment 121</name>
        <description>Runner miles: 60.0-60.5. ETA: 2:26 PM to 2:31 PM PDT. Smoothed terrain elevation: 130 ft to 119 ft; net gain/loss: -11 ft; signed average grade: -0.4%.</description><styleUrl>#gray</styleUrl>
        <LineString><tessellate>1</tessellate><coordinates>-117.851192,33.584473,0 -117.851191,33.584472,0 -117.85119,33.584472,0 -117.85028,33.58384,0 -117.84918,33.58309,0 -117.84907,33.58303,0 -117.84822,33.58242,0 -117.844512,33.579848,0</coordinates></LineString>
      </Placemark>
      <Placemark><name>Segment 122</name>
        <description>Runner miles: 60.5-61.0. ETA: 2:31 PM to 2:37 PM PDT. Smoothed terrain elevation: 119 ft to 65 ft; net gain/loss: -54 ft; signed average grade: -2.0%.</description><styleUrl>#lightBlue</styleUrl>
        <LineString><tessellate>1</tessellate><coordinates>-117.844512,33.579848,0 -117.844511,33.579847,0 -117.84339,33.57907,0 -117.84253,33.57848,0 -117.84169,33.57787,0 -117.841415,33.57763,0 -117.84122,33.57746,0 -117.84088,33.5771,0 -117.84049,33.5766,0 -117.84022,33.57617,0 -117.83942,33.57457,0 -117.839241,33.574283,0</coordinates></LineString>
      </Placemark>
      <Placemark><name>Segment 123</name>
        <description>Runner miles: 61.0-61.5. ETA: 2:37 PM to 2:42 PM PDT. Smoothed terrain elevation: 65 ft to 113 ft; net gain/loss: +48 ft; signed average grade: +1.8%.</description><styleUrl>#lightOrange</styleUrl>
        <LineString><tessellate>1</tessellate><coordinates>-117.839241,33.574283,0 -117.83924,33.574282,0 -117.83899,33.57388,0 -117.83863,33.5734,0 -117.83827,33.57298,0 -117.83773,33.57245,0 -117.83612,33.57111,0 -117.83606,33.57108,0 -117.83595,33.57097,0 -117.833459,33.568934,0</coordinates></LineString>
      </Placemark>
      <Placemark><name>Segment 124</name>
        <description>Runner miles: 61.5-62.0. ETA: 2:42 PM to 2:48 PM PDT. Smoothed terrain elevation: 113 ft to 75 ft; net gain/loss: -37 ft; signed average grade: -1.4%.</description><styleUrl>#lightBlue</styleUrl>
        <LineString><tessellate>1</tessellate><coordinates>-117.833459,33.568934,0 -117.833458,33.568933,0 -117.833457,33.568933,0 -117.83305,33.5686,0 -117.83236,33.56811,0 -117.830236,33.566788,0 -117.826587,33.564517,0</coordinates></LineString>
      </Placemark>
      <Placemark><name>Segment 125</name>
        <description>Runner miles: 62.0-62.5. ETA: 2:48 PM to 2:52 PM PDT. Smoothed terrain elevation: 75 ft to 42 ft; net gain/loss: -33 ft; signed average grade: -1.3%.</description><styleUrl>#lightBlue</styleUrl>
        <LineString><tessellate>1</tessellate><coordinates>-117.826587,33.564517,0 -117.826586,33.564516,0 -117.826585,33.564516,0 -117.82603,33.56417,0 -117.824612,33.563102,0 -117.824204,33.56253,0 -117.823563,33.561893,0 -117.822418,33.561052,0 -117.82107,33.560099,0 -117.820341,33.559544,0</coordinates></LineString>
      </Placemark>
      <Placemark><name>Segment 126</name>
        <description>Runner miles: 62.5-63.0. ETA: 2:52 PM to 2:56 PM PDT. Smoothed terrain elevation: 42 ft to 115 ft; net gain/loss: +73 ft; signed average grade: +2.8%.</description><styleUrl>#lightOrange</styleUrl>
        <LineString><tessellate>1</tessellate><coordinates>-117.820341,33.559544,0 -117.82034,33.559544,0 -117.820339,33.559543,0 -117.820027,33.559306,0 -117.819216,33.558574,0 -117.81859,33.55793,0 -117.81813,33.55753,0 -117.81764,33.55721,0 -117.81711,33.55694,0 -117.8142,33.55569,0 -117.81361,33.55537,0 -117.813462,33.55528,0</coordinates></LineString>
      </Placemark>
      <Placemark><name>Segment 127</name>
        <description>Runner miles: 63.0-63.5. ETA: 2:56 PM to 3:02 PM PDT. Smoothed terrain elevation: 115 ft to 63 ft; net gain/loss: -52 ft; signed average grade: -2.0%.</description><styleUrl>#lightBlue</styleUrl>
        <LineString><tessellate>1</tessellate><coordinates>-117.813462,33.55528,0 -117.813461,33.555279,0 -117.81299,33.55499,0 -117.81279,33.55495,0 -117.81084,33.55378,0 -117.81072,33.55368,0 -117.81067,33.5536,0 -117.81018,33.55335,0 -117.80973,33.55319,0 -117.80928,33.55309,0 -117.80829,33.553,0 -117.80766,33.55292,0 -117.80727,33.55279,0 -117.80692,33.55265,0 -117.80647,33.55237,0 -117.80611,33.55207,0 -117.80601,33.551956,0</coordinates></LineString>
      </Placemark>
      <Placemark><name>Segment 128</name>
        <description>Runner miles: 63.5-64.0. ETA: 3:02 PM to 3:08 PM PDT. Smoothed terrain elevation: 63 ft to 99 ft; net gain/loss: +35 ft; signed average grade: +1.3%.</description><styleUrl>#lightOrange</styleUrl>
        <LineString><tessellate>1</tessellate><coordinates>-117.80601,33.551956,0 -117.806009,33.551955,0 -117.80582,33.55174,0 -117.80544,33.55111,0 -117.80525,33.55081,0 -117.80518,33.55077,0 -117.805178,33.550767,0 -117.80498,33.55055,0 -117.80455,33.55018,0 -117.80426,33.55,0 -117.80297,33.54942,0 -117.80236,33.54917,0 -117.80024,33.54841,0 -117.799079,33.548004,0</coordinates></LineString>
      </Placemark>
      <Placemark><name>Segment 129</name>
        <description>Runner miles: 64.0-64.5. ETA: 3:08 PM to 3:11 PM PDT. Smoothed terrain elevation: 99 ft to 74 ft; net gain/loss: -24 ft; signed average grade: -0.9%.</description><styleUrl>#gray</styleUrl>
        <LineString><tessellate>1</tessellate><coordinates>-117.799079,33.548004,0 -117.799078,33.548004,0 -117.799077,33.548004,0 -117.79769,33.54752,0 -117.79591,33.54692,0 -117.79542,33.54675,0 -117.79504,33.54658,0 -117.79412,33.54601,0 -117.79325,33.54564,0 -117.791262,33.544912,0</coordinates></LineString>
      </Placemark>
      <Placemark><name>Segment 130</name>
        <description>Runner miles: 64.5-65.0. ETA: 3:11 PM to 3:15 PM PDT. Smoothed terrain elevation: 74 ft to 20 ft; net gain/loss: -54 ft; signed average grade: -2.1%.</description><styleUrl>#lightBlue</styleUrl>
        <LineString><tessellate>1</tessellate><coordinates>-117.791262,33.544912,0 -117.79126,33.544911,0 -117.7903,33.54456,0 -117.789695,33.544345,0 -117.786569,33.543092,0 -117.78554,33.54272,0 -117.784688,33.542287,0 -117.784269,33.542044,0 -117.783472,33.54202,0 -117.783424,33.541968,0</coordinates></LineString>
      </Placemark>
      <Placemark><name>Segment 131</name>
        <description>Runner miles: 65.0-65.5. ETA: 3:15 PM to 3:19 PM PDT. Smoothed terrain elevation: 20 ft to 74 ft; net gain/loss: +54 ft; signed average grade: +2.1%.</description><styleUrl>#lightOrange</styleUrl>
        <LineString><tessellate>1</tessellate><coordinates>-117.783424,33.541968,0 -117.783423,33.541967,0 -117.782911,33.541415,0 -117.782026,33.540416,0 -117.780476,33.538663,0 -117.77944,33.5373,0 -117.77844,33.536048,0</coordinates></LineString>
      </Placemark>
      <Placemark><name>Segment 132</name>
        <description>Runner miles: 65.5-66.0. ETA: 3:19 PM to 3:24 PM PDT. Smoothed terrain elevation: 74 ft to 54 ft; net gain/loss: -20 ft; signed average grade: -0.8%.</description><styleUrl>#gray</styleUrl>
        <LineString><tessellate>1</tessellate><coordinates>-117.77844,33.536048,0 -117.778439,33.536047,0 -117.778439,33.536046,0 -117.778291,33.535861,0 -117.77596,33.53273,0 -117.77576,33.53247,0 -117.77317,33.53037,0 -117.773164,33.530365,0</coordinates></LineString>
      </Placemark>
      <Placemark><name>Segment 133</name>
        <description>Runner miles: 66.0-66.5. ETA: 3:24 PM to 3:29 PM PDT. Smoothed terrain elevation: 54 ft to 87 ft; net gain/loss: +33 ft; signed average grade: +1.3%.</description><styleUrl>#lightOrange</styleUrl>
        <LineString><tessellate>1</tessellate><coordinates>-117.773164,33.530365,0 -117.773163,33.530364,0 -117.77283,33.53007,0 -117.77227,33.52963,0 -117.77097,33.52853,0 -117.76712,33.52533,0 -117.76702,33.525255,0</coordinates></LineString>
      </Placemark>
      <Placemark><name>Segment 134</name>
        <description>Runner miles: 66.5-67.0. ETA: 3:29 PM to 3:34 PM PDT. Smoothed terrain elevation: 87 ft to 134 ft; net gain/loss: +47 ft; signed average grade: +1.8%.</description><styleUrl>#lightOrange</styleUrl>
        <LineString><tessellate>1</tessellate><coordinates>-117.76702,33.525255,0 -117.767019,33.525254,0 -117.767018,33.525253,0 -117.766788,33.525079,0 -117.76614,33.52459,0 -117.76489,33.52355,0 -117.76416,33.52288,0 -117.76274,33.5217,0 -117.76224,33.52141,0 -117.76195,33.52125,0 -117.76178,33.52114,0 -117.76143,33.52085,0 -117.76113,33.52048,0 -117.760914,33.520165,0</coordinates></LineString>
      </Placemark>
      <Placemark><name>Segment 135</name>
        <description>Runner miles: 67.0-67.5. ETA: 3:34 PM to 3:38 PM PDT. Smoothed terrain elevation: 134 ft to 95 ft; net gain/loss: -38 ft; signed average grade: -1.5%.</description><styleUrl>#lightBlue</styleUrl>
        <LineString><tessellate>1</tessellate><coordinates>-117.760914,33.520165,0 -117.760913,33.520164,0 -117.760913,33.520163,0 -117.76059,33.51969,0 -117.76005,33.51899,0 -117.75967,33.51856,0 -117.75736,33.51626,0 -117.75725,33.51617,0 -117.75674,33.51563,0 -117.75573,33.514379,0</coordinates></LineString>
      </Placemark>
      <Placemark><name>Segment 136</name>
        <description>Runner miles: 67.5-68.0. ETA: 3:38 PM to 3:42 PM PDT. Smoothed terrain elevation: 95 ft to 67 ft; net gain/loss: -28 ft; signed average grade: -1.1%.</description><styleUrl>#lightBlue</styleUrl>
        <LineString><tessellate>1</tessellate><coordinates>-117.75573,33.514379,0 -117.755729,33.514378,0 -117.755728,33.514377,0 -117.75553,33.514132,0 -117.75456,33.51293,0 -117.75402,33.51235,0 -117.75341,33.51182,0 -117.75213,33.51084,0 -117.75157,33.51028,0 -117.75127,33.50992,0 -117.75111,33.50968,0 -117.7505,33.50871,0 -117.750477,33.508681,0</coordinates></LineString>
      </Placemark>
      <Placemark><name>Segment 137</name>
        <description>Runner miles: 68.0-68.5. ETA: 3:42 PM to 3:47 PM PDT. Smoothed terrain elevation: 67 ft to 134 ft; net gain/loss: +67 ft; signed average grade: +2.5%.</description><styleUrl>#lightOrange</styleUrl>
        <LineString><tessellate>1</tessellate><coordinates>-117.750477,33.508681,0 -117.750476,33.50868,0 -117.750475,33.508679,0 -117.75037,33.50855,0 -117.74991,33.50811,0 -117.74912,33.50757,0 -117.74725,33.50573,0 -117.7458,33.50438,0 -117.7458,33.50431,0 -117.74553,33.50398,0 -117.744955,33.503161,0</coordinates></LineString>
      </Placemark>
      <Placemark><name>Segment 138</name>
        <description>Runner miles: 68.5-69.0. ETA: 3:47 PM to 3:53 PM PDT. Smoothed terrain elevation: 134 ft to 164 ft; net gain/loss: +31 ft; signed average grade: +1.2%.</description><styleUrl>#lightOrange</styleUrl>
        <LineString><tessellate>1</tessellate><coordinates>-117.744955,33.503161,0 -117.744954,33.503159,0 -117.74478,33.50291,0 -117.744762,33.502868,0 -117.74474,33.50282,0 -117.74373,33.50141,0 -117.74361,33.50135,0 -117.74295,33.50041,0 -117.74258,33.49999,0 -117.74231,33.49974,0 -117.74191,33.49944,0 -117.74052,33.49862,0 -117.74011,33.49834,0 -117.73977,33.49803,0 -117.739472,33.497699,0</coordinates></LineString>
      </Placemark>
      <Placemark><name>Segment 139</name>
        <description>Runner miles: 69.0-69.5. ETA: 3:53 PM to 3:58 PM PDT. Smoothed terrain elevation: 164 ft to 185 ft; net gain/loss: +21 ft; signed average grade: +0.8%.</description><styleUrl>#gray</styleUrl>
        <LineString><tessellate>1</tessellate><coordinates>-117.739472,33.497699,0 -117.739471,33.497697,0 -117.73906,33.49724,0 -117.73882,33.49694,0 -117.73737,33.49468,0 -117.73723,33.4945,0 -117.73674,33.494,0 -117.73647,33.49378,0 -117.734048,33.4922,0</coordinates></LineString>
      </Placemark>
      <Placemark><name>Segment 140</name>
        <description>Runner miles: 69.5-70.0. ETA: 3:58 PM to 4:04 PM PDT. Smoothed terrain elevation: 185 ft to 160 ft; net gain/loss: -25 ft; signed average grade: -1.0%.</description><styleUrl>#gray</styleUrl>
        <LineString><tessellate>1</tessellate><coordinates>-117.734048,33.4922,0 -117.734046,33.492199,0 -117.734045,33.492199,0 -117.733697,33.491972,0 -117.730287,33.489337,0 -117.727796,33.487189,0</coordinates></LineString>
      </Placemark>
      <Placemark><name>Segment 141</name>
        <description>Runner miles: 70.0-70.5. ETA: 4:04 PM to 4:08 PM PDT. Smoothed terrain elevation: 160 ft to 85 ft; net gain/loss: -75 ft; signed average grade: -2.8%.</description><styleUrl>#lightBlue</styleUrl>
        <LineString><tessellate>1</tessellate><coordinates>-117.727796,33.487189,0 -117.727795,33.487188,0 -117.727794,33.487187,0 -117.726324,33.48592,0 -117.722368,33.482479,0 -117.721785,33.48197,0</coordinates></LineString>
      </Placemark>
      <Placemark><name>Segment 142</name>
        <description>Runner miles: 70.5-71.0. ETA: 4:08 PM to 4:12 PM PDT. Smoothed terrain elevation: 85 ft to 153 ft; net gain/loss: +68 ft; signed average grade: +2.6%.</description><styleUrl>#lightOrange</styleUrl>
        <LineString><tessellate>1</tessellate><coordinates>-117.721785,33.48197,0 -117.721783,33.481969,0 -117.720205,33.480593,0 -117.718788,33.478764,0 -117.716955,33.476007,0</coordinates></LineString>
      </Placemark>
      <Placemark><name>Segment 143</name>
        <description>Runner miles: 71.0-71.5. ETA: 4:12 PM to 4:18 PM PDT. Smoothed terrain elevation: 153 ft to 177 ft; net gain/loss: +24 ft; signed average grade: +0.9%.</description><styleUrl>#gray</styleUrl>
        <LineString><tessellate>1</tessellate><coordinates>-117.716955,33.476007,0 -117.716954,33.476005,0 -117.716954,33.476004,0 -117.712948,33.469975,0 -117.712759,33.469673,0</coordinates></LineString>
      </Placemark>
      <Placemark><name>Segment 144</name>
        <description>Runner miles: 71.5-72.0. ETA: 4:18 PM to 4:24 PM PDT. Smoothed terrain elevation: 177 ft to 189 ft; net gain/loss: +12 ft; signed average grade: +0.4%.</description><styleUrl>#gray</styleUrl>
        <LineString><tessellate>1</tessellate><coordinates>-117.712759,33.469673,0 -117.712758,33.469672,0 -117.712757,33.469671,0 -117.712272,33.468901,0 -117.710676,33.466516,0 -117.708964,33.465366,0 -117.707075,33.46532,0 -117.706816,33.465373,0</coordinates></LineString>
      </Placemark>
      <Placemark><name>Segment 145</name>
        <description>Runner miles: 72.0-72.5. ETA: 4:24 PM to 4:27 PM PDT. Smoothed terrain elevation: 189 ft to 152 ft; net gain/loss: -37 ft; signed average grade: -1.4%.</description><styleUrl>#lightBlue</styleUrl>
        <LineString><tessellate>1</tessellate><coordinates>-117.706816,33.465373,0 -117.706814,33.465373,0 -117.706813,33.465373,0 -117.700947,33.466545,0 -117.70097,33.46661,0 -117.70029,33.46674,0 -117.70029,33.46666,0 -117.70019,33.46669,0 -117.70019,33.46675,0 -117.698646,33.467058,0</coordinates></LineString>
      </Placemark>
      <Placemark><name>Segment 146</name>
        <description>Runner miles: 72.5-73.0. ETA: 4:27 PM to 4:31 PM PDT. Smoothed terrain elevation: 152 ft to 35 ft; net gain/loss: -117 ft; signed average grade: -4.4%.</description><styleUrl>#blue</styleUrl>
        <LineString><tessellate>1</tessellate><coordinates>-117.698646,33.467058,0 -117.698644,33.467058,0 -117.698477,33.467073,0 -117.69822,33.467084,0 -117.698,33.466071,0 -117.696455,33.464912,0 -117.694499,33.463985,0 -117.693847,33.463314,0 -117.693901,33.462667,0 -117.693031,33.462721,0</coordinates></LineString>
      </Placemark>
      <Placemark><name>Segment 147</name>
        <description>Runner miles: 73.0-73.5. ETA: 4:31 PM to 4:35 PM PDT. Smoothed terrain elevation: 35 ft to 16 ft; net gain/loss: -19 ft; signed average grade: -0.7%.</description><styleUrl>#gray</styleUrl>
        <LineString><tessellate>1</tessellate><coordinates>-117.693031,33.462721,0 -117.69074,33.462862,0 -117.689492,33.463366,0 -117.689216,33.463668,0 -117.688517,33.463565,0 -117.688027,33.463505,0 -117.687763,33.463712,0 -117.687761,33.463713,0 -117.6875,33.46389,0 -117.68743,33.4639,0 -117.68721,33.46404,0 -117.68703,33.46411,0 -117.68709,33.46418,0 -117.68706,33.46421,0 -117.687,33.46412,0 -117.68671,33.46426,0 -117.68647,33.46432,0 -117.68608,33.46436,0 -117.68572,33.46435,0 -117.68535,33.46429,0 -117.68526,33.464266,0</coordinates></LineString>
      </Placemark>
      <Placemark><name>Segment 148</name>
        <description>Runner miles: 73.5-74.0. ETA: 4:35 PM to 4:40 PM PDT. Smoothed terrain elevation: 16 ft to 20 ft; net gain/loss: +4 ft; signed average grade: +0.1%.</description><styleUrl>#gray</styleUrl>
        <LineString><tessellate>1</tessellate><coordinates>-117.68526,33.464266,0 -117.68452,33.46407,0 -117.68364,33.46399,0 -117.6817,33.46346,0 -117.68147,33.46336,0 -117.68095,33.46328,0 -117.68096,33.46325,0 -117.68077,33.46322,0 -117.67995,33.463,0 -117.67987,33.46294,0 -117.679856,33.462934,0 -117.679854,33.462933,0 -117.67966,33.46285,0 -117.67957,33.46282,0 -117.6787,33.46217,0 -117.67859,33.4621,0 -117.6785,33.46198,0 -117.67792,33.46161,0 -117.67756,33.461393,0</coordinates></LineString>
      </Placemark>
      <Placemark><name>Segment 149</name>
        <description>Runner miles: 74.0-74.5. ETA: 4:40 PM to 4:45 PM PDT. Smoothed terrain elevation: 20 ft to 20 ft; net gain/loss: -0 ft; signed average grade: -0.0%.</description><styleUrl>#gray</styleUrl>
        <LineString><tessellate>1</tessellate><coordinates>-117.67756,33.461393,0 -117.67568,33.46026,0 -117.6731,33.45869,0 -117.67294,33.45863,0 -117.672925,33.458621,0 -117.672923,33.45862,0 -117.670575,33.457108,0</coordinates></LineString>
      </Placemark>
      <Placemark><name>Segment 150</name>
        <description>Runner miles: 74.5-75.0. ETA: 4:45 PM to 4:50 PM PDT. Smoothed terrain elevation: 20 ft to 24 ft; net gain/loss: +4 ft; signed average grade: +0.1%.</description><styleUrl>#gray</styleUrl>
        <LineString><tessellate>1</tessellate><coordinates>-117.670575,33.457108,0 -117.6698,33.456609,0 -117.666659,33.45467,0 -117.665973,33.454297,0 -117.663488,33.452943,0</coordinates></LineString>
      </Placemark>
      <Placemark><name>Segment 151</name>
        <description>Runner miles: 75.0-75.5. ETA: 4:50 PM to 4:54 PM PDT. Smoothed terrain elevation: 24 ft to 18 ft; net gain/loss: -6 ft; signed average grade: -0.2%.</description><styleUrl>#gray</styleUrl>
        <LineString><tessellate>1</tessellate><coordinates>-117.663488,33.452943,0 -117.662905,33.452626,0 -117.658563,33.450723,0 -117.658479,33.45067,0 -117.656123,33.449164,0</coordinates></LineString>
      </Placemark>
      <Placemark><name>Segment 152</name>
        <description>Runner miles: 75.5-76.0. ETA: 4:54 PM to 4:58 PM PDT. Smoothed terrain elevation: 18 ft to 22 ft; net gain/loss: +4 ft; signed average grade: +0.1%.</description><styleUrl>#gray</styleUrl>
        <LineString><tessellate>1</tessellate><coordinates>-117.656123,33.449164,0 -117.65281,33.447047,0 -117.651767,33.446111,0 -117.650735,33.445184,0 -117.649643,33.444386,0</coordinates></LineString>
      </Placemark>
      <Placemark><name>Segment 153</name>
        <description>Runner miles: 76.0-76.5. ETA: 4:58 PM to 5:03 PM PDT. Smoothed terrain elevation: 22 ft to 24 ft; net gain/loss: +2 ft; signed average grade: +0.1%.</description><styleUrl>#gray</styleUrl>
        <LineString><tessellate>1</tessellate><coordinates>-117.649643,33.444386,0 -117.647519,33.442835,0 -117.64521,33.441396,0 -117.643727,33.440472,0 -117.642837,33.439909,0</coordinates></LineString>
      </Placemark>
      <Placemark><name>Segment 154</name>
        <description>Runner miles: 76.5-77.0. ETA: 5:03 PM to 5:09 PM PDT. Smoothed terrain elevation: 24 ft to 22 ft; net gain/loss: -2 ft; signed average grade: -0.1%.</description><styleUrl>#gray</styleUrl>
        <LineString><tessellate>1</tessellate><coordinates>-117.642837,33.439909,0 -117.64082,33.438634,0 -117.64027,33.43822,0 -117.64001,33.43799,0 -117.63881,33.43703,0 -117.638513,33.436816,0 -117.63838,33.43672,0 -117.636367,33.435106,0</coordinates></LineString>
      </Placemark>
      <Placemark><name>Segment 155</name>
        <description>Runner miles: 77.0-77.5. ETA: 5:09 PM to 5:14 PM PDT. Smoothed terrain elevation: 22 ft to 51 ft; net gain/loss: +28 ft; signed average grade: +1.1%.</description><styleUrl>#lightOrange</styleUrl>
        <LineString><tessellate>1</tessellate><coordinates>-117.636367,33.435106,0 -117.63596,33.43478,0 -117.6356,33.43448,0 -117.63475,33.43383,0 -117.634542,33.433646,0 -117.63449,33.4336,0 -117.6341,33.43333,0 -117.63372,33.43309,0 -117.63353,33.433,0 -117.63329,33.43293,0 -117.63277,33.43283,0 -117.63267,33.4328,0 -117.63231,33.43279,0 -117.631669,33.432834,0 -117.63144,33.43285,0 -117.63144,33.43289,0 -117.63118,33.4329,0 -117.63117,33.43287,0 -117.63081,33.4329,0 -117.63018,33.43288,0 -117.628804,33.432666,0</coordinates></LineString>
      </Placemark>
      <Placemark><name>Segment 156</name>
        <description>Runner miles: 77.5-78.0. ETA: 5:14 PM to 5:20 PM PDT. Smoothed terrain elevation: 51 ft to 172 ft; net gain/loss: +121 ft; signed average grade: +4.6%.</description><styleUrl>#orange</styleUrl>
        <LineString><tessellate>1</tessellate><coordinates>-117.628804,33.432666,0 -117.62786,33.43252,0 -117.62786,33.43254,0 -117.62765,33.43248,0 -117.626348,33.43228,0 -117.62596,33.43222,0 -117.6257,33.43221,0 -117.62467,33.43237,0 -117.62418,33.4324,0 -117.6237,33.43238,0 -117.623212,33.43229,0 -117.62294,33.43224,0 -117.62265,33.43217,0 -117.62265,33.43218,0 -117.62238,33.43207,0 -117.62206,33.43189,0 -117.62191,33.43177,0 -117.62167,33.43153,0 -117.62155,33.43137,0 -117.62121,33.43108,0 -117.62104,33.43095,0 -117.62102,33.43097,0 -117.620907,33.430913,0</coordinates></LineString>
      </Placemark>
      <Placemark><name>Segment 157</name>
        <description>Runner miles: 78.0-78.5. ETA: 5:20 PM to 5:24 PM PDT. Smoothed terrain elevation: 172 ft to 236 ft; net gain/loss: +64 ft; signed average grade: +2.4%.</description><styleUrl>#lightOrange</styleUrl>
        <LineString><tessellate>1</tessellate><coordinates>-117.620907,33.430913,0 -117.6209,33.43091,0 -117.62092,33.43089,0 -117.62069,33.43081,0 -117.62009,33.43065,0 -117.618515,33.430366,0 -117.61848,33.43036,0 -117.61837,33.43032,0 -117.6183,33.43033,0 -117.61805,33.43028,0 -117.61784,33.43027,0 -117.6178,33.43026,0 -117.6178,33.43025,0 -117.6174,33.43015,0 -117.61699,33.43009,0 -117.61559,33.42983,0 -117.61558,33.42986,0 -117.615464,33.429829,0 -117.61543,33.42982,0 -117.61496,33.42968,0 -117.61458,33.42951,0 -117.61419,33.42925,0 -117.6139,33.42898,0 -117.613229,33.428287,0</coordinates></LineString>
      </Placemark>
      <Placemark><name>Segment 158</name>
        <description>Runner miles: 78.5-79.0. ETA: 5:24 PM to 5:28 PM PDT. Smoothed terrain elevation: 236 ft to 243 ft; net gain/loss: +8 ft; signed average grade: +0.3%.</description><styleUrl>#gray</styleUrl>
        <LineString><tessellate>1</tessellate><coordinates>-117.613229,33.428287,0 -117.61175,33.42676,0 -117.611648,33.42664,0 -117.61158,33.42656,0 -117.61123,33.42623,0 -117.61122,33.42624,0 -117.61114,33.42613,0 -117.61103,33.42604,0 -117.61094,33.4259,0 -117.61081,33.42579,0 -117.6105,33.42542,0 -117.61034,33.42521,0 -117.609916,33.424463,0 -117.60959,33.42389,0 -117.60954,33.42378,0 -117.6092,33.42316,0 -117.60916,33.42302,0 -117.60905,33.42284,0 -117.60895,33.42272,0 -117.60871,33.42228,0 -117.608667,33.422224,0</coordinates></LineString>
      </Placemark>
      <Placemark><name>Segment 159</name>
        <description>Runner miles: 79.0-79.5. ETA: 5:28 PM to 5:34 PM PDT. Smoothed terrain elevation: 243 ft to 203 ft; net gain/loss: -41 ft; signed average grade: -1.5%.</description><styleUrl>#lightBlue</styleUrl>
        <LineString><tessellate>1</tessellate><coordinates>-117.608667,33.422224,0 -117.60861,33.42215,0 -117.60852,33.42195,0 -117.60784,33.42075,0 -117.60766,33.42046,0 -117.60766,33.42042,0 -117.60762,33.42039,0 -117.607603,33.420321,0 -117.60758,33.42023,0 -117.60748,33.42012,0 -117.60746,33.41997,0 -117.60728,33.41979,0 -117.60679,33.41939,0 -117.60657,33.41923,0 -117.60613,33.419,0 -117.6062,33.41895,0 -117.60637,33.41871,0 -117.6066,33.41848,0 -117.606458,33.41843,0 -117.60609,33.4183,0 -117.60563,33.41803,0 -117.6055,33.4179,0 -117.60535,33.41778,0 -117.60515,33.41755,0 -117.604527,33.416641,0</coordinates></LineString>
      </Placemark>
      <Placemark><name>Segment 160</name>
        <description>Runner miles: 79.5-80.0. ETA: 5:34 PM to 5:40 PM PDT. Smoothed terrain elevation: 203 ft to 173 ft; net gain/loss: -29 ft; signed average grade: -1.1%.</description><styleUrl>#lightBlue</styleUrl>
        <LineString><tessellate>1</tessellate><coordinates>-117.604527,33.416641,0 -117.60441,33.41647,0 -117.60405,33.41589,0 -117.60373,33.41535,0 -117.60338,33.41476,0 -117.60319,33.41444,0 -117.60298,33.41383,0 -117.60293,33.41365,0 -117.60284,33.41359,0 -117.60236,33.4128,0 -117.60215,33.41236,0 -117.602145,33.412344,0 -117.60215,33.41236,0 -117.60195,33.41158,0 -117.601628,33.410864,0 -117.601218,33.410036,0 -117.601218,33.410035,0</coordinates></LineString>
      </Placemark>
      <Placemark><name>Segment 161</name>
        <description>Runner miles: 80.0-80.5. ETA: 5:40 PM to 5:43 PM PDT. Smoothed terrain elevation: 173 ft to 136 ft; net gain/loss: -37 ft; signed average grade: -1.4%.</description><styleUrl>#lightBlue</styleUrl>
        <LineString><tessellate>1</tessellate><coordinates>-117.601218,33.410035,0 -117.601096,33.409569,0 -117.600984,33.408799,0 -117.600837,33.40856,0 -117.600165,33.40797,0 -117.599785,33.407585,0 -117.599746,33.407424,0 -117.59978,33.40741,0 -117.59855,33.40492,0 -117.5985,33.40484,0 -117.5984,33.40488,0 -117.597761,33.403661,0</coordinates></LineString>
      </Placemark>
      <Placemark><name>Segment 162</name>
        <description>Runner miles: 80.5-81.0. ETA: 5:43 PM to 5:47 PM PDT. Smoothed terrain elevation: 136 ft to 109 ft; net gain/loss: -27 ft; signed average grade: -1.0%.</description><styleUrl>#lightBlue</styleUrl>
        <LineString><tessellate>1</tessellate><coordinates>-117.597761,33.403661,0 -117.59776,33.40366,0 -117.59716,33.40259,0 -117.59657,33.40141,0 -117.59466,33.39733,0 -117.5946,33.39705,0 -117.594584,33.39694,0</coordinates></LineString>
      </Placemark>
      <Placemark><name>Segment 163</name>
        <description>Runner miles: 81.0-81.1. ETA: 5:47 PM to 5:48 PM PDT. Smoothed terrain elevation: 109 ft to 112 ft; net gain/loss: +4 ft; signed average grade: +0.5%.</description><styleUrl>#gray</styleUrl>
        <LineString><tessellate>1</tessellate><coordinates>-117.594584,33.39694,0 -117.59453,33.39657,0 -117.59441,33.39602,0 -117.59439,33.39546,0 -117.5943,33.39518,0 -117.59413,33.39493,0 -117.5941,33.39492,0</coordinates></LineString>
      </Placemark>
      <Placemark><name>Segment 164</name>
        <description>Runner miles: 81.1-81.6. ETA: 6:43 PM to 6:47 PM PDT. Smoothed terrain elevation: 66 ft to 66 ft; net gain/loss: +0 ft; signed average grade: +0.0%.</description><styleUrl>#gray</styleUrl>
        <LineString><tessellate>1</tessellate><coordinates>-117.3875,33.20931,0 -117.3876,33.20925,0 -117.38749,33.20907,0 -117.38716,33.20928,0 -117.38696,33.20893,0 -117.3869,33.20875,0 -117.38643,33.20799,0 -117.3862,33.2078,0 -117.38584,33.2074,0 -117.38497,33.20587,0 -117.38451,33.20495,0 -117.38442,33.20472,0 -117.38445,33.20457,0 -117.38442,33.204,0 -117.38441,33.20395,0 -117.38437,33.20378,0 -117.384361,33.203277,0</coordinates></LineString>
      </Placemark>
      <Placemark><name>Segment 165</name>
        <description>Runner miles: 81.6-82.1. ETA: 6:47 PM to 6:52 PM PDT. Smoothed terrain elevation: 66 ft to 65 ft; net gain/loss: -1 ft; signed average grade: -0.1%.</description><styleUrl>#gray</styleUrl>
        <LineString><tessellate>1</tessellate><coordinates>-117.384361,33.203277,0 -117.38436,33.2032,0 -117.38438,33.20309,0 -117.38439,33.20247,0 -117.38441,33.20224,0 -117.38441,33.20204,0 -117.38434,33.20158,0 -117.38425,33.2014,0 -117.38377,33.20076,0 -117.38358,33.20056,0 -117.38346,33.20039,0 -117.38327,33.20017,0 -117.38312,33.20004,0 -117.38259,33.1994,0 -117.38212,33.19884,0 -117.380594,33.197031,0</coordinates></LineString>
      </Placemark>
      <Placemark><name>Segment 166</name>
        <description>Runner miles: 82.1-82.6. ETA: 6:52 PM to 6:57 PM PDT. Smoothed terrain elevation: 65 ft to 64 ft; net gain/loss: -1 ft; signed average grade: -0.0%.</description><styleUrl>#gray</styleUrl>
        <LineString><tessellate>1</tessellate><coordinates>-117.380594,33.197031,0 -117.38007,33.19641,0 -117.37964,33.19591,0 -117.37967,33.19589,0 -117.37958,33.19578,0 -117.37956,33.1958,0 -117.375655,33.191167,0</coordinates></LineString>
      </Placemark>
      <Placemark><name>Segment 167</name>
        <description>Runner miles: 82.6-83.1. ETA: 6:57 PM to 7:01 PM PDT. Smoothed terrain elevation: 64 ft to 59 ft; net gain/loss: -4 ft; signed average grade: -0.2%.</description><styleUrl>#gray</styleUrl>
        <LineString><tessellate>1</tessellate><coordinates>-117.375655,33.191167,0 -117.37366,33.1888,0 -117.37358,33.18866,0 -117.3735,33.18857,0 -117.37353,33.18855,0 -117.37345,33.18841,0 -117.3734,33.18843,0 -117.37307,33.188,0 -117.370781,33.185278,0</coordinates></LineString>
      </Placemark>
      <Placemark><name>Segment 168</name>
        <description>Runner miles: 83.1-83.6. ETA: 7:01 PM to 7:05 PM PDT. Smoothed terrain elevation: 59 ft to 21 ft; net gain/loss: -38 ft; signed average grade: -1.4%.</description><styleUrl>#lightBlue</styleUrl>
        <LineString><tessellate>1</tessellate><coordinates>-117.370781,33.185278,0 -117.36937,33.1836,0 -117.36941,33.18358,0 -117.36935,33.18347,0 -117.36931,33.18349,0 -117.36914,33.18328,0 -117.36889,33.18301,0 -117.36829,33.18231,0 -117.365866,33.179423,0</coordinates></LineString>
      </Placemark>
      <Placemark><name>Segment 169</name>
        <description>Runner miles: 83.6-84.1. ETA: 7:05 PM to 7:11 PM PDT. Smoothed terrain elevation: 21 ft to 40 ft; net gain/loss: +19 ft; signed average grade: +0.7%.</description><styleUrl>#gray</styleUrl>
        <LineString><tessellate>1</tessellate><coordinates>-117.365866,33.179423,0 -117.36499,33.17838,0 -117.36493,33.17828,0 -117.36481,33.17814,0 -117.3647,33.17805,0 -117.36267,33.17565,0 -117.36259,33.17552,0 -117.36234,33.17523,0 -117.36236,33.17522,0 -117.36228,33.17513,0 -117.36225,33.17515,0 -117.360918,33.173562,0</coordinates></LineString>
      </Placemark>
      <Placemark><name>Segment 170</name>
        <description>Runner miles: 84.1-84.6. ETA: 7:11 PM to 7:16 PM PDT. Smoothed terrain elevation: 40 ft to 11 ft; net gain/loss: -29 ft; signed average grade: -1.1%.</description><styleUrl>#lightBlue</styleUrl>
        <LineString><tessellate>1</tessellate><coordinates>-117.360918,33.173562,0 -117.35996,33.17242,0 -117.35982,33.17223,0 -117.35918,33.17147,0 -117.35911,33.17135,0 -117.35846,33.17059,0 -117.35836,33.1705,0 -117.35818,33.1706,0 -117.3575,33.16978,0 -117.35737,33.1696,0 -117.35638,33.16842,0 -117.35624,33.16823,0 -117.355933,33.167869,0</coordinates></LineString>
      </Placemark>
      <Placemark><name>Segment 171</name>
        <description>Runner miles: 84.6-85.1. ETA: 7:16 PM to 7:22 PM PDT. Smoothed terrain elevation: 11 ft to 55 ft; net gain/loss: +44 ft; signed average grade: +1.7%.</description><styleUrl>#lightOrange</styleUrl>
        <LineString><tessellate>1</tessellate><coordinates>-117.355933,33.167869,0 -117.35493,33.16669,0 -117.35489,33.16661,0 -117.35482,33.16654,0 -117.35449,33.16602,0 -117.35454,33.16599,0 -117.35449,33.16592,0 -117.35454,33.16591,0 -117.35457,33.16598,0 -117.35464,33.16597,0 -117.35461,33.16588,0 -117.35465,33.16579,0 -117.35462,33.16569,0 -117.35457,33.16566,0 -117.35456,33.16559,0 -117.35452,33.16552,0 -117.35442,33.1649,0 -117.35442,33.16481,0 -117.35445,33.16418,0 -117.3545,33.16362,0 -117.35456,33.16352,0 -117.35455,33.16321,0 -117.35447,33.16271,0 -117.35434,33.16232,0 -117.35414,33.16191,0 -117.353789,33.161459,0</coordinates></LineString>
      </Placemark>
      <Placemark><name>Segment 172</name>
        <description>Runner miles: 85.1-85.6. ETA: 7:22 PM to 7:27 PM PDT. Smoothed terrain elevation: 55 ft to 49 ft; net gain/loss: -5 ft; signed average grade: -0.2%.</description><styleUrl>#gray</styleUrl>
        <LineString><tessellate>1</tessellate><coordinates>-117.353789,33.161459,0 -117.35372,33.16137,0 -117.35346,33.16102,0 -117.351,33.15803,0 -117.35087,33.15776,0 -117.35079,33.15745,0 -117.35079,33.15717,0 -117.35085,33.15662,0 -117.35088,33.15663,0 -117.35089,33.15658,0 -117.35086,33.15655,0 -117.35097,33.15569,0 -117.35095,33.15525,0 -117.35092,33.1551,0 -117.350896,33.15503,0</coordinates></LineString>
      </Placemark>
      <Placemark><name>Segment 173</name>
        <description>Runner miles: 85.6-86.1. ETA: 7:27 PM to 7:31 PM PDT. Smoothed terrain elevation: 49 ft to 48 ft; net gain/loss: -1 ft; signed average grade: -0.1%.</description><styleUrl>#gray</styleUrl>
        <LineString><tessellate>1</tessellate><coordinates>-117.350896,33.15503,0 -117.3508,33.15475,0 -117.35057,33.1543,0 -117.35004,33.15352,0 -117.34884,33.15184,0 -117.3479,33.15066,0 -117.34767,33.15034,0 -117.34752,33.15011,0 -117.34679,33.14914,0 -117.346528,33.148805,0</coordinates></LineString>
      </Placemark>
      <Placemark><name>Segment 174</name>
        <description>Runner miles: 86.1-86.6. ETA: 7:31 PM to 7:35 PM PDT. Smoothed terrain elevation: 48 ft to 12 ft; net gain/loss: -35 ft; signed average grade: -1.3%.</description><styleUrl>#lightBlue</styleUrl>
        <LineString><tessellate>1</tessellate><coordinates>-117.346528,33.148805,0 -117.34603,33.14817,0 -117.34578,33.14788,0 -117.34551,33.14755,0 -117.34523,33.14719,0 -117.34477,33.14665,0 -117.34444,33.14623,0 -117.34324,33.14489,0 -117.34303,33.14468,0 -117.34298,33.14459,0 -117.34235,33.14388,0 -117.34177,33.14313,0 -117.341598,33.14287,0</coordinates></LineString>
      </Placemark>
      <Placemark><name>Segment 175</name>
        <description>Runner miles: 86.6-87.1. ETA: 7:35 PM to 7:41 PM PDT. Smoothed terrain elevation: 12 ft to 34 ft; net gain/loss: +22 ft; signed average grade: +0.8%.</description><styleUrl>#gray</styleUrl>
        <LineString><tessellate>1</tessellate><coordinates>-117.341598,33.14287,0 -117.34124,33.14233,0 -117.34099,33.1419,0 -117.33868,33.1377,0 -117.33861,33.13762,0 -117.337993,33.1363,0</coordinates></LineString>
      </Placemark>
      <Placemark><name>Segment 176</name>
        <description>Runner miles: 87.1-87.6. ETA: 7:41 PM to 7:47 PM PDT. Smoothed terrain elevation: 34 ft to 53 ft; net gain/loss: +19 ft; signed average grade: +0.7%.</description><styleUrl>#gray</styleUrl>
        <LineString><tessellate>1</tessellate><coordinates>-117.337993,33.1363,0 -117.33796,33.13623,0 -117.3377,33.13569,0 -117.33726,33.13487,0 -117.33682,33.13419,0 -117.33609,33.13323,0 -117.33552,33.13244,0 -117.33536,33.13221,0 -117.33533,33.13214,0 -117.33519,33.13193,0 -117.33515,33.13191,0 -117.33389,33.13012,0 -117.333822,33.129983,0</coordinates></LineString>
      </Placemark>
      <Placemark><name>Segment 177</name>
        <description>Runner miles: 87.6-88.1. ETA: 7:47 PM to 7:51 PM PDT. Smoothed terrain elevation: 53 ft to 58 ft; net gain/loss: +5 ft; signed average grade: +0.2%.</description><styleUrl>#gray</styleUrl>
        <LineString><tessellate>1</tessellate><coordinates>-117.333822,33.129983,0 -117.33382,33.12998,0 -117.33374,33.12986,0 -117.33364,33.12977,0 -117.33097,33.12597,0 -117.33075,33.12593,0 -117.3305,33.12572,0 -117.33036,33.12563,0 -117.33005,33.12553,0 -117.32926,33.12533,0 -117.32889,33.12516,0 -117.32863,33.12499,0 -117.3284,33.12478,0 -117.32837,33.124741,0</coordinates></LineString>
      </Placemark>
      <Placemark><name>Segment 178</name>
        <description>Runner miles: 88.1-88.6. ETA: 7:51 PM to 7:55 PM PDT. Smoothed terrain elevation: 58 ft to 55 ft; net gain/loss: -3 ft; signed average grade: -0.1%.</description><styleUrl>#gray</styleUrl>
        <LineString><tessellate>1</tessellate><coordinates>-117.32837,33.124741,0 -117.32823,33.12456,0 -117.32808,33.12427,0 -117.32799,33.12396,0 -117.32782,33.12316,0 -117.32764,33.12264,0 -117.32697,33.12108,0 -117.32686,33.12098,0 -117.32681,33.12087,0 -117.3268,33.12075,0 -117.325317,33.118019,0</coordinates></LineString>
      </Placemark>
      <Placemark><name>Segment 179</name>
        <description>Runner miles: 88.6-89.1. ETA: 7:55 PM to 7:59 PM PDT. Smoothed terrain elevation: 55 ft to 65 ft; net gain/loss: +10 ft; signed average grade: +0.4%.</description><styleUrl>#gray</styleUrl>
        <LineString><tessellate>1</tessellate><coordinates>-117.325317,33.118019,0 -117.32389,33.11539,0 -117.32357,33.11478,0 -117.3235,33.1147,0 -117.32336,33.11443,0 -117.32335,33.11431,0 -117.322142,33.111307,0</coordinates></LineString>
      </Placemark>
      <Placemark><name>Segment 180</name>
        <description>Runner miles: 89.1-89.6. ETA: 7:59 PM to 8:03 PM PDT. Smoothed terrain elevation: 65 ft to 68 ft; net gain/loss: +2 ft; signed average grade: +0.1%.</description><styleUrl>#gray</styleUrl>
        <LineString><tessellate>1</tessellate><coordinates>-117.322142,33.111307,0 -117.3209,33.10822,0 -117.32082,33.10809,0 -117.32032,33.10687,0 -117.32031,33.10676,0 -117.32024,33.10663,0 -117.32018,33.10656,0 -117.32005,33.10631,0 -117.32,33.10617,0 -117.31946,33.10513,0 -117.319198,33.104517,0</coordinates></LineString>
      </Placemark>
      <Placemark><name>Segment 181</name>
        <description>Runner miles: 89.6-90.1. ETA: 8:03 PM to 8:08 PM PDT. Smoothed terrain elevation: 68 ft to 55 ft; net gain/loss: -12 ft; signed average grade: -0.5%.</description><styleUrl>#gray</styleUrl>
        <LineString><tessellate>1</tessellate><coordinates>-117.319198,33.104517,0 -117.31811,33.10197,0 -117.31807,33.10198,0 -117.31794,33.10178,0 -117.31797,33.10177,0 -117.31772,33.10118,0 -117.31771,33.10106,0 -117.31698,33.09933,0 -117.31674,33.0986,0 -117.31653,33.09787,0 -117.316468,33.097727,0</coordinates></LineString>
      </Placemark>
      <Placemark><name>Segment 182</name>
        <description>Runner miles: 90.1-90.6. ETA: 8:08 PM to 8:13 PM PDT. Smoothed terrain elevation: 55 ft to 33 ft; net gain/loss: -23 ft; signed average grade: -0.9%.</description><styleUrl>#gray</styleUrl>
        <LineString><tessellate>1</tessellate><coordinates>-117.316468,33.097727,0 -117.31632,33.09739,0 -117.31578,33.09615,0 -117.31542,33.09546,0 -117.31502,33.09473,0 -117.31451,33.0937,0 -117.31391,33.09219,0 -117.31386,33.09203,0 -117.31376,33.09193,0 -117.31378,33.09192,0 -117.3137,33.09178,0 -117.31371,33.09177,0 -117.313425,33.090995,0</coordinates></LineString>
      </Placemark>
      <Placemark><name>Segment 183</name>
        <description>Runner miles: 90.6-91.1. ETA: 8:13 PM to 8:17 PM PDT. Smoothed terrain elevation: 33 ft to 13 ft; net gain/loss: -19 ft; signed average grade: -0.7%.</description><styleUrl>#gray</styleUrl>
        <LineString><tessellate>1</tessellate><coordinates>-117.313425,33.090995,0 -117.3131,33.09011,0 -117.31309,33.08999,0 -117.31161,33.08606,0 -117.31132,33.08548,0 -117.31099,33.08497,0 -117.31052,33.0844,0 -117.310392,33.084272,0</coordinates></LineString>
      </Placemark>
      <Placemark><name>Segment 184</name>
        <description>Runner miles: 91.1-91.6. ETA: 8:17 PM to 8:21 PM PDT. Smoothed terrain elevation: 13 ft to 54 ft; net gain/loss: +40 ft; signed average grade: +1.5%.</description><styleUrl>#lightOrange</styleUrl>
        <LineString><tessellate>1</tessellate><coordinates>-117.310392,33.084272,0 -117.3101,33.08398,0 -117.30937,33.0833,0 -117.30932,33.08323,0 -117.30883,33.08273,0 -117.30874,33.08264,0 -117.30862,33.08256,0 -117.30841,33.08231,0 -117.30805,33.08176,0 -117.30777,33.08125,0 -117.30775,33.08114,0 -117.30762,33.08087,0 -117.30732,33.07994,0 -117.30696,33.07892,0 -117.30684,33.07852,0 -117.306643,33.077911,0</coordinates></LineString>
      </Placemark>
      <Placemark><name>Segment 185</name>
        <description>Runner miles: 91.6-92.1. ETA: 8:21 PM to 8:27 PM PDT. Smoothed terrain elevation: 54 ft to 52 ft; net gain/loss: -2 ft; signed average grade: -0.1%.</description><styleUrl>#gray</styleUrl>
        <LineString><tessellate>1</tessellate><coordinates>-117.306643,33.077911,0 -117.30618,33.07648,0 -117.30608,33.07631,0 -117.30603,33.07616,0 -117.30601,33.07603,0 -117.304334,33.070943,0</coordinates></LineString>
      </Placemark>
      <Placemark><name>Segment 186</name>
        <description>Runner miles: 92.1-92.6. ETA: 8:27 PM to 8:32 PM PDT. Smoothed terrain elevation: 52 ft to 58 ft; net gain/loss: +6 ft; signed average grade: +0.2%.</description><styleUrl>#gray</styleUrl>
        <LineString><tessellate>1</tessellate><coordinates>-117.304334,33.070943,0 -117.30428,33.07078,0 -117.30424,33.07071,0 -117.30373,33.06913,0 -117.30229,33.06486,0 -117.30214,33.06439,0 -117.30211,33.06431,0 -117.30208,33.06429,0 -117.301975,33.063989,0</coordinates></LineString>
      </Placemark>
      <Placemark><name>Segment 187</name>
        <description>Runner miles: 92.6-93.1. ETA: 8:32 PM to 8:38 PM PDT. Smoothed terrain elevation: 58 ft to 66 ft; net gain/loss: +8 ft; signed average grade: +0.3%.</description><styleUrl>#gray</styleUrl>
        <LineString><tessellate>1</tessellate><coordinates>-117.301975,33.063989,0 -117.30194,33.06389,0 -117.30193,33.06374,0 -117.30162,33.06284,0 -117.30122,33.06179,0 -117.30107,33.06147,0 -117.30104,33.06135,0 -117.30066,33.06062,0 -117.3001,33.0597,0 -117.298619,33.057361,0</coordinates></LineString>
      </Placemark>
      <Placemark><name>Segment 188</name>
        <description>Runner miles: 93.1-93.6. ETA: 8:38 PM to 8:43 PM PDT. Smoothed terrain elevation: 66 ft to 75 ft; net gain/loss: +9 ft; signed average grade: +0.4%.</description><styleUrl>#gray</styleUrl>
        <LineString><tessellate>1</tessellate><coordinates>-117.298619,33.057361,0 -117.29841,33.05703,0 -117.29837,33.05693,0 -117.29831,33.05685,0 -117.29826,33.05682,0 -117.29818,33.05677,0 -117.29816,33.05669,0 -117.29818,33.05663,0 -117.29751,33.05564,0 -117.29725,33.05528,0 -117.29651,33.05413,0 -117.29611,33.05347,0 -117.29591,33.05315,0 -117.29484,33.05149,0 -117.29468,33.05121,0 -117.294591,33.051004,0</coordinates></LineString>
      </Placemark>
      <Placemark><name>Segment 189</name>
        <description>Runner miles: 93.6-94.1. ETA: 8:43 PM to 8:47 PM PDT. Smoothed terrain elevation: 75 ft to 75 ft; net gain/loss: -0 ft; signed average grade: -0.0%.</description><styleUrl>#gray</styleUrl>
        <LineString><tessellate>1</tessellate><coordinates>-117.294591,33.051004,0 -117.29443,33.05063,0 -117.29434,33.05045,0 -117.29424,33.04999,0 -117.29422,33.04973,0 -117.29409,33.0489,0 -117.29404,33.04891,0 -117.29402,33.04871,0 -117.29406,33.04871,0 -117.29402,33.0484,0 -117.29389,33.0473,0 -117.29387,33.04707,0 -117.29383,33.04696,0 -117.29376,33.04611,0 -117.29374,33.04599,0 -117.29376,33.04596,0 -117.29375,33.04572,0 -117.29371,33.04548,0 -117.29362,33.04532,0 -117.29357,33.04493,0 -117.29361,33.04476,0 -117.29356,33.04477,0 -117.29354,33.0446,0 -117.2935,33.04435,0 -117.29355,33.04418,0 -117.293497,33.044022,0</coordinates></LineString>
      </Placemark>
      <Placemark><name>Segment 190</name>
        <description>Runner miles: 94.1-94.6. ETA: 8:47 PM to 8:51 PM PDT. Smoothed terrain elevation: 75 ft to 77 ft; net gain/loss: +2 ft; signed average grade: +0.1%.</description><styleUrl>#gray</styleUrl>
        <LineString><tessellate>1</tessellate><coordinates>-117.293497,33.044022,0 -117.29341,33.04376,0 -117.29339,33.04359,0 -117.29339,33.04346,0 -117.29331,33.04302,0 -117.29333,33.04291,0 -117.2933,33.04284,0 -117.29323,33.04233,0 -117.29334,33.04212,0 -117.29332,33.04201,0 -117.29342,33.04185,0 -117.2933,33.04094,0 -117.29325,33.04081,0 -117.29327,33.0407,0 -117.29316,33.03991,0 -117.29317,33.03979,0 -117.29311,33.03933,0 -117.29308,33.03933,0 -117.29303,33.03899,0 -117.29302,33.03883,0 -117.29297,33.03844,0 -117.29285,33.0383,0 -117.29285,33.03821,0 -117.29273,33.03762,0 -117.29263,33.03737,0 -117.292458,33.036984,0</coordinates></LineString>
      </Placemark>
      <Placemark><name>Segment 191</name>
        <description>Runner miles: 94.6-95.1. ETA: 8:51 PM to 8:57 PM PDT. Smoothed terrain elevation: 77 ft to 80 ft; net gain/loss: +3 ft; signed average grade: +0.1%.</description><styleUrl>#gray</styleUrl>
        <LineString><tessellate>1</tessellate><coordinates>-117.292458,33.036984,0 -117.29239,33.03683,0 -117.29235,33.03679,0 -117.29222,33.03677,0 -117.29182,33.03601,0 -117.29174,33.03591,0 -117.29144,33.03535,0 -117.29141,33.03525,0 -117.29083,33.03409,0 -117.29055,33.03359,0 -117.28996,33.03243,0 -117.288934,33.030438,0</coordinates></LineString>
      </Placemark>
      <Placemark><name>Segment 192</name>
        <description>Runner miles: 95.1-95.6. ETA: 8:57 PM to 9:03 PM PDT. Smoothed terrain elevation: 80 ft to 68 ft; net gain/loss: -12 ft; signed average grade: -0.5%.</description><styleUrl>#gray</styleUrl>
        <LineString><tessellate>1</tessellate><coordinates>-117.288934,33.030438,0 -117.28774,33.02812,0 -117.28771,33.02805,0 -117.28752,33.02776,0 -117.28682,33.02663,0 -117.28645,33.02605,0 -117.28547,33.02444,0 -117.285159,33.023935,0</coordinates></LineString>
      </Placemark>
      <Placemark><name>Segment 193</name>
        <description>Runner miles: 95.6-96.1. ETA: 9:03 PM to 9:07 PM PDT. Smoothed terrain elevation: 68 ft to 17 ft; net gain/loss: -51 ft; signed average grade: -1.9%.</description><styleUrl>#lightBlue</styleUrl>
        <LineString><tessellate>1</tessellate><coordinates>-117.285159,33.023935,0 -117.28381,33.02174,0 -117.28375,33.02168,0 -117.2823,33.01928,0 -117.28223,33.01923,0 -117.28188,33.01855,0 -117.28183,33.01846,0 -117.28175,33.01822,0 -117.28174,33.01812,0 -117.281438,33.017433,0</coordinates></LineString>
      </Placemark>
      <Placemark><name>Segment 194</name>
        <description>Runner miles: 96.1-96.6. ETA: 9:07 PM to 9:11 PM PDT. Smoothed terrain elevation: 17 ft to 9 ft; net gain/loss: -8 ft; signed average grade: -0.3%.</description><styleUrl>#gray</styleUrl>
        <LineString><tessellate>1</tessellate><coordinates>-117.281438,33.017433,0 -117.28138,33.0173,0 -117.2813,33.01713,0 -117.28128,33.01704,0 -117.28062,33.01552,0 -117.27993,33.01397,0 -117.27968,33.01333,0 -117.27942,33.01248,0 -117.27913,33.01114,0 -117.278999,33.010514,0</coordinates></LineString>
      </Placemark>
      <Placemark><name>Segment 195</name>
        <description>Runner miles: 96.6-97.1. ETA: 9:11 PM to 9:15 PM PDT. Smoothed terrain elevation: 9 ft to 10 ft; net gain/loss: +1 ft; signed average grade: +0.0%.</description><styleUrl>#gray</styleUrl>
        <LineString><tessellate>1</tessellate><coordinates>-117.278999,33.010514,0 -117.27895,33.01028,0 -117.27838,33.00774,0 -117.27824,33.00686,0 -117.27803,33.00512,0 -117.27788,33.00439,0 -117.27768,33.00371,0 -117.277541,33.003394,0</coordinates></LineString>
      </Placemark>
      <Placemark><name>Segment 196</name>
        <description>Runner miles: 97.1-97.6. ETA: 9:15 PM to 9:19 PM PDT. Smoothed terrain elevation: 10 ft to 61 ft; net gain/loss: +51 ft; signed average grade: +1.9%.</description><styleUrl>#lightOrange</styleUrl>
        <LineString><tessellate>1</tessellate><coordinates>-117.277541,33.003394,0 -117.27742,33.00312,0 -117.27706,33.00244,0 -117.27663,33.0018,0 -117.2762,33.00129,0 -117.27509,33.00014,0 -117.27474,32.99969,0 -117.27432,32.99906,0 -117.27396,32.99837,0 -117.273358,32.997119,0</coordinates></LineString>
      </Placemark>
      <Placemark><name>Segment 197</name>
        <description>Runner miles: 97.6-98.1. ETA: 9:19 PM to 9:24 PM PDT. Smoothed terrain elevation: 61 ft to 70 ft; net gain/loss: +8 ft; signed average grade: +0.3%.</description><styleUrl>#gray</styleUrl>
        <LineString><tessellate>1</tessellate><coordinates>-117.273358,32.997119,0 -117.27253,32.9954,0 -117.2723,32.9948,0 -117.27189,32.99319,0 -117.27179,32.9928,0 -117.27173,32.9927,0 -117.27161,32.99221,0 -117.27162,32.99206,0 -117.27157,32.99205,0 -117.2715,32.99172,0 -117.27153,32.99171,0 -117.271176,32.990199,0</coordinates></LineString>
      </Placemark>
      <Placemark><name>Segment 198</name>
        <description>Runner miles: 98.1-98.6. ETA: 9:24 PM to 9:29 PM PDT. Smoothed terrain elevation: 70 ft to 66 ft; net gain/loss: -3 ft; signed average grade: -0.1%.</description><styleUrl>#gray</styleUrl>
        <LineString><tessellate>1</tessellate><coordinates>-117.271176,32.990199,0 -117.27079,32.98855,0 -117.26978,32.98411,0 -117.269531,32.983096,0</coordinates></LineString>
      </Placemark>
      <Placemark><name>Segment 199</name>
        <description>Runner miles: 98.6-99.1. ETA: 9:29 PM to 9:33 PM PDT. Smoothed terrain elevation: 66 ft to 13 ft; net gain/loss: -54 ft; signed average grade: -2.0%.</description><styleUrl>#lightBlue</styleUrl>
        <LineString><tessellate>1</tessellate><coordinates>-117.269531,32.983096,0 -117.26939,32.98252,0 -117.26915,32.98157,0 -117.26907,32.98114,0 -117.26902,32.98072,0 -117.269,32.98035,0 -117.26897,32.98035,0 -117.26895,32.98015,0 -117.26897,32.98015,0 -117.26903,32.97929,0 -117.2693,32.9793,0 -117.26927,32.97927,0 -117.26932,32.97868,0 -117.26939,32.97804,0 -117.26939,32.97711,0 -117.26933,32.97656,0 -117.269263,32.976201,0</coordinates></LineString>
      </Placemark>
      <Placemark><name>Segment 200</name>
        <description>Runner miles: 99.1-99.6. ETA: 9:33 PM to 9:37 PM PDT. Smoothed terrain elevation: 13 ft to 12 ft; net gain/loss: -1 ft; signed average grade: -0.0%.</description><styleUrl>#gray</styleUrl>
        <LineString><tessellate>1</tessellate><coordinates>-117.269263,32.976201,0 -117.26924,32.97608,0 -117.26915,32.97561,0 -117.26895,32.97438,0 -117.26888,32.97379,0 -117.26863,32.97227,0 -117.26847,32.97158,0 -117.26814,32.96994,0 -117.267956,32.96905,0</coordinates></LineString>
      </Placemark>
      <Placemark><name>Segment 201</name>
        <description>Runner miles: 99.6-100.1. ETA: 9:37 PM to 9:43 PM PDT. Smoothed terrain elevation: 12 ft to 85 ft; net gain/loss: +73 ft; signed average grade: +2.8%.</description><styleUrl>#lightOrange</styleUrl>
        <LineString><tessellate>1</tessellate><coordinates>-117.267956,32.96905,0 -117.267593,32.968136,0 -117.26746,32.967924,0 -117.266958,32.967156,0 -117.265485,32.965376,0 -117.265301,32.964876,0 -117.265362,32.962409,0</coordinates></LineString>
      </Placemark>
      <Placemark><name>Segment 202</name>
        <description>Runner miles: 100.1-100.6. ETA: 9:43 PM to 9:48 PM PDT. Smoothed terrain elevation: 85 ft to 137 ft; net gain/loss: +53 ft; signed average grade: +2.0%.</description><styleUrl>#lightOrange</styleUrl>
        <LineString><tessellate>1</tessellate><coordinates>-117.265362,32.962409,0 -117.2654,32.960842,0 -117.26542,32.95961,0 -117.265313,32.959096,0 -117.264576,32.957188,0 -117.264344,32.957262,0 -117.26411,32.95664,0 -117.26408,32.95649,0 -117.26375,32.95591,0 -117.26377,32.95575,0 -117.263732,32.955662,0</coordinates></LineString>
      </Placemark>
      <Placemark><name>Segment 203</name>
        <description>Runner miles: 100.6-101.1. ETA: 9:48 PM to 9:54 PM PDT. Smoothed terrain elevation: 137 ft to 179 ft; net gain/loss: +41 ft; signed average grade: +1.6%.</description><styleUrl>#lightOrange</styleUrl>
        <LineString><tessellate>1</tessellate><coordinates>-117.263732,32.955662,0 -117.26368,32.95554,0 -117.26361,32.9554,0 -117.26328,32.95452,0 -117.26331,32.95451,0 -117.26342,32.95447,0 -117.26343,32.95444,0 -117.26351,32.95442,0 -117.26316,32.95344,0 -117.26312,32.95329,0 -117.26307,32.9532,0 -117.26224,32.95113,0 -117.262011,32.950517,0 -117.261405,32.948893,0</coordinates></LineString>
      </Placemark>
      <Placemark><name>Segment 204</name>
        <description>Runner miles: 101.1-101.6. ETA: 9:54 PM to 9:59 PM PDT. Smoothed terrain elevation: 179 ft to 132 ft; net gain/loss: -47 ft; signed average grade: -1.8%.</description><styleUrl>#lightBlue</styleUrl>
        <LineString><tessellate>1</tessellate><coordinates>-117.261405,32.948893,0 -117.26134,32.94872,0 -117.26111,32.94812,0 -117.26091,32.94762,0 -117.26077,32.94725,0 -117.2604,32.94626,0 -117.26029,32.94574,0 -117.26027,32.94521,0 -117.26032,32.94469,0 -117.26044,32.94423,0 -117.260688,32.943542,0 -117.26102,32.94262,0 -117.26107,32.94244,0 -117.26112,32.94234,0 -117.26112,32.94224,0 -117.261178,32.941898,0</coordinates></LineString>
      </Placemark>
      <Placemark><name>Segment 205</name>
        <description>Runner miles: 101.6-102.1. ETA: 9:59 PM to 10:03 PM PDT. Smoothed terrain elevation: 132 ft to 15 ft; net gain/loss: -118 ft; signed average grade: -4.5%.</description><styleUrl>#blue</styleUrl>
        <LineString><tessellate>1</tessellate><coordinates>-117.261178,32.941898,0 -117.26124,32.94153,0 -117.26127,32.94112,0 -117.26128,32.94036,0 -117.26126,32.94022,0 -117.26126,32.93986,0 -117.26125,32.93951,0 -117.26127,32.9388,0 -117.26129,32.93767,0 -117.26122,32.93723,0 -117.261028,32.936388,0 -117.260647,32.934717,0</coordinates></LineString>
      </Placemark>
      <Placemark><name>Segment 206</name>
        <description>Runner miles: 102.1-102.6. ETA: 10:03 PM to 10:07 PM PDT. Smoothed terrain elevation: 15 ft to 30 ft; net gain/loss: +16 ft; signed average grade: +0.6%.</description><styleUrl>#gray</styleUrl>
        <LineString><tessellate>1</tessellate><coordinates>-117.260647,32.934717,0 -117.26046,32.9339,0 -117.26052,32.93377,0 -117.26045,32.93345,0 -117.25987,32.92945,0 -117.259808,32.929248,0 -117.25973,32.92899,0 -117.25965,32.92884,0 -117.25957,32.92875,0 -117.25955,32.92866,0 -117.25924,32.92814,0 -117.258896,32.927749,0</coordinates></LineString>
      </Placemark>
      <Placemark><name>Segment 207</name>
        <description>Runner miles: 102.6-103.1. ETA: 10:07 PM to 10:13 PM PDT. Smoothed terrain elevation: 30 ft to 169 ft; net gain/loss: +139 ft; signed average grade: +5.3%.</description><styleUrl>#orange</styleUrl>
        <LineString><tessellate>1</tessellate><coordinates>-117.258896,32.927749,0 -117.2588,32.92764,0 -117.25856,32.9274,0 -117.2545,32.92434,0 -117.2541,32.92411,0 -117.253999,32.924059,0 -117.252264,32.923179,0</coordinates></LineString>
      </Placemark>
      <Placemark><name>Segment 208</name>
        <description>Runner miles: 103.1-103.6. ETA: 10:13 PM to 10:19 PM PDT. Smoothed terrain elevation: 169 ft to 329 ft; net gain/loss: +160 ft; signed average grade: +6.1%.</description><styleUrl>#red</styleUrl>
        <LineString><tessellate>1</tessellate><coordinates>-117.252264,32.923179,0 -117.2514,32.92274,0 -117.25089,32.92242,0 -117.25045,32.92208,0 -117.25008,32.9217,0 -117.2498,32.92133,0 -117.24954,32.92089,0 -117.24938,32.92054,0 -117.24923,32.92003,0 -117.24901,32.91883,0 -117.248973,32.918718,0 -117.2488,32.91819,0 -117.24854,32.91765,0 -117.248219,32.917146,0</coordinates></LineString>
      </Placemark>
      <Placemark><name>Segment 209</name>
        <description>Runner miles: 103.6-104.1. ETA: 10:19 PM to 10:23 PM PDT. Smoothed terrain elevation: 329 ft to 436 ft; net gain/loss: +107 ft; signed average grade: +4.0%.</description><styleUrl>#orange</styleUrl>
        <LineString><tessellate>1</tessellate><coordinates>-117.248219,32.917146,0 -117.24819,32.9171,0 -117.24581,32.91411,0 -117.24556,32.91372,0 -117.24537,32.91332,0 -117.24518,32.91273,0 -117.245098,32.912334,0 -117.24492,32.91147,0 -117.24492,32.91136,0 -117.244755,32.910659,0</coordinates></LineString>
      </Placemark>
      <Placemark><name>Segment 210</name>
        <description>Runner miles: 104.1-104.6. ETA: 10:23 PM to 10:27 PM PDT. Smoothed terrain elevation: 436 ft to 418 ft; net gain/loss: -18 ft; signed average grade: -0.7%.</description><styleUrl>#gray</styleUrl>
        <LineString><tessellate>1</tessellate><coordinates>-117.244755,32.910659,0 -117.24468,32.91034,0 -117.2447,32.91025,0 -117.24425,32.90833,0 -117.243597,32.905216,0 -117.24326,32.90361,0 -117.243248,32.90354,0</coordinates></LineString>
      </Placemark>
      <Placemark><name>Segment 211</name>
        <description>Runner miles: 104.6-105.1. ETA: 10:27 PM to 10:31 PM PDT. Smoothed terrain elevation: 418 ft to 433 ft; net gain/loss: +15 ft; signed average grade: +0.5%.</description><styleUrl>#gray</styleUrl>
        <LineString><tessellate>1</tessellate><coordinates>-117.243248,32.90354,0 -117.24305,32.90234,0 -117.24248,32.89971,0 -117.24243,32.8995,0 -117.24245,32.89936,0 -117.24218,32.89818,0 -117.242147,32.89809,0 -117.24214,32.89807,0 -117.24214,32.89798,0 -117.24188,32.89672,0 -117.24183,32.89661,0 -117.24179,32.896419,0</coordinates></LineString>
      </Placemark>
      <Placemark><name>Segment 212</name>
        <description>Runner miles: 105.1-105.6. ETA: 10:31 PM to 10:35 PM PDT. Smoothed terrain elevation: 433 ft to 405 ft; net gain/loss: -28 ft; signed average grade: -1.1%.</description><styleUrl>#lightBlue</styleUrl>
        <LineString><tessellate>1</tessellate><coordinates>-117.24179,32.896419,0 -117.24109,32.89304,0 -117.2411,32.89293,0 -117.241,32.89259,0 -117.24087,32.89235,0 -117.2406,32.89192,0 -117.241418,32.891346,0 -117.24167,32.89117,0 -117.24191,32.89095,0 -117.2423,32.89048,0 -117.2425,32.89018,0 -117.242645,32.890008,0</coordinates></LineString>
      </Placemark>
      <Placemark><name>Segment 213</name>
        <description>Runner miles: 105.6-106.1. ETA: 10:35 PM to 10:40 PM PDT. Smoothed terrain elevation: 405 ft to 380 ft; net gain/loss: -24 ft; signed average grade: -0.9%.</description><styleUrl>#gray</styleUrl>
        <LineString><tessellate>1</tessellate><coordinates>-117.242645,32.890008,0 -117.24271,32.88993,0 -117.24306,32.88938,0 -117.24312,32.88923,0 -117.2435,32.88852,0 -117.2437,32.88805,0 -117.24388,32.88741,0 -117.24395,32.88697,0 -117.24399,32.88625,0 -117.244024,32.884692,0 -117.24404,32.88396,0 -117.244047,32.88299,0</coordinates></LineString>
      </Placemark>
      <Placemark><name>Segment 214</name>
        <description>Runner miles: 106.1-106.6. ETA: 10:40 PM to 10:45 PM PDT. Smoothed terrain elevation: 380 ft to 400 ft; net gain/loss: +20 ft; signed average grade: +0.8%.</description><styleUrl>#gray</styleUrl>
        <LineString><tessellate>1</tessellate><coordinates>-117.244047,32.88299,0 -117.24406,32.88116,0 -117.24405,32.88099,0 -117.24407,32.88089,0 -117.24406,32.8777,0 -117.24403,32.877458,0 -117.24383,32.87586,0 -117.243834,32.875766,0</coordinates></LineString>
      </Placemark>
      <Placemark><name>Segment 215</name>
        <description>Runner miles: 106.6-107.1. ETA: 10:45 PM to 10:49 PM PDT. Smoothed terrain elevation: 400 ft to 368 ft; net gain/loss: -32 ft; signed average grade: -1.2%.</description><styleUrl>#lightBlue</styleUrl>
        <LineString><tessellate>1</tessellate><coordinates>-117.243834,32.875766,0 -117.24384,32.87561,0 -117.24435,32.87514,0 -117.24443,32.87505,0 -117.24455,32.87494,0 -117.24471,32.87471,0 -117.24489,32.87431,0 -117.24528,32.87306,0 -117.2457,32.87205,0 -117.24576,32.87192,0 -117.24596,32.87179,0 -117.2462,32.87167,0 -117.24688,32.87159,0 -117.24704,32.87156,0 -117.247176,32.871509,0 -117.24736,32.87144,0 -117.24763,32.87128,0 -117.24784,32.8711,0 -117.24801,32.87086,0 -117.248284,32.870174,0</coordinates></LineString>
      </Placemark>
      <Placemark><name>Segment 216</name>
        <description>Runner miles: 107.1-107.6. ETA: 10:49 PM to 10:53 PM PDT. Smoothed terrain elevation: 368 ft to 164 ft; net gain/loss: -204 ft; signed average grade: -7.7%.</description><styleUrl>#darkBlue</styleUrl>
        <LineString><tessellate>1</tessellate><coordinates>-117.248284,32.870174,0 -117.24841,32.86986,0 -117.24859,32.86942,0 -117.24868,32.86932,0 -117.24882,32.86923,0 -117.24901,32.86918,0 -117.24924,32.8692,0 -117.24939,32.86925,0 -117.24952,32.86935,0 -117.24961,32.86948,0 -117.24981,32.87007,0 -117.25025,32.87073,0 -117.25039,32.87091,0 -117.25053,32.87102,0 -117.25075,32.8711,0 -117.25095,32.87112,0 -117.2512,32.87107,0 -117.25133,32.871,0 -117.2515,32.87084,0 -117.25157,32.87072,0 -117.251682,32.869865,0 -117.25171,32.86965,0 -117.25178,32.86908,0 -117.251991,32.868186,0</coordinates></LineString>
      </Placemark>
      <Placemark><name>Segment 217</name>
        <description>Runner miles: 107.6-108.1. ETA: 10:53 PM to 10:59 PM PDT. Smoothed terrain elevation: 164 ft to 48 ft; net gain/loss: -116 ft; signed average grade: -4.4%.</description><styleUrl>#blue</styleUrl>
        <LineString><tessellate>1</tessellate><coordinates>-117.251991,32.868186,0 -117.25203,32.86802,0 -117.25235,32.86662,0 -117.25237,32.86615,0 -117.25233,32.86575,0 -117.25238,32.86558,0 -117.25237,32.86531,0 -117.2523,32.86514,0 -117.25238,32.86471,0 -117.25249,32.86446,0 -117.25261,32.86425,0 -117.25316,32.86358,0 -117.25328,32.86332,0 -117.25333,32.86307,0 -117.25334,32.862907,0 -117.253441,32.861208,0</coordinates></LineString>
      </Placemark>
      <Placemark><name>Segment 218</name>
        <description>Runner miles: 108.1-108.6. ETA: 10:59 PM to 11:04 PM PDT. Smoothed terrain elevation: 48 ft to 26 ft; net gain/loss: -22 ft; signed average grade: -0.8%.</description><styleUrl>#gray</styleUrl>
        <LineString><tessellate>1</tessellate><coordinates>-117.253441,32.861208,0 -117.253771,32.85568,0 -117.253872,32.85398,0</coordinates></LineString>
      </Placemark>
      <Placemark><name>Segment 219</name>
        <description>Runner miles: 108.6-109.1. ETA: 11:04 PM to 11:10 PM PDT. Smoothed terrain elevation: 26 ft to 95 ft; net gain/loss: +69 ft; signed average grade: +2.6%.</description><styleUrl>#lightOrange</styleUrl>
        <LineString><tessellate>1</tessellate><coordinates>-117.253872,32.85398,0 -117.25398,32.85218,0 -117.25407,32.85184,0 -117.25431,32.85136,0 -117.25436,32.85126,0 -117.2546,32.85095,0 -117.25489,32.85069,0 -117.25512,32.85052,0 -117.25588,32.85029,0 -117.25584,32.85018,0 -117.25665,32.84983,0 -117.25689,32.84978,0 -117.256896,32.84978,0 -117.25741,32.84975,0 -117.2585,32.84981,0 -117.258916,32.849778,0</coordinates></LineString>
      </Placemark>
      <Placemark><name>Segment 220</name>
        <description>Runner miles: 109.1-109.6. ETA: 11:10 PM to 11:15 PM PDT. Smoothed terrain elevation: 95 ft to 147 ft; net gain/loss: +53 ft; signed average grade: +2.0%.</description><styleUrl>#lightOrange</styleUrl>
        <LineString><tessellate>1</tessellate><coordinates>-117.258916,32.849778,0 -117.25982,32.84971,0 -117.26093,32.8496,0 -117.26133,32.8495,0 -117.26162,32.8494,0 -117.26172,32.84935,0 -117.2618,32.84933,0 -117.26197,32.84921,0 -117.26242,32.84892,0 -117.26255,32.84887,0 -117.26277,32.84877,0 -117.26292,32.84868,0 -117.26399,32.84834,0 -117.265047,32.848025,0 -117.26513,32.848,0 -117.26541,32.84794,0 -117.26586,32.84789,0 -117.26628,32.84779,0 -117.26665,32.84763,0 -117.26692,32.84746,0 -117.266923,32.847457,0</coordinates></LineString>
      </Placemark>
      <Placemark><name>Segment 221</name>
        <description>Runner miles: 109.6-110.1. ETA: 11:15 PM to 11:19 PM PDT. Smoothed terrain elevation: 147 ft to 109 ft; net gain/loss: -39 ft; signed average grade: -1.5%.</description><styleUrl>#lightBlue</styleUrl>
        <LineString><tessellate>1</tessellate><coordinates>-117.266923,32.847457,0 -117.2675,32.847,0 -117.26857,32.84599,0 -117.26871,32.84584,0 -117.26881,32.84577,0 -117.27017,32.84448,0 -117.27028,32.84441,0 -117.27042,32.84425,0 -117.2706,32.84409,0 -117.2707,32.84402,0 -117.27089,32.84384,0 -117.27097,32.84373,0 -117.271348,32.84337,0 -117.27199,32.84276,0 -117.27212,32.84267,0 -117.27241,32.84236,0 -117.27254,32.84237,0 -117.272735,32.842192,0</coordinates></LineString>
      </Placemark>
      <Placemark><name>Segment 222</name>
        <description>Runner miles: 110.1-110.6. ETA: 11:19 PM to 11:23 PM PDT. Smoothed terrain elevation: 109 ft to 157 ft; net gain/loss: +49 ft; signed average grade: +1.8%.</description><styleUrl>#lightOrange</styleUrl>
        <LineString><tessellate>1</tessellate><coordinates>-117.272735,32.842192,0 -117.27288,32.84206,0 -117.27284,32.84198,0 -117.27288,32.84194,0 -117.27251,32.84088,0 -117.2724,32.84054,0 -117.2725,32.84044,0 -117.27366,32.84017,0 -117.272863,32.83764,0 -117.272345,32.835995,0</coordinates></LineString>
      </Placemark>
      <Placemark><name>Segment 223</name>
        <description>Runner miles: 110.6-111.1. ETA: 11:23 PM to 11:29 PM PDT. Smoothed terrain elevation: 157 ft to 96 ft; net gain/loss: -61 ft; signed average grade: -2.3%.</description><styleUrl>#lightBlue</styleUrl>
        <LineString><tessellate>1</tessellate><coordinates>-117.272345,32.835995,0 -117.27206,32.83509,0 -117.27197,32.83488,0 -117.27142,32.83398,0 -117.27128,32.83365,0 -117.27123,32.83347,0 -117.27128,32.83328,0 -117.27128,32.83308,0 -117.27134,32.83286,0 -117.27142,32.83288,0 -117.27143,32.83278,0 -117.27145,32.83279,0 -117.27168,32.83284,0 -117.27194,32.83286,0 -117.27203,32.83283,0 -117.272,32.83284,0 -117.27215,32.83278,0 -117.27247,32.83272,0 -117.273706,32.832437,0 -117.275659,32.83199,0</coordinates></LineString>
      </Placemark>
      <Placemark><name>Segment 224</name>
        <description>Runner miles: 111.1-111.6. ETA: 11:29 PM to 11:35 PM PDT. Smoothed terrain elevation: 96 ft to 90 ft; net gain/loss: -6 ft; signed average grade: -0.2%.</description><styleUrl>#gray</styleUrl>
        <LineString><tessellate>1</tessellate><coordinates>-117.275659,32.83199,0 -117.27614,32.83188,0 -117.27651,32.83178,0 -117.27634,32.83125,0 -117.27629,32.83114,0 -117.27634,32.8309,0 -117.27649,32.83058,0 -117.27697,32.82962,0 -117.27701,32.82947,0 -117.27698,32.82896,0 -117.27689,32.82774,0 -117.276819,32.827135,0 -117.27681,32.82706,0 -117.27677,32.82679,0 -117.27674,32.8268,0 -117.27665,32.82633,0 -117.27642,32.82551,0 -117.276419,32.825502,0</coordinates></LineString>
      </Placemark>
      <Placemark><name>Segment 225</name>
        <description>Runner miles: 111.6-112.1. ETA: 11:35 PM to 11:39 PM PDT. Smoothed terrain elevation: 90 ft to 82 ft; net gain/loss: -8 ft; signed average grade: -0.3%.</description><styleUrl>#gray</styleUrl>
        <LineString><tessellate>1</tessellate><coordinates>-117.276419,32.825502,0 -117.2764,32.82532,0 -117.27611,32.82464,0 -117.27583,32.82409,0 -117.27579,32.82394,0 -117.27443,32.82176,0 -117.27457,32.82171,0 -117.27438,32.82144,0 -117.273837,32.820578,0 -117.27289,32.819074,0</coordinates></LineString>
      </Placemark>
      <Placemark><name>Segment 226</name>
        <description>Runner miles: 112.1-112.6. ETA: 11:39 PM to 11:43 PM PDT. Smoothed terrain elevation: 82 ft to 81 ft; net gain/loss: -1 ft; signed average grade: -0.0%.</description><styleUrl>#gray</styleUrl>
        <LineString><tessellate>1</tessellate><coordinates>-117.27289,32.819074,0 -117.27217,32.81793,0 -117.27202,32.81765,0 -117.27204,32.81758,0 -117.27199,32.81751,0 -117.2719,32.81747,0 -117.27168,32.81716,0 -117.27168,32.81704,0 -117.2708,32.81562,0 -117.27079,32.81559,0 -117.27074,32.8155,0 -117.27066,32.81546,0 -117.27061,32.81546,0 -117.27055,32.81536,0 -117.27054,32.81524,0 -117.269909,32.814243,0 -117.26985,32.81415,0 -117.26974,32.81407,0 -117.26962,32.81389,0 -117.26966,32.81382,0 -117.26963,32.81374,0 -117.26955,32.81369,0 -117.26951,32.81368,0 -117.26931,32.81344,0 -117.26929,32.81332,0 -117.268842,32.812888,0</coordinates></LineString>
      </Placemark>
      <Placemark><name>Segment 227</name>
        <description>Runner miles: 112.6-113.1. ETA: 11:43 PM to 11:47 PM PDT. Smoothed terrain elevation: 81 ft to 84 ft; net gain/loss: +3 ft; signed average grade: +0.1%.</description><styleUrl>#gray</styleUrl>
        <LineString><tessellate>1</tessellate><coordinates>-117.268842,32.812888,0 -117.26842,32.81248,0 -117.26836,32.81247,0 -117.26837,32.8124,0 -117.26829,32.81231,0 -117.26819,32.81229,0 -117.26809,32.81227,0 -117.26797,32.81217,0 -117.26792,32.81205,0 -117.26719,32.81143,0 -117.26705,32.81139,0 -117.26684,32.81119,0 -117.26684,32.8111,0 -117.2668,32.81105,0 -117.26651,32.81085,0 -117.26621,32.81058,0 -117.26613,32.81048,0 -117.26484,32.80939,0 -117.26468,32.80929,0 -117.264347,32.809012,0 -117.26346,32.80827,0 -117.262964,32.80798,0 -117.262799,32.807951,0</coordinates></LineString>
      </Placemark>
      <Placemark><name>Segment 228</name>
        <description>Runner miles: 113.1-113.6. ETA: 11:47 PM to 11:51 PM PDT. Smoothed terrain elevation: 84 ft to 67 ft; net gain/loss: -18 ft; signed average grade: -0.7%.</description><styleUrl>#gray</styleUrl>
        <LineString><tessellate>1</tessellate><coordinates>-117.262799,32.807951,0 -117.262482,32.807894,0 -117.261938,32.807848,0 -117.26164,32.80776,0 -117.261296,32.807552,0 -117.25964,32.806153,0 -117.258745,32.805142,0 -117.25856,32.80483,0 -117.25841,32.80485,0 -117.25825,32.804841,0 -117.258149,32.80482,0 -117.25801,32.80443,0 -117.257552,32.802935,0</coordinates></LineString>
      </Placemark>
      <Placemark><name>Segment 229</name>
        <description>Runner miles: 113.6-114.1. ETA: 11:51 PM to 11:56 PM PDT. Smoothed terrain elevation: 67 ft to 25 ft; net gain/loss: -42 ft; signed average grade: -1.6%.</description><styleUrl>#lightBlue</styleUrl>
        <LineString><tessellate>1</tessellate><coordinates>-117.257552,32.802935,0 -117.2561,32.7982,0 -117.25604,32.7981,0 -117.25602,32.79804,0 -117.256,32.79788,0 -117.255981,32.797821,0 -117.25569,32.79691,0 -117.2556,32.79657,0 -117.25491,32.79665,0 -117.254825,32.796667,0</coordinates></LineString>
      </Placemark>
      <Placemark><name>Segment 230</name>
        <description>Runner miles: 114.1-114.6. ETA: 11:56 PM to 12:01 AM PDT. Smoothed terrain elevation: 25 ft to 54 ft; net gain/loss: +29 ft; signed average grade: +1.1%.</description><styleUrl>#lightOrange</styleUrl>
        <LineString><tessellate>1</tessellate><coordinates>-117.254825,32.796667,0 -117.25424,32.79678,0 -117.25371,32.79691,0 -117.253,32.79706,0 -117.25248,32.79719,0 -117.25228,32.7972,0 -117.25187,32.79729,0 -117.25168,32.79736,0 -117.25029,32.79767,0 -117.25018,32.79768,0 -117.25007,32.79769,0 -117.24989,32.79775,0 -117.248752,32.798,0 -117.24825,32.79811,0 -117.24806,32.79815,0 -117.24733,32.79831,0 -117.246679,32.798447,0 -117.246503,32.798486,0</coordinates></LineString>
      </Placemark>
      <Placemark><name>Segment 231</name>
        <description>Runner miles: 114.6-115.1. ETA: 12:01 AM to 12:05 AM PDT. Smoothed terrain elevation: 54 ft to 75 ft; net gain/loss: +22 ft; signed average grade: +0.8%.</description><styleUrl>#gray</styleUrl>
        <LineString><tessellate>1</tessellate><coordinates>-117.246503,32.798486,0 -117.238173,32.800313,0</coordinates></LineString>
      </Placemark>
      <Placemark><name>Segment 232</name>
        <description>Runner miles: 115.1-115.3. ETA: 12:05 AM to 12:07 AM PDT. Smoothed terrain elevation: 75 ft to 74 ft; net gain/loss: -1 ft; signed average grade: -0.1%.</description><styleUrl>#gray</styleUrl>
        <LineString><tessellate>1</tessellate><coordinates>-117.238173,32.800313,0 -117.235865,32.800819,0</coordinates></LineString>
      </Placemark>
  </Folder></Document></kml>
