<?xml version="1.0" encoding="UTF-8"?>
<kml xmlns="http://www.opengis.net/kml/2.2"><Document><name>NSTT 2026 - Bathroom Stops</name>
  <description>Research-backed bathroom stop planning layer. It does not change runner geometry. Priorities are official public beach restrooms, grocery backups, coffee-chain backups, then fast-food or branded-gas backups. Confirm access, hours, closures, and any customer-only policy on race day.</description>
  <Style id="beachRestroom"><IconStyle><color>ff00aa00</color><scale>1.15</scale><Icon><href>http://maps.google.com/mapfiles/kml/paddle/grn-circle.png</href></Icon></IconStyle></Style>
  <Style id="placesRestroom"><IconStyle><color>ff00aa00</color><scale>1.05</scale><Icon><href>http://maps.google.com/mapfiles/kml/paddle/grn-circle.png</href></Icon></IconStyle></Style>
  <Style id="groceryBackup"><IconStyle><color>ff00aa00</color><Icon><href>http://maps.google.com/mapfiles/kml/paddle/grn-circle.png</href></Icon></IconStyle></Style>
  <Style id="coffeeBackup"><IconStyle><color>ffff0000</color><Icon><href>http://maps.google.com/mapfiles/kml/paddle/blu-circle.png</href></Icon></IconStyle></Style>
  <Style id="businessBackup"><IconStyle><color>ff808080</color><Icon><href>http://maps.google.com/mapfiles/kml/paddle/wht-circle.png</href></Icon></IconStyle></Style>
  <Folder><name>Bathroom stops — priority order</name>
    <Placemark><name>7 Eleven</name>
      <description><![CDATA[Priority 4: Fast-food or branded-gas backup.<br/>Address: 1766 N Coast Hwy 101, Encinitas, CA 92024, USA<br/>Approximate runner mile: 91.6.<br/>Nearest runner geometry: approximately 0.03 mi straight-line (not a walking detour).<br/>Verification: Google Places business backup (operational); confirm customer restroom access and hours on race day.<br/>Source: <a href="https://maps.google.com/?cid=1216225691794281058&g_mp=Cilnb29nbGUubWFwcy5wbGFjZXMudjEuUGxhY2VzLlNlYXJjaE5lYXJieRACGAQgAA">official / current listing</a>]]></description>
      <styleUrl>#businessBackup</styleUrl>
      <Point><coordinates>-117.30758889999998,33.079189,0</coordinates></Point>
    </Placemark>
    <Placemark><name>7-Eleven</name>
      <description><![CDATA[Priority 4: Fast-food or branded-gas backup.<br/>Address: 515 W Century Blvd, Los Angeles, CA 90044, USA<br/>Approximate runner mile: 15.1.<br/>Nearest runner geometry: approximately 0.98 mi straight-line (not a walking detour).<br/>Verification: Google Places business backup (operational); confirm customer restroom access and hours on race day.<br/>Source: <a href="https://maps.google.com/?cid=2198368485089529674&g_mp=Cilnb29nbGUubWFwcy5wbGFjZXMudjEuUGxhY2VzLlNlYXJjaE5lYXJieRACGAQgAA">official / current listing</a>]]></description>
      <styleUrl>#businessBackup</styleUrl>
      <Point><coordinates>-118.2831092,33.9457728,0</coordinates></Point>
    </Placemark>
    <Placemark><name>7-Eleven Fuel</name>
      <description><![CDATA[Priority 4: Fast-food or branded-gas backup.<br/>Address: 3311 W. Century Blvd @ 11th, Inglewood, CA 90303, USA<br/>Approximate runner mile: 12.4.<br/>Nearest runner geometry: approximately 0.99 mi straight-line (not a walking detour).<br/>Verification: Google Places business backup (operational); confirm customer restroom access and hours on race day.<br/>Source: <a href="https://maps.google.com/?cid=1270166924217393799&g_mp=Cilnb29nbGUubWFwcy5wbGFjZXMudjEuUGxhY2VzLlNlYXJjaE5lYXJieRACGAQgAA">official / current listing</a>]]></description>
      <styleUrl>#businessBackup</styleUrl>
      <Point><coordinates>-118.3295746,33.9457892,0</coordinates></Point>
    </Placemark>
    <Placemark><name>7-Eleven Fuel</name>
      <description><![CDATA[Priority 4: Fast-food or branded-gas backup.<br/>Address: 505 W Century Blvd, Los Angeles, CA 90044, USA<br/>Approximate runner mile: 15.1.<br/>Nearest runner geometry: approximately 0.98 mi straight-line (not a walking detour).<br/>Verification: Google Places business backup (operational); confirm customer restroom access and hours on race day.<br/>Source: <a href="https://maps.google.com/?cid=15677854807153571297&g_mp=Cilnb29nbGUubWFwcy5wbGFjZXMudjEuUGxhY2VzLlNlYXJjaE5lYXJieRACGAQgAA">official / current listing</a>]]></description>
      <styleUrl>#businessBackup</styleUrl>
      <Point><coordinates>-118.28298300000002,33.945779,0</coordinates></Point>
    </Placemark>
    <Placemark><name>7-Eleven Fuel</name>
      <description><![CDATA[Priority 4: Fast-food or branded-gas backup.<br/>Address: 31702 Coast Hwy, Laguna Beach, CA 92651, USA<br/>Approximate runner mile: 68.6.<br/>Nearest runner geometry: approximately 0.04 mi straight-line (not a walking detour).<br/>Verification: Google Places business backup (operational); confirm customer restroom access and hours on race day.<br/>Source: <a href="https://maps.google.com/?cid=7315180572596655708&g_mp=Cilnb29nbGUubWFwcy5wbGFjZXMudjEuUGxhY2VzLlNlYXJjaE5lYXJieRACGAQgAA">official / current listing</a>]]></description>
      <styleUrl>#businessBackup</styleUrl>
      <Point><coordinates>-117.74383999999999,33.502562999999995,0</coordinates></Point>
    </Placemark>
    <Placemark><name>7-Eleven Fuel</name>
      <description><![CDATA[Priority 4: Fast-food or branded-gas backup.<br/>Address: 1749 S Coast Hwy, Oceanside, CA 92054, USA<br/>Approximate runner mile: 84.1.<br/>Nearest runner geometry: approximately 0.02 mi straight-line (not a walking detour).<br/>Verification: Google Places business backup (operational); confirm customer restroom access and hours on race day.<br/>Source: <a href="https://maps.google.com/?cid=3652564572425556621&g_mp=Cilnb29nbGUubWFwcy5wbGFjZXMudjEuUGxhY2VzLlNlYXJjaE5lYXJieRACGAQgAA">official / current listing</a>]]></description>
      <styleUrl>#businessBackup</styleUrl>
      <Point><coordinates>-117.36276,33.175329999999995,0</coordinates></Point>
    </Placemark>
    <Placemark><name>7-Eleven Fuel</name>
      <description><![CDATA[Priority 4: Fast-food or branded-gas backup.<br/>Address: 901 Palomar Airport Rd, Carlsbad, CA 92011, USA<br/>Approximate runner mile: 88.7.<br/>Nearest runner geometry: approximately 0.45 mi straight-line (not a walking detour).<br/>Verification: Google Places business backup (operational); confirm customer restroom access and hours on race day.<br/>Source: <a href="https://maps.google.com/?cid=14171269232853940475&g_mp=Cilnb29nbGUubWFwcy5wbGFjZXMudjEuUGxhY2VzLlNlYXJjaE5lYXJieRACGAQgAA">official / current listing</a>]]></description>
      <styleUrl>#businessBackup</styleUrl>
      <Point><coordinates>-117.318767,33.121718,0</coordinates></Point>
    </Placemark>
    <Placemark><name>7-Eleven Fuel</name>
      <description><![CDATA[Priority 4: Fast-food or branded-gas backup.<br/>Address: 102 Leucadia Blvd, Encinitas, CA 92024, USA<br/>Approximate runner mile: 92.7.<br/>Nearest runner geometry: approximately 0.04 mi straight-line (not a walking detour).<br/>Verification: Google Places business backup (operational); confirm customer restroom access and hours on race day.<br/>Source: <a href="https://maps.google.com/?cid=6184276510231502046&g_mp=Cilnb29nbGUubWFwcy5wbGFjZXMudjEuUGxhY2VzLlNlYXJjaE5lYXJieRACGAQgAA">official / current listing</a>]]></description>
      <styleUrl>#businessBackup</styleUrl>
      <Point><coordinates>-117.301617,33.064989,0</coordinates></Point>
    </Placemark>
    <Placemark><name>7-Eleven Fuel</name>
      <description><![CDATA[Priority 4: Fast-food or branded-gas backup.<br/>Address: 2211 San Elijo Ave, Cardiff, CA 92007, USA<br/>Approximate runner mile: 96.1.<br/>Nearest runner geometry: approximately 0.06 mi straight-line (not a walking detour).<br/>Verification: Google Places business backup (operational); confirm customer restroom access and hours on race day.<br/>Source: <a href="https://maps.google.com/?cid=16473682081134331243&g_mp=Cilnb29nbGUubWFwcy5wbGFjZXMudjEuUGxhY2VzLlNlYXJjaE5lYXJieRACGAQgAA">official / current listing</a>]]></description>
      <styleUrl>#businessBackup</styleUrl>
      <Point><coordinates>-117.28115899999999,33.019245,0</coordinates></Point>
    </Placemark>
    <Placemark><name>7-Eleven Gas Station and Propane tank refill</name>
      <description><![CDATA[Priority 4: Fast-food or branded-gas backup.<br/>Address: 1089 Carlsbad Village Dr, Carlsbad, CA 92008, USA<br/>Approximate runner mile: 85.5.<br/>Nearest runner geometry: approximately 0.57 mi straight-line (not a walking detour).<br/>Verification: Google Places business backup (operational); confirm customer restroom access and hours on race day.<br/>Source: <a href="https://maps.google.com/?cid=14938488523202020316&g_mp=Cilnb29nbGUubWFwcy5wbGFjZXMudjEuUGxhY2VzLlNlYXJjaE5lYXJieRACGAQgAA">official / current listing</a>]]></description>
      <styleUrl>#businessBackup</styleUrl>
      <Point><coordinates>-117.34285279999999,33.1627047,0</coordinates></Point>
    </Placemark>
    <Placemark><name>76</name>
      <description><![CDATA[Priority 4: Fast-food or branded-gas backup.<br/>Address: 4300 Lincoln Blvd, Marina Del Rey, CA 90292, USA<br/>Approximate runner mile: 3.7.<br/>Nearest runner geometry: approximately 0.42 mi straight-line (not a walking detour).<br/>Verification: Google Places business backup (operational); confirm customer restroom access and hours on race day.<br/>Source: <a href="https://maps.google.com/?cid=9582531283469310147&g_mp=Cilnb29nbGUubWFwcy5wbGFjZXMudjEuUGxhY2VzLlNlYXJjaE5lYXJieRACGAQgAA">official / current listing</a>]]></description>
      <styleUrl>#businessBackup</styleUrl>
      <Point><coordinates>-118.4429827,33.9855989,0</coordinates></Point>
    </Placemark>
    <Placemark><name>76</name>
      <description><![CDATA[Priority 4: Fast-food or branded-gas backup.<br/>Address: 3500 S Centinela Ave, Los Angeles, CA 90066, USA<br/>Approximate runner mile: 4.5.<br/>Nearest runner geometry: approximately 0.98 mi straight-line (not a walking detour).<br/>Verification: Google Places business backup (operational); confirm customer restroom access and hours on race day.<br/>Source: <a href="https://maps.google.com/?cid=17414027190664472932&g_mp=Cilnb29nbGUubWFwcy5wbGFjZXMudjEuUGxhY2VzLlNlYXJjaE5lYXJieRACGAQgAA">official / current listing</a>]]></description>
      <styleUrl>#businessBackup</styleUrl>
      <Point><coordinates>-118.43842799999997,34.0105394,0</coordinates></Point>
    </Placemark>
    <Placemark><name>76</name>
      <description><![CDATA[Priority 4: Fast-food or branded-gas backup.<br/>Address: 7400 S La Tijera Blvd, Los Angeles, CA 90045, USA<br/>Approximate runner mile: 9.0.<br/>Nearest runner geometry: approximately 0.18 mi straight-line (not a walking detour).<br/>Verification: Google Places business backup (operational); confirm customer restroom access and hours on race day.<br/>Source: <a href="https://maps.google.com/?cid=18356116331028290257&g_mp=Cilnb29nbGUubWFwcy5wbGFjZXMudjEuUGxhY2VzLlNlYXJjaE5lYXJieRACGAQgAA">official / current listing</a>]]></description>
      <styleUrl>#businessBackup</styleUrl>
      <Point><coordinates>-118.37937,33.970135,0</coordinates></Point>
    </Placemark>
    <Placemark><name>76</name>
      <description><![CDATA[Priority 4: Fast-food or branded-gas backup.<br/>Address: 8600 Aviation Blvd, Inglewood, CA 90301, USA<br/>Approximate runner mile: 9.6.<br/>Nearest runner geometry: approximately 0.29 mi straight-line (not a walking detour).<br/>Verification: Google Places business backup (operational); confirm customer restroom access and hours on race day.<br/>Source: <a href="https://maps.google.com/?cid=6324308947625816285&g_mp=Cilnb29nbGUubWFwcy5wbGFjZXMudjEuUGxhY2VzLlNlYXJjaE5lYXJieRACGAQgAA">official / current listing</a>]]></description>
      <styleUrl>#businessBackup</styleUrl>
      <Point><coordinates>-118.37662999999999,33.959522,0</coordinates></Point>
    </Placemark>
    <Placemark><name>76</name>
      <description><![CDATA[Priority 4: Fast-food or branded-gas backup.<br/>Address: W Manchester Blvd, Inglewood, CA 90301, USA<br/>Approximate runner mile: 10.9.<br/>Nearest runner geometry: approximately 0.01 mi straight-line (not a walking detour).<br/>Verification: Google Places business backup (operational); confirm customer restroom access and hours on race day.<br/>Source: <a href="https://maps.google.com/?cid=11711595376792733192&g_mp=Cilnb29nbGUubWFwcy5wbGFjZXMudjEuUGxhY2VzLlNlYXJjaE5lYXJieRACGAQgAA">official / current listing</a>]]></description>
      <styleUrl>#businessBackup</styleUrl>
      <Point><coordinates>-118.35375099999999,33.961762,0</coordinates></Point>
    </Placemark>
    <Placemark><name>76</name>
      <description><![CDATA[Priority 4: Fast-food or branded-gas backup.<br/>Address: 400 W Arbor Vitae St, Inglewood, CA 90301, USA<br/>Approximate runner mile: 10.4.<br/>Nearest runner geometry: approximately 0.64 mi straight-line (not a walking detour).<br/>Verification: Google Places business backup (operational); confirm customer restroom access and hours on race day.<br/>Source: <a href="https://maps.google.com/?cid=9127772033240158547&g_mp=Cilnb29nbGUubWFwcy5wbGFjZXMudjEuUGxhY2VzLlNlYXJjaE5lYXJieRACGAQgAA">official / current listing</a>]]></description>
      <styleUrl>#businessBackup</styleUrl>
      <Point><coordinates>-118.36179,33.95251,0</coordinates></Point>
    </Placemark>
    <Placemark><name>76</name>
      <description><![CDATA[Priority 4: Fast-food or branded-gas backup.<br/>Address: 1350 W Florence Ave, Los Angeles, CA 90044, USA<br/>Approximate runner mile: 14.1.<br/>Nearest runner geometry: approximately 1.00 mi straight-line (not a walking detour).<br/>Verification: Google Places business backup (operational); confirm customer restroom access and hours on race day.<br/>Source: <a href="https://maps.google.com/?cid=10240260840390087877&g_mp=Cilnb29nbGUubWFwcy5wbGFjZXMudjEuUGxhY2VzLlNlYXJjaE5lYXJieRACGAQgAA">official / current listing</a>]]></description>
      <styleUrl>#businessBackup</styleUrl>
      <Point><coordinates>-118.299934,33.974354,0</coordinates></Point>
    </Placemark>
    <Placemark><name>76</name>
      <description><![CDATA[Priority 4: Fast-food or branded-gas backup.<br/>Address: 8600 S Figueroa St, Los Angeles, CA 90003, USA<br/>Approximate runner mile: 15.1.<br/>Nearest runner geometry: approximately 0.02 mi straight-line (not a walking detour).<br/>Verification: Google Places business backup (operational); confirm customer restroom access and hours on race day.<br/>Source: <a href="https://maps.google.com/?cid=12291556270805088343&g_mp=Cilnb29nbGUubWFwcy5wbGFjZXMudjEuUGxhY2VzLlNlYXJjaE5lYXJieRACGAQgAA">official / current listing</a>]]></description>
      <styleUrl>#businessBackup</styleUrl>
      <Point><coordinates>-118.282285,33.9596113,0</coordinates></Point>
    </Placemark>
    <Placemark><name>76</name>
      <description><![CDATA[Priority 4: Fast-food or branded-gas backup.<br/>Address: 2702 Firestone Blvd, South Gate, CA 90280, USA<br/>Approximate runner mile: 18.7.<br/>Nearest runner geometry: approximately 0.02 mi straight-line (not a walking detour).<br/>Verification: Google Places business backup (operational); confirm customer restroom access and hours on race day.<br/>Source: <a href="https://maps.google.com/?cid=16012781696708710675&g_mp=Cilnb29nbGUubWFwcy5wbGFjZXMudjEuUGxhY2VzLlNlYXJjaE5lYXJieRACGAQgAA">official / current listing</a>]]></description>
      <styleUrl>#businessBackup</styleUrl>
      <Point><coordinates>-118.22431379999999,33.955655799999995,0</coordinates></Point>
    </Placemark>
    <Placemark><name>76</name>
      <description><![CDATA[Priority 4: Fast-food or branded-gas backup.<br/>Address: 9859 Atlantic Ave, South Gate, CA 90280, USA<br/>Approximate runner mile: 21.8.<br/>Nearest runner geometry: approximately 0.00 mi straight-line (not a walking detour).<br/>Verification: Google Places business backup (operational); confirm customer restroom access and hours on race day.<br/>Source: <a href="https://maps.google.com/?cid=3870428903579427011&g_mp=Cilnb29nbGUubWFwcy5wbGFjZXMudjEuUGxhY2VzLlNlYXJjaE5lYXJieRACGAQgAA">official / current listing</a>]]></description>
      <styleUrl>#businessBackup</styleUrl>
      <Point><coordinates>-118.1816788,33.9418068,0</coordinates></Point>
    </Placemark>
    <Placemark><name>76</name>
      <description><![CDATA[Priority 4: Fast-food or branded-gas backup.<br/>Address: 11515 Atlantic Ave, Lynwood, CA 90262, USA<br/>Approximate runner mile: 23.4.<br/>Nearest runner geometry: approximately 0.01 mi straight-line (not a walking detour).<br/>Verification: Google Places business backup (operational); confirm customer restroom access and hours on race day.<br/>Source: <a href="https://maps.google.com/?cid=16218590285606690105&g_mp=Cilnb29nbGUubWFwcy5wbGFjZXMudjEuUGxhY2VzLlNlYXJjaE5lYXJieRACGAQgAA">official / current listing</a>]]></description>
      <styleUrl>#businessBackup</styleUrl>
      <Point><coordinates>-118.18833,33.919754,0</coordinates></Point>
    </Placemark>
    <Placemark><name>76</name>
      <description><![CDATA[Priority 4: Fast-food or branded-gas backup.<br/>Address: 7511 Rosecrans Ave, Paramount, CA 90723, USA<br/>Approximate runner mile: 25.4.<br/>Nearest runner geometry: approximately 0.74 mi straight-line (not a walking detour).<br/>Verification: Google Places business backup (operational); confirm customer restroom access and hours on race day.<br/>Source: <a href="https://maps.google.com/?cid=8823664112892170469&g_mp=Cilnb29nbGUubWFwcy5wbGFjZXMudjEuUGxhY2VzLlNlYXJjaE5lYXJieRACGAQgAA">official / current listing</a>]]></description>
      <styleUrl>#businessBackup</styleUrl>
      <Point><coordinates>-118.16846400000001,33.9040482,0</coordinates></Point>
    </Placemark>
    <Placemark><name>76</name>
      <description><![CDATA[Priority 4: Fast-food or branded-gas backup.<br/>Address: 14949 Garfield Ave, Paramount, CA 90723, USA<br/>Approximate runner mile: 25.4.<br/>Nearest runner geometry: approximately 0.83 mi straight-line (not a walking detour).<br/>Verification: Google Places business backup (operational); confirm customer restroom access and hours on race day.<br/>Source: <a href="https://maps.google.com/?cid=11024266828590701946&g_mp=Cilnb29nbGUubWFwcy5wbGFjZXMudjEuUGxhY2VzLlNlYXJjaE5lYXJieRACGAQgAA">official / current listing</a>]]></description>
      <styleUrl>#businessBackup</styleUrl>
      <Point><coordinates>-118.16928999999999,33.896935,0</coordinates></Point>
    </Placemark>
    <Placemark><name>76</name>
      <description><![CDATA[Priority 4: Fast-food or branded-gas backup.<br/>Address: 5170 Long Beach Blvd, Long Beach, CA 90805, USA<br/>Approximate runner mile: 29.3.<br/>Nearest runner geometry: approximately 0.43 mi straight-line (not a walking detour).<br/>Verification: Google Places business backup (operational); confirm customer restroom access and hours on race day.<br/>Source: <a href="https://maps.google.com/?cid=428320582700665999&g_mp=Cilnb29nbGUubWFwcy5wbGFjZXMudjEuUGxhY2VzLlNlYXJjaE5lYXJieRACGAQgAA">official / current listing</a>]]></description>
      <styleUrl>#businessBackup</styleUrl>
      <Point><coordinates>-118.1947811,33.850273,0</coordinates></Point>
    </Placemark>
    <Placemark><name>76</name>
      <description><![CDATA[Priority 4: Fast-food or branded-gas backup.<br/>Address: 3631 Santa Fe Ave, Long Beach, CA 90810, USA<br/>Approximate runner mile: 31.2.<br/>Nearest runner geometry: approximately 0.63 mi straight-line (not a walking detour).<br/>Verification: Google Places business backup (operational); confirm customer restroom access and hours on race day.<br/>Source: <a href="https://maps.google.com/?cid=3384450935859093896&g_mp=Cilnb29nbGUubWFwcy5wbGFjZXMudjEuUGxhY2VzLlNlYXJjaE5lYXJieRACGAQgAA">official / current listing</a>]]></description>
      <styleUrl>#businessBackup</styleUrl>
      <Point><coordinates>-118.21571000000002,33.82293,0</coordinates></Point>
    </Placemark>
    <Placemark><name>76</name>
      <description><![CDATA[Priority 4: Fast-food or branded-gas backup.<br/>Address: 1542 W Willow St, Long Beach, CA 90810, USA<br/>Approximate runner mile: 32.5.<br/>Nearest runner geometry: approximately 0.48 mi straight-line (not a walking detour).<br/>Verification: Google Places business backup (operational); confirm customer restroom access and hours on race day.<br/>Source: <a href="https://maps.google.com/?cid=7016586580899634380&g_mp=Cilnb29nbGUubWFwcy5wbGFjZXMudjEuUGxhY2VzLlNlYXJjaE5lYXJieRACGAQgAA">official / current listing</a>]]></description>
      <styleUrl>#businessBackup</styleUrl>
      <Point><coordinates>-118.21300000000001,33.804153,0</coordinates></Point>
    </Placemark>
    <Placemark><name>76</name>
      <description><![CDATA[Priority 4: Fast-food or branded-gas backup.<br/>Address: 465 W Pacific Coast Hwy, Long Beach, CA 90806, USA<br/>Approximate runner mile: 33.9.<br/>Nearest runner geometry: approximately 0.03 mi straight-line (not a walking detour).<br/>Verification: Google Places business backup (operational); confirm customer restroom access and hours on race day.<br/>Source: <a href="https://maps.google.com/?cid=11791653697884433946&g_mp=Cilnb29nbGUubWFwcy5wbGFjZXMudjEuUGxhY2VzLlNlYXJjaE5lYXJieRACGAQgAA">official / current listing</a>]]></description>
      <styleUrl>#businessBackup</styleUrl>
      <Point><coordinates>-118.19785999999999,33.790165,0</coordinates></Point>
    </Placemark>
    <Placemark><name>76</name>
      <description><![CDATA[Priority 4: Fast-food or branded-gas backup.<br/>Address: 501 W 7th St, Long Beach, CA 90813, USA<br/>Approximate runner mile: 33.9.<br/>Nearest runner geometry: approximately 0.98 mi straight-line (not a walking detour).<br/>Verification: Google Places business backup (operational); confirm customer restroom access and hours on race day.<br/>Source: <a href="https://maps.google.com/?cid=2121212531087777068&g_mp=Cilnb29nbGUubWFwcy5wbGFjZXMudjEuUGxhY2VzLlNlYXJjaE5lYXJieRACGAQgAA">official / current listing</a>]]></description>
      <styleUrl>#businessBackup</styleUrl>
      <Point><coordinates>-118.19834,33.77554,0</coordinates></Point>
    </Placemark>
    <Placemark><name>76</name>
      <description><![CDATA[Priority 4: Fast-food or branded-gas backup.<br/>Address: 2440 E Anaheim St, Long Beach, CA 90804, USA<br/>Approximate runner mile: 35.9.<br/>Nearest runner geometry: approximately 0.52 mi straight-line (not a walking detour).<br/>Verification: Google Places business backup (operational); confirm customer restroom access and hours on race day.<br/>Source: <a href="https://maps.google.com/?cid=8738482369795275860&g_mp=Cilnb29nbGUubWFwcy5wbGFjZXMudjEuUGxhY2VzLlNlYXJjaE5lYXJieRACGAQgAA">official / current listing</a>]]></description>
      <styleUrl>#businessBackup</styleUrl>
      <Point><coordinates>-118.16241499999998,33.782326,0</coordinates></Point>
    </Placemark>
    <Placemark><name>76</name>
      <description><![CDATA[Priority 4: Fast-food or branded-gas backup.<br/>Address: 2103 N Bellflower Blvd, Long Beach, CA 90815, USA<br/>Approximate runner mile: 37.6.<br/>Nearest runner geometry: approximately 0.86 mi straight-line (not a walking detour).<br/>Verification: Google Places business backup (operational); confirm customer restroom access and hours on race day.<br/>Source: <a href="https://maps.google.com/?cid=7789760650905898113&g_mp=Cilnb29nbGUubWFwcy5wbGFjZXMudjEuUGxhY2VzLlNlYXJjaE5lYXJieRACGAQgAA">official / current listing</a>]]></description>
      <styleUrl>#businessBackup</styleUrl>
      <Point><coordinates>-118.12578599999999,33.794163,0</coordinates></Point>
    </Placemark>
    <Placemark><name>76</name>
      <description><![CDATA[Priority 4: Fast-food or branded-gas backup.<br/>Address: 5630 E 7th St, Long Beach, CA 90804, USA<br/>Approximate runner mile: 38.6.<br/>Nearest runner geometry: approximately 0.04 mi straight-line (not a walking detour).<br/>Verification: Google Places business backup (operational); confirm customer restroom access and hours on race day.<br/>Source: <a href="https://maps.google.com/?cid=15559210037346225343&g_mp=Cilnb29nbGUubWFwcy5wbGFjZXMudjEuUGxhY2VzLlNlYXJjaE5lYXJieRACGAQgAA">official / current listing</a>]]></description>
      <styleUrl>#businessBackup</styleUrl>
      <Point><coordinates>-118.12169419999998,33.775183399999996,0</coordinates></Point>
    </Placemark>
    <Placemark><name>76</name>
      <description><![CDATA[Priority 4: Fast-food or branded-gas backup.<br/>Address: 706 Pacific Coast Hwy, Huntington Beach, CA 92648, USA<br/>Approximate runner mile: 49.4.<br/>Nearest runner geometry: approximately 0.00 mi straight-line (not a walking detour).<br/>Verification: Google Places business backup (operational); confirm customer restroom access and hours on race day.<br/>Source: <a href="https://maps.google.com/?cid=3034537134996313640&g_mp=Cilnb29nbGUubWFwcy5wbGFjZXMudjEuUGxhY2VzLlNlYXJjaE5lYXJieRACGAQgAA">official / current listing</a>]]></description>
      <styleUrl>#businessBackup</styleUrl>
      <Point><coordinates>-118.004409,33.658879,0</coordinates></Point>
    </Placemark>
    <Placemark><name>76</name>
      <description><![CDATA[Priority 4: Fast-food or branded-gas backup.<br/>Address: 3401 Newport Blvd, Newport Beach, CA 92663, USA<br/>Approximate runner mile: 54.5.<br/>Nearest runner geometry: approximately 0.25 mi straight-line (not a walking detour).<br/>Verification: Google Places business backup (operational); confirm customer restroom access and hours on race day.<br/>Source: <a href="https://maps.google.com/?cid=3745518674129277322&g_mp=Cilnb29nbGUubWFwcy5wbGFjZXMudjEuUGxhY2VzLlNlYXJjaE5lYXJieRACGAQgAA">official / current listing</a>]]></description>
      <styleUrl>#businessBackup</styleUrl>
      <Point><coordinates>-117.93058519999998,33.617372599999996,0</coordinates></Point>
    </Placemark>
    <Placemark><name>76</name>
      <description><![CDATA[Priority 4: Fast-food or branded-gas backup.<br/>Address: 393 E 17th St, Costa Mesa, CA 92627, USA<br/>Approximate runner mile: 55.1.<br/>Nearest runner geometry: approximately 0.96 mi straight-line (not a walking detour).<br/>Verification: Google Places business backup (operational); confirm customer restroom access and hours on race day.<br/>Source: <a href="https://maps.google.com/?cid=16529795581980884739&g_mp=Cilnb29nbGUubWFwcy5wbGFjZXMudjEuUGxhY2VzLlNlYXJjaE5lYXJieRACGAQgAA">official / current listing</a>]]></description>
      <styleUrl>#businessBackup</styleUrl>
      <Point><coordinates>-117.91235780000001,33.6306959,0</coordinates></Point>
    </Placemark>
    <Placemark><name>76</name>
      <description><![CDATA[Priority 4: Fast-food or branded-gas backup.<br/>Address: 3400 CA-1, Corona Del Mar, CA 92625, USA<br/>Approximate runner mile: 58.7.<br/>Nearest runner geometry: approximately 0.02 mi straight-line (not a walking detour).<br/>Verification: Google Places business backup (operational); confirm customer restroom access and hours on race day.<br/>Source: <a href="https://maps.google.com/?cid=13585626895450880752&g_mp=Cilnb29nbGUubWFwcy5wbGFjZXMudjEuUGxhY2VzLlNlYXJjaE5lYXJieRACGAQgAA">official / current listing</a>]]></description>
      <styleUrl>#businessBackup</styleUrl>
      <Point><coordinates>-117.86984609999999,33.5957521,0</coordinates></Point>
    </Placemark>
    <Placemark><name>76</name>
      <description><![CDATA[Priority 4: Fast-food or branded-gas backup.<br/>Address: 32611 Niguel Rd, Dana Point, CA 92629, USA<br/>Approximate runner mile: 70.6.<br/>Nearest runner geometry: approximately 0.78 mi straight-line (not a walking detour).<br/>Verification: Google Places business backup (operational); confirm customer restroom access and hours on race day.<br/>Source: <a href="https://maps.google.com/?cid=2262413816890023127&g_mp=Cilnb29nbGUubWFwcy5wbGFjZXMudjEuUGxhY2VzLlNlYXJjaE5lYXJieRACGAQgAA">official / current listing</a>]]></description>
      <styleUrl>#businessBackup</styleUrl>
      <Point><coordinates>-117.71180129999999,33.489521499999995,0</coordinates></Point>
    </Placemark>
    <Placemark><name>76</name>
      <description><![CDATA[Priority 4: Fast-food or branded-gas backup.<br/>Address: 606 Camino De Los Mares, San Clemente, CA 92672, USA<br/>Approximate runner mile: 75.3.<br/>Nearest runner geometry: approximately 0.67 mi straight-line (not a walking detour).<br/>Verification: Google Places business backup (operational); confirm customer restroom access and hours on race day.<br/>Source: <a href="https://maps.google.com/?cid=3844683538812878958&g_mp=Cilnb29nbGUubWFwcy5wbGFjZXMudjEuUGxhY2VzLlNlYXJjaE5lYXJieRACGAQgAA">official / current listing</a>]]></description>
      <styleUrl>#businessBackup</styleUrl>
      <Point><coordinates>-117.654335,33.459858,0</coordinates></Point>
    </Placemark>
    <Placemark><name>76</name>
      <description><![CDATA[Priority 4: Fast-food or branded-gas backup.<br/>Address: 1201 S El Camino Real, San Clemente, CA 92672, USA<br/>Approximate runner mile: 79.2.<br/>Nearest runner geometry: approximately 0.01 mi straight-line (not a walking detour).<br/>Verification: Google Places business backup (operational); confirm customer restroom access and hours on race day.<br/>Source: <a href="https://maps.google.com/?cid=12640178889963908814&g_mp=Cilnb29nbGUubWFwcy5wbGFjZXMudjEuUGxhY2VzLlNlYXJjaE5lYXJieRACGAQgAA">official / current listing</a>]]></description>
      <styleUrl>#businessBackup</styleUrl>
      <Point><coordinates>-117.60733640000001,33.4203074,0</coordinates></Point>
    </Placemark>
    <Placemark><name>76</name>
      <description><![CDATA[Priority 4: Fast-food or branded-gas backup.<br/>Address: 2360 S El Camino Real, San Clemente, CA 92672, USA<br/>Approximate runner mile: 79.9.<br/>Nearest runner geometry: approximately 0.10 mi straight-line (not a walking detour).<br/>Verification: Google Places business backup (operational); confirm customer restroom access and hours on race day.<br/>Source: <a href="https://maps.google.com/?cid=12489567188063342106&g_mp=Cilnb29nbGUubWFwcy5wbGFjZXMudjEuUGxhY2VzLlNlYXJjaE5lYXJieRACGAQgAA">official / current listing</a>]]></description>
      <styleUrl>#businessBackup</styleUrl>
      <Point><coordinates>-117.6007276,33.4132143,0</coordinates></Point>
    </Placemark>
    <Placemark><name>76 Gas Station</name>
      <description><![CDATA[Priority 4: Fast-food or branded-gas backup.<br/>Address: 5005 Long Beach Blvd, Long Beach, CA 90805, USA<br/>Approximate runner mile: 29.5.<br/>Nearest runner geometry: approximately 0.47 mi straight-line (not a walking detour).<br/>Verification: Google Places business backup (operational); confirm customer restroom access and hours on race day.<br/>Source: <a href="https://maps.google.com/?cid=12642129383889655749&g_mp=Cilnb29nbGUubWFwcy5wbGFjZXMudjEuUGxhY2VzLlNlYXJjaE5lYXJieRACGAQgAA">official / current listing</a>]]></description>
      <styleUrl>#businessBackup</styleUrl>
      <Point><coordinates>-118.19436479999999,33.8469335,0</coordinates></Point>
    </Placemark>
    <Placemark><name>76 Gas Station</name>
      <description><![CDATA[Priority 4: Fast-food or branded-gas backup.<br/>Address: 120 S Coast Hwy, Laguna Beach, CA 92651, USA<br/>Approximate runner mile: 65.0.<br/>Nearest runner geometry: approximately 0.02 mi straight-line (not a walking detour).<br/>Verification: Google Places business backup (operational); confirm customer restroom access and hours on race day.<br/>Source: <a href="https://maps.google.com/?cid=15704300570458453684&g_mp=Cilnb29nbGUubWFwcy5wbGFjZXMudjEuUGxhY2VzLlNlYXJjaE5lYXJieRACGAQgAA">official / current listing</a>]]></description>
      <styleUrl>#businessBackup</styleUrl>
      <Point><coordinates>-117.78492469999999,33.5427653,0</coordinates></Point>
    </Placemark>
    <Placemark><name>A&amp;T Burgers #2</name>
      <description><![CDATA[Priority 4: Fast-food or branded-gas backup.<br/>Address: 9401 Avalon Blvd, Los Angeles, CA 90003, USA<br/>Approximate runner mile: 16.1.<br/>Nearest runner geometry: approximately 0.63 mi straight-line (not a walking detour).<br/>Verification: Google Places business backup (operational); confirm customer restroom access and hours on race day.<br/>Source: <a href="https://maps.google.com/?cid=4108877720217982569&g_mp=Cilnb29nbGUubWFwcy5wbGFjZXMudjEuUGxhY2VzLlNlYXJjaE5lYXJieRACGAQgAA">official / current listing</a>]]></description>
      <styleUrl>#businessBackup</styleUrl>
      <Point><coordinates>-118.26538079999997,33.9509634,0</coordinates></Point>
    </Placemark>
    <Placemark><name>A's Burgers</name>
      <description><![CDATA[Priority 4: Fast-food or branded-gas backup.<br/>Address: 34344 CA-1, Dana Point, CA 92629, USA<br/>Approximate runner mile: 73.6.<br/>Nearest runner geometry: approximately 0.03 mi straight-line (not a walking detour).<br/>Verification: Google Places business backup (operational); confirm customer restroom access and hours on race day.<br/>Source: <a href="https://maps.google.com/?cid=3834416022856775133&g_mp=Cilnb29nbGUubWFwcy5wbGFjZXMudjEuUGxhY2VzLlNlYXJjaE5lYXJieRACGAQgAA">official / current listing</a>]]></description>
      <styleUrl>#businessBackup</styleUrl>
      <Point><coordinates>-117.68447269999999,33.4645292,0</coordinates></Point>
    </Placemark>
    <Placemark><name>ARCO</name>
      <description><![CDATA[Priority 4: Fast-food or branded-gas backup.<br/>Address: 332 Pico Blvd, Santa Monica, CA 90405, USA<br/>Approximate runner mile: 0.6.<br/>Nearest runner geometry: approximately 0.18 mi straight-line (not a walking detour).<br/>Verification: Google Places business backup (operational); confirm customer restroom access and hours on race day.<br/>Source: <a href="https://maps.google.com/?cid=14737950410749155649&g_mp=Cilnb29nbGUubWFwcy5wbGFjZXMudjEuUGxhY2VzLlNlYXJjaE5lYXJieRACGAQgAA">official / current listing</a>]]></description>
      <styleUrl>#businessBackup</styleUrl>
      <Point><coordinates>-118.4872302,34.009309699999996,0</coordinates></Point>
    </Placemark>
    <Placemark><name>ARCO</name>
      <description><![CDATA[Priority 4: Fast-food or branded-gas backup.<br/>Address: 12332 W Washington Blvd, Los Angeles, CA 90066, USA<br/>Approximate runner mile: 4.9.<br/>Nearest runner geometry: approximately 0.01 mi straight-line (not a walking detour).<br/>Verification: Google Places business backup (operational); confirm customer restroom access and hours on race day.<br/>Source: <a href="https://maps.google.com/?cid=4510210349699230326&g_mp=Cilnb29nbGUubWFwcy5wbGFjZXMudjEuUGxhY2VzLlNlYXJjaE5lYXJieRACGAQgAA">official / current listing</a>]]></description>
      <styleUrl>#businessBackup</styleUrl>
      <Point><coordinates>-118.42799699999998,33.9968505,0</coordinates></Point>
    </Placemark>
    <Placemark><name>ARCO</name>
      <description><![CDATA[Priority 4: Fast-food or branded-gas backup.<br/>Address: 6300 W Slauson Ave, Culver City, CA 90230, USA<br/>Approximate runner mile: 7.0.<br/>Nearest runner geometry: approximately 0.33 mi straight-line (not a walking detour).<br/>Verification: Google Places business backup (operational); confirm customer restroom access and hours on race day.<br/>Source: <a href="https://maps.google.com/?cid=16505991737610476969&g_mp=Cilnb29nbGUubWFwcy5wbGFjZXMudjEuUGxhY2VzLlNlYXJjaE5lYXJieRACGAQgAA">official / current listing</a>]]></description>
      <styleUrl>#businessBackup</styleUrl>
      <Point><coordinates>-118.3957069,33.988323300000005,0</coordinates></Point>
    </Placemark>
    <Placemark><name>ARCO</name>
      <description><![CDATA[Priority 4: Fast-food or branded-gas backup.<br/>Address: 11181 Washington Blvd, Culver City, CA 90232, USA<br/>Approximate runner mile: 5.3.<br/>Nearest runner geometry: approximately 0.86 mi straight-line (not a walking detour).<br/>Verification: Google Places business backup (operational); confirm customer restroom access and hours on race day.<br/>Source: <a href="https://maps.google.com/?cid=16152534022054090269&g_mp=Cilnb29nbGUubWFwcy5wbGFjZXMudjEuUGxhY2VzLlNlYXJjaE5lYXJieRACGAQgAA">official / current listing</a>]]></description>
      <styleUrl>#businessBackup</styleUrl>
      <Point><coordinates>-118.41292469999998,34.007690499999995,0</coordinates></Point>
    </Placemark>
    <Placemark><name>ARCO</name>
      <description><![CDATA[Priority 4: Fast-food or branded-gas backup.<br/>Address: 7370 S La Tijera Blvd, Los Angeles, CA 90045, USA<br/>Approximate runner mile: 9.0.<br/>Nearest runner geometry: approximately 0.22 mi straight-line (not a walking detour).<br/>Verification: Google Places business backup (operational); confirm customer restroom access and hours on race day.<br/>Source: <a href="https://maps.google.com/?cid=5896418214429451924&g_mp=Cilnb29nbGUubWFwcy5wbGFjZXMudjEuUGxhY2VzLlNlYXJjaE5lYXJieRACGAQgAA">official / current listing</a>]]></description>
      <styleUrl>#businessBackup</styleUrl>
      <Point><coordinates>-118.3789704,33.9705619,0</coordinates></Point>
    </Placemark>
    <Placemark><name>ARCO</name>
      <description><![CDATA[Priority 4: Fast-food or branded-gas backup.<br/>Address: 1110 W Manchester Blvd, Inglewood, CA 90301, USA<br/>Approximate runner mile: 9.6.<br/>Nearest runner geometry: approximately 0.27 mi straight-line (not a walking detour).<br/>Verification: Google Places business backup (operational); confirm customer restroom access and hours on race day.<br/>Source: <a href="https://maps.google.com/?cid=14958402007091656724&g_mp=Cilnb29nbGUubWFwcy5wbGFjZXMudjEuUGxhY2VzLlNlYXJjaE5lYXJieRACGAQgAA">official / current listing</a>]]></description>
      <styleUrl>#businessBackup</styleUrl>
      <Point><coordinates>-118.3756707,33.9597006,0</coordinates></Point>
    </Placemark>
    <Placemark><name>ARCO</name>
      <description><![CDATA[Priority 4: Fast-food or branded-gas backup.<br/>Address: 633 W Manchester Blvd, Inglewood, CA 90301, USA<br/>Approximate runner mile: 10.1.<br/>Nearest runner geometry: approximately 0.01 mi straight-line (not a walking detour).<br/>Verification: Google Places business backup (operational); confirm customer restroom access and hours on race day.<br/>Source: <a href="https://maps.google.com/?cid=4513735126706881904&g_mp=Cilnb29nbGUubWFwcy5wbGFjZXMudjEuUGxhY2VzLlNlYXJjaE5lYXJieRACGAQgAA">official / current listing</a>]]></description>
      <styleUrl>#businessBackup</styleUrl>
      <Point><coordinates>-118.36783439999999,33.961911199999996,0</coordinates></Point>
    </Placemark>
    <Placemark><name>ARCO</name>
      <description><![CDATA[Priority 4: Fast-food or branded-gas backup.<br/>Address: 9830 S Crenshaw Blvd, Inglewood, CA 90305, USA<br/>Approximate runner mile: 12.6.<br/>Nearest runner geometry: approximately 0.99 mi straight-line (not a walking detour).<br/>Verification: Google Places business backup (operational); confirm customer restroom access and hours on race day.<br/>Source: <a href="https://maps.google.com/?cid=7216118727669585438&g_mp=Cilnb29nbGUubWFwcy5wbGFjZXMudjEuUGxhY2VzLlNlYXJjaE5lYXJieRACGAQgAA">official / current listing</a>]]></description>
      <styleUrl>#businessBackup</styleUrl>
      <Point><coordinates>-118.32612359999999,33.945803999999995,0</coordinates></Point>
    </Placemark>
    <Placemark><name>ARCO</name>
      <description><![CDATA[Priority 4: Fast-food or branded-gas backup.<br/>Address: 2050 W Manchester Ave, Los Angeles, CA 90047, USA<br/>Approximate runner mile: 13.2.<br/>Nearest runner geometry: approximately 0.02 mi straight-line (not a walking detour).<br/>Verification: Google Places business backup (operational); confirm customer restroom access and hours on race day.<br/>Source: <a href="https://maps.google.com/?cid=6189455386586326692&g_mp=Cilnb29nbGUubWFwcy5wbGFjZXMudjEuUGxhY2VzLlNlYXJjaE5lYXJieRACGAQgAA">official / current listing</a>]]></description>
      <styleUrl>#businessBackup</styleUrl>
      <Point><coordinates>-118.31524,33.959779999999995,0</coordinates></Point>
    </Placemark>
    <Placemark><name>ARCO</name>
      <description><![CDATA[Priority 4: Fast-food or branded-gas backup.<br/>Address: 9200 S Western Ave, Los Angeles, CA 90047, USA<br/>Approximate runner mile: 13.6.<br/>Nearest runner geometry: approximately 0.51 mi straight-line (not a walking detour).<br/>Verification: Google Places business backup (operational); confirm customer restroom access and hours on race day.<br/>Source: <a href="https://maps.google.com/?cid=15286988199753009954&g_mp=Cilnb29nbGUubWFwcy5wbGFjZXMudjEuUGxhY2VzLlNlYXJjaE5lYXJieRACGAQgAA">official / current listing</a>]]></description>
      <styleUrl>#businessBackup</styleUrl>
      <Point><coordinates>-118.30874890000001,33.9524161,0</coordinates></Point>
    </Placemark>
    <Placemark><name>ARCO</name>
      <description><![CDATA[Priority 4: Fast-food or branded-gas backup.<br/>Address: 7600 S Western Ave, Los Angeles, CA 90047, USA<br/>Approximate runner mile: 13.6.<br/>Nearest runner geometry: approximately 0.74 mi straight-line (not a walking detour).<br/>Verification: Google Places business backup (operational); confirm customer restroom access and hours on race day.<br/>Source: <a href="https://maps.google.com/?cid=6057327195430587444&g_mp=Cilnb29nbGUubWFwcy5wbGFjZXMudjEuUGxhY2VzLlNlYXJjaE5lYXJieRACGAQgAA">official / current listing</a>]]></description>
      <styleUrl>#businessBackup</styleUrl>
      <Point><coordinates>-118.30867810000001,33.9707529,0</coordinates></Point>
    </Placemark>
    <Placemark><name>ARCO</name>
      <description><![CDATA[Priority 4: Fast-food or branded-gas backup.<br/>Address: 251 W Manchester Ave, Los Angeles, CA 90003, USA<br/>Approximate runner mile: 15.4.<br/>Nearest runner geometry: approximately 0.02 mi straight-line (not a walking detour).<br/>Verification: Google Places business backup (operational); confirm customer restroom access and hours on race day.<br/>Source: <a href="https://maps.google.com/?cid=4890194720809343553&g_mp=Cilnb29nbGUubWFwcy5wbGFjZXMudjEuUGxhY2VzLlNlYXJjaE5lYXJieRACGAQgAA">official / current listing</a>]]></description>
      <styleUrl>#businessBackup</styleUrl>
      <Point><coordinates>-118.27755779999998,33.9602858,0</coordinates></Point>
    </Placemark>
    <Placemark><name>ARCO</name>
      <description><![CDATA[Priority 4: Fast-food or branded-gas backup.<br/>Address: 9920 S Hoover St, Los Angeles, CA 90044, USA<br/>Approximate runner mile: 14.9.<br/>Nearest runner geometry: approximately 0.98 mi straight-line (not a walking detour).<br/>Verification: Google Places business backup (operational); confirm customer restroom access and hours on race day.<br/>Source: <a href="https://maps.google.com/?cid=5479217985134182418&g_mp=Cilnb29nbGUubWFwcy5wbGFjZXMudjEuUGxhY2VzLlNlYXJjaE5lYXJieRACGAQgAA">official / current listing</a>]]></description>
      <styleUrl>#businessBackup</styleUrl>
      <Point><coordinates>-118.286693,33.9458311,0</coordinates></Point>
    </Placemark>
    <Placemark><name>ARCO</name>
      <description><![CDATA[Priority 4: Fast-food or branded-gas backup.<br/>Address: 9600 Avalon Blvd, Los Angeles, CA 90003, USA<br/>Approximate runner mile: 16.1.<br/>Nearest runner geometry: approximately 0.76 mi straight-line (not a walking detour).<br/>Verification: Google Places business backup (operational); confirm customer restroom access and hours on race day.<br/>Source: <a href="https://maps.google.com/?cid=16354043420245264136&g_mp=Cilnb29nbGUubWFwcy5wbGFjZXMudjEuUGxhY2VzLlNlYXJjaE5lYXJieRACGAQgAA">official / current listing</a>]]></description>
      <styleUrl>#businessBackup</styleUrl>
      <Point><coordinates>-118.26498739999998,33.9489879,0</coordinates></Point>
    </Placemark>
    <Placemark><name>ARCO</name>
      <description><![CDATA[Priority 4: Fast-food or branded-gas backup.<br/>Address: 8904 Long Beach Blvd, South Gate, CA 90280, USA<br/>Approximate runner mile: 19.0.<br/>Nearest runner geometry: approximately 0.01 mi straight-line (not a walking detour).<br/>Verification: Google Places business backup (operational); confirm customer restroom access and hours on race day.<br/>Source: <a href="https://maps.google.com/?cid=1006172237805033442&g_mp=Cilnb29nbGUubWFwcy5wbGFjZXMudjEuUGxhY2VzLlNlYXJjaE5lYXJieRACGAQgAA">official / current listing</a>]]></description>
      <styleUrl>#businessBackup</styleUrl>
      <Point><coordinates>-118.21958520000001,33.9552822,0</coordinates></Point>
    </Placemark>
    <Placemark><name>ARCO</name>
      <description><![CDATA[Priority 4: Fast-food or branded-gas backup.<br/>Address: 8021 California Ave, Huntington Park, CA 90255, USA<br/>Approximate runner mile: 19.8.<br/>Nearest runner geometry: approximately 0.63 mi straight-line (not a walking detour).<br/>Verification: Google Places business backup (operational); confirm customer restroom access and hours on race day.<br/>Source: <a href="https://maps.google.com/?cid=372925795441509426&g_mp=Cilnb29nbGUubWFwcy5wbGFjZXMudjEuUGxhY2VzLlNlYXJjaE5lYXJieRACGAQgAA">official / current listing</a>]]></description>
      <styleUrl>#businessBackup</styleUrl>
      <Point><coordinates>-118.2049916,33.9631989,0</coordinates></Point>
    </Placemark>
    <Placemark><name>ARCO</name>
      <description><![CDATA[Priority 4: Fast-food or branded-gas backup.<br/>Address: 4202 Tweedy Blvd, South Gate, CA 90280, USA<br/>Approximate runner mile: 20.3.<br/>Nearest runner geometry: approximately 0.70 mi straight-line (not a walking detour).<br/>Verification: Google Places business backup (operational); confirm customer restroom access and hours on race day.<br/>Source: <a href="https://maps.google.com/?cid=7938957565492286698&g_mp=Cilnb29nbGUubWFwcy5wbGFjZXMudjEuUGxhY2VzLlNlYXJjaE5lYXJieRACGAQgAA">official / current listing</a>]]></description>
      <styleUrl>#businessBackup</styleUrl>
      <Point><coordinates>-118.19753,33.943064,0</coordinates></Point>
    </Placemark>
    <Placemark><name>ARCO</name>
      <description><![CDATA[Priority 4: Fast-food or branded-gas backup.<br/>Address: 8111 Atlantic Ave, Cudahy, CA 90201, USA<br/>Approximate runner mile: 20.9.<br/>Nearest runner geometry: approximately 0.58 mi straight-line (not a walking detour).<br/>Verification: Google Places business backup (operational); confirm customer restroom access and hours on race day.<br/>Source: <a href="https://maps.google.com/?cid=16391402878194305171&g_mp=Cilnb29nbGUubWFwcy5wbGFjZXMudjEuUGxhY2VzLlNlYXJjaE5lYXJieRACGAQgAA">official / current listing</a>]]></description>
      <styleUrl>#businessBackup</styleUrl>
      <Point><coordinates>-118.18594449999998,33.9605579,0</coordinates></Point>
    </Placemark>
    <Placemark><name>ARCO</name>
      <description><![CDATA[Priority 4: Fast-food or branded-gas backup.<br/>Address: 5731 Firestone Blvd, South Gate, CA 90280, USA<br/>Approximate runner mile: 21.5.<br/>Nearest runner geometry: approximately 0.92 mi straight-line (not a walking detour).<br/>Verification: Google Places business backup (operational); confirm customer restroom access and hours on race day.<br/>Source: <a href="https://maps.google.com/?cid=8076815568402947278&g_mp=Cilnb29nbGUubWFwcy5wbGFjZXMudjEuUGxhY2VzLlNlYXJjaE5lYXJieRACGAQgAA">official / current listing</a>]]></description>
      <styleUrl>#businessBackup</styleUrl>
      <Point><coordinates>-118.16558069999999,33.9495267,0</coordinates></Point>
    </Placemark>
    <Placemark><name>ARCO</name>
      <description><![CDATA[Priority 4: Fast-food or branded-gas backup.<br/>Address: 5201 Imperial Hwy., South Gate, CA 90280, USA<br/>Approximate runner mile: 22.5.<br/>Nearest runner geometry: approximately 0.17 mi straight-line (not a walking detour).<br/>Verification: Google Places business backup (operational); confirm customer restroom access and hours on race day.<br/>Source: <a href="https://maps.google.com/?cid=5650214408837103829&g_mp=Cilnb29nbGUubWFwcy5wbGFjZXMudjEuUGxhY2VzLlNlYXJjaE5lYXJieRACGAQgAA">official / current listing</a>]]></description>
      <styleUrl>#businessBackup</styleUrl>
      <Point><coordinates>-118.18031920000001,33.9312307,0</coordinates></Point>
    </Placemark>
    <Placemark><name>ARCO</name>
      <description><![CDATA[Priority 4: Fast-food or branded-gas backup.<br/>Address: 4351 Rosecrans Ave, East Compton, CA 90221, USA<br/>Approximate runner mile: 24.6.<br/>Nearest runner geometry: approximately 0.07 mi straight-line (not a walking detour).<br/>Verification: Google Places business backup (operational); confirm customer restroom access and hours on race day.<br/>Source: <a href="https://maps.google.com/?cid=11071571602010238661&g_mp=Cilnb29nbGUubWFwcy5wbGFjZXMudjEuUGxhY2VzLlNlYXJjaE5lYXJieRACGAQgAA">official / current listing</a>]]></description>
      <styleUrl>#businessBackup</styleUrl>
      <Point><coordinates>-118.19539540000001,33.9038016,0</coordinates></Point>
    </Placemark>
    <Placemark><name>ARCO</name>
      <description><![CDATA[Priority 4: Fast-food or branded-gas backup.<br/>Address: 2820 E Alondra Blvd, Compton, CA 90221, USA<br/>Approximate runner mile: 26.5.<br/>Nearest runner geometry: approximately 0.37 mi straight-line (not a walking detour).<br/>Verification: Google Places business backup (operational); confirm customer restroom access and hours on race day.<br/>Source: <a href="https://maps.google.com/?cid=7439821449770833726&g_mp=Cilnb29nbGUubWFwcy5wbGFjZXMudjEuUGxhY2VzLlNlYXJjaE5lYXJieRACGAQgAA">official / current listing</a>]]></description>
      <styleUrl>#businessBackup</styleUrl>
      <Point><coordinates>-118.19333699999999,33.888491,0</coordinates></Point>
    </Placemark>
    <Placemark><name>ARCO</name>
      <description><![CDATA[Priority 4: Fast-food or branded-gas backup.<br/>Address: 6001 Long Beach Blvd, Long Beach, CA 90805, USA<br/>Approximate runner mile: 28.3.<br/>Nearest runner geometry: approximately 0.31 mi straight-line (not a walking detour).<br/>Verification: Google Places business backup (operational); confirm customer restroom access and hours on race day.<br/>Source: <a href="https://maps.google.com/?cid=8456540068276310386&g_mp=Cilnb29nbGUubWFwcy5wbGFjZXMudjEuUGxhY2VzLlNlYXJjaE5lYXJieRACGAQgAA">official / current listing</a>]]></description>
      <styleUrl>#businessBackup</styleUrl>
      <Point><coordinates>-118.20054149999999,33.865260000000006,0</coordinates></Point>
    </Placemark>
    <Placemark><name>ARCO</name>
      <description><![CDATA[Priority 4: Fast-food or branded-gas backup.<br/>Address: 3401 Long Beach Blvd, Long Beach, CA 90807, USA<br/>Approximate runner mile: 31.5.<br/>Nearest runner geometry: approximately 0.87 mi straight-line (not a walking detour).<br/>Verification: Google Places business backup (operational); confirm customer restroom access and hours on race day.<br/>Source: <a href="https://maps.google.com/?cid=10488594834401725994&g_mp=Cilnb29nbGUubWFwcy5wbGFjZXMudjEuUGxhY2VzLlNlYXJjaE5lYXJieRACGAQgAA">official / current listing</a>]]></description>
      <styleUrl>#businessBackup</styleUrl>
      <Point><coordinates>-118.1897552,33.8192363,0</coordinates></Point>
    </Placemark>
    <Placemark><name>ARCO</name>
      <description><![CDATA[Priority 4: Fast-food or branded-gas backup.<br/>Address: 200 W Willow St, Long Beach, CA 90806, USA<br/>Approximate runner mile: 32.6.<br/>Nearest runner geometry: approximately 0.60 mi straight-line (not a walking detour).<br/>Verification: Google Places business backup (operational); confirm customer restroom access and hours on race day.<br/>Source: <a href="https://maps.google.com/?cid=9434119404315502582&g_mp=Cilnb29nbGUubWFwcy5wbGFjZXMudjEuUGxhY2VzLlNlYXJjaE5lYXJieRACGAQgAA">official / current listing</a>]]></description>
      <styleUrl>#businessBackup</styleUrl>
      <Point><coordinates>-118.19405359999999,33.8041293,0</coordinates></Point>
    </Placemark>
    <Placemark><name>ARCO</name>
      <description><![CDATA[Priority 4: Fast-food or branded-gas backup.<br/>Address: 2601 Santa Fe Ave, Long Beach, CA 90810, USA<br/>Approximate runner mile: 32.5.<br/>Nearest runner geometry: approximately 0.64 mi straight-line (not a walking detour).<br/>Verification: Google Places business backup (operational); confirm customer restroom access and hours on race day.<br/>Source: <a href="https://maps.google.com/?cid=11582172465887327624&g_mp=Cilnb29nbGUubWFwcy5wbGFjZXMudjEuUGxhY2VzLlNlYXJjaE5lYXJieRACGAQgAA">official / current listing</a>]]></description>
      <styleUrl>#businessBackup</styleUrl>
      <Point><coordinates>-118.2157213,33.8047353,0</coordinates></Point>
    </Placemark>
    <Placemark><name>ARCO</name>
      <description><![CDATA[Priority 4: Fast-food or branded-gas backup.<br/>Address: 1410 W Pacific Coast Hwy, Long Beach, CA 90810, USA<br/>Approximate runner mile: 33.5.<br/>Nearest runner geometry: approximately 0.37 mi straight-line (not a walking detour).<br/>Verification: Google Places business backup (operational); confirm customer restroom access and hours on race day.<br/>Source: <a href="https://maps.google.com/?cid=12033224802436941049&g_mp=Cilnb29nbGUubWFwcy5wbGFjZXMudjEuUGxhY2VzLlNlYXJjaE5lYXJieRACGAQgAA">official / current listing</a>]]></description>
      <styleUrl>#businessBackup</styleUrl>
      <Point><coordinates>-118.21084850000001,33.789660399999995,0</coordinates></Point>
    </Placemark>
    <Placemark><name>ARCO</name>
      <description><![CDATA[Priority 4: Fast-food or branded-gas backup.<br/>Address: 124 W Pacific Coast Hwy, Long Beach, CA 90806, USA<br/>Approximate runner mile: 34.2.<br/>Nearest runner geometry: approximately 0.01 mi straight-line (not a walking detour).<br/>Verification: Google Places business backup (operational); confirm customer restroom access and hours on race day.<br/>Source: <a href="https://maps.google.com/?cid=6825106988703511409&g_mp=Cilnb29nbGUubWFwcy5wbGFjZXMudjEuUGxhY2VzLlNlYXJjaE5lYXJieRACGAQgAA">official / current listing</a>]]></description>
      <styleUrl>#businessBackup</styleUrl>
      <Point><coordinates>-118.1933154,33.7896579,0</coordinates></Point>
    </Placemark>
    <Placemark><name>ARCO</name>
      <description><![CDATA[Priority 4: Fast-food or branded-gas backup.<br/>Address: 1945 E Pacific Coast Hwy, Long Beach, CA 90806, USA<br/>Approximate runner mile: 35.6.<br/>Nearest runner geometry: approximately 0.02 mi straight-line (not a walking detour).<br/>Verification: Google Places business backup (operational); confirm customer restroom access and hours on race day.<br/>Source: <a href="https://maps.google.com/?cid=11548254215565969541&g_mp=Cilnb29nbGUubWFwcy5wbGFjZXMudjEuUGxhY2VzLlNlYXJjaE5lYXJieRACGAQgAA">official / current listing</a>]]></description>
      <styleUrl>#businessBackup</styleUrl>
      <Point><coordinates>-118.1679611,33.790062299999995,0</coordinates></Point>
    </Placemark>
    <Placemark><name>ARCO</name>
      <description><![CDATA[Priority 4: Fast-food or branded-gas backup.<br/>Address: 1001 Redondo Ave, Long Beach, CA 90804, USA<br/>Approximate runner mile: 36.5.<br/>Nearest runner geometry: approximately 0.73 mi straight-line (not a walking detour).<br/>Verification: Google Places business backup (operational); confirm customer restroom access and hours on race day.<br/>Source: <a href="https://maps.google.com/?cid=6150518971588294768&g_mp=Cilnb29nbGUubWFwcy5wbGFjZXMudjEuUGxhY2VzLlNlYXJjaE5lYXJieRACGAQgAA">official / current listing</a>]]></description>
      <styleUrl>#businessBackup</styleUrl>
      <Point><coordinates>-118.1526773,33.7792636,0</coordinates></Point>
    </Placemark>
    <Placemark><name>ARCO</name>
      <description><![CDATA[Priority 4: Fast-food or branded-gas backup.<br/>Address: 3201 E 7th St, Long Beach, CA 90804, USA<br/>Approximate runner mile: 36.4.<br/>Nearest runner geometry: approximately 0.99 mi straight-line (not a walking detour).<br/>Verification: Google Places business backup (operational); confirm customer restroom access and hours on race day.<br/>Source: <a href="https://maps.google.com/?cid=15637153887161959474&g_mp=Cilnb29nbGUubWFwcy5wbGFjZXMudjEuUGxhY2VzLlNlYXJjaE5lYXJieRACGAQgAA">official / current listing</a>]]></description>
      <styleUrl>#businessBackup</styleUrl>
      <Point><coordinates>-118.1543395,33.7755088,0</coordinates></Point>
    </Placemark>
    <Placemark><name>ARCO</name>
      <description><![CDATA[Priority 4: Fast-food or branded-gas backup.<br/>Address: 4235 E Anaheim St, Long Beach, CA 90804, USA<br/>Approximate runner mile: 37.4.<br/>Nearest runner geometry: approximately 0.38 mi straight-line (not a walking detour).<br/>Verification: Google Places business backup (operational); confirm customer restroom access and hours on race day.<br/>Source: <a href="https://maps.google.com/?cid=17933518488680871392&g_mp=Cilnb29nbGUubWFwcy5wbGFjZXMudjEuUGxhY2VzLlNlYXJjaE5lYXJieRACGAQgAA">official / current listing</a>]]></description>
      <styleUrl>#businessBackup</styleUrl>
      <Point><coordinates>-118.1429417,33.7827836,0</coordinates></Point>
    </Placemark>
    <Placemark><name>ARCO</name>
      <description><![CDATA[Priority 4: Fast-food or branded-gas backup.<br/>Address: 1785 N Bellflower Blvd, Long Beach, CA 90815, USA<br/>Approximate runner mile: 37.9.<br/>Nearest runner geometry: approximately 0.61 mi straight-line (not a walking detour).<br/>Verification: Google Places business backup (operational); confirm customer restroom access and hours on race day.<br/>Source: <a href="https://maps.google.com/?cid=6454221506456117685&g_mp=Cilnb29nbGUubWFwcy5wbGFjZXMudjEuUGxhY2VzLlNlYXJjaE5lYXJieRACGAQgAA">official / current listing</a>]]></description>
      <styleUrl>#businessBackup</styleUrl>
      <Point><coordinates>-118.1244449,33.7881685,0</coordinates></Point>
    </Placemark>
    <Placemark><name>ARCO</name>
      <description><![CDATA[Priority 4: Fast-food or branded-gas backup.<br/>Address: 34338 Pacific Coast Hwy, Dana Point, CA 92629, USA<br/>Approximate runner mile: 73.6.<br/>Nearest runner geometry: approximately 0.03 mi straight-line (not a walking detour).<br/>Verification: Google Places business backup (operational); confirm customer restroom access and hours on race day.<br/>Source: <a href="https://maps.google.com/?cid=8350669555442937768&g_mp=Cilnb29nbGUubWFwcy5wbGFjZXMudjEuUGxhY2VzLlNlYXJjaE5lYXJieRACGAQgAA">official / current listing</a>]]></description>
      <styleUrl>#businessBackup</styleUrl>
      <Point><coordinates>-117.6849471,33.464605299999995,0</coordinates></Point>
    </Placemark>
    <Placemark><name>ARCO</name>
      <description><![CDATA[Priority 4: Fast-food or branded-gas backup.<br/>Address: 810 Tamarack Ave, Carlsbad, CA 92008, USA<br/>Approximate runner mile: 86.3.<br/>Nearest runner geometry: approximately 0.53 mi straight-line (not a walking detour).<br/>Verification: Google Places business backup (operational); confirm customer restroom access and hours on race day.<br/>Source: <a href="https://maps.google.com/?cid=14714577394596690373&g_mp=Cilnb29nbGUubWFwcy5wbGFjZXMudjEuUGxhY2VzLlNlYXJjaE5lYXJieRACGAQgAA">official / current listing</a>]]></description>
      <styleUrl>#businessBackup</styleUrl>
      <Point><coordinates>-117.33794639999999,33.1519172,0</coordinates></Point>
    </Placemark>
    <Placemark><name>ARCO</name>
      <description><![CDATA[Priority 4: Fast-food or branded-gas backup.<br/>Address: 985 Turquoise St, San Diego, CA 92109, USA<br/>Approximate runner mile: 113.5.<br/>Nearest runner geometry: approximately 0.31 mi straight-line (not a walking detour).<br/>Verification: Google Places business backup (operational); confirm customer restroom access and hours on race day.<br/>Source: <a href="https://maps.google.com/?cid=1107750812073324156&g_mp=Cilnb29nbGUubWFwcy5wbGFjZXMudjEuUGxhY2VzLlNlYXJjaE5lYXJieRACGAQgAA">official / current listing</a>]]></description>
      <styleUrl>#businessBackup</styleUrl>
      <Point><coordinates>-117.2558329,32.8092361,0</coordinates></Point>
    </Placemark>
    <Placemark><name>ARCO</name>
      <description><![CDATA[Priority 4: Fast-food or branded-gas backup.<br/>Address: 1875 Grand Ave, San Diego, CA 92109, USA<br/>Approximate runner mile: 115.4.<br/>Nearest runner geometry: approximately 0.15 mi straight-line (not a walking detour).<br/>Verification: Google Places business backup (operational); confirm customer restroom access and hours on race day.<br/>Source: <a href="https://maps.google.com/?cid=3062706207400380322&g_mp=Cilnb29nbGUubWFwcy5wbGFjZXMudjEuUGxhY2VzLlNlYXJjaE5lYXJieRACGAQgAA">official / current listing</a>]]></description>
      <styleUrl>#businessBackup</styleUrl>
      <Point><coordinates>-117.2349819,32.7987654,0</coordinates></Point>
    </Placemark>
    <Placemark><name>ATM</name>
      <description><![CDATA[Priority 4: Fast-food or branded-gas backup.<br/>Address: 1020 E Florence Ave, Los Angeles, CA 90001, USA<br/>Approximate runner mile: 16.7.<br/>Nearest runner geometry: approximately 0.97 mi straight-line (not a walking detour).<br/>Verification: Google Places business backup (operational); confirm customer restroom access and hours on race day.<br/>Source: <a href="https://maps.google.com/?cid=428564835326835850&g_mp=Cilnb29nbGUubWFwcy5wbGFjZXMudjEuUGxhY2VzLlNlYXJjaE5lYXJieRACGAQgAA">official / current listing</a>]]></description>
      <styleUrl>#businessBackup</styleUrl>
      <Point><coordinates>-118.25680020000001,33.974390299999996,0</coordinates></Point>
    </Placemark>
    <Placemark><name>ATM (Anita's Mobil Station)</name>
      <description><![CDATA[Priority 4: Fast-food or branded-gas backup.<br/>Address: 7601 S Sepulveda Blvd, Los Angeles, CA 90045, USA<br/>Approximate runner mile: 8.1.<br/>Nearest runner geometry: approximately 0.02 mi straight-line (not a walking detour).<br/>Verification: Google Places business backup (operational); confirm customer restroom access and hours on race day.<br/>Source: <a href="https://maps.google.com/?cid=6036754699774666386&g_mp=Cilnb29nbGUubWFwcy5wbGFjZXMudjEuUGxhY2VzLlNlYXJjaE5lYXJieRACGAQgAA">official / current listing</a>]]></description>
      <styleUrl>#businessBackup</styleUrl>
      <Point><coordinates>-118.3953592,33.9714179,0</coordinates></Point>
    </Placemark>
    <Placemark><name>ATM (Chung's Mobil)</name>
      <description><![CDATA[Priority 4: Fast-food or branded-gas backup.<br/>Address: 6685 Atlantic Ave, Long Beach, CA 90805, USA<br/>Approximate runner mile: 27.3.<br/>Nearest runner geometry: approximately 0.14 mi straight-line (not a walking detour).<br/>Verification: Google Places business backup (operational); confirm customer restroom access and hours on race day.<br/>Source: <a href="https://maps.google.com/?cid=9474904311999326709&g_mp=Cilnb29nbGUubWFwcy5wbGFjZXMudjEuUGxhY2VzLlNlYXJjaE5lYXJieRACGAQgAA">official / current listing</a>]]></description>
      <styleUrl>#businessBackup</styleUrl>
      <Point><coordinates>-118.18658499999998,33.876059,0</coordinates></Point>
    </Placemark>
    <Placemark><name>ATM (Firestone Shell)</name>
      <description><![CDATA[Priority 4: Fast-food or branded-gas backup.<br/>Address: 1454 Firestone Blvd, Los Angeles, CA 90001, USA<br/>Approximate runner mile: 17.2.<br/>Nearest runner geometry: approximately 0.03 mi straight-line (not a walking detour).<br/>Verification: Google Places business backup (operational); confirm customer restroom access and hours on race day.<br/>Source: <a href="https://maps.google.com/?cid=12178148699948965573&g_mp=Cilnb29nbGUubWFwcy5wbGFjZXMudjEuUGxhY2VzLlNlYXJjaE5lYXJieRACGAQgAA">official / current listing</a>]]></description>
      <styleUrl>#businessBackup</styleUrl>
      <Point><coordinates>-118.24767999999999,33.959806199999996,0</coordinates></Point>
    </Placemark>
    <Placemark><name>ATM (Freeway Fuel)</name>
      <description><![CDATA[Priority 4: Fast-food or branded-gas backup.<br/>Address: 6230 Long Beach Blvd, Long Beach, CA 90805, USA<br/>Approximate runner mile: 28.2.<br/>Nearest runner geometry: approximately 0.40 mi straight-line (not a walking detour).<br/>Verification: Google Places business backup (operational); confirm customer restroom access and hours on race day.<br/>Source: <a href="https://maps.google.com/?cid=15792958969274644693&g_mp=Cilnb29nbGUubWFwcy5wbGFjZXMudjEuUGxhY2VzLlNlYXJjaE5lYXJieRACGAQgAA">official / current listing</a>]]></description>
      <styleUrl>#businessBackup</styleUrl>
      <Point><coordinates>-118.20054179999998,33.8679135,0</coordinates></Point>
    </Placemark>
    <Placemark><name>Adolfo's Mexican Food</name>
      <description><![CDATA[Priority 4: Fast-food or branded-gas backup.<br/>Address: 998 S Coast Hwy Ste A, Laguna Beach, CA 92651, USA<br/>Approximate runner mile: 65.6.<br/>Nearest runner geometry: approximately 0.01 mi straight-line (not a walking detour).<br/>Verification: Google Places business backup (operational); confirm customer restroom access and hours on race day.<br/>Source: <a href="https://maps.google.com/?cid=6448691806654441127&g_mp=Cilnb29nbGUubWFwcy5wbGFjZXMudjEuUGxhY2VzLlNlYXJjaE5lYXJieRACGAQgAA">official / current listing</a>]]></description>
      <styleUrl>#businessBackup</styleUrl>
      <Point><coordinates>-117.7776583,33.5352698,0</coordinates></Point>
    </Placemark>
    <Placemark><name>Adu Burger</name>
      <description><![CDATA[Priority 4: Fast-food or branded-gas backup.<br/>Address: 8120 S Vermont Ave, Los Angeles, CA 90044, USA<br/>Approximate runner mile: 14.6.<br/>Nearest runner geometry: approximately 0.34 mi straight-line (not a walking detour).<br/>Verification: Google Places business backup (operational); confirm customer restroom access and hours on race day.<br/>Source: <a href="https://maps.google.com/?cid=10668442854113857578&g_mp=Cilnb29nbGUubWFwcy5wbGFjZXMudjEuUGxhY2VzLlNlYXJjaE5lYXJieRACGAQgAA">official / current listing</a>]]></description>
      <styleUrl>#businessBackup</styleUrl>
      <Point><coordinates>-118.29127330000001,33.9648818,0</coordinates></Point>
    </Placemark>
    <Placemark><name>Alea Cafe Long Beach</name>
      <description><![CDATA[Priority 4: Fast-food or branded-gas backup.<br/>Address: 2705 Carson St, Carson, CA 90810, USA<br/>Approximate runner mile: 30.6.<br/>Nearest runner geometry: approximately 0.81 mi straight-line (not a walking detour).<br/>Verification: Google Places business backup (operational); confirm customer restroom access and hours on race day.<br/>Source: <a href="https://maps.google.com/?cid=10204865722216342270&g_mp=Cilnb29nbGUubWFwcy5wbGFjZXMudjEuUGxhY2VzLlNlYXJjaE5lYXJieRACGAQgAA">official / current listing</a>]]></description>
      <styleUrl>#businessBackup</styleUrl>
      <Point><coordinates>-118.218087,33.832008,0</coordinates></Point>
    </Placemark>
    <Placemark><name>Alfredo's Mexican Food</name>
      <description><![CDATA[Priority 4: Fast-food or branded-gas backup.<br/>Address: 894 W Manchester Ave, Los Angeles, CA 90044, USA<br/>Approximate runner mile: 14.7.<br/>Nearest runner geometry: approximately 0.01 mi straight-line (not a walking detour).<br/>Verification: Google Places business backup (operational); confirm customer restroom access and hours on race day.<br/>Source: <a href="https://maps.google.com/?cid=6280250220766783843&g_mp=Cilnb29nbGUubWFwcy5wbGFjZXMudjEuUGxhY2VzLlNlYXJjaE5lYXJieRACGAQgAA">official / current listing</a>]]></description>
      <styleUrl>#businessBackup</styleUrl>
      <Point><coordinates>-118.289178,33.959738099999996,0</coordinates></Point>
    </Placemark>
    <Placemark><name>Alfredo's Mexican Food</name>
      <description><![CDATA[Priority 4: Fast-food or branded-gas backup.<br/>Address: 602 N Coast Hwy, Oceanside, CA 92054, USA<br/>Approximate runner mile: 82.0.<br/>Nearest runner geometry: approximately 0.02 mi straight-line (not a walking detour).<br/>Verification: Google Places business backup (closed temporarily); confirm customer restroom access and hours on race day.<br/>Source: <a href="https://maps.google.com/?cid=6786502952757621597&g_mp=Cilnb29nbGUubWFwcy5wbGFjZXMudjEuUGxhY2VzLlNlYXJjaE5lYXJieRACGAQgAA">official / current listing</a>]]></description>
      <styleUrl>#businessBackup</styleUrl>
      <Point><coordinates>-117.3823827,33.1995828,0</coordinates></Point>
    </Placemark>
    <Placemark><name>American Deli</name>
      <description><![CDATA[Priority 4: Fast-food or branded-gas backup.<br/>Address: 425 E Manchester Blvd E, Inglewood, CA 90301, USA<br/>Approximate runner mile: 11.2.<br/>Nearest runner geometry: approximately 0.02 mi straight-line (not a walking detour).<br/>Verification: Google Places business backup (operational); confirm customer restroom access and hours on race day.<br/>Source: <a href="https://maps.google.com/?cid=1217536860987490501&g_mp=Cilnb29nbGUubWFwcy5wbGFjZXMudjEuUGxhY2VzLlNlYXJjaE5lYXJieRACGAQgAA">official / current listing</a>]]></description>
      <styleUrl>#businessBackup</styleUrl>
      <Point><coordinates>-118.3494552,33.9622088,0</coordinates></Point>
    </Placemark>
    <Placemark><name>American Oil</name>
      <description><![CDATA[Priority 4: Fast-food or branded-gas backup.<br/>Address: 6850 Long Beach Blvd, Long Beach, CA 90805, USA<br/>Approximate runner mile: 27.4.<br/>Nearest runner geometry: approximately 0.86 mi straight-line (not a walking detour).<br/>Verification: Google Places business backup (operational); confirm customer restroom access and hours on race day.<br/>Source: <a href="https://maps.google.com/?cid=759594469739451034&g_mp=Cilnb29nbGUubWFwcy5wbGFjZXMudjEuUGxhY2VzLlNlYXJjaE5lYXJieRACGAQgAA">official / current listing</a>]]></description>
      <styleUrl>#businessBackup</styleUrl>
      <Point><coordinates>-118.20380779999999,33.878685,0</coordinates></Point>
    </Placemark>
    <Placemark><name>American Petroleum Corp.</name>
      <description><![CDATA[Priority 4: Fast-food or branded-gas backup.<br/>Address: 1410 W Pacific Coast Hwy, Long Beach, CA 90810, USA<br/>Approximate runner mile: 33.5.<br/>Nearest runner geometry: approximately 0.38 mi straight-line (not a walking detour).<br/>Verification: Google Places business backup (operational); confirm customer restroom access and hours on race day.<br/>Source: <a href="https://maps.google.com/?cid=12228382136212795552&g_mp=Cilnb29nbGUubWFwcy5wbGFjZXMudjEuUGxhY2VzLlNlYXJjaE5lYXJieRACGAQgAA">official / current listing</a>]]></description>
      <styleUrl>#businessBackup</styleUrl>
      <Point><coordinates>-118.21096999999999,33.789783,0</coordinates></Point>
    </Placemark>
    <Placemark><name>Angelo's Burgers</name>
      <description><![CDATA[Priority 4: Fast-food or branded-gas backup.<br/>Address: 621 N Coast Hwy, Oceanside, CA 92054, USA<br/>Approximate runner mile: 82.0.<br/>Nearest runner geometry: approximately 0.01 mi straight-line (not a walking detour).<br/>Verification: Google Places business backup (operational); confirm customer restroom access and hours on race day.<br/>Source: <a href="https://maps.google.com/?cid=9848434835944272082&g_mp=Cilnb29nbGUubWFwcy5wbGFjZXMudjEuUGxhY2VzLlNlYXJjaE5lYXJieRACGAQgAA">official / current listing</a>]]></description>
      <styleUrl>#businessBackup</styleUrl>
      <Point><coordinates>-117.38319639999999,33.1997893,0</coordinates></Point>
    </Placemark>
    <Placemark><name>Angelo's Burgers</name>
      <description><![CDATA[Priority 4: Fast-food or branded-gas backup.<br/>Address: 2035 S Coast Hwy, Oceanside, CA 92054, USA<br/>Approximate runner mile: 84.5.<br/>Nearest runner geometry: approximately 0.01 mi straight-line (not a walking detour).<br/>Verification: Google Places business backup (operational); confirm customer restroom access and hours on race day.<br/>Source: <a href="https://maps.google.com/?cid=4110321483022071325&g_mp=Cilnb29nbGUubWFwcy5wbGFjZXMudjEuUGxhY2VzLlNlYXJjaE5lYXJieRACGAQgAA">official / current listing</a>]]></description>
      <styleUrl>#businessBackup</styleUrl>
      <Point><coordinates>-117.35871619999999,33.1705834,0</coordinates></Point>
    </Placemark>
    <Placemark><name>Angelo's Burgers and Tacos</name>
      <description><![CDATA[Priority 4: Fast-food or branded-gas backup.<br/>Address: 10990 Atlantic Ave, Lynwood, CA 90262, USA<br/>Approximate runner mile: 22.6.<br/>Nearest runner geometry: approximately 0.02 mi straight-line (not a walking detour).<br/>Verification: Google Places business backup (operational); confirm customer restroom access and hours on race day.<br/>Source: <a href="https://maps.google.com/?cid=17633770839817272447&g_mp=Cilnb29nbGUubWFwcy5wbGFjZXMudjEuUGxhY2VzLlNlYXJjaE5lYXJieRACGAQgAA">official / current listing</a>]]></description>
      <styleUrl>#businessBackup</styleUrl>
      <Point><coordinates>-118.1829853,33.9314223,0</coordinates></Point>
    </Placemark>
    <Placemark><name>Apro LLC</name>
      <description><![CDATA[Priority 4: Fast-food or branded-gas backup.<br/>Address: 795 S El Camino Real, San Clemente, CA 92672, USA<br/>Approximate runner mile: 79.0.<br/>Nearest runner geometry: approximately 0.01 mi straight-line (not a walking detour).<br/>Verification: Google Places business backup (operational); confirm customer restroom access and hours on race day.<br/>Source: <a href="https://maps.google.com/?cid=7654557403170656355&g_mp=Cilnb29nbGUubWFwcy5wbGFjZXMudjEuUGxhY2VzLlNlYXJjaE5lYXJieRACGAQgAA">official / current listing</a>]]></description>
      <styleUrl>#businessBackup</styleUrl>
      <Point><coordinates>-117.60916789999999,33.4234369,0</coordinates></Point>
    </Placemark>
    <Placemark><name>Arby's</name>
      <description><![CDATA[Priority 4: Fast-food or branded-gas backup.<br/>Address: 913 W Manchester Blvd, Inglewood, CA 90301, USA<br/>Approximate runner mile: 10.0.<br/>Nearest runner geometry: approximately 0.14 mi straight-line (not a walking detour).<br/>Verification: Google Places business backup (operational); confirm customer restroom access and hours on race day.<br/>Source: <a href="https://maps.google.com/?cid=18412757061692286273&g_mp=Cilnb29nbGUubWFwcy5wbGFjZXMudjEuUGxhY2VzLlNlYXJjaE5lYXJieRACGAQgAA">official / current listing</a>]]></description>
      <styleUrl>#businessBackup</styleUrl>
      <Point><coordinates>-118.3722347,33.961199199999996,0</coordinates></Point>
    </Placemark>
    <Placemark><name>Arctic Ruby Oil</name>
      <description><![CDATA[Priority 4: Fast-food or branded-gas backup.<br/>Address: 2340 Mira Mar Ave, Long Beach, CA 90815, USA<br/>Approximate runner mile: 36.9.<br/>Nearest runner geometry: approximately 0.75 mi straight-line (not a walking detour).<br/>Verification: Google Places business backup (operational); confirm customer restroom access and hours on race day.<br/>Source: <a href="https://maps.google.com/?cid=7754407127693072422&g_mp=Cilnb29nbGUubWFwcy5wbGFjZXMudjEuUGxhY2VzLlNlYXJjaE5lYXJieRACGAQgAA">official / current listing</a>]]></description>
      <styleUrl>#businessBackup</styleUrl>
      <Point><coordinates>-118.1460647,33.8005655,0</coordinates></Point>
    </Placemark>
    <Placemark><name>Armando's Mexican Food</name>
      <description><![CDATA[Priority 4: Fast-food or branded-gas backup.<br/>Address: 1426 Mission Ave, Oceanside, CA 92058, USA<br/>Approximate runner mile: 82.3.<br/>Nearest runner geometry: approximately 0.69 mi straight-line (not a walking detour).<br/>Verification: Google Places business backup (operational); confirm customer restroom access and hours on race day.<br/>Source: <a href="https://maps.google.com/?cid=16871884136796291749&g_mp=Cilnb29nbGUubWFwcy5wbGFjZXMudjEuUGxhY2VzLlNlYXJjaE5lYXJieRACGAQgAA">official / current listing</a>]]></description>
      <styleUrl>#businessBackup</styleUrl>
      <Point><coordinates>-117.36977159999999,33.2015734,0</coordinates></Point>
    </Placemark>
    <Placemark><name>Arts Mechanics</name>
      <description><![CDATA[Priority 4: Fast-food or branded-gas backup.<br/>Address: 194 E Artesia Blvd, Long Beach, CA 90805, USA<br/>Approximate runner mile: 27.8.<br/>Nearest runner geometry: approximately 0.60 mi straight-line (not a walking detour).<br/>Verification: Google Places business backup (operational); confirm customer restroom access and hours on race day.<br/>Source: <a href="https://maps.google.com/?cid=4477172649552394457&g_mp=Cilnb29nbGUubWFwcy5wbGFjZXMudjEuUGxhY2VzLlNlYXJjaE5lYXJieRACGAQgAA">official / current listing</a>]]></description>
      <styleUrl>#businessBackup</styleUrl>
      <Point><coordinates>-118.2009095,33.8738312,0</coordinates></Point>
    </Placemark>
    <Placemark><name>Asia Doll</name>
      <description><![CDATA[Priority 4: Fast-food or branded-gas backup.<br/>Address: 921 W 82nd St, Los Angeles, CA 90044, USA<br/>Approximate runner mile: 14.7.<br/>Nearest runner geometry: approximately 0.33 mi straight-line (not a walking detour).<br/>Verification: Google Places business backup (operational); confirm customer restroom access and hours on race day.<br/>Source: <a href="https://maps.google.com/?cid=4365279922529376844&g_mp=Cilnb29nbGUubWFwcy5wbGFjZXMudjEuUGxhY2VzLlNlYXJjaE5lYXJieRACGAQgAA">official / current listing</a>]]></description>
      <styleUrl>#businessBackup</styleUrl>
      <Point><coordinates>-118.2899822,33.9646294,0</coordinates></Point>
    </Placemark>
    <Placemark><name>Astro Burgers</name>
      <description><![CDATA[Priority 4: Fast-food or branded-gas backup.<br/>Address: 507 N La Brea Ave, Inglewood, CA 90302, USA<br/>Approximate runner mile: 10.8.<br/>Nearest runner geometry: approximately 0.50 mi straight-line (not a walking detour).<br/>Verification: Google Places business backup (operational); confirm customer restroom access and hours on race day.<br/>Source: <a href="https://maps.google.com/?cid=14699537781140603507&g_mp=Cilnb29nbGUubWFwcy5wbGFjZXMudjEuUGxhY2VzLlNlYXJjaE5lYXJieRACGAQgAA">official / current listing</a>]]></description>
      <styleUrl>#businessBackup</styleUrl>
      <Point><coordinates>-118.3560265,33.9690592,0</coordinates></Point>
    </Placemark>
    <Placemark><name>Athens West</name>
      <description><![CDATA[Priority 4: Fast-food or branded-gas backup.<br/>Address: 303 Main St, Seal Beach, CA 90740, USA<br/>Approximate runner mile: 41.1.<br/>Nearest runner geometry: approximately 0.09 mi straight-line (not a walking detour).<br/>Verification: Google Places business backup (operational); confirm customer restroom access and hours on race day.<br/>Source: <a href="https://maps.google.com/?cid=3040896654440927305&g_mp=Cilnb29nbGUubWFwcy5wbGFjZXMudjEuUGxhY2VzLlNlYXJjaE5lYXJieRACGAQgAA">official / current listing</a>]]></description>
      <styleUrl>#businessBackup</styleUrl>
      <Point><coordinates>-118.1036306,33.7432722,0</coordinates></Point>
    </Placemark>
    <Placemark><name>Atlantic Gas &amp; Mart</name>
      <description><![CDATA[Priority 4: Fast-food or branded-gas backup.<br/>Address: 5400 Atlantic Ave, Long Beach, CA 90805, USA<br/>Approximate runner mile: 28.7.<br/>Nearest runner geometry: approximately 0.83 mi straight-line (not a walking detour).<br/>Verification: Google Places business backup (operational); confirm customer restroom access and hours on race day.<br/>Source: <a href="https://maps.google.com/?cid=6999097377098351938&g_mp=Cilnb29nbGUubWFwcy5wbGFjZXMudjEuUGxhY2VzLlNlYXJjaE5lYXJieRACGAQgAA">official / current listing</a>]]></description>
      <styleUrl>#businessBackup</styleUrl>
      <Point><coordinates>-118.1847644,33.8545855,0</coordinates></Point>
    </Placemark>
    <Placemark><name>BIGFOOT CORNDOGS</name>
      <description><![CDATA[Priority 4: Fast-food or branded-gas backup.<br/>Address: 1112 S Tremont St, Oceanside, CA 92054, USA<br/>Approximate runner mile: 83.3.<br/>Nearest runner geometry: approximately 0.04 mi straight-line (not a walking detour).<br/>Verification: Google Places business backup (operational); confirm customer restroom access and hours on race day.<br/>Source: <a href="https://maps.google.com/?cid=13100460925864733993&g_mp=Cilnb29nbGUubWFwcy5wbGFjZXMudjEuUGxhY2VzLlNlYXJjaE5lYXJieRACGAQgAA">official / current listing</a>]]></description>
      <styleUrl>#businessBackup</styleUrl>
      <Point><coordinates>-117.37072149999999,33.1843212,0</coordinates></Point>
    </Placemark>
    <Placemark><name>Badillo hotdogs</name>
      <description><![CDATA[Priority 4: Fast-food or branded-gas backup.<br/>Address: E Rose St, East Compton, CA 90221, USA<br/>Approximate runner mile: 26.2.<br/>Nearest runner geometry: approximately 0.42 mi straight-line (not a walking detour).<br/>Verification: Google Places business backup (operational); confirm customer restroom access and hours on race day.<br/>Source: <a href="https://maps.google.com/?cid=5059557011322496636&g_mp=Cilnb29nbGUubWFwcy5wbGFjZXMudjEuUGxhY2VzLlNlYXJjaE5lYXJieRACGAQgAA">official / current listing</a>]]></description>
      <styleUrl>#businessBackup</styleUrl>
      <Point><coordinates>-118.19344129999999,33.894286199999996,0</coordinates></Point>
    </Placemark>
    <Placemark><name>Baja California Tacos</name>
      <description><![CDATA[Priority 4: Fast-food or branded-gas backup.<br/>Address: 4002 Lincoln Blvd, Marina Del Rey, CA 90292, USA<br/>Approximate runner mile: 3.7.<br/>Nearest runner geometry: approximately 0.01 mi straight-line (not a walking detour).<br/>Verification: Google Places business backup (operational); confirm customer restroom access and hours on race day.<br/>Source: <a href="https://maps.google.com/?cid=5399773565870092076&g_mp=Cilnb29nbGUubWFwcy5wbGFjZXMudjEuUGxhY2VzLlNlYXJjaE5lYXJieRACGAQgAA">official / current listing</a>]]></description>
      <styleUrl>#businessBackup</styleUrl>
      <Point><coordinates>-118.4472407,33.99044430000001,0</coordinates></Point>
    </Placemark>
    <Placemark><name>Baja Fresh</name>
      <description><![CDATA[Priority 4: Fast-food or branded-gas backup.<br/>Address: 13424 Maxella Ave, Marina Del Rey, CA 90292, USA<br/>Approximate runner mile: 3.8.<br/>Nearest runner geometry: approximately 0.46 mi straight-line (not a walking detour).<br/>Verification: Google Places business backup (operational); confirm customer restroom access and hours on race day.<br/>Source: <a href="https://maps.google.com/?cid=954213861855638706&g_mp=Cilnb29nbGUubWFwcy5wbGFjZXMudjEuUGxhY2VzLlNlYXJjaE5lYXJieRACGAQgAA">official / current listing</a>]]></description>
      <styleUrl>#businessBackup</styleUrl>
      <Point><coordinates>-118.44011619999998,33.9863584,0</coordinates></Point>
    </Placemark>
    <Placemark><name>Bare Back Grill</name>
      <description><![CDATA[Priority 4: Fast-food or branded-gas backup.<br/>Address: 4640 Mission Blvd, San Diego, CA 92109, USA<br/>Approximate runner mile: 114.1.<br/>Nearest runner geometry: approximately 0.01 mi straight-line (not a walking detour).<br/>Verification: Google Places business backup (operational); confirm customer restroom access and hours on race day.<br/>Source: <a href="https://maps.google.com/?cid=13731027148285123233&g_mp=Cilnb29nbGUubWFwcy5wbGFjZXMudjEuUGxhY2VzLlNlYXJjaE5lYXJieRACGAQgAA">official / current listing</a>]]></description>
      <styleUrl>#businessBackup</styleUrl>
      <Point><coordinates>-117.2562329,32.7982699,0</coordinates></Point>
    </Placemark>
    <Placemark><name>Beach Teriyaki</name>
      <description><![CDATA[Priority 4: Fast-food or branded-gas backup.<br/>Address: 1801 Ocean Front Walk #3, Venice, CA 90291, USA<br/>Approximate runner mile: 2.2.<br/>Nearest runner geometry: approximately 0.44 mi straight-line (not a walking detour).<br/>Verification: Google Places business backup (operational); confirm customer restroom access and hours on race day.<br/>Source: <a href="https://maps.google.com/?cid=7548818986552646342&g_mp=Cilnb29nbGUubWFwcy5wbGFjZXMudjEuUGxhY2VzLlNlYXJjaE5lYXJieRACGAQgAA">official / current listing</a>]]></description>
      <styleUrl>#businessBackup</styleUrl>
      <Point><coordinates>-118.4725639,33.9858139,0</coordinates></Point>
    </Placemark>
    <Placemark><name>Berri Brothers</name>
      <description><![CDATA[Priority 4: Fast-food or branded-gas backup.<br/>Address: 16621 S Pacific Ave., Sunset Beach, CA 90742, USA<br/>Approximate runner mile: 43.5.<br/>Nearest runner geometry: approximately 0.01 mi straight-line (not a walking detour).<br/>Verification: Google Places business backup (operational); confirm customer restroom access and hours on race day.<br/>Source: <a href="https://maps.google.com/?cid=18043662193987666238&g_mp=Cilnb29nbGUubWFwcy5wbGFjZXMudjEuUGxhY2VzLlNlYXJjaE5lYXJieRACGAQgAA">official / current listing</a>]]></description>
      <styleUrl>#businessBackup</styleUrl>
      <Point><coordinates>-118.07420749999999,33.7207268,0</coordinates></Point>
    </Placemark>
    <Placemark><name>Berri Brothers</name>
      <description><![CDATA[Priority 4: Fast-food or branded-gas backup.<br/>Address: 2749 N El Camino Real, San Clemente, CA 92672, USA<br/>Approximate runner mile: 76.4.<br/>Nearest runner geometry: approximately 0.02 mi straight-line (not a walking detour).<br/>Verification: Google Places business backup (operational); confirm customer restroom access and hours on race day.<br/>Source: <a href="https://maps.google.com/?cid=548619554220039410&g_mp=Cilnb29nbGUubWFwcy5wbGFjZXMudjEuUGxhY2VzLlNlYXJjaE5lYXJieRACGAQgAA">official / current listing</a>]]></description>
      <styleUrl>#businessBackup</styleUrl>
      <Point><coordinates>-117.644694,33.4414953,0</coordinates></Point>
    </Placemark>
    <Placemark><name>Berri Brothers</name>
      <description><![CDATA[Priority 4: Fast-food or branded-gas backup.<br/>Address: 1766 N Coast Hwy 101, Encinitas, CA 92024, USA<br/>Approximate runner mile: 91.7.<br/>Nearest runner geometry: approximately 0.03 mi straight-line (not a walking detour).<br/>Verification: Google Places business backup (operational); confirm customer restroom access and hours on race day.<br/>Source: <a href="https://maps.google.com/?cid=6140591023679178789&g_mp=Cilnb29nbGUubWFwcy5wbGFjZXMudjEuUGxhY2VzLlNlYXJjaE5lYXJieRACGAQgAA">official / current listing</a>]]></description>
      <styleUrl>#businessBackup</styleUrl>
      <Point><coordinates>-117.307495,33.0791069,0</coordinates></Point>
    </Placemark>
    <Placemark><name>Bibi Fuel</name>
      <description><![CDATA[Priority 4: Fast-food or branded-gas backup.<br/>Address: 1358 Firestone Blvd, Los Angeles, CA 90001, USA<br/>Approximate runner mile: 17.1.<br/>Nearest runner geometry: approximately 0.02 mi straight-line (not a walking detour).<br/>Verification: Google Places business backup (operational); confirm customer restroom access and hours on race day.<br/>Source: <a href="https://maps.google.com/?cid=1983443392418173647&g_mp=Cilnb29nbGUubWFwcy5wbGFjZXMudjEuUGxhY2VzLlNlYXJjaE5lYXJieRACGAQgAA">official / current listing</a>]]></description>
      <styleUrl>#businessBackup</styleUrl>
      <Point><coordinates>-118.2500285,33.9599756,0</coordinates></Point>
    </Placemark>
    <Placemark><name>Birria El Abuelo</name>
      <description><![CDATA[Priority 4: Fast-food or branded-gas backup.<br/>Address: 2017 Firestone Blvd, Los Angeles, CA 90002, USA<br/>Approximate runner mile: 17.9.<br/>Nearest runner geometry: approximately 0.01 mi straight-line (not a walking detour).<br/>Verification: Google Places business backup (operational); confirm customer restroom access and hours on race day.<br/>Source: <a href="https://maps.google.com/?cid=3089098779296082789&g_mp=Cilnb29nbGUubWFwcy5wbGFjZXMudjEuUGxhY2VzLlNlYXJjaE5lYXJieRACGAQgAA">official / current listing</a>]]></description>
      <styleUrl>#businessBackup</styleUrl>
      <Point><coordinates>-118.23544360000001,33.960414899999996,0</coordinates></Point>
    </Placemark>
    <Placemark><name>Blaze Pizza</name>
      <description><![CDATA[Priority 4: Fast-food or branded-gas backup.<br/>Address: 4114 Sepulveda Blvd, Culver City, CA 90230, USA<br/>Approximate runner mile: 5.3.<br/>Nearest runner geometry: approximately 0.84 mi straight-line (not a walking detour).<br/>Verification: Google Places business backup (operational); confirm customer restroom access and hours on race day.<br/>Source: <a href="https://maps.google.com/?cid=12451754712284622800&g_mp=Cilnb29nbGUubWFwcy5wbGFjZXMudjEuUGxhY2VzLlNlYXJjaE5lYXJieRACGAQgAA">official / current listing</a>]]></description>
      <styleUrl>#businessBackup</styleUrl>
      <Point><coordinates>-118.41244400000001,34.007015599999995,0</coordinates></Point>
    </Placemark>
    <Placemark><name>Blaze Pizza</name>
      <description><![CDATA[Priority 4: Fast-food or branded-gas backup.<br/>Address: 4809 Firestone Blvd, South Gate, CA 90280, USA<br/>Approximate runner mile: 21.1.<br/>Nearest runner geometry: approximately 0.05 mi straight-line (not a walking detour).<br/>Verification: Google Places business backup (operational); confirm customer restroom access and hours on race day.<br/>Source: <a href="https://maps.google.com/?cid=11972319267107593386&g_mp=Cilnb29nbGUubWFwcy5wbGFjZXMudjEuUGxhY2VzLlNlYXJjaE5lYXJieRACGAQgAA">official / current listing</a>]]></description>
      <styleUrl>#businessBackup</styleUrl>
      <Point><coordinates>-118.18369589999999,33.9526367,0</coordinates></Point>
    </Placemark>
    <Placemark><name>Blaze Pizza</name>
      <description><![CDATA[Priority 4: Fast-food or branded-gas backup.<br/>Address: 225 W Avenida Vista Hermosa Ste A, San Clemente, CA 92672, USA<br/>Approximate runner mile: 77.5.<br/>Nearest runner geometry: approximately 0.43 mi straight-line (not a walking detour).<br/>Verification: Google Places business backup (operational); confirm customer restroom access and hours on race day.<br/>Source: <a href="https://maps.google.com/?cid=7082011810699815778&g_mp=Cilnb29nbGUubWFwcy5wbGFjZXMudjEuUGxhY2VzLlNlYXJjaE5lYXJieRACGAQgAA">official / current listing</a>]]></description>
      <styleUrl>#businessBackup</styleUrl>
      <Point><coordinates>-117.6295375,33.4390676,0</coordinates></Point>
    </Placemark>
    <Placemark><name>Blaze Pizza</name>
      <description><![CDATA[Priority 4: Fast-food or branded-gas backup.<br/>Address: 5620 Paseo Del Norte #126, Carlsbad, CA 92008, USA<br/>Approximate runner mile: 88.3.<br/>Nearest runner geometry: approximately 0.46 mi straight-line (not a walking detour).<br/>Verification: Google Places business backup (operational); confirm customer restroom access and hours on race day.<br/>Source: <a href="https://maps.google.com/?cid=14499379062967843013&g_mp=Cilnb29nbGUubWFwcy5wbGFjZXMudjEuUGxhY2VzLlNlYXJjaE5lYXJieRACGAQgAA">official / current listing</a>]]></description>
      <styleUrl>#businessBackup</styleUrl>
      <Point><coordinates>-117.32016279999999,33.1251414,0</coordinates></Point>
    </Placemark>
    <Placemark><name>Blessed Kitchen</name>
      <description><![CDATA[Priority 4: Fast-food or branded-gas backup.<br/>Address: 901 S Prairie Ave, Inglewood, CA 90301, USA<br/>Approximate runner mile: 11.5.<br/>Nearest runner geometry: approximately 0.51 mi straight-line (not a walking detour).<br/>Verification: Google Places business backup (operational); confirm customer restroom access and hours on race day.<br/>Source: <a href="https://maps.google.com/?cid=2836913039511169298&g_mp=Cilnb29nbGUubWFwcy5wbGFjZXMudjEuUGxhY2VzLlNlYXJjaE5lYXJieRACGAQgAA">official / current listing</a>]]></description>
      <styleUrl>#businessBackup</styleUrl>
      <Point><coordinates>-118.3447663,33.9525337,0</coordinates></Point>
    </Placemark>
    <Placemark><name>Blue Burro</name>
      <description><![CDATA[Priority 4: Fast-food or branded-gas backup.<br/>Address: 5726 E 7th St, Long Beach, CA 90803, USA<br/>Approximate runner mile: 38.7.<br/>Nearest runner geometry: approximately 0.09 mi straight-line (not a walking detour).<br/>Verification: Google Places business backup (operational); confirm customer restroom access and hours on race day.<br/>Source: <a href="https://maps.google.com/?cid=16681457613107059149&g_mp=Cilnb29nbGUubWFwcy5wbGFjZXMudjEuUGxhY2VzLlNlYXJjaE5lYXJieRACGAQgAA">official / current listing</a>]]></description>
      <styleUrl>#businessBackup</styleUrl>
      <Point><coordinates>-118.11991549999999,33.7747922,0</coordinates></Point>
    </Placemark>
    <Placemark><name>Blue Burro - Bixby Knolls</name>
      <description><![CDATA[Priority 4: Fast-food or branded-gas backup.<br/>Address: 4240 Long Beach Blvd Ste SH3, Long Beach, CA 90807, USA<br/>Approximate runner mile: 30.3.<br/>Nearest runner geometry: approximately 0.85 mi straight-line (not a walking detour).<br/>Verification: Google Places business backup (operational); confirm customer restroom access and hours on race day.<br/>Source: <a href="https://maps.google.com/?cid=13337612496575024579&g_mp=Cilnb29nbGUubWFwcy5wbGFjZXMudjEuUGxhY2VzLlNlYXJjaE5lYXJieRACGAQgAA">official / current listing</a>]]></description>
      <styleUrl>#businessBackup</styleUrl>
      <Point><coordinates>-118.18849469999999,33.8357563,0</coordinates></Point>
    </Placemark>
    <Placemark><name>Board &amp; Brew - Del Mar</name>
      <description><![CDATA[Priority 4: Fast-food or branded-gas backup.<br/>Address: 1212 Camino Del Mar #2506, Del Mar, CA 92014, USA<br/>Approximate runner mile: 100.7.<br/>Nearest runner geometry: approximately 0.02 mi straight-line (not a walking detour).<br/>Verification: Google Places business backup (operational); confirm customer restroom access and hours on race day.<br/>Source: <a href="https://maps.google.com/?cid=13695334625566700346&g_mp=Cilnb29nbGUubWFwcy5wbGFjZXMudjEuUGxhY2VzLlNlYXJjaE5lYXJieRACGAQgAA">official / current listing</a>]]></description>
      <styleUrl>#businessBackup</styleUrl>
      <Point><coordinates>-117.2645574,32.956765499999996,0</coordinates></Point>
    </Placemark>
    <Placemark><name>Bob's Gas</name>
      <description><![CDATA[Priority 4: Fast-food or branded-gas backup.<br/>Address: 1742 S Coast Hwy #5320, Oceanside, CA 92054, USA<br/>Approximate runner mile: 84.1.<br/>Nearest runner geometry: approximately 0.02 mi straight-line (not a walking detour).<br/>Verification: Google Places business backup (operational); confirm customer restroom access and hours on race day.<br/>Source: <a href="https://maps.google.com/?cid=820633684982863775&g_mp=Cilnb29nbGUubWFwcy5wbGFjZXMudjEuUGxhY2VzLlNlYXJjaE5lYXJieRACGAQgAA">official / current listing</a>]]></description>
      <styleUrl>#businessBackup</styleUrl>
      <Point><coordinates>-117.36212970000001,33.1754204,0</coordinates></Point>
    </Placemark>
    <Placemark><name>Bobo's Burgers</name>
      <description><![CDATA[Priority 4: Fast-food or branded-gas backup.<br/>Address: 2709 Firestone Blvd, South Gate, CA 90280, USA<br/>Approximate runner mile: 18.7.<br/>Nearest runner geometry: approximately 0.02 mi straight-line (not a walking detour).<br/>Verification: Google Places business backup (operational); confirm customer restroom access and hours on race day.<br/>Source: <a href="https://maps.google.com/?cid=3575773365340367761&g_mp=Cilnb29nbGUubWFwcy5wbGFjZXMudjEuUGxhY2VzLlNlYXJjaE5lYXJieRACGAQgAA">official / current listing</a>]]></description>
      <styleUrl>#businessBackup</styleUrl>
      <Point><coordinates>-118.22459680000001,33.9563106,0</coordinates></Point>
    </Placemark>
    <Placemark><name>Bruno's Burgers &amp; Tacos</name>
      <description><![CDATA[Priority 4: Fast-food or branded-gas backup.<br/>Address: 450 E Manchester Blvd, Inglewood, CA 90301, USA<br/>Approximate runner mile: 11.2.<br/>Nearest runner geometry: approximately 0.02 mi straight-line (not a walking detour).<br/>Verification: Google Places business backup (operational); confirm customer restroom access and hours on race day.<br/>Source: <a href="https://maps.google.com/?cid=16641128597986197622&g_mp=Cilnb29nbGUubWFwcy5wbGFjZXMudjEuUGxhY2VzLlNlYXJjaE5lYXJieRACGAQgAA">official / current listing</a>]]></description>
      <styleUrl>#businessBackup</styleUrl>
      <Point><coordinates>-118.34926949999999,33.9616407,0</coordinates></Point>
    </Placemark>
    <Placemark><name>Bruxie</name>
      <description><![CDATA[Priority 4: Fast-food or branded-gas backup.<br/>Address: 1412 3rd Street Promenade, Santa Monica, CA 90401, USA<br/>Approximate runner mile: 0.1.<br/>Nearest runner geometry: approximately 0.27 mi straight-line (not a walking detour).<br/>Verification: Google Places business backup (operational); confirm customer restroom access and hours on race day.<br/>Source: <a href="https://maps.google.com/?cid=15876242314546180782&g_mp=Cilnb29nbGUubWFwcy5wbGFjZXMudjEuUGxhY2VzLlNlYXJjaE5lYXJieRACGAQgAA">official / current listing</a>]]></description>
      <styleUrl>#businessBackup</styleUrl>
      <Point><coordinates>-118.49588439999998,34.0152216,0</coordinates></Point>
    </Placemark>
    <Placemark><name>Burger King</name>
      <description><![CDATA[Priority 4: Fast-food or branded-gas backup.<br/>Address: 5656 W Manchester Ave, Los Angeles, CA 90045, USA<br/>Approximate runner mile: 9.6.<br/>Nearest runner geometry: approximately 0.38 mi straight-line (not a walking detour).<br/>Verification: Google Places business backup (operational); confirm customer restroom access and hours on race day.<br/>Source: <a href="https://maps.google.com/?cid=13093104106676548681&g_mp=Cilnb29nbGUubWFwcy5wbGFjZXMudjEuUGxhY2VzLlNlYXJjaE5lYXJieRACGAQgAA">official / current listing</a>]]></description>
      <styleUrl>#businessBackup</styleUrl>
      <Point><coordinates>-118.37981090000001,33.959627499999996,0</coordinates></Point>
    </Placemark>
    <Placemark><name>Burger King</name>
      <description><![CDATA[Priority 4: Fast-food or branded-gas backup.<br/>Address: 5228 W Centinela Ave, Los Angeles, CA 90045, USA<br/>Approximate runner mile: 9.0.<br/>Nearest runner geometry: approximately 0.84 mi straight-line (not a walking detour).<br/>Verification: Google Places business backup (operational); confirm customer restroom access and hours on race day.<br/>Source: <a href="https://maps.google.com/?cid=5974756232560424444&g_mp=Cilnb29nbGUubWFwcy5wbGFjZXMudjEuUGxhY2VzLlNlYXJjaE5lYXJieRACGAQgAA">official / current listing</a>]]></description>
      <styleUrl>#businessBackup</styleUrl>
      <Point><coordinates>-118.3713921,33.9769928,0</coordinates></Point>
    </Placemark>
    <Placemark><name>Burger King</name>
      <description><![CDATA[Priority 4: Fast-food or branded-gas backup.<br/>Address: 1202 Firestone Blvd, Los Angeles, CA 90001, USA<br/>Approximate runner mile: 16.8.<br/>Nearest runner geometry: approximately 0.03 mi straight-line (not a walking detour).<br/>Verification: Google Places business backup (operational); confirm customer restroom access and hours on race day.<br/>Source: <a href="https://maps.google.com/?cid=10629660078725769114&g_mp=Cilnb29nbGUubWFwcy5wbGFjZXMudjEuUGxhY2VzLlNlYXJjaE5lYXJieRACGAQgAA">official / current listing</a>]]></description>
      <styleUrl>#businessBackup</styleUrl>
      <Point><coordinates>-118.25369239999998,33.9599289,0</coordinates></Point>
    </Placemark>
    <Placemark><name>Burger King</name>
      <description><![CDATA[Priority 4: Fast-food or branded-gas backup.<br/>Address: 9500 Gilman Dr, La Jolla, CA 92093, USA<br/>Approximate runner mile: 106.4.<br/>Nearest runner geometry: approximately 0.51 mi straight-line (not a walking detour).<br/>Verification: Google Places business backup (operational); confirm customer restroom access and hours on race day.<br/>Source: <a href="https://maps.google.com/?cid=7420295033520438101&g_mp=Cilnb29nbGUubWFwcy5wbGFjZXMudjEuUGxhY2VzLlNlYXJjaE5lYXJieRACGAQgAA">official / current listing</a>]]></description>
      <styleUrl>#businessBackup</styleUrl>
      <Point><coordinates>-117.2352306,32.881698799999995,0</coordinates></Point>
    </Placemark>
    <Placemark><name>Burger Lounge</name>
      <description><![CDATA[Priority 4: Fast-food or branded-gas backup.<br/>Address: 13455 Maxella Ave, Marina Del Rey, CA 90292, USA<br/>Approximate runner mile: 3.7.<br/>Nearest runner geometry: approximately 0.40 mi straight-line (not a walking detour).<br/>Verification: Google Places business backup (operational); confirm customer restroom access and hours on race day.<br/>Source: <a href="https://maps.google.com/?cid=16045752984142743033&g_mp=Cilnb29nbGUubWFwcy5wbGFjZXMudjEuUGxhY2VzLlNlYXJjaE5lYXJieRACGAQgAA">official / current listing</a>]]></description>
      <styleUrl>#businessBackup</styleUrl>
      <Point><coordinates>-118.4426493,33.986183499999996,0</coordinates></Point>
    </Placemark>
    <Placemark><name>Burger Lounge</name>
      <description><![CDATA[Priority 4: Fast-food or branded-gas backup.<br/>Address: 279 E 17th St, Costa Mesa, CA 92627, USA<br/>Approximate runner mile: 54.8.<br/>Nearest runner geometry: approximately 0.99 mi straight-line (not a walking detour).<br/>Verification: Google Places business backup (operational); confirm customer restroom access and hours on race day.<br/>Source: <a href="https://maps.google.com/?cid=2936388421793864107&g_mp=Cilnb29nbGUubWFwcy5wbGFjZXMudjEuUGxhY2VzLlNlYXJjaE5lYXJieRACGAQgAA">official / current listing</a>]]></description>
      <styleUrl>#businessBackup</styleUrl>
      <Point><coordinates>-117.91663940000001,33.633145999999996,0</coordinates></Point>
    </Placemark>
    <Placemark><name>Burger Lounge</name>
      <description><![CDATA[Priority 4: Fast-food or branded-gas backup.<br/>Address: 1101 Wall St, La Jolla, CA 92037, USA<br/>Approximate runner mile: 110.1.<br/>Nearest runner geometry: approximately 0.23 mi straight-line (not a walking detour).<br/>Verification: Google Places business backup (operational); confirm customer restroom access and hours on race day.<br/>Source: <a href="https://maps.google.com/?cid=14273899790920277127&g_mp=Cilnb29nbGUubWFwcy5wbGFjZXMudjEuUGxhY2VzLlNlYXJjaE5lYXJieRACGAQgAA">official / current listing</a>]]></description>
      <styleUrl>#businessBackup</styleUrl>
      <Point><coordinates>-117.27305229999999,32.8468326,0</coordinates></Point>
    </Placemark>
    <Placemark><name>Capo Beach Valero</name>
      <description><![CDATA[Priority 4: Fast-food or branded-gas backup.<br/>Address: 34131 Doheny Park Rd, Dana Point, CA 92624, USA<br/>Approximate runner mile: 73.9.<br/>Nearest runner geometry: approximately 0.31 mi straight-line (not a walking detour).<br/>Verification: Google Places business backup (operational); confirm customer restroom access and hours on race day.<br/>Source: <a href="https://maps.google.com/?cid=17447621238059071215&g_mp=Cilnb29nbGUubWFwcy5wbGFjZXMudjEuUGxhY2VzLlNlYXJjaE5lYXJieRACGAQgAA">official / current listing</a>]]></description>
      <styleUrl>#businessBackup</styleUrl>
      <Point><coordinates>-117.6773671,33.4668796,0</coordinates></Point>
    </Placemark>
    <Placemark><name>Cardiff Valero Market</name>
      <description><![CDATA[Priority 4: Fast-food or branded-gas backup.<br/>Address: 820 Birmingham Dr, Cardiff, CA 92007, USA<br/>Approximate runner mile: 95.9.<br/>Nearest runner geometry: approximately 0.71 mi straight-line (not a walking detour).<br/>Verification: Google Places business backup (operational); confirm customer restroom access and hours on race day.<br/>Source: <a href="https://maps.google.com/?cid=15613812923289449969&g_mp=Cilnb29nbGUubWFwcy5wbGFjZXMudjEuUGxhY2VzLlNlYXJjaE5lYXJieRACGAQgAA">official / current listing</a>]]></description>
      <styleUrl>#businessBackup</styleUrl>
      <Point><coordinates>-117.2731687,33.0269045,0</coordinates></Point>
    </Placemark>
    <Placemark><name>Cardlock Fuels System</name>
      <description><![CDATA[Priority 4: Fast-food or branded-gas backup.<br/>Address: 916 W Spruce Ave, Inglewood, CA 90301, USA<br/>Approximate runner mile: 10.0.<br/>Nearest runner geometry: approximately 0.49 mi straight-line (not a walking detour).<br/>Verification: Google Places business backup (closed temporarily); confirm customer restroom access and hours on race day.<br/>Source: <a href="https://maps.google.com/?cid=10951211824551772634&g_mp=Cilnb29nbGUubWFwcy5wbGFjZXMudjEuUGxhY2VzLlNlYXJjaE5lYXJieRACGAQgAA">official / current listing</a>]]></description>
      <styleUrl>#businessBackup</styleUrl>
      <Point><coordinates>-118.37295050000002,33.9551589,0</coordinates></Point>
    </Placemark>
    <Placemark><name>Carl's Jr.</name>
      <description><![CDATA[Priority 4: Fast-food or branded-gas backup.<br/>Address: 344 W Manchester Blvd, Inglewood, CA 90301, USA<br/>Approximate runner mile: 10.5.<br/>Nearest runner geometry: approximately 0.03 mi straight-line (not a walking detour).<br/>Verification: Google Places business backup (operational); confirm customer restroom access and hours on race day.<br/>Source: <a href="https://maps.google.com/?cid=3386357437783001800&g_mp=Cilnb29nbGUubWFwcy5wbGFjZXMudjEuUGxhY2VzLlNlYXJjaE5lYXJieRACGAQgAA">official / current listing</a>]]></description>
      <styleUrl>#businessBackup</styleUrl>
      <Point><coordinates>-118.3612829,33.9612927,0</coordinates></Point>
    </Placemark>
    <Placemark><name>Carl's Jr.</name>
      <description><![CDATA[Priority 4: Fast-food or branded-gas backup.<br/>Address: 5760 Imperial Hwy., South Gate, CA 90280, USA<br/>Approximate runner mile: 22.5.<br/>Nearest runner geometry: approximately 0.91 mi straight-line (not a walking detour).<br/>Verification: Google Places business backup (operational); confirm customer restroom access and hours on race day.<br/>Source: <a href="https://maps.google.com/?cid=13672937195180785131&g_mp=Cilnb29nbGUubWFwcy5wbGFjZXMudjEuUGxhY2VzLlNlYXJjaE5lYXJieRACGAQgAA">official / current listing</a>]]></description>
      <styleUrl>#businessBackup</styleUrl>
      <Point><coordinates>-118.16758289999999,33.9294978,0</coordinates></Point>
    </Placemark>
    <Placemark><name>Carl's Jr.</name>
      <description><![CDATA[Priority 4: Fast-food or branded-gas backup.<br/>Address: 1400 Rosecrans Ave, Compton, CA 90221, USA<br/>Approximate runner mile: 24.6.<br/>Nearest runner geometry: approximately 0.80 mi straight-line (not a walking detour).<br/>Verification: Google Places business backup (operational); confirm customer restroom access and hours on race day.<br/>Source: <a href="https://maps.google.com/?cid=1401868130504644108&g_mp=Cilnb29nbGUubWFwcy5wbGFjZXMudjEuUGxhY2VzLlNlYXJjaE5lYXJieRACGAQgAA">official / current listing</a>]]></description>
      <styleUrl>#businessBackup</styleUrl>
      <Point><coordinates>-118.2080218,33.9030304,0</coordinates></Point>
    </Placemark>
    <Placemark><name>Carl's Jr.</name>
      <description><![CDATA[Priority 4: Fast-food or branded-gas backup.<br/>Address: 6601 Atlantic Ave, Long Beach, CA 90805, USA<br/>Approximate runner mile: 27.5.<br/>Nearest runner geometry: approximately 0.16 mi straight-line (not a walking detour).<br/>Verification: Google Places business backup (operational); confirm customer restroom access and hours on race day.<br/>Source: <a href="https://maps.google.com/?cid=15850348242115483526&g_mp=Cilnb29nbGUubWFwcy5wbGFjZXMudjEuUGxhY2VzLlNlYXJjaE5lYXJieRACGAQgAA">official / current listing</a>]]></description>
      <styleUrl>#businessBackup</styleUrl>
      <Point><coordinates>-118.18661669999999,33.8747672,0</coordinates></Point>
    </Placemark>
    <Placemark><name>Carl's Jr.</name>
      <description><![CDATA[Priority 4: Fast-food or branded-gas backup.<br/>Address: 4511 Pacific Coast Hwy, Long Beach, CA 90804, USA<br/>Approximate runner mile: 37.2.<br/>Nearest runner geometry: approximately 0.03 mi straight-line (not a walking detour).<br/>Verification: Google Places business backup (operational); confirm customer restroom access and hours on race day.<br/>Source: <a href="https://maps.google.com/?cid=11690795476506883455&g_mp=Cilnb29nbGUubWFwcy5wbGFjZXMudjEuUGxhY2VzLlNlYXJjaE5lYXJieRACGAQgAA">official / current listing</a>]]></description>
      <styleUrl>#businessBackup</styleUrl>
      <Point><coordinates>-118.1402111,33.788710699999996,0</coordinates></Point>
    </Placemark>
    <Placemark><name>Carl's Jr.</name>
      <description><![CDATA[Priority 4: Fast-food or branded-gas backup.<br/>Address: 1501 Newport Blvd, Costa Mesa, CA 92627, USA<br/>Approximate runner mile: 54.7.<br/>Nearest runner geometry: approximately 0.69 mi straight-line (not a walking detour).<br/>Verification: Google Places business backup (operational); confirm customer restroom access and hours on race day.<br/>Source: <a href="https://maps.google.com/?cid=18397498754548006302&g_mp=Cilnb29nbGUubWFwcy5wbGFjZXMudjEuUGxhY2VzLlNlYXJjaE5lYXJieRACGAQgAA">official / current listing</a>]]></description>
      <styleUrl>#businessBackup</styleUrl>
      <Point><coordinates>-117.92558649999998,33.6310356,0</coordinates></Point>
    </Placemark>
    <Placemark><name>Carl's Jr.</name>
      <description><![CDATA[Priority 4: Fast-food or branded-gas backup.<br/>Address: 34312 Pacific Coast Hwy, Dana Point, CA 92629, USA<br/>Approximate runner mile: 73.6.<br/>Nearest runner geometry: approximately 0.03 mi straight-line (not a walking detour).<br/>Verification: Google Places business backup (operational); confirm customer restroom access and hours on race day.<br/>Source: <a href="https://maps.google.com/?cid=9193535696932469892&g_mp=Cilnb29nbGUubWFwcy5wbGFjZXMudjEuUGxhY2VzLlNlYXJjaE5lYXJieRACGAQgAA">official / current listing</a>]]></description>
      <styleUrl>#businessBackup</styleUrl>
      <Point><coordinates>-117.68567240000002,33.4648043,0</coordinates></Point>
    </Placemark>
    <Placemark><name>Carl's Jr.</name>
      <description><![CDATA[Priority 4: Fast-food or branded-gas backup.<br/>Address: 3929 S El Camino Real, San Clemente, CA 92672, USA<br/>Approximate runner mile: 81.0.<br/>Nearest runner geometry: approximately 0.06 mi straight-line (not a walking detour).<br/>Verification: Google Places business backup (operational); confirm customer restroom access and hours on race day.<br/>Source: <a href="https://maps.google.com/?cid=17941248920570212857&g_mp=Cilnb29nbGUubWFwcy5wbGFjZXMudjEuUGxhY2VzLlNlYXJjaE5lYXJieRACGAQgAA">official / current listing</a>]]></description>
      <styleUrl>#businessBackup</styleUrl>
      <Point><coordinates>-117.5938915,33.3981299,0</coordinates></Point>
    </Placemark>
    <Placemark><name>Carl's Jr.</name>
      <description><![CDATA[Priority 4: Fast-food or branded-gas backup.<br/>Address: 950 Carlsbad Village Dr, Carlsbad, CA 92008, USA<br/>Approximate runner mile: 85.5.<br/>Nearest runner geometry: approximately 0.51 mi straight-line (not a walking detour).<br/>Verification: Google Places business backup (operational); confirm customer restroom access and hours on race day.<br/>Source: <a href="https://maps.google.com/?cid=18261006369524421840&g_mp=Cilnb29nbGUubWFwcy5wbGFjZXMudjEuUGxhY2VzLlNlYXJjaE5lYXJieRACGAQgAA">official / current listing</a>]]></description>
      <styleUrl>#businessBackup</styleUrl>
      <Point><coordinates>-117.3441574,33.1626257,0</coordinates></Point>
    </Placemark>
    <Placemark><name>Carl's Jr.</name>
      <description><![CDATA[Priority 4: Fast-food or branded-gas backup.<br/>Address: 925 Palomar Airport Rd, Carlsbad, CA 92011, USA<br/>Approximate runner mile: 88.7.<br/>Nearest runner geometry: approximately 0.47 mi straight-line (not a walking detour).<br/>Verification: Google Places business backup (operational); confirm customer restroom access and hours on race day.<br/>Source: <a href="https://maps.google.com/?cid=6193260422170884758&g_mp=Cilnb29nbGUubWFwcy5wbGFjZXMudjEuUGxhY2VzLlNlYXJjaE5lYXJieRACGAQgAA">official / current listing</a>]]></description>
      <styleUrl>#businessBackup</styleUrl>
      <Point><coordinates>-117.31833049999999,33.1216728,0</coordinates></Point>
    </Placemark>
    <Placemark><name>Carl's Jr.</name>
      <description><![CDATA[Priority 4: Fast-food or branded-gas backup.<br/>Address: 1137 Regal Rd, Encinitas, CA 92024, USA<br/>Approximate runner mile: 95.0.<br/>Nearest runner geometry: approximately 0.62 mi straight-line (not a walking detour).<br/>Verification: Google Places business backup (operational); confirm customer restroom access and hours on race day.<br/>Source: <a href="https://maps.google.com/?cid=12183425345773926378&g_mp=Cilnb29nbGUubWFwcy5wbGFjZXMudjEuUGxhY2VzLlNlYXJjaE5lYXJieRACGAQgAA">official / current listing</a>]]></description>
      <styleUrl>#businessBackup</styleUrl>
      <Point><coordinates>-117.2808765,33.037381599999996,0</coordinates></Point>
    </Placemark>
    <Placemark><name>Carl's Jr.</name>
      <description><![CDATA[Priority 4: Fast-food or branded-gas backup.<br/>Address: 106 Solana Hills Dr, Solana Beach, CA 92075, USA<br/>Approximate runner mile: 98.1.<br/>Nearest runner geometry: approximately 0.79 mi straight-line (not a walking detour).<br/>Verification: Google Places business backup (operational); confirm customer restroom access and hours on race day.<br/>Source: <a href="https://maps.google.com/?cid=10144372599296885649&g_mp=Cilnb29nbGUubWFwcy5wbGFjZXMudjEuUGxhY2VzLlNlYXJjaE5lYXJieRACGAQgAA">official / current listing</a>]]></description>
      <styleUrl>#businessBackup</styleUrl>
      <Point><coordinates>-117.25850779999999,32.9953953,0</coordinates></Point>
    </Placemark>
    <Placemark><name>Casa Sanchez #1</name>
      <description><![CDATA[Priority 4: Fast-food or branded-gas backup.<br/>Address: 3948 E Anaheim St, Long Beach, CA 90804, USA<br/>Approximate runner mile: 36.9.<br/>Nearest runner geometry: approximately 0.51 mi straight-line (not a walking detour).<br/>Verification: Google Places business backup (closed temporarily); confirm customer restroom access and hours on race day.<br/>Source: <a href="https://maps.google.com/?cid=8196374652154242384&g_mp=Cilnb29nbGUubWFwcy5wbGFjZXMudjEuUGxhY2VzLlNlYXJjaE5lYXJieRACGAQgAA">official / current listing</a>]]></description>
      <styleUrl>#businessBackup</styleUrl>
      <Point><coordinates>-118.14606060000001,33.7824081,0</coordinates></Point>
    </Placemark>
    <Placemark><name>Chao Petroeum</name>
      <description><![CDATA[Priority 4: Fast-food or branded-gas backup.<br/>Address: 14949 Garfield Ave, Paramount, CA 90723, USA<br/>Approximate runner mile: 25.4.<br/>Nearest runner geometry: approximately 0.83 mi straight-line (not a walking detour).<br/>Verification: Google Places business backup (closed temporarily); confirm customer restroom access and hours on race day.<br/>Source: <a href="https://maps.google.com/?cid=16998020022388572891&g_mp=Cilnb29nbGUubWFwcy5wbGFjZXMudjEuUGxhY2VzLlNlYXJjaE5lYXJieRACGAQgAA">official / current listing</a>]]></description>
      <styleUrl>#businessBackup</styleUrl>
      <Point><coordinates>-118.16929900000001,33.896820999999996,0</coordinates></Point>
    </Placemark>
    <Placemark><name>Charlie's Famous Fried Chicken</name>
      <description><![CDATA[Priority 4: Fast-food or branded-gas backup.<br/>Address: 1824 W Manchester Ave, Los Angeles, CA 90047, USA<br/>Approximate runner mile: 13.5.<br/>Nearest runner geometry: approximately 0.03 mi straight-line (not a walking detour).<br/>Verification: Google Places business backup (operational); confirm customer restroom access and hours on race day.<br/>Source: <a href="https://maps.google.com/?cid=5528729663697416237&g_mp=Cilnb29nbGUubWFwcy5wbGFjZXMudjEuUGxhY2VzLlNlYXJjaE5lYXJieRACGAQgAA">official / current listing</a>]]></description>
      <styleUrl>#businessBackup</styleUrl>
      <Point><coordinates>-118.3098813,33.9596922,0</coordinates></Point>
    </Placemark>
    <Placemark><name>Charlie's Gyros</name>
      <description><![CDATA[Priority 4: Fast-food or branded-gas backup.<br/>Address: 200 Main St #103b, Huntington Beach, CA 92648, USA<br/>Approximate runner mile: 49.6.<br/>Nearest runner geometry: approximately 0.11 mi straight-line (not a walking detour).<br/>Verification: Google Places business backup (operational); confirm customer restroom access and hours on race day.<br/>Source: <a href="https://maps.google.com/?cid=5102554480934018032&g_mp=Cilnb29nbGUubWFwcy5wbGFjZXMudjEuUGxhY2VzLlNlYXJjaE5lYXJieRACGAQgAA">official / current listing</a>]]></description>
      <styleUrl>#businessBackup</styleUrl>
      <Point><coordinates>-118.00072130000001,33.6582356,0</coordinates></Point>
    </Placemark>
    <Placemark><name>Charo Chicken</name>
      <description><![CDATA[Priority 4: Fast-food or branded-gas backup.<br/>Address: 333 Main St, Seal Beach, CA 90740, USA<br/>Approximate runner mile: 41.1.<br/>Nearest runner geometry: approximately 0.03 mi straight-line (not a walking detour).<br/>Verification: Google Places business backup (operational); confirm customer restroom access and hours on race day.<br/>Source: <a href="https://maps.google.com/?cid=13142978172414169142&g_mp=Cilnb29nbGUubWFwcy5wbGFjZXMudjEuUGxhY2VzLlNlYXJjaE5lYXJieRACGAQgAA">official / current listing</a>]]></description>
      <styleUrl>#businessBackup</styleUrl>
      <Point><coordinates>-118.10312350000001,33.7440089,0</coordinates></Point>
    </Placemark>
    <Placemark><name>Chevron</name>
      <description><![CDATA[Priority 4: Fast-food or branded-gas backup.<br/>Address: 1732 Lincoln Blvd, Santa Monica, CA 90404, USA<br/>Approximate runner mile: 0.6.<br/>Nearest runner geometry: approximately 0.50 mi straight-line (not a walking detour).<br/>Verification: Google Places business backup (operational); confirm customer restroom access and hours on race day.<br/>Source: <a href="https://maps.google.com/?cid=18376750223082741768&g_mp=Cilnb29nbGUubWFwcy5wbGFjZXMudjEuUGxhY2VzLlNlYXJjaE5lYXJieRACGAQgAA">official / current listing</a>]]></description>
      <styleUrl>#businessBackup</styleUrl>
      <Point><coordinates>-118.48562020000001,34.0142204,0</coordinates></Point>
    </Placemark>
    <Placemark><name>Chevron</name>
      <description><![CDATA[Priority 4: Fast-food or branded-gas backup.<br/>Address: 1348 Pico Blvd, Santa Monica, CA 90405, USA<br/>Approximate runner mile: 0.7.<br/>Nearest runner geometry: approximately 0.94 mi straight-line (not a walking detour).<br/>Verification: Google Places business backup (operational); confirm customer restroom access and hours on race day.<br/>Source: <a href="https://maps.google.com/?cid=15137994109117253572&g_mp=Cilnb29nbGUubWFwcy5wbGFjZXMudjEuUGxhY2VzLlNlYXJjaE5lYXJieRACGAQgAA">official / current listing</a>]]></description>
      <styleUrl>#businessBackup</styleUrl>
      <Point><coordinates>-118.47620409999999,34.0156846,0</coordinates></Point>
    </Placemark>
    <Placemark><name>Chevron</name>
      <description><![CDATA[Priority 4: Fast-food or branded-gas backup.<br/>Address: 251 Lincoln Blvd, Venice, CA 90291, USA<br/>Approximate runner mile: 1.7.<br/>Nearest runner geometry: approximately 0.64 mi straight-line (not a walking detour).<br/>Verification: Google Places business backup (operational); confirm customer restroom access and hours on race day.<br/>Source: <a href="https://maps.google.com/?cid=15397920550420255137&g_mp=Cilnb29nbGUubWFwcy5wbGFjZXMudjEuUGxhY2VzLlNlYXJjaE5lYXJieRACGAQgAA">official / current listing</a>]]></description>
      <styleUrl>#businessBackup</styleUrl>
      <Point><coordinates>-118.468434,34.0013826,0</coordinates></Point>
    </Placemark>
    <Placemark><name>Chevron</name>
      <description><![CDATA[Priority 4: Fast-food or branded-gas backup.<br/>Address: 2400 Lincoln Blvd, Venice, CA 90291, USA<br/>Approximate runner mile: 3.5.<br/>Nearest runner geometry: approximately 0.33 mi straight-line (not a walking detour).<br/>Verification: Google Places business backup (operational); confirm customer restroom access and hours on race day.<br/>Source: <a href="https://maps.google.com/?cid=7345708594025882764&g_mp=Cilnb29nbGUubWFwcy5wbGFjZXMudjEuUGxhY2VzLlNlYXJjaE5lYXJieRACGAQgAA">official / current listing</a>]]></description>
      <styleUrl>#businessBackup</styleUrl>
      <Point><coordinates>-118.4519546,33.9940388,0</coordinates></Point>
    </Placemark>
    <Placemark><name>Chevron</name>
      <description><![CDATA[Priority 4: Fast-food or branded-gas backup.<br/>Address: 4680 Lincoln Blvd, Marina Del Rey, CA 90292, USA<br/>Approximate runner mile: 3.7.<br/>Nearest runner geometry: approximately 0.81 mi straight-line (not a walking detour).<br/>Verification: Google Places business backup (operational); confirm customer restroom access and hours on race day.<br/>Source: <a href="https://maps.google.com/?cid=17242738160136041357&g_mp=Cilnb29nbGUubWFwcy5wbGFjZXMudjEuUGxhY2VzLlNlYXJjaE5lYXJieRACGAQgAA">official / current listing</a>]]></description>
      <styleUrl>#businessBackup</styleUrl>
      <Point><coordinates>-118.439037,33.9810237,0</coordinates></Point>
    </Placemark>
    <Placemark><name>Chevron</name>
      <description><![CDATA[Priority 4: Fast-food or branded-gas backup.<br/>Address: 11305 Culver Blvd, Los Angeles, CA 90066, USA<br/>Approximate runner mile: 5.5.<br/>Nearest runner geometry: approximately 0.59 mi straight-line (not a walking detour).<br/>Verification: Google Places business backup (operational); confirm customer restroom access and hours on race day.<br/>Source: <a href="https://maps.google.com/?cid=5407092501971513979&g_mp=Cilnb29nbGUubWFwcy5wbGFjZXMudjEuUGxhY2VzLlNlYXJjaE5lYXJieRACGAQgAA">official / current listing</a>]]></description>
      <styleUrl>#businessBackup</styleUrl>
      <Point><coordinates>-118.41246609999999,34.0023834,0</coordinates></Point>
    </Placemark>
    <Placemark><name>Chevron</name>
      <description><![CDATA[Priority 4: Fast-food or branded-gas backup.<br/>Address: 12401 Jefferson Blvd, Los Angeles, CA 90066, USA<br/>Approximate runner mile: 6.7.<br/>Nearest runner geometry: approximately 0.57 mi straight-line (not a walking detour).<br/>Verification: Google Places business backup (operational); confirm customer restroom access and hours on race day.<br/>Source: <a href="https://maps.google.com/?cid=18055108237230746353&g_mp=Cilnb29nbGUubWFwcy5wbGFjZXMudjEuUGxhY2VzLlNlYXJjaE5lYXJieRACGAQgAA">official / current listing</a>]]></description>
      <styleUrl>#businessBackup</styleUrl>
      <Point><coordinates>-118.40969249999998,33.981348,0</coordinates></Point>
    </Placemark>
    <Placemark><name>Chevron</name>
      <description><![CDATA[Priority 4: Fast-food or branded-gas backup.<br/>Address: 11197 Washington Pl, Culver City, CA 90232, USA<br/>Approximate runner mile: 5.3.<br/>Nearest runner geometry: approximately 0.92 mi straight-line (not a walking detour).<br/>Verification: Google Places business backup (operational); confirm customer restroom access and hours on race day.<br/>Source: <a href="https://maps.google.com/?cid=10223947139880732693&g_mp=Cilnb29nbGUubWFwcy5wbGFjZXMudjEuUGxhY2VzLlNlYXJjaE5lYXJieRACGAQgAA">official / current listing</a>]]></description>
      <styleUrl>#businessBackup</styleUrl>
      <Point><coordinates>-118.41391440000001,34.0091916,0</coordinates></Point>
    </Placemark>
    <Placemark><name>Chevron</name>
      <description><![CDATA[Priority 4: Fast-food or branded-gas backup.<br/>Address: 5975 W Centinela Ave, Los Angeles, CA 90045, USA<br/>Approximate runner mile: 7.7.<br/>Nearest runner geometry: approximately 0.43 mi straight-line (not a walking detour).<br/>Verification: Google Places business backup (operational); confirm customer restroom access and hours on race day.<br/>Source: <a href="https://maps.google.com/?cid=11317842967585798634&g_mp=Cilnb29nbGUubWFwcy5wbGFjZXMudjEuUGxhY2VzLlNlYXJjaE5lYXJieRACGAQgAA">official / current listing</a>]]></description>
      <styleUrl>#businessBackup</styleUrl>
      <Point><coordinates>-118.3866954,33.9775688,0</coordinates></Point>
    </Placemark>
    <Placemark><name>Chevron</name>
      <description><![CDATA[Priority 4: Fast-food or branded-gas backup.<br/>Address: 7550 S Sepulveda Blvd, Los Angeles, CA 90045, USA<br/>Approximate runner mile: 8.0.<br/>Nearest runner geometry: approximately 0.02 mi straight-line (not a walking detour).<br/>Verification: Google Places business backup (operational); confirm customer restroom access and hours on race day.<br/>Source: <a href="https://maps.google.com/?cid=8552214414140779587&g_mp=Cilnb29nbGUubWFwcy5wbGFjZXMudjEuUGxhY2VzLlNlYXJjaE5lYXJieRACGAQgAA">official / current listing</a>]]></description>
      <styleUrl>#businessBackup</styleUrl>
      <Point><coordinates>-118.39461560000001,33.971894899999995,0</coordinates></Point>
    </Placemark>
    <Placemark><name>Chevron</name>
      <description><![CDATA[Priority 4: Fast-food or branded-gas backup.<br/>Address: 4015 W Century Blvd, Inglewood, CA 90304, USA<br/>Approximate runner mile: 11.5.<br/>Nearest runner geometry: approximately 0.97 mi straight-line (not a walking detour).<br/>Verification: Google Places business backup (operational); confirm customer restroom access and hours on race day.<br/>Source: <a href="https://maps.google.com/?cid=11431881855265866089&g_mp=Cilnb29nbGUubWFwcy5wbGFjZXMudjEuUGxhY2VzLlNlYXJjaE5lYXJieRACGAQgAA">official / current listing</a>]]></description>
      <styleUrl>#businessBackup</styleUrl>
      <Point><coordinates>-118.3442622,33.945793699999996,0</coordinates></Point>
    </Placemark>
    <Placemark><name>Chevron</name>
      <description><![CDATA[Priority 4: Fast-food or branded-gas backup.<br/>Address: 1359 W Century Blvd, Los Angeles, CA 90044, USA<br/>Approximate runner mile: 14.1.<br/>Nearest runner geometry: approximately 0.98 mi straight-line (not a walking detour).<br/>Verification: Google Places business backup (operational); confirm customer restroom access and hours on race day.<br/>Source: <a href="https://maps.google.com/?cid=2287723662440953060&g_mp=Cilnb29nbGUubWFwcy5wbGFjZXMudjEuUGxhY2VzLlNlYXJjaE5lYXJieRACGAQgAA">official / current listing</a>]]></description>
      <styleUrl>#businessBackup</styleUrl>
      <Point><coordinates>-118.30003850000001,33.945665,0</coordinates></Point>
    </Placemark>
    <Placemark><name>Chevron</name>
      <description><![CDATA[Priority 4: Fast-food or branded-gas backup.<br/>Address: 256 E Manchester Ave, Los Angeles, CA 90003, USA<br/>Approximate runner mile: 15.9.<br/>Nearest runner geometry: approximately 0.01 mi straight-line (not a walking detour).<br/>Verification: Google Places business backup (operational); confirm customer restroom access and hours on race day.<br/>Source: <a href="https://maps.google.com/?cid=13854067990711161257&g_mp=Cilnb29nbGUubWFwcy5wbGFjZXMudjEuUGxhY2VzLlNlYXJjaE5lYXJieRACGAQgAA">official / current listing</a>]]></description>
      <styleUrl>#businessBackup</styleUrl>
      <Point><coordinates>-118.2699298,33.9598322,0</coordinates></Point>
    </Placemark>
    <Placemark><name>Chevron</name>
      <description><![CDATA[Priority 4: Fast-food or branded-gas backup.<br/>Address: 428 W Florence Ave, Los Angeles, CA 90003, USA<br/>Approximate runner mile: 15.2.<br/>Nearest runner geometry: approximately 0.99 mi straight-line (not a walking detour).<br/>Verification: Google Places business backup (operational); confirm customer restroom access and hours on race day.<br/>Source: <a href="https://maps.google.com/?cid=4946866147994348876&g_mp=Cilnb29nbGUubWFwcy5wbGFjZXMudjEuUGxhY2VzLlNlYXJjaE5lYXJieRACGAQgAA">official / current listing</a>]]></description>
      <styleUrl>#businessBackup</styleUrl>
      <Point><coordinates>-118.28159279999998,33.974275399999996,0</coordinates></Point>
    </Placemark>
    <Placemark><name>Chevron</name>
      <description><![CDATA[Priority 4: Fast-food or branded-gas backup.<br/>Address: 2143 Nadeau St, Huntington Park, CA 90255, USA<br/>Approximate runner mile: 18.0.<br/>Nearest runner geometry: approximately 0.52 mi straight-line (not a walking detour).<br/>Verification: Google Places business backup (operational); confirm customer restroom access and hours on race day.<br/>Source: <a href="https://maps.google.com/?cid=13145764487689441488&g_mp=Cilnb29nbGUubWFwcy5wbGFjZXMudjEuUGxhY2VzLlNlYXJjaE5lYXJieRACGAQgAA">official / current listing</a>]]></description>
      <styleUrl>#businessBackup</styleUrl>
      <Point><coordinates>-118.23351009999999,33.967776,0</coordinates></Point>
    </Placemark>
    <Placemark><name>Chevron</name>
      <description><![CDATA[Priority 4: Fast-food or branded-gas backup.<br/>Address: 3250 Firestone Blvd, South Gate, CA 90280, USA<br/>Approximate runner mile: 19.4.<br/>Nearest runner geometry: approximately 0.01 mi straight-line (not a walking detour).<br/>Verification: Google Places business backup (operational); confirm customer restroom access and hours on race day.<br/>Source: <a href="https://maps.google.com/?cid=14154152338702551663&g_mp=Cilnb29nbGUubWFwcy5wbGFjZXMudjEuUGxhY2VzLlNlYXJjaE5lYXJieRACGAQgAA">official / current listing</a>]]></description>
      <styleUrl>#businessBackup</styleUrl>
      <Point><coordinates>-118.21196259999998,33.954510899999995,0</coordinates></Point>
    </Placemark>
    <Placemark><name>Chevron</name>
      <description><![CDATA[Priority 4: Fast-food or branded-gas backup.<br/>Address: 4346 E Imperial Hwy, Lynwood, CA 90262, USA<br/>Approximate runner mile: 22.7.<br/>Nearest runner geometry: approximately 0.04 mi straight-line (not a walking detour).<br/>Verification: Google Places business backup (operational); confirm customer restroom access and hours on race day.<br/>Source: <a href="https://maps.google.com/?cid=7155563753773040922&g_mp=Cilnb29nbGUubWFwcy5wbGFjZXMudjEuUGxhY2VzLlNlYXJjaE5lYXJieRACGAQgAA">official / current listing</a>]]></description>
      <styleUrl>#businessBackup</styleUrl>
      <Point><coordinates>-118.1845019,33.930506199999996,0</coordinates></Point>
    </Placemark>
    <Placemark><name>Chevron</name>
      <description><![CDATA[Priority 4: Fast-food or branded-gas backup.<br/>Address: 11401 Atlantic Ave, Lynwood, CA 90262, USA<br/>Approximate runner mile: 23.4.<br/>Nearest runner geometry: approximately 0.03 mi straight-line (not a walking detour).<br/>Verification: Google Places business backup (operational); confirm customer restroom access and hours on race day.<br/>Source: <a href="https://maps.google.com/?cid=2799882037490166545&g_mp=Cilnb29nbGUubWFwcy5wbGFjZXMudjEuUGxhY2VzLlNlYXJjaE5lYXJieRACGAQgAA">official / current listing</a>]]></description>
      <styleUrl>#businessBackup</styleUrl>
      <Point><coordinates>-118.18822970000001,33.9211029,0</coordinates></Point>
    </Placemark>
    <Placemark><name>Chevron</name>
      <description><![CDATA[Priority 4: Fast-food or branded-gas backup.<br/>Address: 6602 Alondra Blvd, Paramount, CA 90723, USA<br/>Approximate runner mile: 26.4.<br/>Nearest runner geometry: approximately 0.26 mi straight-line (not a walking detour).<br/>Verification: Google Places business backup (operational); confirm customer restroom access and hours on race day.<br/>Source: <a href="https://maps.google.com/?cid=11145677115949473510&g_mp=Cilnb29nbGUubWFwcy5wbGFjZXMudjEuUGxhY2VzLlNlYXJjaE5lYXJieRACGAQgAA">official / current listing</a>]]></description>
      <styleUrl>#businessBackup</styleUrl>
      <Point><coordinates>-118.18232699999999,33.8888417,0</coordinates></Point>
    </Placemark>
    <Placemark><name>Chevron</name>
      <description><![CDATA[Priority 4: Fast-food or branded-gas backup.<br/>Address: 5740 Atlantic Ave, Long Beach, CA 90805, USA<br/>Approximate runner mile: 28.3.<br/>Nearest runner geometry: approximately 0.67 mi straight-line (not a walking detour).<br/>Verification: Google Places business backup (operational); confirm customer restroom access and hours on race day.<br/>Source: <a href="https://maps.google.com/?cid=13354632391638193273&g_mp=Cilnb29nbGUubWFwcy5wbGFjZXMudjEuUGxhY2VzLlNlYXJjaE5lYXJieRACGAQgAA">official / current listing</a>]]></description>
      <styleUrl>#businessBackup</styleUrl>
      <Point><coordinates>-118.18475289999999,33.859814199999995,0</coordinates></Point>
    </Placemark>
    <Placemark><name>Chevron</name>
      <description><![CDATA[Priority 4: Fast-food or branded-gas backup.<br/>Address: 4991 Long Beach Blvd, Long Beach, CA 90805, USA<br/>Approximate runner mile: 29.5.<br/>Nearest runner geometry: approximately 0.48 mi straight-line (not a walking detour).<br/>Verification: Google Places business backup (operational); confirm customer restroom access and hours on race day.<br/>Source: <a href="https://maps.google.com/?cid=7392954834932811780&g_mp=Cilnb29nbGUubWFwcy5wbGFjZXMudjEuUGxhY2VzLlNlYXJjaE5lYXJieRACGAQgAA">official / current listing</a>]]></description>
      <styleUrl>#businessBackup</styleUrl>
      <Point><coordinates>-118.1941762,33.846452299999996,0</coordinates></Point>
    </Placemark>
    <Placemark><name>Chevron</name>
      <description><![CDATA[Priority 4: Fast-food or branded-gas backup.<br/>Address: 1700 W Wardlow Rd, Long Beach, CA 90810, USA<br/>Approximate runner mile: 31.1.<br/>Nearest runner geometry: approximately 0.64 mi straight-line (not a walking detour).<br/>Verification: Google Places business backup (operational); confirm customer restroom access and hours on race day.<br/>Source: <a href="https://maps.google.com/?cid=4507274374849341654&g_mp=Cilnb29nbGUubWFwcy5wbGFjZXMudjEuUGxhY2VzLlNlYXJjaE5lYXJieRACGAQgAA">official / current listing</a>]]></description>
      <styleUrl>#businessBackup</styleUrl>
      <Point><coordinates>-118.21593449999999,33.8240368,0</coordinates></Point>
    </Placemark>
    <Placemark><name>Chevron</name>
      <description><![CDATA[Priority 4: Fast-food or branded-gas backup.<br/>Address: 601 W Willow St, Long Beach, CA 90806, USA<br/>Approximate runner mile: 32.5.<br/>Nearest runner geometry: approximately 0.29 mi straight-line (not a walking detour).<br/>Verification: Google Places business backup (operational); confirm customer restroom access and hours on race day.<br/>Source: <a href="https://maps.google.com/?cid=16068231171068625899&g_mp=Cilnb29nbGUubWFwcy5wbGFjZXMudjEuUGxhY2VzLlNlYXJjaE5lYXJieRACGAQgAA">official / current listing</a>]]></description>
      <styleUrl>#businessBackup</styleUrl>
      <Point><coordinates>-118.19945630000001,33.804722399999996,0</coordinates></Point>
    </Placemark>
    <Placemark><name>Chevron</name>
      <description><![CDATA[Priority 4: Fast-food or branded-gas backup.<br/>Address: 1603 W Pacific Coast Hwy, Long Beach, CA 90810, USA<br/>Approximate runner mile: 33.5.<br/>Nearest runner geometry: approximately 0.57 mi straight-line (not a walking detour).<br/>Verification: Google Places business backup (operational); confirm customer restroom access and hours on race day.<br/>Source: <a href="https://maps.google.com/?cid=9163578669173639227&g_mp=Cilnb29nbGUubWFwcy5wbGFjZXMudjEuUGxhY2VzLlNlYXJjaE5lYXJieRACGAQgAA">official / current listing</a>]]></description>
      <styleUrl>#businessBackup</styleUrl>
      <Point><coordinates>-118.21431139999999,33.7901824,0</coordinates></Point>
    </Placemark>
    <Placemark><name>Chevron</name>
      <description><![CDATA[Priority 4: Fast-food or branded-gas backup.<br/>Address: 1790 Long Beach Blvd, Long Beach, CA 90813, USA<br/>Approximate runner mile: 34.4.<br/>Nearest runner geometry: approximately 0.01 mi straight-line (not a walking detour).<br/>Verification: Google Places business backup (operational); confirm customer restroom access and hours on race day.<br/>Source: <a href="https://maps.google.com/?cid=3153622053194550578&g_mp=Cilnb29nbGUubWFwcy5wbGFjZXMudjEuUGxhY2VzLlNlYXJjaE5lYXJieRACGAQgAA">official / current listing</a>]]></description>
      <styleUrl>#businessBackup</styleUrl>
      <Point><coordinates>-118.18899770000002,33.789619,0</coordinates></Point>
    </Placemark>
    <Placemark><name>Chevron</name>
      <description><![CDATA[Priority 4: Fast-food or branded-gas backup.<br/>Address: 490 W Anaheim St, Long Beach, CA 90813, USA<br/>Approximate runner mile: 33.9.<br/>Nearest runner geometry: approximately 0.51 mi straight-line (not a walking detour).<br/>Verification: Google Places business backup (operational); confirm customer restroom access and hours on race day.<br/>Source: <a href="https://maps.google.com/?cid=12736636091633943185&g_mp=Cilnb29nbGUubWFwcy5wbGFjZXMudjEuUGxhY2VzLlNlYXJjaE5lYXJieRACGAQgAA">official / current listing</a>]]></description>
      <styleUrl>#businessBackup</styleUrl>
      <Point><coordinates>-118.1977054,33.7823834,0</coordinates></Point>
    </Placemark>
    <Placemark><name>Chevron</name>
      <description><![CDATA[Priority 4: Fast-food or branded-gas backup.<br/>Address: 2599 Cherry Ave, Signal Hill, CA 90755, USA<br/>Approximate runner mile: 35.6.<br/>Nearest runner geometry: approximately 0.99 mi straight-line (not a walking detour).<br/>Verification: Google Places business backup (operational); confirm customer restroom access and hours on race day.<br/>Source: <a href="https://maps.google.com/?cid=12180141592624194827&g_mp=Cilnb29nbGUubWFwcy5wbGFjZXMudjEuUGxhY2VzLlNlYXJjaE5lYXJieRACGAQgAA">official / current listing</a>]]></description>
      <styleUrl>#businessBackup</styleUrl>
      <Point><coordinates>-118.1680231,33.8040722,0</coordinates></Point>
    </Placemark>
    <Placemark><name>Chevron</name>
      <description><![CDATA[Priority 4: Fast-food or branded-gas backup.<br/>Address: 700 Redondo Ave, Long Beach, CA 90804, USA<br/>Approximate runner mile: 36.5.<br/>Nearest runner geometry: approximately 0.98 mi straight-line (not a walking detour).<br/>Verification: Google Places business backup (operational); confirm customer restroom access and hours on race day.<br/>Source: <a href="https://maps.google.com/?cid=3211923002276406919&g_mp=Cilnb29nbGUubWFwcy5wbGFjZXMudjEuUGxhY2VzLlNlYXJjaE5lYXJieRACGAQgAA">official / current listing</a>]]></description>
      <styleUrl>#businessBackup</styleUrl>
      <Point><coordinates>-118.15203029999998,33.7755863,0</coordinates></Point>
    </Placemark>
    <Placemark><name>Chevron</name>
      <description><![CDATA[Priority 4: Fast-food or branded-gas backup.<br/>Address: 2610 N Lakewood Blvd, Long Beach, CA 90815, USA<br/>Approximate runner mile: 37.0.<br/>Nearest runner geometry: approximately 0.98 mi straight-line (not a walking detour).<br/>Verification: Google Places business backup (operational); confirm customer restroom access and hours on race day.<br/>Source: <a href="https://maps.google.com/?cid=16162336264184571347&g_mp=Cilnb29nbGUubWFwcy5wbGFjZXMudjEuUGxhY2VzLlNlYXJjaE5lYXJieRACGAQgAA">official / current listing</a>]]></description>
      <styleUrl>#businessBackup</styleUrl>
      <Point><coordinates>-118.1423114,33.8038689,0</coordinates></Point>
    </Placemark>
    <Placemark><name>Chevron</name>
      <description><![CDATA[Priority 4: Fast-food or branded-gas backup.<br/>Address: 5750 E 7th St, Long Beach, CA 90803, USA<br/>Approximate runner mile: 38.8.<br/>Nearest runner geometry: approximately 0.12 mi straight-line (not a walking detour).<br/>Verification: Google Places business backup (operational); confirm customer restroom access and hours on race day.<br/>Source: <a href="https://maps.google.com/?cid=10826298412568290791&g_mp=Cilnb29nbGUubWFwcy5wbGFjZXMudjEuUGxhY2VzLlNlYXJjaE5lYXJieRACGAQgAA">official / current listing</a>]]></description>
      <styleUrl>#businessBackup</styleUrl>
      <Point><coordinates>-118.11942210000001,33.7749253,0</coordinates></Point>
    </Placemark>
    <Placemark><name>Chevron</name>
      <description><![CDATA[Priority 4: Fast-food or branded-gas backup.<br/>Address: 1461 Superior Ave, Newport Beach, CA 92663, USA<br/>Approximate runner mile: 54.3.<br/>Nearest runner geometry: approximately 0.44 mi straight-line (not a walking detour).<br/>Verification: Google Places business backup (operational); confirm customer restroom access and hours on race day.<br/>Source: <a href="https://maps.google.com/?cid=18003371020999263332&g_mp=Cilnb29nbGUubWFwcy5wbGFjZXMudjEuUGxhY2VzLlNlYXJjaE5lYXJieRACGAQgAA">official / current listing</a>]]></description>
      <styleUrl>#businessBackup</styleUrl>
      <Point><coordinates>-117.9326119,33.6278015,0</coordinates></Point>
    </Placemark>
    <Placemark><name>Chevron</name>
      <description><![CDATA[Priority 4: Fast-food or branded-gas backup.<br/>Address: 301 East Coast Hwy, Newport Beach, CA 92660, USA<br/>Approximate runner mile: 56.3.<br/>Nearest runner geometry: approximately 0.02 mi straight-line (not a walking detour).<br/>Verification: Google Places business backup (operational); confirm customer restroom access and hours on race day.<br/>Source: <a href="https://maps.google.com/?cid=17228983924883792978&g_mp=Cilnb29nbGUubWFwcy5wbGFjZXMudjEuUGxhY2VzLlNlYXJjaE5lYXJieRACGAQgAA">official / current listing</a>]]></description>
      <styleUrl>#businessBackup</styleUrl>
      <Point><coordinates>-117.90027409999998,33.6157827,0</coordinates></Point>
    </Placemark>
    <Placemark><name>Chevron</name>
      <description><![CDATA[Priority 4: Fast-food or branded-gas backup.<br/>Address: 2546 East Coast Hwy, Corona Del Mar, CA 92625, USA<br/>Approximate runner mile: 58.2.<br/>Nearest runner geometry: approximately 0.03 mi straight-line (not a walking detour).<br/>Verification: Google Places business backup (operational); confirm customer restroom access and hours on race day.<br/>Source: <a href="https://maps.google.com/?cid=16296252707992519673&g_mp=Cilnb29nbGUubWFwcy5wbGFjZXMudjEuUGxhY2VzLlNlYXJjaE5lYXJieRACGAQgAA">official / current listing</a>]]></description>
      <styleUrl>#businessBackup</styleUrl>
      <Point><coordinates>-117.8730487,33.603411799999996,0</coordinates></Point>
    </Placemark>
    <Placemark><name>Chevron</name>
      <description><![CDATA[Priority 4: Fast-food or branded-gas backup.<br/>Address: 604 S Coast Hwy, Laguna Beach, CA 92651, USA<br/>Approximate runner mile: 65.3.<br/>Nearest runner geometry: approximately 0.02 mi straight-line (not a walking detour).<br/>Verification: Google Places business backup (operational); confirm customer restroom access and hours on race day.<br/>Source: <a href="https://maps.google.com/?cid=9183811786349018639&g_mp=Cilnb29nbGUubWFwcy5wbGFjZXMudjEuUGxhY2VzLlNlYXJjaE5lYXJieRACGAQgAA">official / current listing</a>]]></description>
      <styleUrl>#businessBackup</styleUrl>
      <Point><coordinates>-117.78097179999999,33.5397112,0</coordinates></Point>
    </Placemark>
    <Placemark><name>Chevron</name>
      <description><![CDATA[Priority 4: Fast-food or branded-gas backup.<br/>Address: 32842 CA-1, Dana Point, CA 92629, USA<br/>Approximate runner mile: 70.3.<br/>Nearest runner geometry: approximately 0.04 mi straight-line (not a walking detour).<br/>Verification: Google Places business backup (operational); confirm customer restroom access and hours on race day.<br/>Source: <a href="https://maps.google.com/?cid=9487609860848859745&g_mp=Cilnb29nbGUubWFwcy5wbGFjZXMudjEuUGxhY2VzLlNlYXJjaE5lYXJieRACGAQgAA">official / current listing</a>]]></description>
      <styleUrl>#businessBackup</styleUrl>
      <Point><coordinates>-117.7251807,33.4856942,0</coordinates></Point>
    </Placemark>
    <Placemark><name>Chevron</name>
      <description><![CDATA[Priority 4: Fast-food or branded-gas backup.<br/>Address: 515 E Avenida Pico, San Clemente, CA 92672, USA<br/>Approximate runner mile: 77.9.<br/>Nearest runner geometry: approximately 0.39 mi straight-line (not a walking detour).<br/>Verification: Google Places business backup (operational); confirm customer restroom access and hours on race day.<br/>Source: <a href="https://maps.google.com/?cid=4144362655564051874&g_mp=Cilnb29nbGUubWFwcy5wbGFjZXMudjEuUGxhY2VzLlNlYXJjaE5lYXJieRACGAQgAA">official / current listing</a>]]></description>
      <styleUrl>#businessBackup</styleUrl>
      <Point><coordinates>-117.6239105,33.4379792,0</coordinates></Point>
    </Placemark>
    <Placemark><name>Chevron</name>
      <description><![CDATA[Priority 4: Fast-food or branded-gas backup.<br/>Address: 1729 S El Camino Real, San Clemente, CA 92672, USA<br/>Approximate runner mile: 79.5.<br/>Nearest runner geometry: approximately 0.09 mi straight-line (not a walking detour).<br/>Verification: Google Places business backup (operational); confirm customer restroom access and hours on race day.<br/>Source: <a href="https://maps.google.com/?cid=8336586595457425379&g_mp=Cilnb29nbGUubWFwcy5wbGFjZXMudjEuUGxhY2VzLlNlYXJjaE5lYXJieRACGAQgAA">official / current listing</a>]]></description>
      <styleUrl>#businessBackup</styleUrl>
      <Point><coordinates>-117.6038287,33.4182278,0</coordinates></Point>
    </Placemark>
    <Placemark><name>Chevron</name>
      <description><![CDATA[Priority 4: Fast-food or branded-gas backup.<br/>Address: 1601 N Coast Hwy Chevron, Oceanside, CA 92054, USA<br/>Approximate runner mile: 81.3.<br/>Nearest runner geometry: approximately 0.01 mi straight-line (not a walking detour).<br/>Verification: Google Places business backup (operational); confirm customer restroom access and hours on race day.<br/>Source: <a href="https://maps.google.com/?cid=4880845067480158459&g_mp=Cilnb29nbGUubWFwcy5wbGFjZXMudjEuUGxhY2VzLlNlYXJjaE5lYXJieRACGAQgAA">official / current listing</a>]]></description>
      <styleUrl>#businessBackup</styleUrl>
      <Point><coordinates>-117.3873987,33.209235899999996,0</coordinates></Point>
    </Placemark>
    <Placemark><name>Chevron</name>
      <description><![CDATA[Priority 4: Fast-food or branded-gas backup.<br/>Address: 920 Carlsbad Village Dr, Carlsbad, CA 92008, USA<br/>Approximate runner mile: 85.5.<br/>Nearest runner geometry: approximately 0.48 mi straight-line (not a walking detour).<br/>Verification: Google Places business backup (operational); confirm customer restroom access and hours on race day.<br/>Source: <a href="https://maps.google.com/?cid=5956154024000823346&g_mp=Cilnb29nbGUubWFwcy5wbGFjZXMudjEuUGxhY2VzLlNlYXJjaE5lYXJieRACGAQgAA">official / current listing</a>]]></description>
      <styleUrl>#businessBackup</styleUrl>
      <Point><coordinates>-117.3445397,33.162394299999995,0</coordinates></Point>
    </Placemark>
    <Placemark><name>Chevron</name>
      <description><![CDATA[Priority 4: Fast-food or branded-gas backup.<br/>Address: 850 Palomar Airport Rd, Carlsbad, CA 92008, USA<br/>Approximate runner mile: 88.6.<br/>Nearest runner geometry: approximately 0.43 mi straight-line (not a walking detour).<br/>Verification: Google Places business backup (operational); confirm customer restroom access and hours on race day.<br/>Source: <a href="https://maps.google.com/?cid=13120397250414397423&g_mp=Cilnb29nbGUubWFwcy5wbGFjZXMudjEuUGxhY2VzLlNlYXJjaE5lYXJieRACGAQgAA">official / current listing</a>]]></description>
      <styleUrl>#businessBackup</styleUrl>
      <Point><coordinates>-117.3195893,33.122469099999996,0</coordinates></Point>
    </Placemark>
    <Placemark><name>Chevron</name>
      <description><![CDATA[Priority 4: Fast-food or branded-gas backup.<br/>Address: 540 La Costa Ave, Encinitas, CA 92024, USA<br/>Approximate runner mile: 91.5.<br/>Nearest runner geometry: approximately 0.52 mi straight-line (not a walking detour).<br/>Verification: Google Places business backup (operational); confirm customer restroom access and hours on race day.<br/>Source: <a href="https://maps.google.com/?cid=9734580739124366633&g_mp=Cilnb29nbGUubWFwcy5wbGFjZXMudjEuUGxhY2VzLlNlYXJjaE5lYXJieRACGAQgAA">official / current listing</a>]]></description>
      <styleUrl>#businessBackup</styleUrl>
      <Point><coordinates>-117.2998496,33.084739299999995,0</coordinates></Point>
    </Placemark>
    <Placemark><name>Chevron</name>
      <description><![CDATA[Priority 4: Fast-food or branded-gas backup.<br/>Address: 350 Encinitas Blvd, Encinitas, CA 92024, USA<br/>Approximate runner mile: 94.0.<br/>Nearest runner geometry: approximately 0.58 mi straight-line (not a walking detour).<br/>Verification: Google Places business backup (operational); confirm customer restroom access and hours on race day.<br/>Source: <a href="https://maps.google.com/?cid=7160319734972562011&g_mp=Cilnb29nbGUubWFwcy5wbGFjZXMudjEuUGxhY2VzLlNlYXJjaE5lYXJieRACGAQgAA">official / current listing</a>]]></description>
      <styleUrl>#businessBackup</styleUrl>
      <Point><coordinates>-117.28389519999999,33.0483653,0</coordinates></Point>
    </Placemark>
    <Placemark><name>Chevron</name>
      <description><![CDATA[Priority 4: Fast-food or branded-gas backup.<br/>Address: 805 Birmingham Dr, Cardiff, CA 92007, USA<br/>Approximate runner mile: 95.9.<br/>Nearest runner geometry: approximately 0.68 mi straight-line (not a walking detour).<br/>Verification: Google Places business backup (operational); confirm customer restroom access and hours on race day.<br/>Source: <a href="https://maps.google.com/?cid=9222324467904984819&g_mp=Cilnb29nbGUubWFwcy5wbGFjZXMudjEuUGxhY2VzLlNlYXJjaE5lYXJieRACGAQgAA">official / current listing</a>]]></description>
      <styleUrl>#businessBackup</styleUrl>
      <Point><coordinates>-117.27332940000001,33.0262361,0</coordinates></Point>
    </Placemark>
    <Placemark><name>Chevron</name>
      <description><![CDATA[Priority 4: Fast-food or branded-gas backup.<br/>Address: 3085 Manchester Ave, Cardiff, CA 92007, USA<br/>Approximate runner mile: 96.9.<br/>Nearest runner geometry: approximately 0.92 mi straight-line (not a walking detour).<br/>Verification: Google Places business backup (operational); confirm customer restroom access and hours on race day.<br/>Source: <a href="https://maps.google.com/?cid=17519479604500881969&g_mp=Cilnb29nbGUubWFwcy5wbGFjZXMudjEuUGxhY2VzLlNlYXJjaE5lYXJieRACGAQgAA">official / current listing</a>]]></description>
      <styleUrl>#businessBackup</styleUrl>
      <Point><coordinates>-117.2630435,33.0114486,0</coordinates></Point>
    </Placemark>
    <Placemark><name>Chevron</name>
      <description><![CDATA[Priority 4: Fast-food or branded-gas backup.<br/>Address: 660 Via De La Valle, Solana Beach, CA 92075, USA<br/>Approximate runner mile: 99.0.<br/>Nearest runner geometry: approximately 0.71 mi straight-line (not a walking detour).<br/>Verification: Google Places business backup (operational); confirm customer restroom access and hours on race day.<br/>Source: <a href="https://maps.google.com/?cid=3491120383905899281&g_mp=Cilnb29nbGUubWFwcy5wbGFjZXMudjEuUGxhY2VzLlNlYXJjaE5lYXJieRACGAQgAA">official / current listing</a>]]></description>
      <styleUrl>#businessBackup</styleUrl>
      <Point><coordinates>-117.2566719,32.9796961,0</coordinates></Point>
    </Placemark>
    <Placemark><name>Chevron</name>
      <description><![CDATA[Priority 4: Fast-food or branded-gas backup.<br/>Address: 13801 Mango Dr, Del Mar, CA 92014, USA<br/>Approximate runner mile: 101.5.<br/>Nearest runner geometry: approximately 0.79 mi straight-line (not a walking detour).<br/>Verification: Google Places business backup (operational); confirm customer restroom access and hours on race day.<br/>Source: <a href="https://maps.google.com/?cid=4193748922132060727&g_mp=Cilnb29nbGUubWFwcy5wbGFjZXMudjEuUGxhY2VzLlNlYXJjaE5lYXJieRACGAQgAA">official / current listing</a>]]></description>
      <styleUrl>#businessBackup</styleUrl>
      <Point><coordinates>-117.2472084,32.949127600000004,0</coordinates></Point>
    </Placemark>
    <Placemark><name>Chevron</name>
      <description><![CDATA[Priority 4: Fast-food or branded-gas backup.<br/>Address: 7475 La Jolla Blvd, La Jolla, CA 92037, USA<br/>Approximate runner mile: 110.5.<br/>Nearest runner geometry: approximately 0.27 mi straight-line (not a walking detour).<br/>Verification: Google Places business backup (operational); confirm customer restroom access and hours on race day.<br/>Source: <a href="https://maps.google.com/?cid=13649029289886352904&g_mp=Cilnb29nbGUubWFwcy5wbGFjZXMudjEuUGxhY2VzLlNlYXJjaE5lYXJieRACGAQgAA">official / current listing</a>]]></description>
      <styleUrl>#businessBackup</styleUrl>
      <Point><coordinates>-117.27817139999999,32.839012499999995,0</coordinates></Point>
    </Placemark>
    <Placemark><name>Chevron</name>
      <description><![CDATA[Priority 4: Fast-food or branded-gas backup.<br/>Address: 1575 Garnet Ave, San Diego, CA 92109, USA<br/>Approximate runner mile: 115.1.<br/>Nearest runner geometry: approximately 0.01 mi straight-line (not a walking detour).<br/>Verification: Google Places business backup (operational); confirm customer restroom access and hours on race day.<br/>Source: <a href="https://maps.google.com/?cid=9440373690635681550&g_mp=Cilnb29nbGUubWFwcy5wbGFjZXMudjEuUGxhY2VzLlNlYXJjaE5lYXJieRACGAQgAA">official / current listing</a>]]></description>
      <styleUrl>#businessBackup</styleUrl>
      <Point><coordinates>-117.241073,32.799453,0</coordinates></Point>
    </Placemark>
    <Placemark><name>Chevron Dana Point</name>
      <description><![CDATA[Priority 4: Fast-food or branded-gas backup.<br/>Address: 34306 CA-1, Dana Point, CA 92629, USA<br/>Approximate runner mile: 73.5.<br/>Nearest runner geometry: approximately 0.09 mi straight-line (not a walking detour).<br/>Verification: Google Places business backup (operational); confirm customer restroom access and hours on race day.<br/>Source: <a href="https://maps.google.com/?cid=8864446431614810226&g_mp=Cilnb29nbGUubWFwcy5wbGFjZXMudjEuUGxhY2VzLlNlYXJjaE5lYXJieRACGAQgAA">official / current listing</a>]]></description>
      <styleUrl>#businessBackup</styleUrl>
      <Point><coordinates>-117.68769130000001,33.465331,0</coordinates></Point>
    </Placemark>
    <Placemark><name>Chevron Extra Mile – G&amp;M</name>
      <description><![CDATA[Priority 4: Fast-food or branded-gas backup.<br/>Address: 5651 Imperial Hwy. C, South Gate, CA 90280, USA<br/>Approximate runner mile: 22.5.<br/>Nearest runner geometry: approximately 0.72 mi straight-line (not a walking detour).<br/>Verification: Google Places business backup (operational); confirm customer restroom access and hours on race day.<br/>Source: <a href="https://maps.google.com/?cid=17083640618548120297&g_mp=Cilnb29nbGUubWFwcy5wbGFjZXMudjEuUGxhY2VzLlNlYXJjaE5lYXJieRACGAQgAA">official / current listing</a>]]></description>
      <styleUrl>#businessBackup</styleUrl>
      <Point><coordinates>-118.1705583,33.930361399999995,0</coordinates></Point>
    </Placemark>
    <Placemark><name>Chevron ExtraMile</name>
      <description><![CDATA[Priority 4: Fast-food or branded-gas backup.<br/>Address: 34164 CA-1, Dana Point, CA 92629, USA<br/>Approximate runner mile: 72.5.<br/>Nearest runner geometry: approximately 0.03 mi straight-line (not a walking detour).<br/>Verification: Google Places business backup (operational); confirm customer restroom access and hours on race day.<br/>Source: <a href="https://maps.google.com/?cid=15415221715168428585&g_mp=Cilnb29nbGUubWFwcy5wbGFjZXMudjEuUGxhY2VzLlNlYXJjaE5lYXJieRACGAQgAA">official / current listing</a>]]></description>
      <styleUrl>#businessBackup</styleUrl>
      <Point><coordinates>-117.6997608,33.467219,0</coordinates></Point>
    </Placemark>
    <Placemark><name>Chevron ExtraMileCarlsbad</name>
      <description><![CDATA[Priority 4: Fast-food or branded-gas backup.<br/>Address: 970 Tamarack Ave, Carlsbad, CA 92008, USA<br/>Approximate runner mile: 86.4.<br/>Nearest runner geometry: approximately 0.71 mi straight-line (not a walking detour).<br/>Verification: Google Places business backup (operational); confirm customer restroom access and hours on race day.<br/>Source: <a href="https://maps.google.com/?cid=11457212211039027223&g_mp=Cilnb29nbGUubWFwcy5wbGFjZXMudjEuUGxhY2VzLlNlYXJjaE5lYXJieRACGAQgAA">official / current listing</a>]]></description>
      <styleUrl>#businessBackup</styleUrl>
      <Point><coordinates>-117.33506899999999,33.153058,0</coordinates></Point>
    </Placemark>
    <Placemark><name>Chevron Gas Station</name>
      <description><![CDATA[Priority 4: Fast-food or branded-gas backup.<br/>Address: 16921 Algonquin St, Huntington Beach, CA 92649, USA<br/>Approximate runner mile: 44.6.<br/>Nearest runner geometry: approximately 0.78 mi straight-line (not a walking detour).<br/>Verification: Google Places business backup (operational); confirm customer restroom access and hours on race day.<br/>Source: <a href="https://maps.google.com/?cid=15735155922482138037&g_mp=Cilnb29nbGUubWFwcy5wbGFjZXMudjEuUGxhY2VzLlNlYXJjaE5lYXJieRACGAQgAA">official / current listing</a>]]></description>
      <styleUrl>#businessBackup</styleUrl>
      <Point><coordinates>-118.0505347,33.7162061,0</coordinates></Point>
    </Placemark>
    <Placemark><name>Chevron Newport Beach</name>
      <description><![CDATA[Priority 4: Fast-food or branded-gas backup.<br/>Address: 1550 Jamboree Rd, Newport Beach, CA 92660, USA<br/>Approximate runner mile: 57.3.<br/>Nearest runner geometry: approximately 0.96 mi straight-line (not a walking detour).<br/>Verification: Google Places business backup (operational); confirm customer restroom access and hours on race day.<br/>Source: <a href="https://maps.google.com/?cid=2619690471388850985&g_mp=Cilnb29nbGUubWFwcy5wbGFjZXMudjEuUGxhY2VzLlNlYXJjaE5lYXJieRACGAQgAA">official / current listing</a>]]></description>
      <styleUrl>#businessBackup</styleUrl>
      <Point><coordinates>-117.87914920000001,33.6245822,0</coordinates></Point>
    </Placemark>
    <Placemark><name>Chevron Santa Monica</name>
      <description><![CDATA[Priority 4: Fast-food or branded-gas backup.<br/>Address: 432 Wilshire Blvd, Santa Monica, CA 90401, USA<br/>Approximate runner mile: 0.1.<br/>Nearest runner geometry: approximately 0.58 mi straight-line (not a walking detour).<br/>Verification: Google Places business backup (operational); confirm customer restroom access and hours on race day.<br/>Source: <a href="https://maps.google.com/?cid=13371946792868738900&g_mp=Cilnb29nbGUubWFwcy5wbGFjZXMudjEuUGxhY2VzLlNlYXJjaE5lYXJieRACGAQgAA">official / current listing</a>]]></description>
      <styleUrl>#businessBackup</styleUrl>
      <Point><coordinates>-118.49732180000001,34.019565199999995,0</coordinates></Point>
    </Placemark>
    <Placemark><name>Chevron South Gate</name>
      <description><![CDATA[Priority 4: Fast-food or branded-gas backup.<br/>Address: 4201 Firestone Blvd, South Gate, CA 90280, USA<br/>Approximate runner mile: 20.4.<br/>Nearest runner geometry: approximately 0.03 mi straight-line (not a walking detour).<br/>Verification: Google Places business backup (operational); confirm customer restroom access and hours on race day.<br/>Source: <a href="https://maps.google.com/?cid=8421203657740371141&g_mp=Cilnb29nbGUubWFwcy5wbGFjZXMudjEuUGxhY2VzLlNlYXJjaE5lYXJieRACGAQgAA">official / current listing</a>]]></description>
      <styleUrl>#businessBackup</styleUrl>
      <Point><coordinates>-118.19611339999999,33.9535795,0</coordinates></Point>
    </Placemark>
    <Placemark><name>Chevron — Atlantic Avenue backup</name>
      <description><![CDATA[Priority 4: Fast-food or branded-gas backup.<br/>Address: 11401 Atlantic Ave, Lynwood, CA 90262<br/>Approximate runner mile: 22.8.<br/>Nearest runner geometry: approximately 0.03 mi straight-line (not a walking detour).<br/>Verification: Business backup only; confirm race-day hours and customer restroom access before relying on it.<br/>Source: <a href="https://www.chevronwithtechron.com/station/11401-Atlantic-Ave-Lynwood-CA-90262-id90495">official / current listing</a>]]></description>
      <styleUrl>#businessBackup</styleUrl>
      <Point><coordinates>-118.185,33.9291,0</coordinates></Point>
    </Placemark>
    <Placemark><name>Chevron — Oceanside runner restart</name>
      <description><![CDATA[Priority 4: Fast-food or branded-gas backup.<br/>Address: Chevron near I-5 Exit 54C / Coast Highway, Oceanside, CA 92054<br/>Approximate runner mile: 81.2.<br/>Nearest runner geometry: approximately 0.00 mi straight-line (not a walking detour).<br/>Verification: Business backup only; confirm race-day hours and customer restroom access before relying on it.<br/>Source: <a href="https://www.chevronwithtechron.com/station-finder">official / current listing</a>]]></description>
      <styleUrl>#businessBackup</styleUrl>
      <Point><coordinates>-117.3875,33.2093,0</coordinates></Point>
    </Placemark>
    <Placemark><name>Chick-fil-A</name>
      <description><![CDATA[Priority 4: Fast-food or branded-gas backup.<br/>Address: 2207 Lincoln Blvd, Santa Monica, CA 90405, USA<br/>Approximate runner mile: 0.8.<br/>Nearest runner geometry: approximately 0.53 mi straight-line (not a walking detour).<br/>Verification: Google Places business backup (operational); confirm customer restroom access and hours on race day.<br/>Source: <a href="https://maps.google.com/?cid=12676517868062189531&g_mp=Cilnb29nbGUubWFwcy5wbGFjZXMudjEuUGxhY2VzLlNlYXJjaE5lYXJieRACGAQgAA">official / current listing</a>]]></description>
      <styleUrl>#businessBackup</styleUrl>
      <Point><coordinates>-118.48007919999999,34.0102209,0</coordinates></Point>
    </Placemark>
    <Placemark><name>Chick-fil-A</name>
      <description><![CDATA[Priority 4: Fast-food or branded-gas backup.<br/>Address: 4050 Lincoln Blvd, Venice, CA 90292, USA<br/>Approximate runner mile: 3.7.<br/>Nearest runner geometry: approximately 0.10 mi straight-line (not a walking detour).<br/>Verification: Google Places business backup (operational); confirm customer restroom access and hours on race day.<br/>Source: <a href="https://maps.google.com/?cid=667074782754840402&g_mp=Cilnb29nbGUubWFwcy5wbGFjZXMudjEuUGxhY2VzLlNlYXJjaE5lYXJieRACGAQgAA">official / current listing</a>]]></description>
      <styleUrl>#businessBackup</styleUrl>
      <Point><coordinates>-118.4464311,33.9894046,0</coordinates></Point>
    </Placemark>
    <Placemark><name>Chick-fil-A</name>
      <description><![CDATA[Priority 4: Fast-food or branded-gas backup.<br/>Address: 11750 Jefferson Blvd, Los Angeles, CA 90230, USA<br/>Approximate runner mile: 6.9.<br/>Nearest runner geometry: approximately 0.01 mi straight-line (not a walking detour).<br/>Verification: Google Places business backup (operational); confirm customer restroom access and hours on race day.<br/>Source: <a href="https://maps.google.com/?cid=16982267387679938045&g_mp=Cilnb29nbGUubWFwcy5wbGFjZXMudjEuUGxhY2VzLlNlYXJjaE5lYXJieRACGAQgAA">official / current listing</a>]]></description>
      <styleUrl>#businessBackup</styleUrl>
      <Point><coordinates>-118.40076150000002,33.9862666,0</coordinates></Point>
    </Placemark>
    <Placemark><name>Chick-fil-A</name>
      <description><![CDATA[Priority 4: Fast-food or branded-gas backup.<br/>Address: 6801 S La Cienega Blvd, Los Angeles, CA 90045, USA<br/>Approximate runner mile: 9.0.<br/>Nearest runner geometry: approximately 0.87 mi straight-line (not a walking detour).<br/>Verification: Google Places business backup (operational); confirm customer restroom access and hours on race day.<br/>Source: <a href="https://maps.google.com/?cid=10464428975279109487&g_mp=Cilnb29nbGUubWFwcy5wbGFjZXMudjEuUGxhY2VzLlNlYXJjaE5lYXJieRACGAQgAA">official / current listing</a>]]></description>
      <styleUrl>#businessBackup</styleUrl>
      <Point><coordinates>-118.37067499999999,33.977064999999996,0</coordinates></Point>
    </Placemark>
    <Placemark><name>Chick-fil-A</name>
      <description><![CDATA[Priority 4: Fast-food or branded-gas backup.<br/>Address: 4401 E Pacific Coast Hwy, Long Beach, CA 90804, USA<br/>Approximate runner mile: 37.1.<br/>Nearest runner geometry: approximately 0.05 mi straight-line (not a walking detour).<br/>Verification: Google Places business backup (operational); confirm customer restroom access and hours on race day.<br/>Source: <a href="https://maps.google.com/?cid=2661352907894755970&g_mp=Cilnb29nbGUubWFwcy5wbGFjZXMudjEuUGxhY2VzLlNlYXJjaE5lYXJieRACGAQgAA">official / current listing</a>]]></description>
      <styleUrl>#businessBackup</styleUrl>
      <Point><coordinates>-118.1411463,33.7897392,0</coordinates></Point>
    </Placemark>
    <Placemark><name>Chick-fil-A</name>
      <description><![CDATA[Priority 4: Fast-food or branded-gas backup.<br/>Address: 401 Newport Center Dr Ste A108, Newport Beach, CA 92660, USA<br/>Approximate runner mile: 57.5.<br/>Nearest runner geometry: approximately 0.59 mi straight-line (not a walking detour).<br/>Verification: Google Places business backup (operational); confirm customer restroom access and hours on race day.<br/>Source: <a href="https://maps.google.com/?cid=10648533174483412183&g_mp=Cilnb29nbGUubWFwcy5wbGFjZXMudjEuUGxhY2VzLlNlYXJjaE5lYXJieRACGAQgAA">official / current listing</a>]]></description>
      <styleUrl>#businessBackup</styleUrl>
      <Point><coordinates>-117.874955,33.615975999999996,0</coordinates></Point>
    </Placemark>
    <Placemark><name>Chick-fil-A</name>
      <description><![CDATA[Priority 4: Fast-food or branded-gas backup.<br/>Address: 495 W Avenida Vista Hermosa, San Clemente, CA 92672, USA<br/>Approximate runner mile: 76.9.<br/>Nearest runner geometry: approximately 0.64 mi straight-line (not a walking detour).<br/>Verification: Google Places business backup (operational); confirm customer restroom access and hours on race day.<br/>Source: <a href="https://maps.google.com/?cid=10562154717984525393&g_mp=Cilnb29nbGUubWFwcy5wbGFjZXMudjEuUGxhY2VzLlNlYXJjaE5lYXJieRACGAQgAA">official / current listing</a>]]></description>
      <styleUrl>#businessBackup</styleUrl>
      <Point><coordinates>-117.63155799999998,33.444136,0</coordinates></Point>
    </Placemark>
    <Placemark><name>Chick-fil-A</name>
      <description><![CDATA[Priority 4: Fast-food or branded-gas backup.<br/>Address: 5848 Avenida Encinas, Carlsbad, CA 92008, USA<br/>Approximate runner mile: 88.3.<br/>Nearest runner geometry: approximately 0.21 mi straight-line (not a walking detour).<br/>Verification: Google Places business backup (operational); confirm customer restroom access and hours on race day.<br/>Source: <a href="https://maps.google.com/?cid=8659704820641448406&g_mp=Cilnb29nbGUubWFwcy5wbGFjZXMudjEuUGxhY2VzLlNlYXJjaE5lYXJieRACGAQgAA">official / current listing</a>]]></description>
      <styleUrl>#businessBackup</styleUrl>
      <Point><coordinates>-117.32479479999999,33.12543350000001,0</coordinates></Point>
    </Placemark>
    <Placemark><name>Chick-fil-A</name>
      <description><![CDATA[Priority 4: Fast-food or branded-gas backup.<br/>Address: 3351 Nobel Dr, La Jolla, CA 92037, USA<br/>Approximate runner mile: 107.0.<br/>Nearest runner geometry: approximately 0.88 mi straight-line (not a walking detour).<br/>Verification: Google Places business backup (operational); confirm customer restroom access and hours on race day.<br/>Source: <a href="https://maps.google.com/?cid=4882139587136447512&g_mp=Cilnb29nbGUubWFwcy5wbGFjZXMudjEuUGxhY2VzLlNlYXJjaE5lYXJieRACGAQgAA">official / current listing</a>]]></description>
      <styleUrl>#businessBackup</styleUrl>
      <Point><coordinates>-117.23155089999999,32.867563499999996,0</coordinates></Point>
    </Placemark>
    <Placemark><name>Chimney Dog</name>
      <description><![CDATA[Priority 4: Fast-food or branded-gas backup.<br/>Address: 1701 Ocean Front Walk Unit c, Venice, CA 90291, USA<br/>Approximate runner mile: 2.1.<br/>Nearest runner geometry: approximately 0.41 mi straight-line (not a walking detour).<br/>Verification: Google Places business backup (operational); confirm customer restroom access and hours on race day.<br/>Source: <a href="https://maps.google.com/?cid=4627972558763738614&g_mp=Cilnb29nbGUubWFwcy5wbGFjZXMudjEuUGxhY2VzLlNlYXJjaE5lYXJieRACGAQgAA">official / current listing</a>]]></description>
      <styleUrl>#businessBackup</styleUrl>
      <Point><coordinates>-118.4731249,33.9862914,0</coordinates></Point>
    </Placemark>
    <Placemark><name>China Chef Express</name>
      <description><![CDATA[Priority 4: Fast-food or branded-gas backup.<br/>Address: 1222 Obispo Ave, Long Beach, CA 90804, USA<br/>Approximate runner mile: 36.4.<br/>Nearest runner geometry: approximately 0.54 mi straight-line (not a walking detour).<br/>Verification: Google Places business backup (operational); confirm customer restroom access and hours on race day.<br/>Source: <a href="https://maps.google.com/?cid=6919037532729074078&g_mp=Cilnb29nbGUubWFwcy5wbGFjZXMudjEuUGxhY2VzLlNlYXJjaE5lYXJieRACGAQgAA">official / current listing</a>]]></description>
      <styleUrl>#businessBackup</styleUrl>
      <Point><coordinates>-118.1543313,33.7819265,0</coordinates></Point>
    </Placemark>
    <Placemark><name>Chinatown Express</name>
      <description><![CDATA[Priority 4: Fast-food or branded-gas backup.<br/>Address: 317 Lincoln Blvd, Venice, CA 90291, USA<br/>Approximate runner mile: 2.2.<br/>Nearest runner geometry: approximately 0.64 mi straight-line (not a walking detour).<br/>Verification: Google Places business backup (operational); confirm customer restroom access and hours on race day.<br/>Source: <a href="https://maps.google.com/?cid=17534854438401752793&g_mp=Cilnb29nbGUubWFwcy5wbGFjZXMudjEuUGxhY2VzLlNlYXJjaE5lYXJieRACGAQgAA">official / current listing</a>]]></description>
      <styleUrl>#businessBackup</styleUrl>
      <Point><coordinates>-118.46800209999999,34.0009761,0</coordinates></Point>
    </Placemark>
    <Placemark><name>Chipotle Mexican Grill</name>
      <description><![CDATA[Priority 4: Fast-food or branded-gas backup.<br/>Address: 1218 3rd Street Promenade, Santa Monica, CA 90401, USA<br/>Approximate runner mile: 0.1.<br/>Nearest runner geometry: approximately 0.50 mi straight-line (not a walking detour).<br/>Verification: Google Places business backup (operational); confirm customer restroom access and hours on race day.<br/>Source: <a href="https://maps.google.com/?cid=5344342186371490994&g_mp=Cilnb29nbGUubWFwcy5wbGFjZXMudjEuUGxhY2VzLlNlYXJjaE5lYXJieRACGAQgAA">official / current listing</a>]]></description>
      <styleUrl>#businessBackup</styleUrl>
      <Point><coordinates>-118.4989856,34.0176948,0</coordinates></Point>
    </Placemark>
    <Placemark><name>Chipotle Mexican Grill</name>
      <description><![CDATA[Priority 4: Fast-food or branded-gas backup.<br/>Address: 4718 Admiralty Way, Marina Del Rey, CA 90292, USA<br/>Approximate runner mile: 3.6.<br/>Nearest runner geometry: approximately 0.94 mi straight-line (not a walking detour).<br/>Verification: Google Places business backup (operational); confirm customer restroom access and hours on race day.<br/>Source: <a href="https://maps.google.com/?cid=4704439912291507348&g_mp=Cilnb29nbGUubWFwcy5wbGFjZXMudjEuUGxhY2VzLlNlYXJjaE5lYXJieRACGAQgAA">official / current listing</a>]]></description>
      <styleUrl>#businessBackup</styleUrl>
      <Point><coordinates>-118.43832970000001,33.979174,0</coordinates></Point>
    </Placemark>
    <Placemark><name>Chipotle Mexican Grill</name>
      <description><![CDATA[Priority 4: Fast-food or branded-gas backup.<br/>Address: 4114 Sepulveda Blvd Suite G, Culver City, CA 90230, USA<br/>Approximate runner mile: 5.3.<br/>Nearest runner geometry: approximately 0.84 mi straight-line (not a walking detour).<br/>Verification: Google Places business backup (operational); confirm customer restroom access and hours on race day.<br/>Source: <a href="https://maps.google.com/?cid=7901803811466293737&g_mp=Cilnb29nbGUubWFwcy5wbGFjZXMudjEuUGxhY2VzLlNlYXJjaE5lYXJieRACGAQgAA">official / current listing</a>]]></description>
      <styleUrl>#businessBackup</styleUrl>
      <Point><coordinates>-118.4126231,34.0071618,0</coordinates></Point>
    </Placemark>
    <Placemark><name>Chipotle Mexican Grill</name>
      <description><![CDATA[Priority 4: Fast-food or branded-gas backup.<br/>Address: 6000 Sepulveda Blvd, Culver City, CA 90230, USA<br/>Approximate runner mile: 7.3.<br/>Nearest runner geometry: approximately 0.30 mi straight-line (not a walking detour).<br/>Verification: Google Places business backup (operational); confirm customer restroom access and hours on race day.<br/>Source: <a href="https://maps.google.com/?cid=109165371327620357&g_mp=Cilnb29nbGUubWFwcy5wbGFjZXMudjEuUGxhY2VzLlNlYXJjaE5lYXJieRACGAQgAA">official / current listing</a>]]></description>
      <styleUrl>#businessBackup</styleUrl>
      <Point><coordinates>-118.39336050000001,33.9856268,0</coordinates></Point>
    </Placemark>
    <Placemark><name>Chipotle Mexican Grill</name>
      <description><![CDATA[Priority 4: Fast-food or branded-gas backup.<br/>Address: 6150 W Slauson Ave #106, Culver City, CA 90230, USA<br/>Approximate runner mile: 7.1.<br/>Nearest runner geometry: approximately 0.45 mi straight-line (not a walking detour).<br/>Verification: Google Places business backup (operational); confirm customer restroom access and hours on race day.<br/>Source: <a href="https://maps.google.com/?cid=17781723292876816595&g_mp=Cilnb29nbGUubWFwcy5wbGFjZXMudjEuUGxhY2VzLlNlYXJjaE5lYXJieRACGAQgAA">official / current listing</a>]]></description>
      <styleUrl>#businessBackup</styleUrl>
      <Point><coordinates>-118.393007,33.9881114,0</coordinates></Point>
    </Placemark>
    <Placemark><name>Chipotle Mexican Grill</name>
      <description><![CDATA[Priority 4: Fast-food or branded-gas backup.<br/>Address: 3421 W Century Blvd, Inglewood, CA 90303, USA<br/>Approximate runner mile: 12.2.<br/>Nearest runner geometry: approximately 0.95 mi straight-line (not a walking detour).<br/>Verification: Google Places business backup (operational); confirm customer restroom access and hours on race day.<br/>Source: <a href="https://maps.google.com/?cid=11759196824479529573&g_mp=Cilnb29nbGUubWFwcy5wbGFjZXMudjEuUGxhY2VzLlNlYXJjaE5lYXJieRACGAQgAA">official / current listing</a>]]></description>
      <styleUrl>#businessBackup</styleUrl>
      <Point><coordinates>-118.33227699999999,33.9464402,0</coordinates></Point>
    </Placemark>
    <Placemark><name>Chipotle Mexican Grill</name>
      <description><![CDATA[Priority 4: Fast-food or branded-gas backup.<br/>Address: 4709 Firestone Blvd, South Gate, CA 90280, USA<br/>Approximate runner mile: 21.0.<br/>Nearest runner geometry: approximately 0.03 mi straight-line (not a walking detour).<br/>Verification: Google Places business backup (operational); confirm customer restroom access and hours on race day.<br/>Source: <a href="https://maps.google.com/?cid=1067854923869276572&g_mp=Cilnb29nbGUubWFwcy5wbGFjZXMudjEuUGxhY2VzLlNlYXJjaE5lYXJieRACGAQgAA">official / current listing</a>]]></description>
      <styleUrl>#businessBackup</styleUrl>
      <Point><coordinates>-118.18563669999999,33.9525112,0</coordinates></Point>
    </Placemark>
    <Placemark><name>Chipotle Mexican Grill</name>
      <description><![CDATA[Priority 4: Fast-food or branded-gas backup.<br/>Address: 1800 Ximeno Ave, Long Beach, CA 90815, USA<br/>Approximate runner mile: 37.2.<br/>Nearest runner geometry: approximately 0.16 mi straight-line (not a walking detour).<br/>Verification: Google Places business backup (operational); confirm customer restroom access and hours on race day.<br/>Source: <a href="https://maps.google.com/?cid=16466537053510764531&g_mp=Cilnb29nbGUubWFwcy5wbGFjZXMudjEuUGxhY2VzLlNlYXJjaE5lYXJieRACGAQgAA">official / current listing</a>]]></description>
      <styleUrl>#businessBackup</styleUrl>
      <Point><coordinates>-118.13868060000001,33.7901267,0</coordinates></Point>
    </Placemark>
    <Placemark><name>Chipotle Mexican Grill</name>
      <description><![CDATA[Priority 4: Fast-food or branded-gas backup.<br/>Address: 6324 E Pacific Coast Hwy, Long Beach, CA 90803, USA<br/>Approximate runner mile: 39.8.<br/>Nearest runner geometry: approximately 0.08 mi straight-line (not a walking detour).<br/>Verification: Google Places business backup (operational); confirm customer restroom access and hours on race day.<br/>Source: <a href="https://maps.google.com/?cid=6241584774865293743&g_mp=Cilnb29nbGUubWFwcy5wbGFjZXMudjEuUGxhY2VzLlNlYXJjaE5lYXJieRACGAQgAA">official / current listing</a>]]></description>
      <styleUrl>#businessBackup</styleUrl>
      <Point><coordinates>-118.114932,33.7599221,0</coordinates></Point>
    </Placemark>
    <Placemark><name>Chipotle Mexican Grill</name>
      <description><![CDATA[Priority 4: Fast-food or branded-gas backup.<br/>Address: 3101 Newport Blvd, Newport Beach, CA 92663, USA<br/>Approximate runner mile: 54.5.<br/>Nearest runner geometry: approximately 0.40 mi straight-line (not a walking detour).<br/>Verification: Google Places business backup (operational); confirm customer restroom access and hours on race day.<br/>Source: <a href="https://maps.google.com/?cid=14872899756310361141&g_mp=Cilnb29nbGUubWFwcy5wbGFjZXMudjEuUGxhY2VzLlNlYXJjaE5lYXJieRACGAQgAA">official / current listing</a>]]></description>
      <styleUrl>#businessBackup</styleUrl>
      <Point><coordinates>-117.93063839999999,33.6152649,0</coordinates></Point>
    </Placemark>
    <Placemark><name>Chipotle Mexican Grill</name>
      <description><![CDATA[Priority 4: Fast-food or branded-gas backup.<br/>Address: 468 E 17th St, Costa Mesa, CA 92627, USA<br/>Approximate runner mile: 56.0.<br/>Nearest runner geometry: approximately 0.92 mi straight-line (not a walking detour).<br/>Verification: Google Places business backup (operational); confirm customer restroom access and hours on race day.<br/>Source: <a href="https://maps.google.com/?cid=5118307837035851665&g_mp=Cilnb29nbGUubWFwcy5wbGFjZXMudjEuUGxhY2VzLlNlYXJjaE5lYXJieRACGAQgAA">official / current listing</a>]]></description>
      <styleUrl>#businessBackup</styleUrl>
      <Point><coordinates>-117.9095334,33.629442499999996,0</coordinates></Point>
    </Placemark>
    <Placemark><name>Chipotle Mexican Grill</name>
      <description><![CDATA[Priority 4: Fast-food or branded-gas backup.<br/>Address: 3050 East Coast Hwy, Corona Del Mar, CA 92625, USA<br/>Approximate runner mile: 58.5.<br/>Nearest runner geometry: approximately 0.02 mi straight-line (not a walking detour).<br/>Verification: Google Places business backup (operational); confirm customer restroom access and hours on race day.<br/>Source: <a href="https://maps.google.com/?cid=4469201232230831116&g_mp=Cilnb29nbGUubWFwcy5wbGFjZXMudjEuUGxhY2VzLlNlYXJjaE5lYXJieRACGAQgAA">official / current listing</a>]]></description>
      <styleUrl>#businessBackup</styleUrl>
      <Point><coordinates>-117.87155989999998,33.598502499999995,0</coordinates></Point>
    </Placemark>
    <Placemark><name>Chipotle Mexican Grill</name>
      <description><![CDATA[Priority 4: Fast-food or branded-gas backup.<br/>Address: 610 Newport Center Dr #1100, Newport Beach, CA 92660, USA<br/>Approximate runner mile: 57.5.<br/>Nearest runner geometry: approximately 0.81 mi straight-line (not a walking detour).<br/>Verification: Google Places business backup (operational); confirm customer restroom access and hours on race day.<br/>Source: <a href="https://maps.google.com/?cid=17653392479605775679&g_mp=Cilnb29nbGUubWFwcy5wbGFjZXMudjEuUGxhY2VzLlNlYXJjaE5lYXJieRACGAQgAA">official / current listing</a>]]></description>
      <styleUrl>#businessBackup</styleUrl>
      <Point><coordinates>-117.87248810000001,33.6183291,0</coordinates></Point>
    </Placemark>
    <Placemark><name>Chipotle Mexican Grill</name>
      <description><![CDATA[Priority 4: Fast-food or branded-gas backup.<br/>Address: 806 Avenida Pico, San Clemente, CA 92673, USA<br/>Approximate runner mile: 78.0.<br/>Nearest runner geometry: approximately 0.87 mi straight-line (not a walking detour).<br/>Verification: Google Places business backup (operational); confirm customer restroom access and hours on race day.<br/>Source: <a href="https://maps.google.com/?cid=4613183220851797177&g_mp=Cilnb29nbGUubWFwcy5wbGFjZXMudjEuUGxhY2VzLlNlYXJjaE5lYXJieRACGAQgAA">official / current listing</a>]]></description>
      <styleUrl>#businessBackup</styleUrl>
      <Point><coordinates>-117.61399019999999,33.442553,0</coordinates></Point>
    </Placemark>
    <Placemark><name>Chipotle Mexican Grill</name>
      <description><![CDATA[Priority 4: Fast-food or branded-gas backup.<br/>Address: 8657 Villa La Jolla Dr, La Jolla, CA 92037, USA<br/>Approximate runner mile: 107.1.<br/>Nearest runner geometry: approximately 0.94 mi straight-line (not a walking detour).<br/>Verification: Google Places business backup (operational); confirm customer restroom access and hours on race day.<br/>Source: <a href="https://maps.google.com/?cid=5544889004578470497&g_mp=Cilnb29nbGUubWFwcy5wbGFjZXMudjEuUGxhY2VzLlNlYXJjaE5lYXJieRACGAQgAA">official / current listing</a>]]></description>
      <styleUrl>#businessBackup</styleUrl>
      <Point><coordinates>-117.2319447,32.8649121,0</coordinates></Point>
    </Placemark>
    <Placemark><name>Chipotle Mexican Grill</name>
      <description><![CDATA[Priority 4: Fast-food or branded-gas backup.<br/>Address: 1504 Garnet Ave, San Diego, CA 92109, USA<br/>Approximate runner mile: 115.0.<br/>Nearest runner geometry: approximately 0.03 mi straight-line (not a walking detour).<br/>Verification: Google Places business backup (operational); confirm customer restroom access and hours on race day.<br/>Source: <a href="https://maps.google.com/?cid=10183103478461400620&g_mp=Cilnb29nbGUubWFwcy5wbGFjZXMudjEuUGxhY2VzLlNlYXJjaE5lYXJieRACGAQgAA">official / current listing</a>]]></description>
      <styleUrl>#businessBackup</styleUrl>
      <Point><coordinates>-117.24262249999998,32.7997154,0</coordinates></Point>
    </Placemark>
    <Placemark><name>Chris's Hamburgers</name>
      <description><![CDATA[Priority 4: Fast-food or branded-gas backup.<br/>Address: 7701 Atlantic Ave, Cudahy, CA 90201, USA<br/>Approximate runner mile: 20.8.<br/>Nearest runner geometry: approximately 0.91 mi straight-line (not a walking detour).<br/>Verification: Google Places business backup (operational); confirm customer restroom access and hours on race day.<br/>Source: <a href="https://maps.google.com/?cid=15016572300945925066&g_mp=Cilnb29nbGUubWFwcy5wbGFjZXMudjEuUGxhY2VzLlNlYXJjaE5lYXJieRACGAQgAA">official / current listing</a>]]></description>
      <styleUrl>#businessBackup</styleUrl>
      <Point><coordinates>-118.18731509999999,33.9654828,0</coordinates></Point>
    </Placemark>
    <Placemark><name>Chronic Tacos</name>
      <description><![CDATA[Priority 4: Fast-food or branded-gas backup.<br/>Address: 328 11th St, Huntington Beach, CA 92648, USA<br/>Approximate runner mile: 49.2.<br/>Nearest runner geometry: approximately 0.23 mi straight-line (not a walking detour).<br/>Verification: Google Places business backup (operational); confirm customer restroom access and hours on race day.<br/>Source: <a href="https://maps.google.com/?cid=6656367909573266006&g_mp=Cilnb29nbGUubWFwcy5wbGFjZXMudjEuUGxhY2VzLlNlYXJjaE5lYXJieRACGAQgAA">official / current listing</a>]]></description>
      <styleUrl>#businessBackup</styleUrl>
      <Point><coordinates>-118.0049532,33.6636118,0</coordinates></Point>
    </Placemark>
    <Placemark><name>Chronic Tacos</name>
      <description><![CDATA[Priority 4: Fast-food or branded-gas backup.<br/>Address: 4533 Pacific Coast Hwy, Newport Beach, CA 92663, USA<br/>Approximate runner mile: 54.0.<br/>Nearest runner geometry: approximately 0.04 mi straight-line (not a walking detour).<br/>Verification: Google Places business backup (operational); confirm customer restroom access and hours on race day.<br/>Source: <a href="https://maps.google.com/?cid=5129420245172451207&g_mp=Cilnb29nbGUubWFwcy5wbGFjZXMudjEuUGxhY2VzLlNlYXJjaE5lYXJieRACGAQgAA">official / current listing</a>]]></description>
      <styleUrl>#businessBackup</styleUrl>
      <Point><coordinates>-117.93815000000001,33.621838,0</coordinates></Point>
    </Placemark>
    <Placemark><name>Chronic Tacos Newport Beach Balboa</name>
      <description><![CDATA[Priority 4: Fast-food or branded-gas backup.<br/>Address: 301 Main St, Newport Beach, CA 92661, USA<br/>Approximate runner mile: 56.7.<br/>Nearest runner geometry: approximately 0.80 mi straight-line (not a walking detour).<br/>Verification: Google Places business backup (operational); confirm customer restroom access and hours on race day.<br/>Source: <a href="https://maps.google.com/?cid=5126121410051040909&g_mp=Cilnb29nbGUubWFwcy5wbGFjZXMudjEuUGxhY2VzLlNlYXJjaE5lYXJieRACGAQgAA">official / current listing</a>]]></description>
      <styleUrl>#businessBackup</styleUrl>
      <Point><coordinates>-117.89933239999999,33.6024592,0</coordinates></Point>
    </Placemark>
    <Placemark><name>Church's Texas Chicken</name>
      <description><![CDATA[Priority 4: Fast-food or branded-gas backup.<br/>Address: 1030 E Manchester Ave, Los Angeles, CA 90001, USA<br/>Approximate runner mile: 16.6.<br/>Nearest runner geometry: approximately 0.01 mi straight-line (not a walking detour).<br/>Verification: Google Places business backup (operational); confirm customer restroom access and hours on race day.<br/>Source: <a href="https://maps.google.com/?cid=12218523810143811418&g_mp=Cilnb29nbGUubWFwcy5wbGFjZXMudjEuUGxhY2VzLlNlYXJjaE5lYXJieRACGAQgAA">official / current listing</a>]]></description>
      <styleUrl>#businessBackup</styleUrl>
      <Point><coordinates>-118.25680380000001,33.959865,0</coordinates></Point>
    </Placemark>
    <Placemark><name>Church's Texas Chicken</name>
      <description><![CDATA[Priority 4: Fast-food or branded-gas backup.<br/>Address: 1415 Rosecrans Ave, Compton, CA 90222, USA<br/>Approximate runner mile: 24.6.<br/>Nearest runner geometry: approximately 0.80 mi straight-line (not a walking detour).<br/>Verification: Google Places business backup (operational); confirm customer restroom access and hours on race day.<br/>Source: <a href="https://maps.google.com/?cid=2905199762183205382&g_mp=Cilnb29nbGUubWFwcy5wbGFjZXMudjEuUGxhY2VzLlNlYXJjaE5lYXJieRACGAQgAA">official / current listing</a>]]></description>
      <styleUrl>#businessBackup</styleUrl>
      <Point><coordinates>-118.20807810000001,33.903677099999996,0</coordinates></Point>
    </Placemark>
    <Placemark><name>Church's Texas Chicken</name>
      <description><![CDATA[Priority 4: Fast-food or branded-gas backup.<br/>Address: 2533 Long Beach Blvd, Long Beach, CA 90806, USA<br/>Approximate runner mile: 32.6.<br/>Nearest runner geometry: approximately 0.81 mi straight-line (not a walking detour).<br/>Verification: Google Places business backup (operational); confirm customer restroom access and hours on race day.<br/>Source: <a href="https://maps.google.com/?cid=3107915450980658956&g_mp=Cilnb29nbGUubWFwcy5wbGFjZXMudjEuUGxhY2VzLlNlYXJjaE5lYXJieRACGAQgAA">official / current listing</a>]]></description>
      <styleUrl>#businessBackup</styleUrl>
      <Point><coordinates>-118.1904193,33.8041274,0</coordinates></Point>
    </Placemark>
    <Placemark><name>Church's Texas Chicken</name>
      <description><![CDATA[Priority 4: Fast-food or branded-gas backup.<br/>Address: 1199 E Anaheim St, Long Beach, CA 90813, USA<br/>Approximate runner mile: 35.1.<br/>Nearest runner geometry: approximately 0.48 mi straight-line (not a walking detour).<br/>Verification: Google Places business backup (operational); confirm customer restroom access and hours on race day.<br/>Source: <a href="https://maps.google.com/?cid=2744002638718117264&g_mp=Cilnb29nbGUubWFwcy5wbGFjZXMudjEuUGxhY2VzLlNlYXJjaE5lYXJieRACGAQgAA">official / current listing</a>]]></description>
      <styleUrl>#businessBackup</styleUrl>
      <Point><coordinates>-118.17662399999999,33.7828551,0</coordinates></Point>
    </Placemark>
    <Placemark><name>Churrito Loco</name>
      <description><![CDATA[Priority 4: Fast-food or branded-gas backup.<br/>Address: 2801 Firestone Blvd Ste A, South Gate, CA 90280, USA<br/>Approximate runner mile: 18.8.<br/>Nearest runner geometry: approximately 0.03 mi straight-line (not a walking detour).<br/>Verification: Google Places business backup (operational); confirm customer restroom access and hours on race day.<br/>Source: <a href="https://maps.google.com/?cid=12546825884651811800&g_mp=Cilnb29nbGUubWFwcy5wbGFjZXMudjEuUGxhY2VzLlNlYXJjaE5lYXJieRACGAQgAA">official / current listing</a>]]></description>
      <styleUrl>#businessBackup</styleUrl>
      <Point><coordinates>-118.22140990000001,33.9560415,0</coordinates></Point>
    </Placemark>
    <Placemark><name>Circle K | Gas Station</name>
      <description><![CDATA[Priority 4: Fast-food or branded-gas backup.<br/>Address: 6401 E Pacific Coast Hwy, Long Beach, CA 90803, USA<br/>Approximate runner mile: 40.0.<br/>Nearest runner geometry: approximately 0.04 mi straight-line (not a walking detour).<br/>Verification: Google Places business backup (operational); confirm customer restroom access and hours on race day.<br/>Source: <a href="https://maps.google.com/?cid=17178536461303516232&g_mp=Cilnb29nbGUubWFwcy5wbGFjZXMudjEuUGxhY2VzLlNlYXJjaE5lYXJieRACGAQgAA">official / current listing</a>]]></description>
      <styleUrl>#businessBackup</styleUrl>
      <Point><coordinates>-118.11045899999999,33.757855,0</coordinates></Point>
    </Placemark>
    <Placemark><name>Circle K | Gas Station</name>
      <description><![CDATA[Priority 4: Fast-food or branded-gas backup.<br/>Address: 17222 Pacific Coast Hwy, Huntington Beach, CA 92649, USA<br/>Approximate runner mile: 44.4.<br/>Nearest runner geometry: approximately 0.03 mi straight-line (not a walking detour).<br/>Verification: Google Places business backup (operational); confirm customer restroom access and hours on race day.<br/>Source: <a href="https://maps.google.com/?cid=10893454508572845563&g_mp=Cilnb29nbGUubWFwcy5wbGFjZXMudjEuUGxhY2VzLlNlYXJjaE5lYXJieRACGAQgAA">official / current listing</a>]]></description>
      <styleUrl>#businessBackup</styleUrl>
      <Point><coordinates>-118.063112,33.712035,0</coordinates></Point>
    </Placemark>
    <Placemark><name>Circle K | Gas Station</name>
      <description><![CDATA[Priority 4: Fast-food or branded-gas backup.<br/>Address: 33571 Del Obispo St, Dana Point, CA 92629, USA<br/>Approximate runner mile: 73.6.<br/>Nearest runner geometry: approximately 0.76 mi straight-line (not a walking detour).<br/>Verification: Google Places business backup (operational); confirm customer restroom access and hours on race day.<br/>Source: <a href="https://maps.google.com/?cid=15708223170228338028&g_mp=Cilnb29nbGUubWFwcy5wbGFjZXMudjEuUGxhY2VzLlNlYXJjaE5lYXJieRACGAQgAA">official / current listing</a>]]></description>
      <styleUrl>#businessBackup</styleUrl>
      <Point><coordinates>-117.685307,33.475296,0</coordinates></Point>
    </Placemark>
    <Placemark><name>Circle K | Gas Station</name>
      <description><![CDATA[Priority 4: Fast-food or branded-gas backup.<br/>Address: 600 Avenida Pico, San Clemente, CA 92673, USA<br/>Approximate runner mile: 77.9.<br/>Nearest runner geometry: approximately 0.48 mi straight-line (not a walking detour).<br/>Verification: Google Places business backup (operational); confirm customer restroom access and hours on race day.<br/>Source: <a href="https://maps.google.com/?cid=7974610236110677255&g_mp=Cilnb29nbGUubWFwcy5wbGFjZXMudjEuUGxhY2VzLlNlYXJjaE5lYXJieRACGAQgAA">official / current listing</a>]]></description>
      <styleUrl>#businessBackup</styleUrl>
      <Point><coordinates>-117.62102200000001,33.439038000000004,0</coordinates></Point>
    </Placemark>
    <Placemark><name>Colima's Mexican Restaurant</name>
      <description><![CDATA[Priority 4: Fast-food or branded-gas backup.<br/>Address: 308 Pier View Wy, Oceanside, CA 92054, USA<br/>Approximate runner mile: 82.3.<br/>Nearest runner geometry: approximately 0.09 mi straight-line (not a walking detour).<br/>Verification: Google Places business backup (operational); confirm customer restroom access and hours on race day.<br/>Source: <a href="https://maps.google.com/?cid=4835923288326400615&g_mp=Cilnb29nbGUubWFwcy5wbGFjZXMudjEuUGxhY2VzLlNlYXJjaE5lYXJieRACGAQgAA">official / current listing</a>]]></description>
      <styleUrl>#businessBackup</styleUrl>
      <Point><coordinates>-117.38165149999998,33.1961379,0</coordinates></Point>
    </Placemark>
    <Placemark><name>Colombia food</name>
      <description><![CDATA[Priority 4: Fast-food or branded-gas backup.<br/>Address: Manchester Avenue &, San Pedro St, Los Angeles, CA 90003, USA<br/>Approximate runner mile: 15.9.<br/>Nearest runner geometry: approximately 0.00 mi straight-line (not a walking detour).<br/>Verification: Google Places business backup (operational); confirm customer restroom access and hours on race day.<br/>Source: <a href="https://maps.google.com/?cid=8916632036852318421&g_mp=Cilnb29nbGUubWFwcy5wbGFjZXMudjEuUGxhY2VzLlNlYXJjaE5lYXJieRACGAQgAA">official / current listing</a>]]></description>
      <styleUrl>#businessBackup</styleUrl>
      <Point><coordinates>-118.2693109,33.9600279,0</coordinates></Point>
    </Placemark>
    <Placemark><name>Corona Del Mar Chevron Service Station</name>
      <description><![CDATA[Priority 4: Fast-food or branded-gas backup.<br/>Address: 2546 Pacific Coast Hwy, Corona Del Mar, CA 92625, USA<br/>Approximate runner mile: 58.2.<br/>Nearest runner geometry: approximately 0.02 mi straight-line (not a walking detour).<br/>Verification: Google Places business backup (operational); confirm customer restroom access and hours on race day.<br/>Source: <a href="https://maps.google.com/?cid=1700883385643768006&g_mp=Cilnb29nbGUubWFwcy5wbGFjZXMudjEuUGxhY2VzLlNlYXJjaE5lYXJieRACGAQgAA">official / current listing</a>]]></description>
      <styleUrl>#businessBackup</styleUrl>
      <Point><coordinates>-117.8731114,33.6034271,0</coordinates></Point>
    </Placemark>
    <Placemark><name>Cosmos Burger</name>
      <description><![CDATA[Priority 4: Fast-food or branded-gas backup.<br/>Address: 208 N Coast Hwy, Oceanside, CA 92054, USA<br/>Approximate runner mile: 82.3.<br/>Nearest runner geometry: approximately 0.02 mi straight-line (not a walking detour).<br/>Verification: Google Places business backup (operational); confirm customer restroom access and hours on race day.<br/>Source: <a href="https://maps.google.com/?cid=5865631804755507650&g_mp=Cilnb29nbGUubWFwcy5wbGFjZXMudjEuUGxhY2VzLlNlYXJjaE5lYXJieRACGAQgAA">official / current listing</a>]]></description>
      <styleUrl>#businessBackup</styleUrl>
      <Point><coordinates>-117.3795727,33.1963078,0</coordinates></Point>
    </Placemark>
    <Placemark><name>Cosmos Burger Carlsbad</name>
      <description><![CDATA[Priority 4: Fast-food or branded-gas backup.<br/>Address: 890 Palomar Airport Rd, Carlsbad, CA 92011, USA<br/>Approximate runner mile: 88.5.<br/>Nearest runner geometry: approximately 0.39 mi straight-line (not a walking detour).<br/>Verification: Google Places business backup (operational); confirm customer restroom access and hours on race day.<br/>Source: <a href="https://maps.google.com/?cid=5749540176634756366&g_mp=Cilnb29nbGUubWFwcy5wbGFjZXMudjEuUGxhY2VzLlNlYXJjaE5lYXJieRACGAQgAA">official / current listing</a>]]></description>
      <styleUrl>#businessBackup</styleUrl>
      <Point><coordinates>-117.3206004,33.123213299999996,0</coordinates></Point>
    </Placemark>
    <Placemark><name>Costco Gas Station</name>
      <description><![CDATA[Priority 4: Fast-food or branded-gas backup.<br/>Address: 13463 Washington Blvd, Marina Del Rey, CA 90292, USA<br/>Approximate runner mile: 3.8.<br/>Nearest runner geometry: approximately 0.03 mi straight-line (not a walking detour).<br/>Verification: Google Places business backup (operational); confirm customer restroom access and hours on race day.<br/>Source: <a href="https://maps.google.com/?cid=8484017072747112838&g_mp=Cilnb29nbGUubWFwcy5wbGFjZXMudjEuUGxhY2VzLlNlYXJjaE5lYXJieRACGAQgAA">official / current listing</a>]]></description>
      <styleUrl>#businessBackup</styleUrl>
      <Point><coordinates>-118.44524399999999,33.9921448,0</coordinates></Point>
    </Placemark>
    <Placemark><name>Costco Gas Station</name>
      <description><![CDATA[Priority 4: Fast-food or branded-gas backup.<br/>Address: 2200 E Willow St, Signal Hill, CA 90755, USA<br/>Approximate runner mile: 35.7.<br/>Nearest runner geometry: approximately 0.98 mi straight-line (not a walking detour).<br/>Verification: Google Places business backup (operational); confirm customer restroom access and hours on race day.<br/>Source: <a href="https://maps.google.com/?cid=5710740149164729519&g_mp=Cilnb29nbGUubWFwcy5wbGFjZXMudjEuUGxhY2VzLlNlYXJjaE5lYXJieRACGAQgAA">official / current listing</a>]]></description>
      <styleUrl>#businessBackup</styleUrl>
      <Point><coordinates>-118.16568889999998,33.803919,0</coordinates></Point>
    </Placemark>
    <Placemark><name>Costco Gas Station</name>
      <description><![CDATA[Priority 4: Fast-food or branded-gas backup.<br/>Address: 33949 Camino Capistrano, San Juan Capistrano, CA 92675, USA<br/>Approximate runner mile: 73.8.<br/>Nearest runner geometry: approximately 0.56 mi straight-line (not a walking detour).<br/>Verification: Google Places business backup (operational); confirm customer restroom access and hours on race day.<br/>Source: <a href="https://maps.google.com/?cid=1767691225986844364&g_mp=Cilnb29nbGUubWFwcy5wbGFjZXMudjEuUGxhY2VzLlNlYXJjaE5lYXJieRACGAQgAA">official / current listing</a>]]></description>
      <styleUrl>#businessBackup</styleUrl>
      <Point><coordinates>-117.67802259999999,33.4710505,0</coordinates></Point>
    </Placemark>
    <Placemark><name>Costco Gas Station</name>
      <description><![CDATA[Priority 4: Fast-food or branded-gas backup.<br/>Address: 951 Palomar Airport Rd #462b, Carlsbad, CA 92011, USA<br/>Approximate runner mile: 88.8.<br/>Nearest runner geometry: approximately 0.65 mi straight-line (not a walking detour).<br/>Verification: Google Places business backup (operational); confirm customer restroom access and hours on race day.<br/>Source: <a href="https://maps.google.com/?cid=3317146138578890569&g_mp=Cilnb29nbGUubWFwcy5wbGFjZXMudjEuUGxhY2VzLlNlYXJjaE5lYXJieRACGAQgAA">official / current listing</a>]]></description>
      <styleUrl>#businessBackup</styleUrl>
      <Point><coordinates>-117.31441579999999,33.1207705,0</coordinates></Point>
    </Placemark>
    <Placemark><name>Crown Point VP Auto center</name>
      <description><![CDATA[Priority 4: Fast-food or branded-gas backup.<br/>Address: 3804 Ingraham St, San Diego, CA 92109, USA<br/>Approximate runner mile: 115.1.<br/>Nearest runner geometry: approximately 0.77 mi straight-line (not a walking detour).<br/>Verification: Google Places business backup (operational); confirm customer restroom access and hours on race day.<br/>Source: <a href="https://maps.google.com/?cid=3117839953188622799&g_mp=Cilnb29nbGUubWFwcy5wbGFjZXMudjEuUGxhY2VzLlNlYXJjaE5lYXJieRACGAQgAA">official / current listing</a>]]></description>
      <styleUrl>#businessBackup</styleUrl>
      <Point><coordinates>-117.2380898,32.7888507,0</coordinates></Point>
    </Placemark>
    <Placemark><name>Cudahy Fuel Stop</name>
      <description><![CDATA[Priority 4: Fast-food or branded-gas backup.<br/>Address: 8330 Atlantic Ave, Cudahy, CA 90201, USA<br/>Approximate runner mile: 21.0.<br/>Nearest runner geometry: approximately 0.38 mi straight-line (not a walking detour).<br/>Verification: Google Places business backup (operational); confirm customer restroom access and hours on race day.<br/>Source: <a href="https://maps.google.com/?cid=11960571260701329539&g_mp=Cilnb29nbGUubWFwcy5wbGFjZXMudjEuUGxhY2VzLlNlYXJjaE5lYXJieRACGAQgAA">official / current listing</a>]]></description>
      <styleUrl>#businessBackup</styleUrl>
      <Point><coordinates>-118.1841149,33.9574196,0</coordinates></Point>
    </Placemark>
    <Placemark><name>Culver City Chevron Auto Services</name>
      <description><![CDATA[Priority 4: Fast-food or branded-gas backup.<br/>Address: 11197 Washington Pl, Culver City, CA 90232, USA<br/>Approximate runner mile: 5.3.<br/>Nearest runner geometry: approximately 0.93 mi straight-line (not a walking detour).<br/>Verification: Google Places business backup (operational); confirm customer restroom access and hours on race day.<br/>Source: <a href="https://maps.google.com/?cid=2534916778173613784&g_mp=Cilnb29nbGUubWFwcy5wbGFjZXMudjEuUGxhY2VzLlNlYXJjaE5lYXJieRACGAQgAA">official / current listing</a>]]></description>
      <styleUrl>#businessBackup</styleUrl>
      <Point><coordinates>-118.413657,34.009326,0</coordinates></Point>
    </Placemark>
    <Placemark><name>DQ GRILL &amp; CHILL, OCEANSIDE</name>
      <description><![CDATA[Priority 4: Fast-food or branded-gas backup.<br/>Address: 620 Mission Ave, Oceanside, CA 92054, USA<br/>Approximate runner mile: 82.3.<br/>Nearest runner geometry: approximately 0.10 mi straight-line (not a walking detour).<br/>Verification: Google Places business backup (operational); confirm customer restroom access and hours on race day.<br/>Source: <a href="https://maps.google.com/?cid=4093289535449274502&g_mp=Cilnb29nbGUubWFwcy5wbGFjZXMudjEuUGxhY2VzLlNlYXJjaE5lYXJieRACGAQgAA">official / current listing</a>]]></description>
      <styleUrl>#businessBackup</styleUrl>
      <Point><coordinates>-117.37834810000001,33.1969394,0</coordinates></Point>
    </Placemark>
    <Placemark><name>Dairy Queen</name>
      <description><![CDATA[Priority 4: Fast-food or branded-gas backup.<br/>Address: 102 Pacific Coast Hwy, Huntington Beach, CA 92648, USA<br/>Approximate runner mile: 49.8.<br/>Nearest runner geometry: approximately 0.02 mi straight-line (not a walking detour).<br/>Verification: Google Places business backup (operational); confirm customer restroom access and hours on race day.<br/>Source: <a href="https://maps.google.com/?cid=13230975324943936095&g_mp=Cilnb29nbGUubWFwcy5wbGFjZXMudjEuUGxhY2VzLlNlYXJjaE5lYXJieRACGAQgAA">official / current listing</a>]]></description>
      <styleUrl>#businessBackup</styleUrl>
      <Point><coordinates>-117.9997436,33.6558632,0</coordinates></Point>
    </Placemark>
    <Placemark><name>Dana Point Fuel Dock</name>
      <description><![CDATA[Priority 4: Fast-food or branded-gas backup.<br/>Address: 34661 Puerto Pl, Dana Point, CA 92629, USA<br/>Approximate runner mile: 73.2.<br/>Nearest runner geometry: approximately 0.25 mi straight-line (not a walking detour).<br/>Verification: Google Places business backup (operational); confirm customer restroom access and hours on race day.<br/>Source: <a href="https://maps.google.com/?cid=12948049573715550187&g_mp=Cilnb29nbGUubWFwcy5wbGFjZXMudjEuUGxhY2VzLlNlYXJjaE5lYXJieRACGAQgAA">official / current listing</a>]]></description>
      <styleUrl>#businessBackup</styleUrl>
      <Point><coordinates>-117.6906162,33.459316199999996,0</coordinates></Point>
    </Placemark>
    <Placemark><name>Del Taco</name>
      <description><![CDATA[Priority 4: Fast-food or branded-gas backup.<br/>Address: 11446 Jefferson Blvd, Culver City, CA 90230, USA<br/>Approximate runner mile: 6.9.<br/>Nearest runner geometry: approximately 0.32 mi straight-line (not a walking detour).<br/>Verification: Google Places business backup (operational); confirm customer restroom access and hours on race day.<br/>Source: <a href="https://maps.google.com/?cid=17622730851159024620&g_mp=Cilnb29nbGUubWFwcy5wbGFjZXMudjEuUGxhY2VzLlNlYXJjaE5lYXJieRACGAQgAA">official / current listing</a>]]></description>
      <styleUrl>#businessBackup</styleUrl>
      <Point><coordinates>-118.3965954,33.9890774,0</coordinates></Point>
    </Placemark>
    <Placemark><name>Del Taco</name>
      <description><![CDATA[Priority 4: Fast-food or branded-gas backup.<br/>Address: 3190 E Pacific Coast Hwy, Long Beach, CA 90804, USA<br/>Approximate runner mile: 36.4.<br/>Nearest runner geometry: approximately 0.01 mi straight-line (not a walking detour).<br/>Verification: Google Places business backup (operational); confirm customer restroom access and hours on race day.<br/>Source: <a href="https://maps.google.com/?cid=13754893076555649786&g_mp=Cilnb29nbGUubWFwcy5wbGFjZXMudjEuUGxhY2VzLlNlYXJjaE5lYXJieRACGAQgAA">official / current listing</a>]]></description>
      <styleUrl>#businessBackup</styleUrl>
      <Point><coordinates>-118.15480420000002,33.78959330000001,0</coordinates></Point>
    </Placemark>
    <Placemark><name>Del Taco</name>
      <description><![CDATA[Priority 4: Fast-food or branded-gas backup.<br/>Address: 34289 Pacific Coast Hwy, Dana Point, CA 92629, USA<br/>Approximate runner mile: 73.3.<br/>Nearest runner geometry: approximately 0.10 mi straight-line (not a walking detour).<br/>Verification: Google Places business backup (operational); confirm customer restroom access and hours on race day.<br/>Source: <a href="https://maps.google.com/?cid=13295318157380572816&g_mp=Cilnb29nbGUubWFwcy5wbGFjZXMudjEuUGxhY2VzLlNlYXJjaE5lYXJieRACGAQgAA">official / current listing</a>]]></description>
      <styleUrl>#businessBackup</styleUrl>
      <Point><coordinates>-117.6888889,33.465156199999996,0</coordinates></Point>
    </Placemark>
    <Placemark><name>Del Taco</name>
      <description><![CDATA[Priority 4: Fast-food or branded-gas backup.<br/>Address: 109 Via Pico Plaza, San Clemente, CA 92672, USA<br/>Approximate runner mile: 77.9.<br/>Nearest runner geometry: approximately 0.34 mi straight-line (not a walking detour).<br/>Verification: Google Places business backup (operational); confirm customer restroom access and hours on race day.<br/>Source: <a href="https://maps.google.com/?cid=1506917244190572379&g_mp=Cilnb29nbGUubWFwcy5wbGFjZXMudjEuUGxhY2VzLlNlYXJjaE5lYXJieRACGAQgAA">official / current listing</a>]]></description>
      <styleUrl>#businessBackup</styleUrl>
      <Point><coordinates>-117.6220936,33.437077099999996,0</coordinates></Point>
    </Placemark>
    <Placemark><name>Del Taco</name>
      <description><![CDATA[Priority 4: Fast-food or branded-gas backup.<br/>Address: 1601 Carmelo Dr, Oceanside, CA 92054, USA<br/>Approximate runner mile: 81.3.<br/>Nearest runner geometry: approximately 0.09 mi straight-line (not a walking detour).<br/>Verification: Google Places business backup (operational); confirm customer restroom access and hours on race day.<br/>Source: <a href="https://maps.google.com/?cid=6952453388402877715&g_mp=Cilnb29nbGUubWFwcy5wbGFjZXMudjEuUGxhY2VzLlNlYXJjaE5lYXJieRACGAQgAA">official / current listing</a>]]></description>
      <styleUrl>#businessBackup</styleUrl>
      <Point><coordinates>-117.3886229,33.2082438,0</coordinates></Point>
    </Placemark>
    <Placemark><name>Diego's Mexican Food</name>
      <description><![CDATA[Priority 4: Fast-food or branded-gas backup.<br/>Address: 1030 S Coast Hwy, Oceanside, CA 92054, USA<br/>Approximate runner mile: 83.2.<br/>Nearest runner geometry: approximately 0.03 mi straight-line (not a walking detour).<br/>Verification: Google Places business backup (operational); confirm customer restroom access and hours on race day.<br/>Source: <a href="https://maps.google.com/?cid=13935170351016167031&g_mp=Cilnb29nbGUubWFwcy5wbGFjZXMudjEuUGxhY2VzLlNlYXJjaE5lYXJieRACGAQgAA">official / current listing</a>]]></description>
      <styleUrl>#businessBackup</styleUrl>
      <Point><coordinates>-117.3708333,33.1861111,0</coordinates></Point>
    </Placemark>
    <Placemark><name>Doheny Village Hand Car Wash</name>
      <description><![CDATA[Priority 4: Fast-food or branded-gas backup.<br/>Address: 34241 Doheny Park Rd, Dana Point, CA 92624, USA<br/>Approximate runner mile: 73.9.<br/>Nearest runner geometry: approximately 0.19 mi straight-line (not a walking detour).<br/>Verification: Google Places business backup (operational); confirm customer restroom access and hours on race day.<br/>Source: <a href="https://maps.google.com/?cid=13096779985679267061&g_mp=Cilnb29nbGUubWFwcy5wbGFjZXMudjEuUGxhY2VzLlNlYXJjaE5lYXJieRACGAQgAA">official / current listing</a>]]></description>
      <styleUrl>#businessBackup</styleUrl>
      <Point><coordinates>-117.67861309999999,33.4654586,0</coordinates></Point>
    </Placemark>
    <Placemark><name>Dominguez Pizza Carson</name>
      <description><![CDATA[Priority 4: Fast-food or branded-gas backup.<br/>Address: 2713 E Carson St, Long Beach, CA 90810, USA<br/>Approximate runner mile: 30.6.<br/>Nearest runner geometry: approximately 0.78 mi straight-line (not a walking detour).<br/>Verification: Google Places business backup (operational); confirm customer restroom access and hours on race day.<br/>Source: <a href="https://maps.google.com/?cid=16380844764962633651&g_mp=Cilnb29nbGUubWFwcy5wbGFjZXMudjEuUGxhY2VzLlNlYXJjaE5lYXJieRACGAQgAA">official / current listing</a>]]></description>
      <styleUrl>#businessBackup</styleUrl>
      <Point><coordinates>-118.21762810000001,33.8319883,0</coordinates></Point>
    </Placemark>
    <Placemark><name>Domino's Pizza</name>
      <description><![CDATA[Priority 4: Fast-food or branded-gas backup.<br/>Address: 3211 Holiday Ct #105, La Jolla, CA 92037, USA<br/>Approximate runner mile: 106.8.<br/>Nearest runner geometry: approximately 0.72 mi straight-line (not a walking detour).<br/>Verification: Google Places business backup (operational); confirm customer restroom access and hours on race day.<br/>Source: <a href="https://maps.google.com/?cid=11172994014061439900&g_mp=Cilnb29nbGUubWFwcy5wbGFjZXMudjEuUGxhY2VzLlNlYXJjaE5lYXJieRACGAQgAA">official / current listing</a>]]></description>
      <styleUrl>#businessBackup</styleUrl>
      <Point><coordinates>-117.23334120000001,32.8700865,0</coordinates></Point>
    </Placemark>
    <Placemark><name>Domino's Pizza</name>
      <description><![CDATA[Priority 4: Fast-food or branded-gas backup.<br/>Address: 7660 Fay Ave Ste D, La Jolla, CA 92037, USA<br/>Approximate runner mile: 110.3.<br/>Nearest runner geometry: approximately 0.14 mi straight-line (not a walking detour).<br/>Verification: Google Places business backup (operational); confirm customer restroom access and hours on race day.<br/>Source: <a href="https://maps.google.com/?cid=3302391591203333628&g_mp=Cilnb29nbGUubWFwcy5wbGFjZXMudjEuUGxhY2VzLlNlYXJjaE5lYXJieRACGAQgAA">official / current listing</a>]]></description>
      <styleUrl>#businessBackup</styleUrl>
      <Point><coordinates>-117.27509800000001,32.842839,0</coordinates></Point>
    </Placemark>
    <Placemark><name>Don Carlos Taco Shop</name>
      <description><![CDATA[Priority 4: Fast-food or branded-gas backup.<br/>Address: 737 Pearl St Unit 113, La Jolla, CA 92037, USA<br/>Approximate runner mile: 110.5.<br/>Nearest runner geometry: approximately 0.10 mi straight-line (not a walking detour).<br/>Verification: Google Places business backup (operational); confirm customer restroom access and hours on race day.<br/>Source: <a href="https://maps.google.com/?cid=5289611420668776220&g_mp=Cilnb29nbGUubWFwcy5wbGFjZXMudjEuUGxhY2VzLlNlYXJjaE5lYXJieRACGAQgAA">official / current listing</a>]]></description>
      <styleUrl>#businessBackup</styleUrl>
      <Point><coordinates>-117.27526510000001,32.8396215,0</coordinates></Point>
    </Placemark>
    <Placemark><name>Don's Fish &amp; Chicken</name>
      <description><![CDATA[Priority 4: Fast-food or branded-gas backup.<br/>Address: 6178 Long Beach Blvd, Long Beach, CA 90805, USA<br/>Approximate runner mile: 28.2.<br/>Nearest runner geometry: approximately 0.35 mi straight-line (not a walking detour).<br/>Verification: Google Places business backup (operational); confirm customer restroom access and hours on race day.<br/>Source: <a href="https://maps.google.com/?cid=15626101019511925150&g_mp=Cilnb29nbGUubWFwcy5wbGFjZXMudjEuUGxhY2VzLlNlYXJjaE5lYXJieRACGAQgAA">official / current listing</a>]]></description>
      <styleUrl>#businessBackup</styleUrl>
      <Point><coordinates>-118.20029120000001,33.8670179,0</coordinates></Point>
    </Placemark>
    <Placemark><name>ENERGY PRODUCTS AND SE</name>
      <description><![CDATA[Priority 4: Fast-food or branded-gas backup.<br/>Address: 1742 S Coast Hwy, Oceanside, CA 92054, USA<br/>Approximate runner mile: 84.1.<br/>Nearest runner geometry: approximately 0.03 mi straight-line (not a walking detour).<br/>Verification: Google Places business backup (operational); confirm customer restroom access and hours on race day.<br/>Source: <a href="https://maps.google.com/?cid=8924251073925741278&g_mp=Cilnb29nbGUubWFwcy5wbGFjZXMudjEuUGxhY2VzLlNlYXJjaE5lYXJieRACGAQgAA">official / current listing</a>]]></description>
      <styleUrl>#businessBackup</styleUrl>
      <Point><coordinates>-117.36207660000001,33.1757075,0</coordinates></Point>
    </Placemark>
    <Placemark><name>Earle’s On Venice Beach</name>
      <description><![CDATA[Priority 4: Fast-food or branded-gas backup.<br/>Address: 1827 Ocean Front Walk, Venice, CA 90291, USA<br/>Approximate runner mile: 2.2.<br/>Nearest runner geometry: approximately 0.46 mi straight-line (not a walking detour).<br/>Verification: Google Places business backup (closed temporarily); confirm customer restroom access and hours on race day.<br/>Source: <a href="https://maps.google.com/?cid=10557802006676296559&g_mp=Cilnb29nbGUubWFwcy5wbGFjZXMudjEuUGxhY2VzLlNlYXJjaE5lYXJieRACGAQgAA">official / current listing</a>]]></description>
      <styleUrl>#businessBackup</styleUrl>
      <Point><coordinates>-118.4722854,33.9854236,0</coordinates></Point>
    </Placemark>
    <Placemark><name>Eat Crispy Burger Encinitas</name>
      <description><![CDATA[Priority 4: Fast-food or branded-gas backup.<br/>Address: 905 Orpheus Ave, Encinitas, CA 92024, USA<br/>Approximate runner mile: 92.8.<br/>Nearest runner geometry: approximately 0.51 mi straight-line (not a walking detour).<br/>Verification: Google Places business backup (operational); confirm customer restroom access and hours on race day.<br/>Source: <a href="https://maps.google.com/?cid=10024607748792342457&g_mp=Cilnb29nbGUubWFwcy5wbGFjZXMudjEuUGxhY2VzLlNlYXJjaE5lYXJieRACGAQgAA">official / current listing</a>]]></description>
      <styleUrl>#businessBackup</styleUrl>
      <Point><coordinates>-117.2933805,33.0655906,0</coordinates></Point>
    </Placemark>
    <Placemark><name>Edna's Filipino Cuisine</name>
      <description><![CDATA[Priority 4: Fast-food or branded-gas backup.<br/>Address: 2540 Santa Fe Ave, Long Beach, CA 90810, USA<br/>Approximate runner mile: 32.5.<br/>Nearest runner geometry: approximately 0.61 mi straight-line (not a walking detour).<br/>Verification: Google Places business backup (operational); confirm customer restroom access and hours on race day.<br/>Source: <a href="https://maps.google.com/?cid=8513188997002134955&g_mp=Cilnb29nbGUubWFwcy5wbGFjZXMudjEuUGxhY2VzLlNlYXJjaE5lYXJieRACGAQgAA">official / current listing</a>]]></description>
      <styleUrl>#businessBackup</styleUrl>
      <Point><coordinates>-118.21516310000001,33.8032568,0</coordinates></Point>
    </Placemark>
    <Placemark><name>El Pollo Loco</name>
      <description><![CDATA[Priority 4: Fast-food or branded-gas backup.<br/>Address: 1411 Lincoln Blvd, Venice, CA 90291, USA<br/>Approximate runner mile: 2.6.<br/>Nearest runner geometry: approximately 0.54 mi straight-line (not a walking detour).<br/>Verification: Google Places business backup (operational); confirm customer restroom access and hours on race day.<br/>Source: <a href="https://maps.google.com/?cid=17901829213622484728&g_mp=Cilnb29nbGUubWFwcy5wbGFjZXMudjEuUGxhY2VzLlNlYXJjaE5lYXJieRACGAQgAA">official / current listing</a>]]></description>
      <styleUrl>#businessBackup</styleUrl>
      <Point><coordinates>-118.460848,33.997601599999996,0</coordinates></Point>
    </Placemark>
    <Placemark><name>El Pollo Loco</name>
      <description><![CDATA[Priority 4: Fast-food or branded-gas backup.<br/>Address: 12860 W Washington Blvd, Culver City, CA 90230, USA<br/>Approximate runner mile: 4.3.<br/>Nearest runner geometry: approximately 0.01 mi straight-line (not a walking detour).<br/>Verification: Google Places business backup (operational); confirm customer restroom access and hours on race day.<br/>Source: <a href="https://maps.google.com/?cid=10066080527497964928&g_mp=Cilnb29nbGUubWFwcy5wbGFjZXMudjEuUGxhY2VzLlNlYXJjaE5lYXJieRACGAQgAA">official / current listing</a>]]></description>
      <styleUrl>#businessBackup</styleUrl>
      <Point><coordinates>-118.43787949999998,33.9950519,0</coordinates></Point>
    </Placemark>
    <Placemark><name>El Pollo Loco</name>
      <description><![CDATA[Priority 4: Fast-food or branded-gas backup.<br/>Address: 5529 Sepulveda Blvd, Culver City, CA 90230, USA<br/>Approximate runner mile: 6.9.<br/>Nearest runner geometry: approximately 0.53 mi straight-line (not a walking detour).<br/>Verification: Google Places business backup (operational); confirm customer restroom access and hours on race day.<br/>Source: <a href="https://maps.google.com/?cid=8556024888815874819&g_mp=Cilnb29nbGUubWFwcy5wbGFjZXMudjEuUGxhY2VzLlNlYXJjaE5lYXJieRACGAQgAA">official / current listing</a>]]></description>
      <styleUrl>#businessBackup</styleUrl>
      <Point><coordinates>-118.39568899999999,33.9926925,0</coordinates></Point>
    </Placemark>
    <Placemark><name>El Pollo Loco</name>
      <description><![CDATA[Priority 4: Fast-food or branded-gas backup.<br/>Address: 1200 W Manchester Blvd, Inglewood, CA 90301, USA<br/>Approximate runner mile: 9.6.<br/>Nearest runner geometry: approximately 0.31 mi straight-line (not a walking detour).<br/>Verification: Google Places business backup (operational); confirm customer restroom access and hours on race day.<br/>Source: <a href="https://maps.google.com/?cid=8724671689896930849&g_mp=Cilnb29nbGUubWFwcy5wbGFjZXMudjEuUGxhY2VzLlNlYXJjaE5lYXJieRACGAQgAA">official / current listing</a>]]></description>
      <styleUrl>#businessBackup</styleUrl>
      <Point><coordinates>-118.3774033,33.9595306,0</coordinates></Point>
    </Placemark>
    <Placemark><name>El Pollo Loco</name>
      <description><![CDATA[Priority 4: Fast-food or branded-gas backup.<br/>Address: 5300 W Centinela Ave, Los Angeles, CA 90045, USA<br/>Approximate runner mile: 9.0.<br/>Nearest runner geometry: approximately 0.78 mi straight-line (not a walking detour).<br/>Verification: Google Places business backup (operational); confirm customer restroom access and hours on race day.<br/>Source: <a href="https://maps.google.com/?cid=6813604324683592070&g_mp=Cilnb29nbGUubWFwcy5wbGFjZXMudjEuUGxhY2VzLlNlYXJjaE5lYXJieRACGAQgAA">official / current listing</a>]]></description>
      <styleUrl>#businessBackup</styleUrl>
      <Point><coordinates>-118.37303120000001,33.9770244,0</coordinates></Point>
    </Placemark>
    <Placemark><name>El Pollo Loco</name>
      <description><![CDATA[Priority 4: Fast-food or branded-gas backup.<br/>Address: 426 N La Brea Ave, Inglewood, CA 90302, USA<br/>Approximate runner mile: 10.8.<br/>Nearest runner geometry: approximately 0.48 mi straight-line (not a walking detour).<br/>Verification: Google Places business backup (operational); confirm customer restroom access and hours on race day.<br/>Source: <a href="https://maps.google.com/?cid=10674079652679131772&g_mp=Cilnb29nbGUubWFwcy5wbGFjZXMudjEuUGxhY2VzLlNlYXJjaE5lYXJieRACGAQgAA">official / current listing</a>]]></description>
      <styleUrl>#businessBackup</styleUrl>
      <Point><coordinates>-118.3552582,33.968844499999996,0</coordinates></Point>
    </Placemark>
    <Placemark><name>El Pollo Loco</name>
      <description><![CDATA[Priority 4: Fast-food or branded-gas backup.<br/>Address: 101 E Manchester Ave, Los Angeles, CA 90003, USA<br/>Approximate runner mile: 15.7.<br/>Nearest runner geometry: approximately 0.03 mi straight-line (not a walking detour).<br/>Verification: Google Places business backup (operational); confirm customer restroom access and hours on race day.<br/>Source: <a href="https://maps.google.com/?cid=16824562685847372956&g_mp=Cilnb29nbGUubWFwcy5wbGFjZXMudjEuUGxhY2VzLlNlYXJjaE5lYXJieRACGAQgAA">official / current listing</a>]]></description>
      <styleUrl>#businessBackup</styleUrl>
      <Point><coordinates>-118.27344230000001,33.9603482,0</coordinates></Point>
    </Placemark>
    <Placemark><name>El Pollo Loco</name>
      <description><![CDATA[Priority 4: Fast-food or branded-gas backup.<br/>Address: 8114 Long Beach Blvd, South Gate, CA 90280, USA<br/>Approximate runner mile: 18.5.<br/>Nearest runner geometry: approximately 0.55 mi straight-line (not a walking detour).<br/>Verification: Google Places business backup (operational); confirm customer restroom access and hours on race day.<br/>Source: <a href="https://maps.google.com/?cid=14639311079972872499&g_mp=Cilnb29nbGUubWFwcy5wbGFjZXMudjEuUGxhY2VzLlNlYXJjaE5lYXJieRACGAQgAA">official / current listing</a>]]></description>
      <styleUrl>#businessBackup</styleUrl>
      <Point><coordinates>-118.2249361,33.964362,0</coordinates></Point>
    </Placemark>
    <Placemark><name>El Pollo Loco</name>
      <description><![CDATA[Priority 4: Fast-food or branded-gas backup.<br/>Address: 5740 Imperial Hwy., South Gate, CA 90280, USA<br/>Approximate runner mile: 22.5.<br/>Nearest runner geometry: approximately 0.85 mi straight-line (not a walking detour).<br/>Verification: Google Places business backup (operational); confirm customer restroom access and hours on race day.<br/>Source: <a href="https://maps.google.com/?cid=8169916704267983051&g_mp=Cilnb29nbGUubWFwcy5wbGFjZXMudjEuUGxhY2VzLlNlYXJjaE5lYXJieRACGAQgAA">official / current listing</a>]]></description>
      <styleUrl>#businessBackup</styleUrl>
      <Point><coordinates>-118.1686055,33.9296485,0</coordinates></Point>
    </Placemark>
    <Placemark><name>El Pollo Loco</name>
      <description><![CDATA[Priority 4: Fast-food or branded-gas backup.<br/>Address: 6833 E Alondra Blvd, Paramount, CA 90723, USA<br/>Approximate runner mile: 26.4.<br/>Nearest runner geometry: approximately 0.50 mi straight-line (not a walking detour).<br/>Verification: Google Places business backup (operational); confirm customer restroom access and hours on race day.<br/>Source: <a href="https://maps.google.com/?cid=204951637281632986&g_mp=Cilnb29nbGUubWFwcy5wbGFjZXMudjEuUGxhY2VzLlNlYXJjaE5lYXJieRACGAQgAA">official / current listing</a>]]></description>
      <styleUrl>#businessBackup</styleUrl>
      <Point><coordinates>-118.17793709999998,33.889389,0</coordinates></Point>
    </Placemark>
    <Placemark><name>El Pollo Loco</name>
      <description><![CDATA[Priority 4: Fast-food or branded-gas backup.<br/>Address: 2525 Long Beach Blvd, Long Beach, CA 90806, USA<br/>Approximate runner mile: 32.6.<br/>Nearest runner geometry: approximately 0.85 mi straight-line (not a walking detour).<br/>Verification: Google Places business backup (operational); confirm customer restroom access and hours on race day.<br/>Source: <a href="https://maps.google.com/?cid=2423611095240992807&g_mp=Cilnb29nbGUubWFwcy5wbGFjZXMudjEuUGxhY2VzLlNlYXJjaE5lYXJieRACGAQgAA">official / current listing</a>]]></description>
      <styleUrl>#businessBackup</styleUrl>
      <Point><coordinates>-118.1897674,33.8031929,0</coordinates></Point>
    </Placemark>
    <Placemark><name>El Pollo Loco</name>
      <description><![CDATA[Priority 4: Fast-food or branded-gas backup.<br/>Address: 3425 E Anaheim St, Long Beach, CA 90804, USA<br/>Approximate runner mile: 36.6.<br/>Nearest runner geometry: approximately 0.48 mi straight-line (not a walking detour).<br/>Verification: Google Places business backup (operational); confirm customer restroom access and hours on race day.<br/>Source: <a href="https://maps.google.com/?cid=1633805338447257391&g_mp=Cilnb29nbGUubWFwcy5wbGFjZXMudjEuUGxhY2VzLlNlYXJjaE5lYXJieRACGAQgAA">official / current listing</a>]]></description>
      <styleUrl>#businessBackup</styleUrl>
      <Point><coordinates>-118.1516257,33.7828273,0</coordinates></Point>
    </Placemark>
    <Placemark><name>El Pollo Loco</name>
      <description><![CDATA[Priority 4: Fast-food or branded-gas backup.<br/>Address: 2200 Clark Ave, Long Beach, CA 90815, USA<br/>Approximate runner mile: 37.2.<br/>Nearest runner geometry: approximately 0.71 mi straight-line (not a walking detour).<br/>Verification: Google Places business backup (operational); confirm customer restroom access and hours on race day.<br/>Source: <a href="https://maps.google.com/?cid=4210219856189951556&g_mp=Cilnb29nbGUubWFwcy5wbGFjZXMudjEuUGxhY2VzLlNlYXJjaE5lYXJieRACGAQgAA">official / current listing</a>]]></description>
      <styleUrl>#businessBackup</styleUrl>
      <Point><coordinates>-118.1337486,33.7970269,0</coordinates></Point>
    </Placemark>
    <Placemark><name>El Pollo Loco</name>
      <description><![CDATA[Priority 4: Fast-food or branded-gas backup.<br/>Address: 33953 Doheny Park Rd, San Juan Capistrano, CA 92675, USA<br/>Approximate runner mile: 73.9.<br/>Nearest runner geometry: approximately 0.53 mi straight-line (not a walking detour).<br/>Verification: Google Places business backup (operational); confirm customer restroom access and hours on race day.<br/>Source: <a href="https://maps.google.com/?cid=9049593450770036892&g_mp=Cilnb29nbGUubWFwcy5wbGFjZXMudjEuUGxhY2VzLlNlYXJjaE5lYXJieRACGAQgAA">official / current listing</a>]]></description>
      <styleUrl>#businessBackup</styleUrl>
      <Point><coordinates>-117.6761162,33.469927000000006,0</coordinates></Point>
    </Placemark>
    <Placemark><name>El Pollo Loco</name>
      <description><![CDATA[Priority 4: Fast-food or branded-gas backup.<br/>Address: 7120 Avenida Encinas Unit 104, Carlsbad, CA 92011, USA<br/>Approximate runner mile: 90.1.<br/>Nearest runner geometry: approximately 0.30 mi straight-line (not a walking detour).<br/>Verification: Google Places business backup (operational); confirm customer restroom access and hours on race day.<br/>Source: <a href="https://maps.google.com/?cid=7954430594613816569&g_mp=Cilnb29nbGUubWFwcy5wbGFjZXMudjEuUGxhY2VzLlNlYXJjaE5lYXJieRACGAQgAA">official / current listing</a>]]></description>
      <styleUrl>#businessBackup</styleUrl>
      <Point><coordinates>-117.312065,33.100902999999995,0</coordinates></Point>
    </Placemark>
    <Placemark><name>El Taco Loco # 2</name>
      <description><![CDATA[Priority 4: Fast-food or branded-gas backup.<br/>Address: 1541 E Artesia Blvd, Long Beach, CA 90805, USA<br/>Approximate runner mile: 27.3.<br/>Nearest runner geometry: approximately 0.90 mi straight-line (not a walking detour).<br/>Verification: Google Places business backup (operational); confirm customer restroom access and hours on race day.<br/>Source: <a href="https://maps.google.com/?cid=15353335707053508653&g_mp=Cilnb29nbGUubWFwcy5wbGFjZXMudjEuUGxhY2VzLlNlYXJjaE5lYXJieRACGAQgAA">official / current listing</a>]]></description>
      <styleUrl>#businessBackup</styleUrl>
      <Point><coordinates>-118.17333980000001,33.874824499999995,0</coordinates></Point>
    </Placemark>
    <Placemark><name>El mixteca restaurant</name>
      <description><![CDATA[Priority 4: Fast-food or branded-gas backup.<br/>Address: 3219 Firestone Blvd, South Gate, CA 90280, USA<br/>Approximate runner mile: 19.4.<br/>Nearest runner geometry: approximately 0.08 mi straight-line (not a walking detour).<br/>Verification: Google Places business backup (operational); confirm customer restroom access and hours on race day.<br/>Source: <a href="https://maps.google.com/?cid=7312738825728356164&g_mp=Cilnb29nbGUubWFwcy5wbGFjZXMudjEuUGxhY2VzLlNlYXJjaE5lYXJieRACGAQgAA">official / current listing</a>]]></description>
      <styleUrl>#businessBackup</styleUrl>
      <Point><coordinates>-118.2126154,33.955874300000005,0</coordinates></Point>
    </Placemark>
    <Placemark><name>Emma's Snack Shop</name>
      <description><![CDATA[Priority 4: Fast-food or branded-gas backup.<br/>Address: 205 S Market St, Inglewood, CA 90301, USA<br/>Approximate runner mile: 11.0.<br/>Nearest runner geometry: approximately 0.02 mi straight-line (not a walking detour).<br/>Verification: Google Places business backup (operational); confirm customer restroom access and hours on race day.<br/>Source: <a href="https://maps.google.com/?cid=17945376263603802800&g_mp=Cilnb29nbGUubWFwcy5wbGFjZXMudjEuUGxhY2VzLlNlYXJjaE5lYXJieRACGAQgAA">official / current listing</a>]]></description>
      <styleUrl>#businessBackup</styleUrl>
      <Point><coordinates>-118.35215190000001,33.96165680000001,0</coordinates></Point>
    </Placemark>
    <Placemark><name>Engine murual</name>
      <description><![CDATA[Priority 4: Fast-food or branded-gas backup.<br/>Address: 104 W Arbor Vitae St, Inglewood, CA 90301, USA<br/>Approximate runner mile: 10.8.<br/>Nearest runner geometry: approximately 0.64 mi straight-line (not a walking detour).<br/>Verification: Google Places business backup (operational); confirm customer restroom access and hours on race day.<br/>Source: <a href="https://maps.google.com/?cid=335291176298635648&g_mp=Cilnb29nbGUubWFwcy5wbGFjZXMudjEuUGxhY2VzLlNlYXJjaE5lYXJieRACGAQgAA">official / current listing</a>]]></description>
      <styleUrl>#businessBackup</styleUrl>
      <Point><coordinates>-118.3553422,33.9525901,0</coordinates></Point>
    </Placemark>
    <Placemark><name>Extra Mile</name>
      <description><![CDATA[Priority 4: Fast-food or branded-gas backup.<br/>Address: Newport Beach, CA 92663, USA<br/>Approximate runner mile: 54.3.<br/>Nearest runner geometry: approximately 0.44 mi straight-line (not a walking detour).<br/>Verification: Google Places business backup (operational); confirm customer restroom access and hours on race day.<br/>Source: <a href="https://maps.google.com/?cid=14649900136151173876&g_mp=Cilnb29nbGUubWFwcy5wbGFjZXMudjEuUGxhY2VzLlNlYXJjaE5lYXJieRACGAQgAA">official / current listing</a>]]></description>
      <styleUrl>#businessBackup</styleUrl>
      <Point><coordinates>-117.9324437,33.6278169,0</coordinates></Point>
    </Placemark>
    <Placemark><name>Extra Mile</name>
      <description><![CDATA[Priority 4: Fast-food or branded-gas backup.<br/>Address: San Clemente, CA 92672, USA<br/>Approximate runner mile: 79.5.<br/>Nearest runner geometry: approximately 0.08 mi straight-line (not a walking detour).<br/>Verification: Google Places business backup (operational); confirm customer restroom access and hours on race day.<br/>Source: <a href="https://maps.google.com/?cid=1530503324114361453&g_mp=Cilnb29nbGUubWFwcy5wbGFjZXMudjEuUGxhY2VzLlNlYXJjaE5lYXJieRACGAQgAA">official / current listing</a>]]></description>
      <styleUrl>#businessBackup</styleUrl>
      <Point><coordinates>-117.60407479999999,33.4182935,0</coordinates></Point>
    </Placemark>
    <Placemark><name>ExtraMile</name>
      <description><![CDATA[Priority 4: Fast-food or branded-gas backup.<br/>Address: 1348 Pico Blvd, Santa Monica, CA 90405, USA<br/>Approximate runner mile: 0.7.<br/>Nearest runner geometry: approximately 0.93 mi straight-line (not a walking detour).<br/>Verification: Google Places business backup (operational); confirm customer restroom access and hours on race day.<br/>Source: <a href="https://maps.google.com/?cid=13914835792347822801&g_mp=Cilnb29nbGUubWFwcy5wbGFjZXMudjEuUGxhY2VzLlNlYXJjaE5lYXJieRACGAQgAA">official / current listing</a>]]></description>
      <styleUrl>#businessBackup</styleUrl>
      <Point><coordinates>-118.4763112,34.0155434,0</coordinates></Point>
    </Placemark>
    <Placemark><name>ExtraMile</name>
      <description><![CDATA[Priority 4: Fast-food or branded-gas backup.<br/>Address: 11197 Washington Pl, Culver City, CA 90232, USA<br/>Approximate runner mile: 5.3.<br/>Nearest runner geometry: approximately 0.93 mi straight-line (not a walking detour).<br/>Verification: Google Places business backup (operational); confirm customer restroom access and hours on race day.<br/>Source: <a href="https://maps.google.com/?cid=3184473900459303472&g_mp=Cilnb29nbGUubWFwcy5wbGFjZXMudjEuUGxhY2VzLlNlYXJjaE5lYXJieRACGAQgAA">official / current listing</a>]]></description>
      <styleUrl>#businessBackup</styleUrl>
      <Point><coordinates>-118.4136579,34.0092338,0</coordinates></Point>
    </Placemark>
    <Placemark><name>ExtraMile</name>
      <description><![CDATA[Priority 4: Fast-food or branded-gas backup.<br/>Address: 700 Redondo Ave, Long Beach, CA 90804, USA<br/>Approximate runner mile: 36.5.<br/>Nearest runner geometry: approximately 0.97 mi straight-line (not a walking detour).<br/>Verification: Google Places business backup (operational); confirm customer restroom access and hours on race day.<br/>Source: <a href="https://maps.google.com/?cid=12467699100102868597&g_mp=Cilnb29nbGUubWFwcy5wbGFjZXMudjEuUGxhY2VzLlNlYXJjaE5lYXJieRACGAQgAA">official / current listing</a>]]></description>
      <styleUrl>#businessBackup</styleUrl>
      <Point><coordinates>-118.1522059,33.7757338,0</coordinates></Point>
    </Placemark>
    <Placemark><name>ExtraMile</name>
      <description><![CDATA[Priority 4: Fast-food or branded-gas backup.<br/>Address: 2610 N Lakewood Blvd, Long Beach, CA 90815, USA<br/>Approximate runner mile: 37.0.<br/>Nearest runner geometry: approximately 0.98 mi straight-line (not a walking detour).<br/>Verification: Google Places business backup (operational); confirm customer restroom access and hours on race day.<br/>Source: <a href="https://maps.google.com/?cid=17409242480751637690&g_mp=Cilnb29nbGUubWFwcy5wbGFjZXMudjEuUGxhY2VzLlNlYXJjaE5lYXJieRACGAQgAA">official / current listing</a>]]></description>
      <styleUrl>#businessBackup</styleUrl>
      <Point><coordinates>-118.1422154,33.8038321,0</coordinates></Point>
    </Placemark>
    <Placemark><name>Exxon</name>
      <description><![CDATA[Priority 4: Fast-food or branded-gas backup.<br/>Address: 1803 W Manchester Ave, Los Angeles, CA 90047, USA<br/>Approximate runner mile: 13.5.<br/>Nearest runner geometry: approximately 0.01 mi straight-line (not a walking detour).<br/>Verification: Google Places business backup (operational); confirm customer restroom access and hours on race day.<br/>Source: <a href="https://maps.google.com/?cid=4065697479418145619&g_mp=Cilnb29nbGUubWFwcy5wbGFjZXMudjEuUGxhY2VzLlNlYXJjaE5lYXJieRACGAQgAA">official / current listing</a>]]></description>
      <styleUrl>#businessBackup</styleUrl>
      <Point><coordinates>-118.309391,33.960229,0</coordinates></Point>
    </Placemark>
    <Placemark><name>Famous Burgers</name>
      <description><![CDATA[Priority 4: Fast-food or branded-gas backup.<br/>Address: 2841 E Anaheim St, Long Beach, CA 90804, USA<br/>Approximate runner mile: 36.2.<br/>Nearest runner geometry: approximately 0.49 mi straight-line (not a walking detour).<br/>Verification: Google Places business backup (operational); confirm customer restroom access and hours on race day.<br/>Source: <a href="https://maps.google.com/?cid=910576093932804793&g_mp=Cilnb29nbGUubWFwcy5wbGFjZXMudjEuUGxhY2VzLlNlYXJjaE5lYXJieRACGAQgAA">official / current listing</a>]]></description>
      <styleUrl>#businessBackup</styleUrl>
      <Point><coordinates>-118.15803849999999,33.7827742,0</coordinates></Point>
    </Placemark>
    <Placemark><name>Fantastic Burgers</name>
      <description><![CDATA[Priority 4: Fast-food or branded-gas backup.<br/>Address: 3665 Santa Fe Ave, Long Beach, CA 90810, USA<br/>Approximate runner mile: 31.1.<br/>Nearest runner geometry: approximately 0.63 mi straight-line (not a walking detour).<br/>Verification: Google Places business backup (operational); confirm customer restroom access and hours on race day.<br/>Source: <a href="https://maps.google.com/?cid=8037609712648777472&g_mp=Cilnb29nbGUubWFwcy5wbGFjZXMudjEuUGxhY2VzLlNlYXJjaE5lYXJieRACGAQgAA">official / current listing</a>]]></description>
      <styleUrl>#businessBackup</styleUrl>
      <Point><coordinates>-118.21572090000001,33.8236881,0</coordinates></Point>
    </Placemark>
    <Placemark><name>Fatburger</name>
      <description><![CDATA[Priority 4: Fast-food or branded-gas backup.<br/>Address: 3020 W Manchester Blvd, Inglewood, CA 90305, USA<br/>Approximate runner mile: 12.6.<br/>Nearest runner geometry: approximately 0.04 mi straight-line (not a walking detour).<br/>Verification: Google Places business backup (operational); confirm customer restroom access and hours on race day.<br/>Source: <a href="https://maps.google.com/?cid=11090564970445287766&g_mp=Cilnb29nbGUubWFwcy5wbGFjZXMudjEuUGxhY2VzLlNlYXJjaE5lYXJieRACGAQgAA">official / current listing</a>]]></description>
      <styleUrl>#businessBackup</styleUrl>
      <Point><coordinates>-118.32626859999998,33.9595957,0</coordinates></Point>
    </Placemark>
    <Placemark><name>Five Guys</name>
      <description><![CDATA[Priority 4: Fast-food or branded-gas backup.<br/>Address: 6000 Sepulveda Blvd, Culver City, CA 90230, USA<br/>Approximate runner mile: 7.2.<br/>Nearest runner geometry: approximately 0.27 mi straight-line (not a walking detour).<br/>Verification: Google Places business backup (operational); confirm customer restroom access and hours on race day.<br/>Source: <a href="https://maps.google.com/?cid=688889887083400349&g_mp=Cilnb29nbGUubWFwcy5wbGFjZXMudjEuUGxhY2VzLlNlYXJjaE5lYXJieRACGAQgAA">official / current listing</a>]]></description>
      <styleUrl>#businessBackup</styleUrl>
      <Point><coordinates>-118.39480949999998,33.9858596,0</coordinates></Point>
    </Placemark>
    <Placemark><name>Five Guys</name>
      <description><![CDATA[Priority 4: Fast-food or branded-gas backup.<br/>Address: 401 Newport Center Dr Unit A103, Newport Beach, CA 92660, USA<br/>Approximate runner mile: 57.5.<br/>Nearest runner geometry: approximately 0.59 mi straight-line (not a walking detour).<br/>Verification: Google Places business backup (operational); confirm customer restroom access and hours on race day.<br/>Source: <a href="https://maps.google.com/?cid=7069213163992776724&g_mp=Cilnb29nbGUubWFwcy5wbGFjZXMudjEuUGxhY2VzLlNlYXJjaE5lYXJieRACGAQgAA">official / current listing</a>]]></description>
      <styleUrl>#businessBackup</styleUrl>
      <Point><coordinates>-117.87482290000001,33.6158658,0</coordinates></Point>
    </Placemark>
    <Placemark><name>Flame Broiler</name>
      <description><![CDATA[Priority 4: Fast-food or branded-gas backup.<br/>Address: 1851 Ximeno Ave, Long Beach, CA 90815, USA<br/>Approximate runner mile: 37.1.<br/>Nearest runner geometry: approximately 0.13 mi straight-line (not a walking detour).<br/>Verification: Google Places business backup (operational); confirm customer restroom access and hours on race day.<br/>Source: <a href="https://maps.google.com/?cid=7698408525634184001&g_mp=Cilnb29nbGUubWFwcy5wbGFjZXMudjEuUGxhY2VzLlNlYXJjaE5lYXJieRACGAQgAA">official / current listing</a>]]></description>
      <styleUrl>#businessBackup</styleUrl>
      <Point><coordinates>-118.14041499999999,33.790656000000006,0</coordinates></Point>
    </Placemark>
    <Placemark><name>Flame Broiler</name>
      <description><![CDATA[Priority 4: Fast-food or branded-gas backup.<br/>Address: 4525 West Coast Hwy B, Newport Beach, CA 92663, USA<br/>Approximate runner mile: 54.1.<br/>Nearest runner geometry: approximately 0.03 mi straight-line (not a walking detour).<br/>Verification: Google Places business backup (operational); confirm customer restroom access and hours on race day.<br/>Source: <a href="https://maps.google.com/?cid=7845562324015333365&g_mp=Cilnb29nbGUubWFwcy5wbGFjZXMudjEuUGxhY2VzLlNlYXJjaE5lYXJieRACGAQgAA">official / current listing</a>]]></description>
      <styleUrl>#businessBackup</styleUrl>
      <Point><coordinates>-117.93796489999998,33.6218497,0</coordinates></Point>
    </Placemark>
    <Placemark><name>Flame Broiler</name>
      <description><![CDATA[Priority 4: Fast-food or branded-gas backup.<br/>Address: 8867 Villa La Jolla Dr Ste 600A, La Jolla, CA 92037, USA<br/>Approximate runner mile: 107.0.<br/>Nearest runner geometry: approximately 0.79 mi straight-line (not a walking detour).<br/>Verification: Google Places business backup (operational); confirm customer restroom access and hours on race day.<br/>Source: <a href="https://maps.google.com/?cid=4612976418901711221&g_mp=Cilnb29nbGUubWFwcy5wbGFjZXMudjEuUGxhY2VzLlNlYXJjaE5lYXJieRACGAQgAA">official / current listing</a>]]></description>
      <styleUrl>#businessBackup</styleUrl>
      <Point><coordinates>-117.23248029999999,32.8691071,0</coordinates></Point>
    </Placemark>
    <Placemark><name>For The Win - San Diego</name>
      <description><![CDATA[Priority 4: Fast-food or branded-gas backup.<br/>Address: 1037 Garnet Ave, San Diego, CA 92109, USA<br/>Approximate runner mile: 114.5.<br/>Nearest runner geometry: approximately 0.01 mi straight-line (not a walking detour).<br/>Verification: Google Places business backup (operational); confirm customer restroom access and hours on race day.<br/>Source: <a href="https://maps.google.com/?cid=7815003125696164057&g_mp=Cilnb29nbGUubWFwcy5wbGFjZXMudjEuUGxhY2VzLlNlYXJjaE5lYXJieRACGAQgAA">official / current listing</a>]]></description>
      <styleUrl>#businessBackup</styleUrl>
      <Point><coordinates>-117.250951,32.797405,0</coordinates></Point>
    </Placemark>
    <Placemark><name>Fosters Freeze</name>
      <description><![CDATA[Priority 4: Fast-food or branded-gas backup.<br/>Address: 999 S La Brea Ave, Inglewood, CA 90301, USA<br/>Approximate runner mile: 11.4.<br/>Nearest runner geometry: approximately 0.74 mi straight-line (not a walking detour).<br/>Verification: Google Places business backup (operational); confirm customer restroom access and hours on race day.<br/>Source: <a href="https://maps.google.com/?cid=13171616066199428542&g_mp=Cilnb29nbGUubWFwcy5wbGFjZXMudjEuUGxhY2VzLlNlYXJjaE5lYXJieRACGAQgAA">official / current listing</a>]]></description>
      <styleUrl>#businessBackup</styleUrl>
      <Point><coordinates>-118.35294019999998,33.9509653,0</coordinates></Point>
    </Placemark>
    <Placemark><name>Freeway Fuel</name>
      <description><![CDATA[Priority 4: Fast-food or branded-gas backup.<br/>Address: 6230 Long Beach Blvd W, Long Beach, CA 90805, USA<br/>Approximate runner mile: 28.2.<br/>Nearest runner geometry: approximately 0.38 mi straight-line (not a walking detour).<br/>Verification: Google Places business backup (operational); confirm customer restroom access and hours on race day.<br/>Source: <a href="https://maps.google.com/?cid=14380746690488218199&g_mp=Cilnb29nbGUubWFwcy5wbGFjZXMudjEuUGxhY2VzLlNlYXJjaE5lYXJieRACGAQgAA">official / current listing</a>]]></description>
      <styleUrl>#businessBackup</styleUrl>
      <Point><coordinates>-118.2004619,33.867682699999996,0</coordinates></Point>
    </Placemark>
    <Placemark><name>Fritos Colombianos</name>
      <description><![CDATA[Priority 4: Fast-food or branded-gas backup.<br/>Address: 7801 S Figueroa St, Los Angeles, CA 90003, USA<br/>Approximate runner mile: 15.1.<br/>Nearest runner geometry: approximately 0.60 mi straight-line (not a walking detour).<br/>Verification: Google Places business backup (operational); confirm customer restroom access and hours on race day.<br/>Source: <a href="https://maps.google.com/?cid=6367416439464185000&g_mp=Cilnb29nbGUubWFwcy5wbGFjZXMudjEuUGxhY2VzLlNlYXJjaE5lYXJieRACGAQgAA">official / current listing</a>]]></description>
      <styleUrl>#businessBackup</styleUrl>
      <Point><coordinates>-118.28289300000002,33.9686792,0</coordinates></Point>
    </Placemark>
    <Placemark><name>G &amp; M Oil</name>
      <description><![CDATA[Priority 4: Fast-food or branded-gas backup.<br/>Address: 11000 Atlantic Ave, Lynwood, CA 90262, USA<br/>Approximate runner mile: 22.7.<br/>Nearest runner geometry: approximately 0.02 mi straight-line (not a walking detour).<br/>Verification: Google Places business backup (operational); confirm customer restroom access and hours on race day.<br/>Source: <a href="https://maps.google.com/?cid=1166402234375340968&g_mp=Cilnb29nbGUubWFwcy5wbGFjZXMudjEuUGxhY2VzLlNlYXJjaE5lYXJieRACGAQgAA">official / current listing</a>]]></description>
      <styleUrl>#businessBackup</styleUrl>
      <Point><coordinates>-118.1834435,33.9304452,0</coordinates></Point>
    </Placemark>
    <Placemark><name>G&amp;M</name>
      <description><![CDATA[Priority 4: Fast-food or branded-gas backup.<br/>Address: 1202 S Coast Hwy, Oceanside, CA 92054, USA<br/>Approximate runner mile: 83.4.<br/>Nearest runner geometry: approximately 0.02 mi straight-line (not a walking detour).<br/>Verification: Google Places business backup (operational); confirm customer restroom access and hours on race day.<br/>Source: <a href="https://maps.google.com/?cid=17638715929327907716&g_mp=Cilnb29nbGUubWFwcy5wbGFjZXMudjEuUGxhY2VzLlNlYXJjaE5lYXJieRACGAQgAA">official / current listing</a>]]></description>
      <styleUrl>#businessBackup</styleUrl>
      <Point><coordinates>-117.3689001,33.1835375,0</coordinates></Point>
    </Placemark>
    <Placemark><name>G&amp;M</name>
      <description><![CDATA[Priority 4: Fast-food or branded-gas backup.<br/>Address: 1660 Oceanside Blvd, Oceanside, CA 92054, USA<br/>Approximate runner mile: 83.2.<br/>Nearest runner geometry: approximately 0.46 mi straight-line (not a walking detour).<br/>Verification: Google Places business backup (operational); confirm customer restroom access and hours on race day.<br/>Source: <a href="https://maps.google.com/?cid=14861766983547575988&g_mp=Cilnb29nbGUubWFwcy5wbGFjZXMudjEuUGxhY2VzLlNlYXJjaE5lYXJieRACGAQgAA">official / current listing</a>]]></description>
      <styleUrl>#businessBackup</styleUrl>
      <Point><coordinates>-117.364407,33.1892002,0</coordinates></Point>
    </Placemark>
    <Placemark><name>G&amp;M 1</name>
      <description><![CDATA[Priority 4: Fast-food or branded-gas backup.<br/>Address: 1300 Pacific Coast Hwy, Seal Beach, CA 90740, USA<br/>Approximate runner mile: 41.4.<br/>Nearest runner geometry: approximately 0.01 mi straight-line (not a walking detour).<br/>Verification: Google Places business backup (operational); confirm customer restroom access and hours on race day.<br/>Source: <a href="https://maps.google.com/?cid=14292913532620000267&g_mp=Cilnb29nbGUubWFwcy5wbGFjZXMudjEuUGxhY2VzLlNlYXJjaE5lYXJieRACGAQgAA">official / current listing</a>]]></description>
      <styleUrl>#businessBackup</styleUrl>
      <Point><coordinates>-118.0991414,33.7423941,0</coordinates></Point>
    </Placemark>
    <Placemark><name>G&amp;M Food Mart</name>
      <description><![CDATA[Priority 4: Fast-food or branded-gas backup.<br/>Address: 701 Redondo Ave, Long Beach, CA 90804, USA<br/>Approximate runner mile: 36.5.<br/>Nearest runner geometry: approximately 0.97 mi straight-line (not a walking detour).<br/>Verification: Google Places business backup (operational); confirm customer restroom access and hours on race day.<br/>Source: <a href="https://maps.google.com/?cid=3273933739063704597&g_mp=Cilnb29nbGUubWFwcy5wbGFjZXMudjEuUGxhY2VzLlNlYXJjaE5lYXJieRACGAQgAA">official / current listing</a>]]></description>
      <styleUrl>#businessBackup</styleUrl>
      <Point><coordinates>-118.15274799999997,33.7757021,0</coordinates></Point>
    </Placemark>
    <Placemark><name>G&amp;M Food Mart</name>
      <description><![CDATA[Priority 4: Fast-food or branded-gas backup.<br/>Address: 601 N Coast Hwy, Oceanside, CA 92054, USA<br/>Approximate runner mile: 82.0.<br/>Nearest runner geometry: approximately 0.02 mi straight-line (not a walking detour).<br/>Verification: Google Places business backup (operational); confirm customer restroom access and hours on race day.<br/>Source: <a href="https://maps.google.com/?cid=103220014082841740&g_mp=Cilnb29nbGUubWFwcy5wbGFjZXMudjEuUGxhY2VzLlNlYXJjaE5lYXJieRACGAQgAA">official / current listing</a>]]></description>
      <styleUrl>#businessBackup</styleUrl>
      <Point><coordinates>-117.38296940000001,33.1994384,0</coordinates></Point>
    </Placemark>
    <Placemark><name>G&amp;M GAS ocean</name>
      <description><![CDATA[Priority 4: Fast-food or branded-gas backup.<br/>Address: 601 N Coast Hwy, Oceanside, CA 92054, USA<br/>Approximate runner mile: 82.0.<br/>Nearest runner geometry: approximately 0.01 mi straight-line (not a walking detour).<br/>Verification: Google Places business backup (operational); confirm customer restroom access and hours on race day.<br/>Source: <a href="https://maps.google.com/?cid=4475374911383780326&g_mp=Cilnb29nbGUubWFwcy5wbGFjZXMudjEuUGxhY2VzLlNlYXJjaE5lYXJieRACGAQgAA">official / current listing</a>]]></description>
      <styleUrl>#businessBackup</styleUrl>
      <Point><coordinates>-117.38280239999997,33.1994715,0</coordinates></Point>
    </Placemark>
    <Placemark><name>G&amp;M Gas</name>
      <description><![CDATA[Priority 4: Fast-food or branded-gas backup.<br/>Address: 802 N Coast Hwy, Oceanside, CA 92054, USA<br/>Approximate runner mile: 81.9.<br/>Nearest runner geometry: approximately 0.02 mi straight-line (not a walking detour).<br/>Verification: Google Places business backup (operational); confirm customer restroom access and hours on race day.<br/>Source: <a href="https://maps.google.com/?cid=5143870223220134922&g_mp=Cilnb29nbGUubWFwcy5wbGFjZXMudjEuUGxhY2VzLlNlYXJjaE5lYXJieRACGAQgAA">official / current listing</a>]]></description>
      <styleUrl>#businessBackup</styleUrl>
      <Point><coordinates>-117.38374069999999,33.2012214,0</coordinates></Point>
    </Placemark>
    <Placemark><name>G&amp;M Oil</name>
      <description><![CDATA[Priority 4: Fast-food or branded-gas backup.<br/>Address: 6101 W Manchester Ave, Los Angeles, CA 90045, USA<br/>Approximate runner mile: 8.5.<br/>Nearest runner geometry: approximately 0.61 mi straight-line (not a walking detour).<br/>Verification: Google Places business backup (operational); confirm customer restroom access and hours on race day.<br/>Source: <a href="https://maps.google.com/?cid=17662699623583206675&g_mp=Cilnb29nbGUubWFwcy5wbGFjZXMudjEuUGxhY2VzLlNlYXJjaE5lYXJieRACGAQgAA">official / current listing</a>]]></description>
      <styleUrl>#businessBackup</styleUrl>
      <Point><coordinates>-118.3916845,33.9602753,0</coordinates></Point>
    </Placemark>
    <Placemark><name>G&amp;M Oil Company</name>
      <description><![CDATA[Priority 4: Fast-food or branded-gas backup.<br/>Address: 501 E Manchester Blvd, Inglewood, CA 90301, USA<br/>Approximate runner mile: 11.2.<br/>Nearest runner geometry: approximately 0.01 mi straight-line (not a walking detour).<br/>Verification: Google Places business backup (operational); confirm customer restroom access and hours on race day.<br/>Source: <a href="https://maps.google.com/?cid=773872389801377941&g_mp=Cilnb29nbGUubWFwcy5wbGFjZXMudjEuUGxhY2VzLlNlYXJjaE5lYXJieRACGAQgAA">official / current listing</a>]]></description>
      <styleUrl>#businessBackup</styleUrl>
      <Point><coordinates>-118.3484485,33.961843699999996,0</coordinates></Point>
    </Placemark>
    <Placemark><name>G&amp;m Oil</name>
      <description><![CDATA[Priority 4: Fast-food or branded-gas backup.<br/>Address: 920 Carlsbad Village Dr, Carlsbad, CA 92008, USA<br/>Approximate runner mile: 85.5.<br/>Nearest runner geometry: approximately 0.48 mi straight-line (not a walking detour).<br/>Verification: Google Places business backup (operational); confirm customer restroom access and hours on race day.<br/>Source: <a href="https://maps.google.com/?cid=6392116468361281381&g_mp=Cilnb29nbGUubWFwcy5wbGFjZXMudjEuUGxhY2VzLlNlYXJjaE5lYXJieRACGAQgAA">official / current listing</a>]]></description>
      <styleUrl>#businessBackup</styleUrl>
      <Point><coordinates>-117.3444533,33.1623089,0</coordinates></Point>
    </Placemark>
    <Placemark><name>Gas</name>
      <description><![CDATA[Priority 4: Fast-food or branded-gas backup.<br/>Address: 1430 W Pacific Coast Hwy, Long Beach, CA 90810, USA<br/>Approximate runner mile: 33.5.<br/>Nearest runner geometry: approximately 0.38 mi straight-line (not a walking detour).<br/>Verification: Google Places business backup (operational); confirm customer restroom access and hours on race day.<br/>Source: <a href="https://maps.google.com/?cid=8633010258243516444&g_mp=Cilnb29nbGUubWFwcy5wbGFjZXMudjEuUGxhY2VzLlNlYXJjaE5lYXJieRACGAQgAA">official / current listing</a>]]></description>
      <styleUrl>#businessBackup</styleUrl>
      <Point><coordinates>-118.21101879999999,33.789597799999996,0</coordinates></Point>
    </Placemark>
    <Placemark><name>Gas Station</name>
      <description><![CDATA[Priority 4: Fast-food or branded-gas backup.<br/>Address: 3004800300, 13801 Mango Dr, Del Mar, CA 92014, USA<br/>Approximate runner mile: 101.5.<br/>Nearest runner geometry: approximately 0.79 mi straight-line (not a walking detour).<br/>Verification: Google Places business backup (operational); confirm customer restroom access and hours on race day.<br/>Source: <a href="https://maps.google.com/?cid=17813409480280849941&g_mp=Cilnb29nbGUubWFwcy5wbGFjZXMudjEuUGxhY2VzLlNlYXJjaE5lYXJieRACGAQgAA">official / current listing</a>]]></description>
      <styleUrl>#businessBackup</styleUrl>
      <Point><coordinates>-117.24719279999998,32.949244,0</coordinates></Point>
    </Placemark>
    <Placemark><name>Gas etanol</name>
      <description><![CDATA[Priority 4: Fast-food or branded-gas backup.<br/>Address: 310 Encinitas Blvd, Encinitas, CA 92024, USA<br/>Approximate runner mile: 94.0.<br/>Nearest runner geometry: approximately 0.54 mi straight-line (not a walking detour).<br/>Verification: Google Places business backup (operational); confirm customer restroom access and hours on race day.<br/>Source: <a href="https://maps.google.com/?cid=9533930693961278815&g_mp=Cilnb29nbGUubWFwcy5wbGFjZXMudjEuUGxhY2VzLlNlYXJjaE5lYXJieRACGAQgAA">official / current listing</a>]]></description>
      <styleUrl>#businessBackup</styleUrl>
      <Point><coordinates>-117.28472729999999,33.048550399999996,0</coordinates></Point>
    </Placemark>
    <Placemark><name>Gemmae Bake Shop</name>
      <description><![CDATA[Priority 4: Fast-food or branded-gas backup.<br/>Address: 1356 W Willow St, Long Beach, CA 90810, USA<br/>Approximate runner mile: 32.5.<br/>Nearest runner geometry: approximately 0.33 mi straight-line (not a walking detour).<br/>Verification: Google Places business backup (operational); confirm customer restroom access and hours on race day.<br/>Source: <a href="https://maps.google.com/?cid=12689424749756358437&g_mp=Cilnb29nbGUubWFwcy5wbGFjZXMudjEuUGxhY2VzLlNlYXJjaE5lYXJieRACGAQgAA">official / current listing</a>]]></description>
      <styleUrl>#businessBackup</styleUrl>
      <Point><coordinates>-118.21022049999999,33.8040825,0</coordinates></Point>
    </Placemark>
    <Placemark><name>George's Burgers</name>
      <description><![CDATA[Priority 4: Fast-food or branded-gas backup.<br/>Address: 3101 Lincoln Blvd, Santa Monica, CA 90405, USA<br/>Approximate runner mile: 1.5.<br/>Nearest runner geometry: approximately 0.62 mi straight-line (not a walking detour).<br/>Verification: Google Places business backup (operational); confirm customer restroom access and hours on race day.<br/>Source: <a href="https://maps.google.com/?cid=3431761555407530516&g_mp=Cilnb29nbGUubWFwcy5wbGFjZXMudjEuUGxhY2VzLlNlYXJjaE5lYXJieRACGAQgAA">official / current listing</a>]]></description>
      <styleUrl>#businessBackup</styleUrl>
      <Point><coordinates>-118.4708352,34.0031566,0</coordinates></Point>
    </Placemark>
    <Placemark><name>Golden Bird</name>
      <description><![CDATA[Priority 4: Fast-food or branded-gas backup.<br/>Address: 8300 S Western Ave, Los Angeles, CA 90047, USA<br/>Approximate runner mile: 13.6.<br/>Nearest runner geometry: approximately 0.23 mi straight-line (not a walking detour).<br/>Verification: Google Places business backup (operational); confirm customer restroom access and hours on race day.<br/>Source: <a href="https://maps.google.com/?cid=13752164068463338663&g_mp=Cilnb29nbGUubWFwcy5wbGFjZXMudjEuUGxhY2VzLlNlYXJjaE5lYXJieRACGAQgAA">official / current listing</a>]]></description>
      <styleUrl>#businessBackup</styleUrl>
      <Point><coordinates>-118.3087365,33.9634712,0</coordinates></Point>
    </Placemark>
    <Placemark><name>Golden Burger</name>
      <description><![CDATA[Priority 4: Fast-food or branded-gas backup.<br/>Address: 6380 Long Beach Blvd, Long Beach, CA 90805, USA<br/>Approximate runner mile: 28.1.<br/>Nearest runner geometry: approximately 0.52 mi straight-line (not a walking detour).<br/>Verification: Google Places business backup (operational); confirm customer restroom access and hours on race day.<br/>Source: <a href="https://maps.google.com/?cid=6156643842709423392&g_mp=Cilnb29nbGUubWFwcy5wbGFjZXMudjEuUGxhY2VzLlNlYXJjaE5lYXJieRACGAQgAA">official / current listing</a>]]></description>
      <styleUrl>#businessBackup</styleUrl>
      <Point><coordinates>-118.20134809999999,33.8704071,0</coordinates></Point>
    </Placemark>
    <Placemark><name>Golden Star Restaurant</name>
      <description><![CDATA[Priority 4: Fast-food or branded-gas backup.<br/>Address: 1560 W Pacific Coast Hwy, Long Beach, CA 90810, USA<br/>Approximate runner mile: 33.5.<br/>Nearest runner geometry: approximately 0.51 mi straight-line (not a walking detour).<br/>Verification: Google Places business backup (operational); confirm customer restroom access and hours on race day.<br/>Source: <a href="https://maps.google.com/?cid=17621985938778101717&g_mp=Cilnb29nbGUubWFwcy5wbGFjZXMudjEuUGxhY2VzLlNlYXJjaE5lYXJieRACGAQgAA">official / current listing</a>]]></description>
      <styleUrl>#businessBackup</styleUrl>
      <Point><coordinates>-118.21327810000001,33.7896271,0</coordinates></Point>
    </Placemark>
    <Placemark><name>Gt Energy</name>
      <description><![CDATA[Priority 4: Fast-food or branded-gas backup.<br/>Address: Long Beach, CA 90805, USA<br/>Approximate runner mile: 27.9.<br/>Nearest runner geometry: approximately 0.72 mi straight-line (not a walking detour).<br/>Verification: Google Places business backup (operational); confirm customer restroom access and hours on race day.<br/>Source: <a href="https://maps.google.com/?cid=5897658827120529832&g_mp=Cilnb29nbGUubWFwcy5wbGFjZXMudjEuUGxhY2VzLlNlYXJjaE5lYXJieRACGAQgAA">official / current listing</a>]]></description>
      <styleUrl>#businessBackup</styleUrl>
      <Point><coordinates>-118.2030809,33.8739625,0</coordinates></Point>
    </Placemark>
    <Placemark><name>Gt Energy</name>
      <description><![CDATA[Priority 4: Fast-food or branded-gas backup.<br/>Address: 1234 W Cowles St, Long Beach, CA 90813, USA<br/>Approximate runner mile: 33.5.<br/>Nearest runner geometry: approximately 0.46 mi straight-line (not a walking detour).<br/>Verification: Google Places business backup (operational); confirm customer restroom access and hours on race day.<br/>Source: <a href="https://maps.google.com/?cid=900531104624761066&g_mp=Cilnb29nbGUubWFwcy5wbGFjZXMudjEuUGxhY2VzLlNlYXJjaE5lYXJieRACGAQgAA">official / current listing</a>]]></description>
      <styleUrl>#businessBackup</styleUrl>
      <Point><coordinates>-118.2084253,33.7842228,0</coordinates></Point>
    </Placemark>
    <Placemark><name>Guichos Eatery</name>
      <description><![CDATA[Priority 4: Fast-food or branded-gas backup.<br/>Address: 1110 S El Camino Real, San Clemente, CA 92672, USA<br/>Approximate runner mile: 79.2.<br/>Nearest runner geometry: approximately 0.03 mi straight-line (not a walking detour).<br/>Verification: Google Places business backup (operational); confirm customer restroom access and hours on race day.<br/>Source: <a href="https://maps.google.com/?cid=3080201979048920633&g_mp=Cilnb29nbGUubWFwcy5wbGFjZXMudjEuUGxhY2VzLlNlYXJjaE5lYXJieRACGAQgAA">official / current listing</a>]]></description>
      <styleUrl>#businessBackup</styleUrl>
      <Point><coordinates>-117.608272,33.420574,0</coordinates></Point>
    </Placemark>
    <Placemark><name>Gulf</name>
      <description><![CDATA[Priority 4: Fast-food or branded-gas backup.<br/>Address: 300 Lincoln Blvd, Venice, CA 90291, USA<br/>Approximate runner mile: 2.2.<br/>Nearest runner geometry: approximately 0.68 mi straight-line (not a walking detour).<br/>Verification: Google Places business backup (operational); confirm customer restroom access and hours on race day.<br/>Source: <a href="https://maps.google.com/?cid=5178177326133155000&g_mp=Cilnb29nbGUubWFwcy5wbGFjZXMudjEuUGxhY2VzLlNlYXJjaE5lYXJieRACGAQgAA">official / current listing</a>]]></description>
      <styleUrl>#businessBackup</styleUrl>
      <Point><coordinates>-118.4672996,34.0013675,0</coordinates></Point>
    </Placemark>
    <Placemark><name>Gulf</name>
      <description><![CDATA[Priority 4: Fast-food or branded-gas backup.<br/>Address: 5800 W Manchester Ave, Westchester, CA 90045, USA<br/>Approximate runner mile: 9.3.<br/>Nearest runner geometry: approximately 0.50 mi straight-line (not a walking detour).<br/>Verification: Google Places business backup (operational); confirm customer restroom access and hours on race day.<br/>Source: <a href="https://maps.google.com/?cid=15778266703284564212&g_mp=Cilnb29nbGUubWFwcy5wbGFjZXMudjEuUGxhY2VzLlNlYXJjaE5lYXJieRACGAQgAA">official / current listing</a>]]></description>
      <styleUrl>#businessBackup</styleUrl>
      <Point><coordinates>-118.38290350000001,33.9596148,0</coordinates></Point>
    </Placemark>
    <Placemark><name>H&amp;S Energy - Extra Mile</name>
      <description><![CDATA[Priority 4: Fast-food or branded-gas backup.<br/>Address: 32842 Pacific Coast Hwy, Dana Point, CA 92629, USA<br/>Approximate runner mile: 70.3.<br/>Nearest runner geometry: approximately 0.04 mi straight-line (not a walking detour).<br/>Verification: Google Places business backup (operational); confirm customer restroom access and hours on race day.<br/>Source: <a href="https://maps.google.com/?cid=3500282459936594608&g_mp=Cilnb29nbGUubWFwcy5wbGFjZXMudjEuUGxhY2VzLlNlYXJjaE5lYXJieRACGAQgAA">official / current listing</a>]]></description>
      <styleUrl>#businessBackup</styleUrl>
      <Point><coordinates>-117.72515009999998,33.4856839,0</coordinates></Point>
    </Placemark>
    <Placemark><name>Habit Burger &amp; Grill</name>
      <description><![CDATA[Priority 4: Fast-food or branded-gas backup.<br/>Address: 4791 Firestone Blvd, South Gate, CA 90280, USA<br/>Approximate runner mile: 21.1.<br/>Nearest runner geometry: approximately 0.03 mi straight-line (not a walking detour).<br/>Verification: Google Places business backup (operational); confirm customer restroom access and hours on race day.<br/>Source: <a href="https://maps.google.com/?cid=5142841506327131521&g_mp=Cilnb29nbGUubWFwcy5wbGFjZXMudjEuUGxhY2VzLlNlYXJjaE5lYXJieRACGAQgAA">official / current listing</a>]]></description>
      <styleUrl>#businessBackup</styleUrl>
      <Point><coordinates>-118.18392449999999,33.9523422,0</coordinates></Point>
    </Placemark>
    <Placemark><name>Habit Burger &amp; Grill</name>
      <description><![CDATA[Priority 4: Fast-food or branded-gas backup.<br/>Address: 638 Camino De Los Mares, San Clemente, CA 92672, USA<br/>Approximate runner mile: 75.5.<br/>Nearest runner geometry: approximately 0.67 mi straight-line (not a walking detour).<br/>Verification: Google Places business backup (operational); confirm customer restroom access and hours on race day.<br/>Source: <a href="https://maps.google.com/?cid=15028393931870209332&g_mp=Cilnb29nbGUubWFwcy5wbGFjZXMudjEuUGxhY2VzLlNlYXJjaE5lYXJieRACGAQgAA">official / current listing</a>]]></description>
      <styleUrl>#businessBackup</styleUrl>
      <Point><coordinates>-117.6508521,33.457984599999996,0</coordinates></Point>
    </Placemark>
    <Placemark><name>Habit Burger &amp; Grill</name>
      <description><![CDATA[Priority 4: Fast-food or branded-gas backup.<br/>Address: 909 Lomas Santa Fe Dr, Solana Beach, CA 92075, USA<br/>Approximate runner mile: 98.1.<br/>Nearest runner geometry: approximately 1.00 mi straight-line (not a walking detour).<br/>Verification: Google Places business backup (operational); confirm customer restroom access and hours on race day.<br/>Source: <a href="https://maps.google.com/?cid=6237494748926259816&g_mp=Cilnb29nbGUubWFwcy5wbGFjZXMudjEuUGxhY2VzLlNlYXJjaE5lYXJieRACGAQgAA">official / current listing</a>]]></description>
      <styleUrl>#businessBackup</styleUrl>
      <Point><coordinates>-117.254829,32.995219,0</coordinates></Point>
    </Placemark>
    <Placemark><name>Harbor View Mobil</name>
      <description><![CDATA[Priority 4: Fast-food or branded-gas backup.<br/>Address: 2500 San Joaquin Hills Rd, Corona Del Mar, CA 92625, USA<br/>Approximate runner mile: 58.1.<br/>Nearest runner geometry: approximately 0.75 mi straight-line (not a walking detour).<br/>Verification: Google Places business backup (operational); confirm customer restroom access and hours on race day.<br/>Source: <a href="https://maps.google.com/?cid=16752521841710330320&g_mp=Cilnb29nbGUubWFwcy5wbGFjZXMudjEuUGxhY2VzLlNlYXJjaE5lYXJieRACGAQgAA">official / current listing</a>]]></description>
      <styleUrl>#businessBackup</styleUrl>
      <Point><coordinates>-117.86483589999999,33.6118897,0</coordinates></Point>
    </Placemark>
    <Placemark><name>Heidi Food</name>
      <description><![CDATA[Priority 4: Fast-food or branded-gas backup.<br/>Address: 1725 Ocean Front Walk, Venice, CA 90291, USA<br/>Approximate runner mile: 2.1.<br/>Nearest runner geometry: approximately 0.42 mi straight-line (not a walking detour).<br/>Verification: Google Places business backup (operational); confirm customer restroom access and hours on race day.<br/>Source: <a href="https://maps.google.com/?cid=3839402023328575766&g_mp=Cilnb29nbGUubWFwcy5wbGFjZXMudjEuUGxhY2VzLlNlYXJjaE5lYXJieRACGAQgAA">official / current listing</a>]]></description>
      <styleUrl>#businessBackup</styleUrl>
      <Point><coordinates>-118.47285579999999,33.9860858,0</coordinates></Point>
    </Placemark>
    <Placemark><name>Hong Kong Express</name>
      <description><![CDATA[Priority 4: Fast-food or branded-gas backup.<br/>Address: 10721 Atlantic Ave # E, Lynwood, CA 90262, USA<br/>Approximate runner mile: 22.5.<br/>Nearest runner geometry: approximately 0.04 mi straight-line (not a walking detour).<br/>Verification: Google Places business backup (operational); confirm customer restroom access and hours on race day.<br/>Source: <a href="https://maps.google.com/?cid=14218469953512519725&g_mp=Cilnb29nbGUubWFwcy5wbGFjZXMudjEuUGxhY2VzLlNlYXJjaE5lYXJieRACGAQgAA">official / current listing</a>]]></description>
      <styleUrl>#businessBackup</styleUrl>
      <Point><coordinates>-118.18349730000001,33.9332183,0</coordinates></Point>
    </Placemark>
    <Placemark><name>Hong Kong Express</name>
      <description><![CDATA[Priority 4: Fast-food or branded-gas backup.<br/>Address: 2554 Santa Fe Ave, Long Beach, CA 90810, USA<br/>Approximate runner mile: 32.5.<br/>Nearest runner geometry: approximately 0.62 mi straight-line (not a walking detour).<br/>Verification: Google Places business backup (operational); confirm customer restroom access and hours on race day.<br/>Source: <a href="https://maps.google.com/?cid=9866101678170784041&g_mp=Cilnb29nbGUubWFwcy5wbGFjZXMudjEuUGxhY2VzLlNlYXJjaE5lYXJieRACGAQgAA">official / current listing</a>]]></description>
      <styleUrl>#businessBackup</styleUrl>
      <Point><coordinates>-118.21525790000001,33.8034375,0</coordinates></Point>
    </Placemark>
    <Placemark><name>In-N-Out Burger</name>
      <description><![CDATA[Priority 4: Fast-food or branded-gas backup.<br/>Address: 13425 Washington Blvd, Marina Del Rey, CA 90292, USA<br/>Approximate runner mile: 3.8.<br/>Nearest runner geometry: approximately 0.03 mi straight-line (not a walking detour).<br/>Verification: Google Places business backup (operational); confirm customer restroom access and hours on race day.<br/>Source: <a href="https://maps.google.com/?cid=5712394510965426388&g_mp=Cilnb29nbGUubWFwcy5wbGFjZXMudjEuUGxhY2VzLlNlYXJjaE5lYXJieRACGAQgAA">official / current listing</a>]]></description>
      <styleUrl>#businessBackup</styleUrl>
      <Point><coordinates>-118.44623349999999,33.9916475,0</coordinates></Point>
    </Placemark>
    <Placemark><name>In-N-Out Burger</name>
      <description><![CDATA[Priority 4: Fast-food or branded-gas backup.<br/>Address: 3411 W Century Blvd, Inglewood, CA 90301, USA<br/>Approximate runner mile: 12.2.<br/>Nearest runner geometry: approximately 0.99 mi straight-line (not a walking detour).<br/>Verification: Google Places business backup (operational); confirm customer restroom access and hours on race day.<br/>Source: <a href="https://maps.google.com/?cid=4079163986528903189&g_mp=Cilnb29nbGUubWFwcy5wbGFjZXMudjEuUGxhY2VzLlNlYXJjaE5lYXJieRACGAQgAA">official / current listing</a>]]></description>
      <styleUrl>#businessBackup</styleUrl>
      <Point><coordinates>-118.3323501,33.9457946,0</coordinates></Point>
    </Placemark>
    <Placemark><name>In-N-Out Burger</name>
      <description><![CDATA[Priority 4: Fast-food or branded-gas backup.<br/>Address: 4601 Firestone Blvd, South Gate, CA 90280, USA<br/>Approximate runner mile: 20.8.<br/>Nearest runner geometry: approximately 0.03 mi straight-line (not a walking detour).<br/>Verification: Google Places business backup (operational); confirm customer restroom access and hours on race day.<br/>Source: <a href="https://maps.google.com/?cid=5549187847800037240&g_mp=Cilnb29nbGUubWFwcy5wbGFjZXMudjEuUGxhY2VzLlNlYXJjaE5lYXJieRACGAQgAA">official / current listing</a>]]></description>
      <styleUrl>#businessBackup</styleUrl>
      <Point><coordinates>-118.1883577,33.952785299999995,0</coordinates></Point>
    </Placemark>
    <Placemark><name>In-N-Out Burger</name>
      <description><![CDATA[Priority 4: Fast-food or branded-gas backup.<br/>Address: 4600 E Los Coyotes Diagonal, Long Beach, CA 90815, USA<br/>Approximate runner mile: 37.1.<br/>Nearest runner geometry: approximately 0.17 mi straight-line (not a walking detour).<br/>Verification: Google Places business backup (operational); confirm customer restroom access and hours on race day.<br/>Source: <a href="https://maps.google.com/?cid=11901453994185121313&g_mp=Cilnb29nbGUubWFwcy5wbGFjZXMudjEuUGxhY2VzLlNlYXJjaE5lYXJieRACGAQgAA">official / current listing</a>]]></description>
      <styleUrl>#businessBackup</styleUrl>
      <Point><coordinates>-118.1401493,33.791213299999995,0</coordinates></Point>
    </Placemark>
    <Placemark><name>In-N-Out Burger</name>
      <description><![CDATA[Priority 4: Fast-food or branded-gas backup.<br/>Address: 6391 E Pacific Coast Hwy, Long Beach, CA 90803, USA<br/>Approximate runner mile: 40.0.<br/>Nearest runner geometry: approximately 0.03 mi straight-line (not a walking detour).<br/>Verification: Google Places business backup (operational); confirm customer restroom access and hours on race day.<br/>Source: <a href="https://maps.google.com/?cid=17110975072313344801&g_mp=Cilnb29nbGUubWFwcy5wbGFjZXMudjEuUGxhY2VzLlNlYXJjaE5lYXJieRACGAQgAA">official / current listing</a>]]></description>
      <styleUrl>#businessBackup</styleUrl>
      <Point><coordinates>-118.11116750000001,33.758510199999996,0</coordinates></Point>
    </Placemark>
    <Placemark><name>In-N-Out Burger</name>
      <description><![CDATA[Priority 4: Fast-food or branded-gas backup.<br/>Address: 115 Via Pico Plaza, San Clemente, CA 92672, USA<br/>Approximate runner mile: 77.9.<br/>Nearest runner geometry: approximately 0.32 mi straight-line (not a walking detour).<br/>Verification: Google Places business backup (operational); confirm customer restroom access and hours on race day.<br/>Source: <a href="https://maps.google.com/?cid=2583299749647203700&g_mp=Cilnb29nbGUubWFwcy5wbGFjZXMudjEuUGxhY2VzLlNlYXJjaE5lYXJieRACGAQgAA">official / current listing</a>]]></description>
      <styleUrl>#businessBackup</styleUrl>
      <Point><coordinates>-117.6235102,33.43704340000001,0</coordinates></Point>
    </Placemark>
    <Placemark><name>In-N-Out Burger</name>
      <description><![CDATA[Priority 4: Fast-food or branded-gas backup.<br/>Address: 936 N Coast Hwy, Oceanside, CA 92054, USA<br/>Approximate runner mile: 81.7.<br/>Nearest runner geometry: approximately 0.02 mi straight-line (not a walking detour).<br/>Verification: Google Places business backup (operational); confirm customer restroom access and hours on race day.<br/>Source: <a href="https://maps.google.com/?cid=7501626100796101490&g_mp=Cilnb29nbGUubWFwcy5wbGFjZXMudjEuUGxhY2VzLlNlYXJjaE5lYXJieRACGAQgAA">official / current listing</a>]]></description>
      <styleUrl>#businessBackup</styleUrl>
      <Point><coordinates>-117.3840021,33.203921,0</coordinates></Point>
    </Placemark>
    <Placemark><name>In-N-Out Burger</name>
      <description><![CDATA[Priority 4: Fast-food or branded-gas backup.<br/>Address: 5950 Avenida Encinas, Carlsbad, CA 92008, USA<br/>Approximate runner mile: 88.3.<br/>Nearest runner geometry: approximately 0.20 mi straight-line (not a walking detour).<br/>Verification: Google Places business backup (operational); confirm customer restroom access and hours on race day.<br/>Source: <a href="https://maps.google.com/?cid=14692678404440148101&g_mp=Cilnb29nbGUubWFwcy5wbGFjZXMudjEuUGxhY2VzLlNlYXJjaE5lYXJieRACGAQgAA">official / current listing</a>]]></description>
      <styleUrl>#businessBackup</styleUrl>
      <Point><coordinates>-117.32468240000001,33.1250737,0</coordinates></Point>
    </Placemark>
    <Placemark><name>In-N-Out Burger</name>
      <description><![CDATA[Priority 4: Fast-food or branded-gas backup.<br/>Address: 130 Calle Magdalena, Encinitas, CA 92024, USA<br/>Approximate runner mile: 94.1.<br/>Nearest runner geometry: approximately 0.51 mi straight-line (not a walking detour).<br/>Verification: Google Places business backup (operational); confirm customer restroom access and hours on race day.<br/>Source: <a href="https://maps.google.com/?cid=9236372914692336104&g_mp=Cilnb29nbGUubWFwcy5wbGFjZXMudjEuUGxhY2VzLlNlYXJjaE5lYXJieRACGAQgAA">official / current listing</a>]]></description>
      <styleUrl>#businessBackup</styleUrl>
      <Point><coordinates>-117.28501709999999,33.0472947,0</coordinates></Point>
    </Placemark>
    <Placemark><name>Island Marine Fuel</name>
      <description><![CDATA[Priority 4: Fast-food or branded-gas backup.<br/>Address: 406 S Bay Front, Newport Beach, CA 92662, USA<br/>Approximate runner mile: 56.7.<br/>Nearest runner geometry: approximately 0.57 mi straight-line (not a walking detour).<br/>Verification: Google Places business backup (operational); confirm customer restroom access and hours on race day.<br/>Source: <a href="https://maps.google.com/?cid=17128321487885366119&g_mp=Cilnb29nbGUubWFwcy5wbGFjZXMudjEuUGxhY2VzLlNlYXJjaE5lYXJieRACGAQgAA">official / current listing</a>]]></description>
      <styleUrl>#businessBackup</styleUrl>
      <Point><coordinates>-117.8985388,33.605805,0</coordinates></Point>
    </Placemark>
    <Placemark><name>Jack in the Box</name>
      <description><![CDATA[Priority 4: Fast-food or branded-gas backup.<br/>Address: 802 Santa Monica Blvd, Santa Monica, CA 90401, USA<br/>Approximate runner mile: 0.1.<br/>Nearest runner geometry: approximately 0.61 mi straight-line (not a walking detour).<br/>Verification: Google Places business backup (operational); confirm customer restroom access and hours on race day.<br/>Source: <a href="https://maps.google.com/?cid=14041571500587327146&g_mp=Cilnb29nbGUubWFwcy5wbGFjZXMudjEuUGxhY2VzLlNlYXJjaE5lYXJieRACGAQgAA">official / current listing</a>]]></description>
      <styleUrl>#businessBackup</styleUrl>
      <Point><coordinates>-118.49096349999999,34.0195565,0</coordinates></Point>
    </Placemark>
    <Placemark><name>Jack in the Box</name>
      <description><![CDATA[Priority 4: Fast-food or branded-gas backup.<br/>Address: 2025 Lincoln Blvd, Santa Monica, CA 90405, USA<br/>Approximate runner mile: 0.7.<br/>Nearest runner geometry: approximately 0.52 mi straight-line (not a walking detour).<br/>Verification: Google Places business backup (operational); confirm customer restroom access and hours on race day.<br/>Source: <a href="https://maps.google.com/?cid=10769794388339931203&g_mp=Cilnb29nbGUubWFwcy5wbGFjZXMudjEuUGxhY2VzLlNlYXJjaE5lYXJieRACGAQgAA">official / current listing</a>]]></description>
      <styleUrl>#businessBackup</styleUrl>
      <Point><coordinates>-118.48128179999999,34.0112095,0</coordinates></Point>
    </Placemark>
    <Placemark><name>Jack in the Box</name>
      <description><![CDATA[Priority 4: Fast-food or branded-gas backup.<br/>Address: 12403 Washington Pl, Los Angeles, CA 90066, USA<br/>Approximate runner mile: 4.7.<br/>Nearest runner geometry: approximately 0.20 mi straight-line (not a walking detour).<br/>Verification: Google Places business backup (operational); confirm customer restroom access and hours on race day.<br/>Source: <a href="https://maps.google.com/?cid=917018434876595690&g_mp=Cilnb29nbGUubWFwcy5wbGFjZXMudjEuUGxhY2VzLlNlYXJjaE5lYXJieRACGAQgAA">official / current listing</a>]]></description>
      <styleUrl>#businessBackup</styleUrl>
      <Point><coordinates>-118.43078509999998,33.99958,0</coordinates></Point>
    </Placemark>
    <Placemark><name>Jack in the Box</name>
      <description><![CDATA[Priority 4: Fast-food or branded-gas backup.<br/>Address: 5400 Sepulveda Blvd Ste 120, Culver City, CA 90230, USA<br/>Approximate runner mile: 6.8.<br/>Nearest runner geometry: approximately 0.68 mi straight-line (not a walking detour).<br/>Verification: Google Places business backup (operational); confirm customer restroom access and hours on race day.<br/>Source: <a href="https://maps.google.com/?cid=8446510438028328070&g_mp=Cilnb29nbGUubWFwcy5wbGFjZXMudjEuUGxhY2VzLlNlYXJjaE5lYXJieRACGAQgAA">official / current listing</a>]]></description>
      <styleUrl>#businessBackup</styleUrl>
      <Point><coordinates>-118.39506419999998,33.9949182,0</coordinates></Point>
    </Placemark>
    <Placemark><name>Jack in the Box</name>
      <description><![CDATA[Priority 4: Fast-food or branded-gas backup.<br/>Address: 1127 W Manchester Blvd, Inglewood, CA 90301, USA<br/>Approximate runner mile: 9.6.<br/>Nearest runner geometry: approximately 0.25 mi straight-line (not a walking detour).<br/>Verification: Google Places business backup (operational); confirm customer restroom access and hours on race day.<br/>Source: <a href="https://maps.google.com/?cid=317703647277010773&g_mp=Cilnb29nbGUubWFwcy5wbGFjZXMudjEuUGxhY2VzLlNlYXJjaE5lYXJieRACGAQgAA">official / current listing</a>]]></description>
      <styleUrl>#businessBackup</styleUrl>
      <Point><coordinates>-118.37639809999999,33.9601714,0</coordinates></Point>
    </Placemark>
    <Placemark><name>Jack in the Box</name>
      <description><![CDATA[Priority 4: Fast-food or branded-gas backup.<br/>Address: 3107 W Manchester Blvd, Inglewood, CA 90305, USA<br/>Approximate runner mile: 12.5.<br/>Nearest runner geometry: approximately 0.01 mi straight-line (not a walking detour).<br/>Verification: Google Places business backup (operational); confirm customer restroom access and hours on race day.<br/>Source: <a href="https://maps.google.com/?cid=6801207368480150150&g_mp=Cilnb29nbGUubWFwcy5wbGFjZXMudjEuUGxhY2VzLlNlYXJjaE5lYXJieRACGAQgAA">official / current listing</a>]]></description>
      <styleUrl>#businessBackup</styleUrl>
      <Point><coordinates>-118.32700519999997,33.9602715,0</coordinates></Point>
    </Placemark>
    <Placemark><name>Jack in the Box</name>
      <description><![CDATA[Priority 4: Fast-food or branded-gas backup.<br/>Address: 7201 S Western Ave, Los Angeles, CA 90047, USA<br/>Approximate runner mile: 13.6.<br/>Nearest runner geometry: approximately 0.98 mi straight-line (not a walking detour).<br/>Verification: Google Places business backup (operational); confirm customer restroom access and hours on race day.<br/>Source: <a href="https://maps.google.com/?cid=14169589732236372631&g_mp=Cilnb29nbGUubWFwcy5wbGFjZXMudjEuUGxhY2VzLlNlYXJjaE5lYXJieRACGAQgAA">official / current listing</a>]]></description>
      <styleUrl>#businessBackup</styleUrl>
      <Point><coordinates>-118.3092624,33.9742904,0</coordinates></Point>
    </Placemark>
    <Placemark><name>Jack in the Box</name>
      <description><![CDATA[Priority 4: Fast-food or branded-gas backup.<br/>Address: 805 W Manchester Ave, Los Angeles, CA 90044, USA<br/>Approximate runner mile: 14.8.<br/>Nearest runner geometry: approximately 0.02 mi straight-line (not a walking detour).<br/>Verification: Google Places business backup (operational); confirm customer restroom access and hours on race day.<br/>Source: <a href="https://maps.google.com/?cid=1509630030458806516&g_mp=Cilnb29nbGUubWFwcy5wbGFjZXMudjEuUGxhY2VzLlNlYXJjaE5lYXJieRACGAQgAA">official / current listing</a>]]></description>
      <styleUrl>#businessBackup</styleUrl>
      <Point><coordinates>-118.2873702,33.960267099999996,0</coordinates></Point>
    </Placemark>
    <Placemark><name>Jack in the Box</name>
      <description><![CDATA[Priority 4: Fast-food or branded-gas backup.<br/>Address: 8706 Juniper St, Los Angeles, CA 90002, USA<br/>Approximate runner mile: 18.1.<br/>Nearest runner geometry: approximately 0.02 mi straight-line (not a walking detour).<br/>Verification: Google Places business backup (operational); confirm customer restroom access and hours on race day.<br/>Source: <a href="https://maps.google.com/?cid=3540992415923276515&g_mp=Cilnb29nbGUubWFwcy5wbGFjZXMudjEuUGxhY2VzLlNlYXJjaE5lYXJieRACGAQgAA">official / current listing</a>]]></description>
      <styleUrl>#businessBackup</styleUrl>
      <Point><coordinates>-118.23286119999999,33.9584054,0</coordinates></Point>
    </Placemark>
    <Placemark><name>Jack in the Box</name>
      <description><![CDATA[Priority 4: Fast-food or branded-gas backup.<br/>Address: 3504 Firestone Blvd, South Gate, CA 90280, USA<br/>Approximate runner mile: 19.8.<br/>Nearest runner geometry: approximately 0.01 mi straight-line (not a walking detour).<br/>Verification: Google Places business backup (operational); confirm customer restroom access and hours on race day.<br/>Source: <a href="https://maps.google.com/?cid=4573620955166254430&g_mp=Cilnb29nbGUubWFwcy5wbGFjZXMudjEuUGxhY2VzLlNlYXJjaE5lYXJieRACGAQgAA">official / current listing</a>]]></description>
      <styleUrl>#businessBackup</styleUrl>
      <Point><coordinates>-118.2059115,33.9538886,0</coordinates></Point>
    </Placemark>
    <Placemark><name>Jack in the Box</name>
      <description><![CDATA[Priority 4: Fast-food or branded-gas backup.<br/>Address: 8920 Atlantic Ave, South Gate, CA 90280, USA<br/>Approximate runner mile: 21.2.<br/>Nearest runner geometry: approximately 0.03 mi straight-line (not a walking detour).<br/>Verification: Google Places business backup (operational); confirm customer restroom access and hours on race day.<br/>Source: <a href="https://maps.google.com/?cid=8877686632972425122&g_mp=Cilnb29nbGUubWFwcy5wbGFjZXMudjEuUGxhY2VzLlNlYXJjaE5lYXJieRACGAQgAA">official / current listing</a>]]></description>
      <styleUrl>#businessBackup</styleUrl>
      <Point><coordinates>-118.18254279999998,33.951377799999996,0</coordinates></Point>
    </Placemark>
    <Placemark><name>Jack in the Box</name>
      <description><![CDATA[Priority 4: Fast-food or branded-gas backup.<br/>Address: 11390 Atlantic Ave, Lynwood, CA 90262, USA<br/>Approximate runner mile: 23.3.<br/>Nearest runner geometry: approximately 0.03 mi straight-line (not a walking detour).<br/>Verification: Google Places business backup (operational); confirm customer restroom access and hours on race day.<br/>Source: <a href="https://maps.google.com/?cid=8397073264881905383&g_mp=Cilnb29nbGUubWFwcy5wbGFjZXMudjEuUGxhY2VzLlNlYXJjaE5lYXJieRACGAQgAA">official / current listing</a>]]></description>
      <styleUrl>#businessBackup</styleUrl>
      <Point><coordinates>-118.18706940000001,33.921358999999995,0</coordinates></Point>
    </Placemark>
    <Placemark><name>Jack in the Box</name>
      <description><![CDATA[Priority 4: Fast-food or branded-gas backup.<br/>Address: 6601 Alondra Blvd, Paramount, CA 90723, USA<br/>Approximate runner mile: 26.4.<br/>Nearest runner geometry: approximately 0.28 mi straight-line (not a walking detour).<br/>Verification: Google Places business backup (operational); confirm customer restroom access and hours on race day.<br/>Source: <a href="https://maps.google.com/?cid=8286201857671049718&g_mp=Cilnb29nbGUubWFwcy5wbGFjZXMudjEuUGxhY2VzLlNlYXJjaE5lYXJieRACGAQgAA">official / current listing</a>]]></description>
      <styleUrl>#businessBackup</styleUrl>
      <Point><coordinates>-118.1818575,33.8894446,0</coordinates></Point>
    </Placemark>
    <Placemark><name>Jack in the Box</name>
      <description><![CDATA[Priority 4: Fast-food or branded-gas backup.<br/>Address: 6025 Long Beach Blvd, Long Beach, CA 90805, USA<br/>Approximate runner mile: 28.3.<br/>Nearest runner geometry: approximately 0.34 mi straight-line (not a walking detour).<br/>Verification: Google Places business backup (operational); confirm customer restroom access and hours on race day.<br/>Source: <a href="https://maps.google.com/?cid=17181829499861686074&g_mp=Cilnb29nbGUubWFwcy5wbGFjZXMudjEuUGxhY2VzLlNlYXJjaE5lYXJieRACGAQgAA">official / current listing</a>]]></description>
      <styleUrl>#businessBackup</styleUrl>
      <Point><coordinates>-118.2006718,33.865929099999995,0</coordinates></Point>
    </Placemark>
    <Placemark><name>Jack in the Box</name>
      <description><![CDATA[Priority 4: Fast-food or branded-gas backup.<br/>Address: 5150 Atlantic Ave, Long Beach, CA 90805, USA<br/>Approximate runner mile: 28.8.<br/>Nearest runner geometry: approximately 0.98 mi straight-line (not a walking detour).<br/>Verification: Google Places business backup (operational); confirm customer restroom access and hours on race day.<br/>Source: <a href="https://maps.google.com/?cid=14320734768885531007&g_mp=Cilnb29nbGUubWFwcy5wbGFjZXMudjEuUGxhY2VzLlNlYXJjaE5lYXJieRACGAQgAA">official / current listing</a>]]></description>
      <styleUrl>#businessBackup</styleUrl>
      <Point><coordinates>-118.18457319999999,33.8503119,0</coordinates></Point>
    </Placemark>
    <Placemark><name>Jack in the Box</name>
      <description><![CDATA[Priority 4: Fast-food or branded-gas backup.<br/>Address: 1190 E Pacific Coast Hwy, Long Beach, CA 90806, USA<br/>Approximate runner mile: 35.1.<br/>Nearest runner geometry: approximately 0.01 mi straight-line (not a walking detour).<br/>Verification: Google Places business backup (operational); confirm customer restroom access and hours on race day.<br/>Source: <a href="https://maps.google.com/?cid=647042140930067542&g_mp=Cilnb29nbGUubWFwcy5wbGFjZXMudjEuUGxhY2VzLlNlYXJjaE5lYXJieRACGAQgAA">official / current listing</a>]]></description>
      <styleUrl>#businessBackup</styleUrl>
      <Point><coordinates>-118.17659230000001,33.7896472,0</coordinates></Point>
    </Placemark>
    <Placemark><name>Jack in the Box</name>
      <description><![CDATA[Priority 4: Fast-food or branded-gas backup.<br/>Address: 2101 E Anaheim St, Long Beach, CA 90804, USA<br/>Approximate runner mile: 35.7.<br/>Nearest runner geometry: approximately 0.48 mi straight-line (not a walking detour).<br/>Verification: Google Places business backup (operational); confirm customer restroom access and hours on race day.<br/>Source: <a href="https://maps.google.com/?cid=4645368891542562459&g_mp=Cilnb29nbGUubWFwcy5wbGFjZXMudjEuUGxhY2VzLlNlYXJjaE5lYXJieRACGAQgAA">official / current listing</a>]]></description>
      <styleUrl>#businessBackup</styleUrl>
      <Point><coordinates>-118.16642139999999,33.782860299999996,0</coordinates></Point>
    </Placemark>
    <Placemark><name>Jack in the Box</name>
      <description><![CDATA[Priority 4: Fast-food or branded-gas backup.<br/>Address: 3399 E Pacific Coast Hwy, Long Beach, CA 90755, USA<br/>Approximate runner mile: 36.5.<br/>Nearest runner geometry: approximately 0.02 mi straight-line (not a walking detour).<br/>Verification: Google Places business backup (operational); confirm customer restroom access and hours on race day.<br/>Source: <a href="https://maps.google.com/?cid=12409258197685480609&g_mp=Cilnb29nbGUubWFwcy5wbGFjZXMudjEuUGxhY2VzLlNlYXJjaE5lYXJieRACGAQgAA">official / current listing</a>]]></description>
      <styleUrl>#businessBackup</styleUrl>
      <Point><coordinates>-118.15231430000001,33.790132,0</coordinates></Point>
    </Placemark>
    <Placemark><name>Jack in the Box</name>
      <description><![CDATA[Priority 4: Fast-food or branded-gas backup.<br/>Address: 5601 Pacific Coast Hwy, Long Beach, CA 90804, USA<br/>Approximate runner mile: 38.6.<br/>Nearest runner geometry: approximately 0.03 mi straight-line (not a walking detour).<br/>Verification: Google Places business backup (operational); confirm customer restroom access and hours on race day.<br/>Source: <a href="https://maps.google.com/?cid=2353007339115491540&g_mp=Cilnb29nbGUubWFwcy5wbGFjZXMudjEuUGxhY2VzLlNlYXJjaE5lYXJieRACGAQgAA">official / current listing</a>]]></description>
      <styleUrl>#businessBackup</styleUrl>
      <Point><coordinates>-118.12268929999999,33.7756727,0</coordinates></Point>
    </Placemark>
    <Placemark><name>Jack in the Box</name>
      <description><![CDATA[Priority 4: Fast-food or branded-gas backup.<br/>Address: 17243 Pacific Coast Hwy, Sunset Beach, CA 90742, USA<br/>Approximate runner mile: 44.4.<br/>Nearest runner geometry: approximately 0.00 mi straight-line (not a walking detour).<br/>Verification: Google Places business backup (operational); confirm customer restroom access and hours on race day.<br/>Source: <a href="https://maps.google.com/?cid=3211748029330175513&g_mp=Cilnb29nbGUubWFwcy5wbGFjZXMudjEuUGxhY2VzLlNlYXJjaE5lYXJieRACGAQgAA">official / current listing</a>]]></description>
      <styleUrl>#businessBackup</styleUrl>
      <Point><coordinates>-118.0635765,33.711785899999995,0</coordinates></Point>
    </Placemark>
    <Placemark><name>Jack in the Box</name>
      <description><![CDATA[Priority 4: Fast-food or branded-gas backup.<br/>Address: 4625 West Coast Hwy, Newport Beach, CA 92663, USA<br/>Approximate runner mile: 54.0.<br/>Nearest runner geometry: approximately 0.01 mi straight-line (not a walking detour).<br/>Verification: Google Places business backup (operational); confirm customer restroom access and hours on race day.<br/>Source: <a href="https://maps.google.com/?cid=12517088556677224905&g_mp=Cilnb29nbGUubWFwcy5wbGFjZXMudjEuUGxhY2VzLlNlYXJjaE5lYXJieRACGAQgAA">official / current listing</a>]]></description>
      <styleUrl>#businessBackup</styleUrl>
      <Point><coordinates>-117.93893109999999,33.622451399999996,0</coordinates></Point>
    </Placemark>
    <Placemark><name>Jack in the Box</name>
      <description><![CDATA[Priority 4: Fast-food or branded-gas backup.<br/>Address: 1201 S Coast Hwy, Laguna Beach, CA 92651, USA<br/>Approximate runner mile: 65.8.<br/>Nearest runner geometry: approximately 0.02 mi straight-line (not a walking detour).<br/>Verification: Google Places business backup (operational); confirm customer restroom access and hours on race day.<br/>Source: <a href="https://maps.google.com/?cid=3558466854020421142&g_mp=Cilnb29nbGUubWFwcy5wbGFjZXMudjEuUGxhY2VzLlNlYXJjaE5lYXJieRACGAQgAA">official / current listing</a>]]></description>
      <styleUrl>#businessBackup</styleUrl>
      <Point><coordinates>-117.7764469,33.5329672,0</coordinates></Point>
    </Placemark>
    <Placemark><name>Jack in the Box</name>
      <description><![CDATA[Priority 4: Fast-food or branded-gas backup.<br/>Address: 2398 S El Camino Real, San Clemente, CA 92672, USA<br/>Approximate runner mile: 79.9.<br/>Nearest runner geometry: approximately 0.07 mi straight-line (not a walking detour).<br/>Verification: Google Places business backup (operational); confirm customer restroom access and hours on race day.<br/>Source: <a href="https://maps.google.com/?cid=7192852350610334834&g_mp=Cilnb29nbGUubWFwcy5wbGFjZXMudjEuUGxhY2VzLlNlYXJjaE5lYXJieRACGAQgAA">official / current listing</a>]]></description>
      <styleUrl>#businessBackup</styleUrl>
      <Point><coordinates>-117.60099830000001,33.4123634,0</coordinates></Point>
    </Placemark>
    <Placemark><name>Jack in the Box</name>
      <description><![CDATA[Priority 4: Fast-food or branded-gas backup.<br/>Address: 901 Carlsbad Village Dr, Carlsbad, CA 92008, USA<br/>Approximate runner mile: 85.5.<br/>Nearest runner geometry: approximately 0.47 mi straight-line (not a walking detour).<br/>Verification: Google Places business backup (operational); confirm customer restroom access and hours on race day.<br/>Source: <a href="https://maps.google.com/?cid=9607325358581241306&g_mp=Cilnb29nbGUubWFwcy5wbGFjZXMudjEuUGxhY2VzLlNlYXJjaE5lYXJieRACGAQgAA">official / current listing</a>]]></description>
      <styleUrl>#businessBackup</styleUrl>
      <Point><coordinates>-117.34423980000001,33.1618448,0</coordinates></Point>
    </Placemark>
    <Placemark><name>Jack in the Box</name>
      <description><![CDATA[Priority 4: Fast-food or branded-gas backup.<br/>Address: 7050 Avenida Encinas, Carlsbad, CA 92011, USA<br/>Approximate runner mile: 90.1.<br/>Nearest runner geometry: approximately 0.30 mi straight-line (not a walking detour).<br/>Verification: Google Places business backup (operational); confirm customer restroom access and hours on race day.<br/>Source: <a href="https://maps.google.com/?cid=1347194156268375433&g_mp=Cilnb29nbGUubWFwcy5wbGFjZXMudjEuUGxhY2VzLlNlYXJjaE5lYXJieRACGAQgAA">official / current listing</a>]]></description>
      <styleUrl>#businessBackup</styleUrl>
      <Point><coordinates>-117.31246240000002,33.101813799999995,0</coordinates></Point>
    </Placemark>
    <Placemark><name>Jack in the Box</name>
      <description><![CDATA[Priority 4: Fast-food or branded-gas backup.<br/>Address: 2690 Del Mar Heights Rd, Del Mar, CA 92014, USA<br/>Approximate runner mile: 101.5.<br/>Nearest runner geometry: approximately 0.84 mi straight-line (not a walking detour).<br/>Verification: Google Places business backup (operational); confirm customer restroom access and hours on race day.<br/>Source: <a href="https://maps.google.com/?cid=2160770734590640749&g_mp=Cilnb29nbGUubWFwcy5wbGFjZXMudjEuUGxhY2VzLlNlYXJjaE5lYXJieRACGAQgAA">official / current listing</a>]]></description>
      <styleUrl>#businessBackup</styleUrl>
      <Point><coordinates>-117.2463918,32.949244,0</coordinates></Point>
    </Placemark>
    <Placemark><name>Jack in the Box</name>
      <description><![CDATA[Priority 4: Fast-food or branded-gas backup.<br/>Address: 1905 Garnet Ave, San Diego, CA 92109, USA<br/>Approximate runner mile: 115.4.<br/>Nearest runner geometry: approximately 0.05 mi straight-line (not a walking detour).<br/>Verification: Google Places business backup (operational); confirm customer restroom access and hours on race day.<br/>Source: <a href="https://maps.google.com/?cid=10577005195434571137&g_mp=Cilnb29nbGUubWFwcy5wbGFjZXMudjEuUGxhY2VzLlNlYXJjaE5lYXJieRACGAQgAA">official / current listing</a>]]></description>
      <styleUrl>#businessBackup</styleUrl>
      <Point><coordinates>-117.23492499999999,32.800877299999996,0</coordinates></Point>
    </Placemark>
    <Placemark><name>Jacksons</name>
      <description><![CDATA[Priority 4: Fast-food or branded-gas backup.<br/>Address: Carlsbad, CA 92011, USA<br/>Approximate runner mile: 88.5.<br/>Nearest runner geometry: approximately 0.14 mi straight-line (not a walking detour).<br/>Verification: Google Places business backup (operational); confirm customer restroom access and hours on race day.<br/>Source: <a href="https://maps.google.com/?cid=15168227162491013833&g_mp=Cilnb29nbGUubWFwcy5wbGFjZXMudjEuUGxhY2VzLlNlYXJjaE5lYXJieRACGAQgAA">official / current listing</a>]]></description>
      <styleUrl>#businessBackup</styleUrl>
      <Point><coordinates>-117.3245874,33.1218486,0</coordinates></Point>
    </Placemark>
    <Placemark><name>Jane's Corndogs</name>
      <description><![CDATA[Priority 4: Fast-food or branded-gas backup.<br/>Address: 907 Ocean Ave, Seal Beach, CA 90740, USA<br/>Approximate runner mile: 41.1.<br/>Nearest runner geometry: approximately 0.35 mi straight-line (not a walking detour).<br/>Verification: Google Places business backup (operational); confirm customer restroom access and hours on race day.<br/>Source: <a href="https://maps.google.com/?cid=3973591718599353677&g_mp=Cilnb29nbGUubWFwcy5wbGFjZXMudjEuUGxhY2VzLlNlYXJjaE5lYXJieRACGAQgAA">official / current listing</a>]]></description>
      <styleUrl>#businessBackup</styleUrl>
      <Point><coordinates>-118.1054726,33.7397961,0</coordinates></Point>
    </Placemark>
    <Placemark><name>Jane's Corndogs</name>
      <description><![CDATA[Priority 4: Fast-food or branded-gas backup.<br/>Address: 106 Mc Fadden Pl, Newport Beach, CA 92663, USA<br/>Approximate runner mile: 55.2.<br/>Nearest runner geometry: approximately 0.84 mi straight-line (not a walking detour).<br/>Verification: Google Places business backup (operational); confirm customer restroom access and hours on race day.<br/>Source: <a href="https://maps.google.com/?cid=3052524099482188632&g_mp=Cilnb29nbGUubWFwcy5wbGFjZXMudjEuUGxhY2VzLlNlYXJjaE5lYXJieRACGAQgAA">official / current listing</a>]]></description>
      <styleUrl>#businessBackup</styleUrl>
      <Point><coordinates>-117.92827379999999,33.6081462,0</coordinates></Point>
    </Placemark>
    <Placemark><name>Japadog (at Santa Monica Pier)</name>
      <description><![CDATA[Priority 4: Fast-food or branded-gas backup.<br/>Address: 200 Santa Monica Pier, Santa Monica, CA 90401, USA<br/>Approximate runner mile: 0.0.<br/>Nearest runner geometry: approximately 0.09 mi straight-line (not a walking detour).<br/>Verification: Google Places business backup (operational); confirm customer restroom access and hours on race day.<br/>Source: <a href="https://maps.google.com/?cid=11948095904592396869&g_mp=Cilnb29nbGUubWFwcy5wbGFjZXMudjEuUGxhY2VzLlNlYXJjaE5lYXJieRACGAQgAA">official / current listing</a>]]></description>
      <styleUrl>#businessBackup</styleUrl>
      <Point><coordinates>-118.4978472,34.0090967,0</coordinates></Point>
    </Placemark>
    <Placemark><name>Jem D Inc</name>
      <description><![CDATA[Priority 4: Fast-food or branded-gas backup.<br/>Address: 4204 Tweedy Blvd, South Gate, CA 90280, USA<br/>Approximate runner mile: 20.3.<br/>Nearest runner geometry: approximately 0.69 mi straight-line (not a walking detour).<br/>Verification: Google Places business backup (closed temporarily); confirm customer restroom access and hours on race day.<br/>Source: <a href="https://maps.google.com/?cid=11024055853562750214&g_mp=Cilnb29nbGUubWFwcy5wbGFjZXMudjEuUGxhY2VzLlNlYXJjaE5lYXJieRACGAQgAA">official / current listing</a>]]></description>
      <styleUrl>#businessBackup</styleUrl>
      <Point><coordinates>-118.19742889999999,33.9431523,0</coordinates></Point>
    </Placemark>
    <Placemark><name>Jersey Mike's Subs</name>
      <description><![CDATA[Priority 4: Fast-food or branded-gas backup.<br/>Address: 1447 Lincoln Blvd, Santa Monica, CA 90401, USA<br/>Approximate runner mile: 0.1.<br/>Nearest runner geometry: approximately 0.57 mi straight-line (not a walking detour).<br/>Verification: Google Places business backup (operational); confirm customer restroom access and hours on race day.<br/>Source: <a href="https://maps.google.com/?cid=10682761984992562981&g_mp=Cilnb29nbGUubWFwcy5wbGFjZXMudjEuUGxhY2VzLlNlYXJjaE5lYXJieRACGAQgAA">official / current listing</a>]]></description>
      <styleUrl>#businessBackup</styleUrl>
      <Point><coordinates>-118.48990660000001,34.0184616,0</coordinates></Point>
    </Placemark>
    <Placemark><name>Jersey Mike's Subs</name>
      <description><![CDATA[Priority 4: Fast-food or branded-gas backup.<br/>Address: 245 Main St Apt 3C, Venice, CA 90291, USA<br/>Approximate runner mile: 1.6.<br/>Nearest runner geometry: approximately 0.01 mi straight-line (not a walking detour).<br/>Verification: Google Places business backup (operational); confirm customer restroom access and hours on race day.<br/>Source: <a href="https://maps.google.com/?cid=11197413324900846636&g_mp=Cilnb29nbGUubWFwcy5wbGFjZXMudjEuUGxhY2VzLlNlYXJjaE5lYXJieRACGAQgAA">official / current listing</a>]]></description>
      <styleUrl>#businessBackup</styleUrl>
      <Point><coordinates>-118.47870959999997,33.996667699999996,0</coordinates></Point>
    </Placemark>
    <Placemark><name>Jersey Mike's Subs</name>
      <description><![CDATA[Priority 4: Fast-food or branded-gas backup.<br/>Address: 4020 Lincoln Blvd A, Marina Del Rey, CA 90292, USA<br/>Approximate runner mile: 3.7.<br/>Nearest runner geometry: approximately 0.04 mi straight-line (not a walking detour).<br/>Verification: Google Places business backup (operational); confirm customer restroom access and hours on race day.<br/>Source: <a href="https://maps.google.com/?cid=6823828739313435735&g_mp=Cilnb29nbGUubWFwcy5wbGFjZXMudjEuUGxhY2VzLlNlYXJjaE5lYXJieRACGAQgAA">official / current listing</a>]]></description>
      <styleUrl>#businessBackup</styleUrl>
      <Point><coordinates>-118.44704449999999,33.9900002,0</coordinates></Point>
    </Placemark>
    <Placemark><name>Jersey Mike's Subs</name>
      <description><![CDATA[Priority 4: Fast-food or branded-gas backup.<br/>Address: 4114 Sepulveda Blvd, Culver City, CA 90230, USA<br/>Approximate runner mile: 5.3.<br/>Nearest runner geometry: approximately 0.85 mi straight-line (not a walking detour).<br/>Verification: Google Places business backup (operational); confirm customer restroom access and hours on race day.<br/>Source: <a href="https://maps.google.com/?cid=7763020548521188746&g_mp=Cilnb29nbGUubWFwcy5wbGFjZXMudjEuUGxhY2VzLlNlYXJjaE5lYXJieRACGAQgAA">official / current listing</a>]]></description>
      <styleUrl>#businessBackup</styleUrl>
      <Point><coordinates>-118.41256899999999,34.007248,0</coordinates></Point>
    </Placemark>
    <Placemark><name>Jersey Mike's Subs</name>
      <description><![CDATA[Priority 4: Fast-food or branded-gas backup.<br/>Address: 6810 S La Tijera Blvd, Los Angeles, CA 90045, USA<br/>Approximate runner mile: 9.0.<br/>Nearest runner geometry: approximately 0.82 mi straight-line (not a walking detour).<br/>Verification: Google Places business backup (operational); confirm customer restroom access and hours on race day.<br/>Source: <a href="https://maps.google.com/?cid=13671492897573944831&g_mp=Cilnb29nbGUubWFwcy5wbGFjZXMudjEuUGxhY2VzLlNlYXJjaE5lYXJieRACGAQgAA">official / current listing</a>]]></description>
      <styleUrl>#businessBackup</styleUrl>
      <Point><coordinates>-118.37175979999998,33.976886199999996,0</coordinates></Point>
    </Placemark>
    <Placemark><name>Jersey Mike's Subs</name>
      <description><![CDATA[Priority 4: Fast-food or branded-gas backup.<br/>Address: 2365 E Century Blvd Ste C, Los Angeles, CA 90002, USA<br/>Approximate runner mile: 18.5.<br/>Nearest runner geometry: approximately 0.70 mi straight-line (not a walking detour).<br/>Verification: Google Places business backup (operational); confirm customer restroom access and hours on race day.<br/>Source: <a href="https://maps.google.com/?cid=9765770456765209111&g_mp=Cilnb29nbGUubWFwcy5wbGFjZXMudjEuUGxhY2VzLlNlYXJjaE5lYXJieRACGAQgAA">official / current listing</a>]]></description>
      <styleUrl>#businessBackup</styleUrl>
      <Point><coordinates>-118.23041339999999,33.9467454,0</coordinates></Point>
    </Placemark>
    <Placemark><name>Jersey Mike's Subs</name>
      <description><![CDATA[Priority 4: Fast-food or branded-gas backup.<br/>Address: 4260 Long Beach Blvd, Long Beach, CA 90807, USA<br/>Approximate runner mile: 30.2.<br/>Nearest runner geometry: approximately 0.84 mi straight-line (not a walking detour).<br/>Verification: Google Places business backup (operational); confirm customer restroom access and hours on race day.<br/>Source: <a href="https://maps.google.com/?cid=8995086069681322300&g_mp=Cilnb29nbGUubWFwcy5wbGFjZXMudjEuUGxhY2VzLlNlYXJjaE5lYXJieRACGAQgAA">official / current listing</a>]]></description>
      <styleUrl>#businessBackup</styleUrl>
      <Point><coordinates>-118.1888044,33.8358518,0</coordinates></Point>
    </Placemark>
    <Placemark><name>Jersey Mike's Subs</name>
      <description><![CDATA[Priority 4: Fast-food or branded-gas backup.<br/>Address: 141 E Willow St, Long Beach, CA 90806, USA<br/>Approximate runner mile: 32.5.<br/>Nearest runner geometry: approximately 0.81 mi straight-line (not a walking detour).<br/>Verification: Google Places business backup (operational); confirm customer restroom access and hours on race day.<br/>Source: <a href="https://maps.google.com/?cid=11846618015550745047&g_mp=Cilnb29nbGUubWFwcy5wbGFjZXMudjEuUGxhY2VzLlNlYXJjaE5lYXJieRACGAQgAA">official / current listing</a>]]></description>
      <styleUrl>#businessBackup</styleUrl>
      <Point><coordinates>-118.190585,33.805544999999995,0</coordinates></Point>
    </Placemark>
    <Placemark><name>Jersey Mike's Subs</name>
      <description><![CDATA[Priority 4: Fast-food or branded-gas backup.<br/>Address: 2150 E Willow St Suite 9, Signal Hill, CA 90755, USA<br/>Approximate runner mile: 35.7.<br/>Nearest runner geometry: approximately 0.95 mi straight-line (not a walking detour).<br/>Verification: Google Places business backup (operational); confirm customer restroom access and hours on race day.<br/>Source: <a href="https://maps.google.com/?cid=8441705639470773869&g_mp=Cilnb29nbGUubWFwcy5wbGFjZXMudjEuUGxhY2VzLlNlYXJjaE5lYXJieRACGAQgAA">official / current listing</a>]]></description>
      <styleUrl>#businessBackup</styleUrl>
      <Point><coordinates>-118.16655169999999,33.8035286,0</coordinates></Point>
    </Placemark>
    <Placemark><name>Jersey Mike's Subs</name>
      <description><![CDATA[Priority 4: Fast-food or branded-gas backup.<br/>Address: 1831 Ximeno Ave, Long Beach, CA 90815, USA<br/>Approximate runner mile: 37.2.<br/>Nearest runner geometry: approximately 0.12 mi straight-line (not a walking detour).<br/>Verification: Google Places business backup (operational); confirm customer restroom access and hours on race day.<br/>Source: <a href="https://maps.google.com/?cid=12463970516919914877&g_mp=Cilnb29nbGUubWFwcy5wbGFjZXMudjEuUGxhY2VzLlNlYXJjaE5lYXJieRACGAQgAA">official / current listing</a>]]></description>
      <styleUrl>#businessBackup</styleUrl>
      <Point><coordinates>-118.140114,33.790386,0</coordinates></Point>
    </Placemark>
    <Placemark><name>Jersey Mike's Subs</name>
      <description><![CDATA[Priority 4: Fast-food or branded-gas backup.<br/>Address: 6467 E Pacific Coast Hwy Suite E-1B, Long Beach, CA 90803, USA<br/>Approximate runner mile: 40.1.<br/>Nearest runner geometry: approximately 0.12 mi straight-line (not a walking detour).<br/>Verification: Google Places business backup (operational); confirm customer restroom access and hours on race day.<br/>Source: <a href="https://maps.google.com/?cid=17559111154314676250&g_mp=Cilnb29nbGUubWFwcy5wbGFjZXMudjEuUGxhY2VzLlNlYXJjaE5lYXJieRACGAQgAA">official / current listing</a>]]></description>
      <styleUrl>#businessBackup</styleUrl>
      <Point><coordinates>-118.10856039999997,33.7577085,0</coordinates></Point>
    </Placemark>
    <Placemark><name>Jersey Mike's Subs</name>
      <description><![CDATA[Priority 4: Fast-food or branded-gas backup.<br/>Address: 21004 Beach Blvd, Huntington Beach, CA 92648, USA<br/>Approximate runner mile: 50.2.<br/>Nearest runner geometry: approximately 0.49 mi straight-line (not a walking detour).<br/>Verification: Google Places business backup (operational); confirm customer restroom access and hours on race day.<br/>Source: <a href="https://maps.google.com/?cid=424820221981039211&g_mp=Cilnb29nbGUubWFwcy5wbGFjZXMudjEuUGxhY2VzLlNlYXJjaE5lYXJieRACGAQgAA">official / current listing</a>]]></description>
      <styleUrl>#businessBackup</styleUrl>
      <Point><coordinates>-117.9880243,33.657304599999996,0</coordinates></Point>
    </Placemark>
    <Placemark><name>Jersey Mike's Subs</name>
      <description><![CDATA[Priority 4: Fast-food or branded-gas backup.<br/>Address: 1350 S Coast Hwy, Laguna Beach, CA 92651, USA<br/>Approximate runner mile: 65.9.<br/>Nearest runner geometry: approximately 0.01 mi straight-line (not a walking detour).<br/>Verification: Google Places business backup (operational); confirm customer restroom access and hours on race day.<br/>Source: <a href="https://maps.google.com/?cid=17936401853617150979&g_mp=Cilnb29nbGUubWFwcy5wbGFjZXMudjEuUGxhY2VzLlNlYXJjaE5lYXJieRACGAQgAA">official / current listing</a>]]></description>
      <styleUrl>#businessBackup</styleUrl>
      <Point><coordinates>-117.7752632,33.5323135,0</coordinates></Point>
    </Placemark>
    <Placemark><name>Jersey Mike's Subs</name>
      <description><![CDATA[Priority 4: Fast-food or branded-gas backup.<br/>Address: 34255 Pacific Coast Hwy Unit 118, Dana Point, CA 92629, USA<br/>Approximate runner mile: 73.3.<br/>Nearest runner geometry: approximately 0.16 mi straight-line (not a walking detour).<br/>Verification: Google Places business backup (operational); confirm customer restroom access and hours on race day.<br/>Source: <a href="https://maps.google.com/?cid=9417014282585485706&g_mp=Cilnb29nbGUubWFwcy5wbGFjZXMudjEuUGxhY2VzLlNlYXJjaE5lYXJieRACGAQgAA">official / current listing</a>]]></description>
      <styleUrl>#businessBackup</styleUrl>
      <Point><coordinates>-117.69063299999999,33.465607,0</coordinates></Point>
    </Placemark>
    <Placemark><name>Jersey Mike's Subs</name>
      <description><![CDATA[Priority 4: Fast-food or branded-gas backup.<br/>Address: 641 Camino De Los Mares, San Clemente, CA 92673, USA<br/>Approximate runner mile: 75.5.<br/>Nearest runner geometry: approximately 0.72 mi straight-line (not a walking detour).<br/>Verification: Google Places business backup (operational); confirm customer restroom access and hours on race day.<br/>Source: <a href="https://maps.google.com/?cid=1054483114311781046&g_mp=Cilnb29nbGUubWFwcy5wbGFjZXMudjEuUGxhY2VzLlNlYXJjaE5lYXJieRACGAQgAA">official / current listing</a>]]></description>
      <styleUrl>#businessBackup</styleUrl>
      <Point><coordinates>-117.65035060000001,33.4585514,0</coordinates></Point>
    </Placemark>
    <Placemark><name>Jersey Mike's Subs</name>
      <description><![CDATA[Priority 4: Fast-food or branded-gas backup.<br/>Address: 800 Avenida Pico Suite S, San Clemente, CA 92673, USA<br/>Approximate runner mile: 78.0.<br/>Nearest runner geometry: approximately 0.84 mi straight-line (not a walking detour).<br/>Verification: Google Places business backup (operational); confirm customer restroom access and hours on race day.<br/>Source: <a href="https://maps.google.com/?cid=17229517413680987464&g_mp=Cilnb29nbGUubWFwcy5wbGFjZXMudjEuUGxhY2VzLlNlYXJjaE5lYXJieRACGAQgAA">official / current listing</a>]]></description>
      <styleUrl>#businessBackup</styleUrl>
      <Point><coordinates>-117.61522850000001,33.4426493,0</coordinates></Point>
    </Placemark>
    <Placemark><name>Jersey Mike's Subs</name>
      <description><![CDATA[Priority 4: Fast-food or branded-gas backup.<br/>Address: 302 Mission Ave, Oceanside, CA 92054, USA<br/>Approximate runner mile: 82.3.<br/>Nearest runner geometry: approximately 0.09 mi straight-line (not a walking detour).<br/>Verification: Google Places business backup (operational); confirm customer restroom access and hours on race day.<br/>Source: <a href="https://maps.google.com/?cid=12285226622761258580&g_mp=Cilnb29nbGUubWFwcy5wbGFjZXMudjEuUGxhY2VzLlNlYXJjaE5lYXJieRACGAQgAA">official / current listing</a>]]></description>
      <styleUrl>#businessBackup</styleUrl>
      <Point><coordinates>-117.3810743,33.1952169,0</coordinates></Point>
    </Placemark>
    <Placemark><name>Jersey Mike's Subs</name>
      <description><![CDATA[Priority 4: Fast-food or branded-gas backup.<br/>Address: 5620 Paseo Del Norte Suite C-127, Carlsbad, CA 92008, USA<br/>Approximate runner mile: 88.3.<br/>Nearest runner geometry: approximately 0.47 mi straight-line (not a walking detour).<br/>Verification: Google Places business backup (operational); confirm customer restroom access and hours on race day.<br/>Source: <a href="https://maps.google.com/?cid=1052824287511904113&g_mp=Cilnb29nbGUubWFwcy5wbGFjZXMudjEuUGxhY2VzLlNlYXJjaE5lYXJieRACGAQgAA">official / current listing</a>]]></description>
      <styleUrl>#businessBackup</styleUrl>
      <Point><coordinates>-117.31998,33.125113,0</coordinates></Point>
    </Placemark>
    <Placemark><name>Jersey Mike's Subs</name>
      <description><![CDATA[Priority 4: Fast-food or branded-gas backup.<br/>Address: 7110 Avenida Encinas Ste 100, Carlsbad, CA 92011, USA<br/>Approximate runner mile: 90.1.<br/>Nearest runner geometry: approximately 0.37 mi straight-line (not a walking detour).<br/>Verification: Google Places business backup (operational); confirm customer restroom access and hours on race day.<br/>Source: <a href="https://maps.google.com/?cid=17650838051056977389&g_mp=Cilnb29nbGUubWFwcy5wbGFjZXMudjEuUGxhY2VzLlNlYXJjaE5lYXJieRACGAQgAA">official / current listing</a>]]></description>
      <styleUrl>#businessBackup</styleUrl>
      <Point><coordinates>-117.311228,33.101542,0</coordinates></Point>
    </Placemark>
    <Placemark><name>Jersey Mike's Subs</name>
      <description><![CDATA[Priority 4: Fast-food or branded-gas backup.<br/>Address: 138 Encinitas Blvd Ste 138, Encinitas, CA 92024, USA<br/>Approximate runner mile: 93.9.<br/>Nearest runner geometry: approximately 0.28 mi straight-line (not a walking detour).<br/>Verification: Google Places business backup (operational); confirm customer restroom access and hours on race day.<br/>Source: <a href="https://maps.google.com/?cid=1171899988113220213&g_mp=Cilnb29nbGUubWFwcy5wbGFjZXMudjEuUGxhY2VzLlNlYXJjaE5lYXJieRACGAQgAA">official / current listing</a>]]></description>
      <styleUrl>#businessBackup</styleUrl>
      <Point><coordinates>-117.2894027,33.0498445,0</coordinates></Point>
    </Placemark>
    <Placemark><name>Jersey Mike's Subs</name>
      <description><![CDATA[Priority 4: Fast-food or branded-gas backup.<br/>Address: 915 Lomas Santa Fe Dr, Solana Beach, CA 92075, USA<br/>Approximate runner mile: 98.1.<br/>Nearest runner geometry: approximately 0.96 mi straight-line (not a walking detour).<br/>Verification: Google Places business backup (operational); confirm customer restroom access and hours on race day.<br/>Source: <a href="https://maps.google.com/?cid=9830715662751203543&g_mp=Cilnb29nbGUubWFwcy5wbGFjZXMudjEuUGxhY2VzLlNlYXJjaE5lYXJieRACGAQgAA">official / current listing</a>]]></description>
      <styleUrl>#businessBackup</styleUrl>
      <Point><coordinates>-117.25513699999999,32.994198,0</coordinates></Point>
    </Placemark>
    <Placemark><name>Jersey Mike's Subs</name>
      <description><![CDATA[Priority 4: Fast-food or branded-gas backup.<br/>Address: 2626A Del Mar Heights Rd, Del Mar, CA 92014, USA<br/>Approximate runner mile: 101.4.<br/>Nearest runner geometry: approximately 0.88 mi straight-line (not a walking detour).<br/>Verification: Google Places business backup (operational); confirm customer restroom access and hours on race day.<br/>Source: <a href="https://maps.google.com/?cid=17466659038277282777&g_mp=Cilnb29nbGUubWFwcy5wbGFjZXMudjEuUGxhY2VzLlNlYXJjaE5lYXJieRACGAQgAA">official / current listing</a>]]></description>
      <styleUrl>#businessBackup</styleUrl>
      <Point><coordinates>-117.24626,32.951167,0</coordinates></Point>
    </Placemark>
    <Placemark><name>Jersey Mike's Subs</name>
      <description><![CDATA[Priority 4: Fast-food or branded-gas backup.<br/>Address: 7836 Herschel Ave, La Jolla, CA 92037, USA<br/>Approximate runner mile: 110.1.<br/>Nearest runner geometry: approximately 0.20 mi straight-line (not a walking detour).<br/>Verification: Google Places business backup (operational); confirm customer restroom access and hours on race day.<br/>Source: <a href="https://maps.google.com/?cid=12458119041554618570&g_mp=Cilnb29nbGUubWFwcy5wbGFjZXMudjEuUGxhY2VzLlNlYXJjaE5lYXJieRACGAQgAA">official / current listing</a>]]></description>
      <styleUrl>#businessBackup</styleUrl>
      <Point><coordinates>-117.27313579999999,32.846027899999996,0</coordinates></Point>
    </Placemark>
    <Placemark><name>Jersey Mike's Subs</name>
      <description><![CDATA[Priority 4: Fast-food or branded-gas backup.<br/>Address: 1975 Garnet Ave, San Diego, CA 92109, USA<br/>Approximate runner mile: 115.4.<br/>Nearest runner geometry: approximately 0.11 mi straight-line (not a walking detour).<br/>Verification: Google Places business backup (operational); confirm customer restroom access and hours on race day.<br/>Source: <a href="https://maps.google.com/?cid=4810382755253293788&g_mp=Cilnb29nbGUubWFwcy5wbGFjZXMudjEuUGxhY2VzLlNlYXJjaE5lYXJieRACGAQgAA">official / current listing</a>]]></description>
      <styleUrl>#businessBackup</styleUrl>
      <Point><coordinates>-117.23397449999999,32.8010996,0</coordinates></Point>
    </Placemark>
    <Placemark><name>Jimmy John's</name>
      <description><![CDATA[Priority 4: Fast-food or branded-gas backup.<br/>Address: 1772 Garnet Ave Ste F, San Diego, CA 92109, USA<br/>Approximate runner mile: 115.3.<br/>Nearest runner geometry: approximately 0.08 mi straight-line (not a walking detour).<br/>Verification: Google Places business backup (operational); confirm customer restroom access and hours on race day.<br/>Source: <a href="https://maps.google.com/?cid=12904009498388904665&g_mp=Cilnb29nbGUubWFwcy5wbGFjZXMudjEuUGxhY2VzLlNlYXJjaE5lYXJieRACGAQgAA">official / current listing</a>]]></description>
      <styleUrl>#businessBackup</styleUrl>
      <Point><coordinates>-117.23799220000001,32.801491399999996,0</coordinates></Point>
    </Placemark>
    <Placemark><name>Juanitas Taco Shop</name>
      <description><![CDATA[Priority 4: Fast-food or branded-gas backup.<br/>Address: 290 N Coast Hwy 101, Encinitas, CA 92024, USA<br/>Approximate runner mile: 93.5.<br/>Nearest runner geometry: approximately 0.02 mi straight-line (not a walking detour).<br/>Verification: Google Places business backup (operational); confirm customer restroom access and hours on race day.<br/>Source: <a href="https://maps.google.com/?cid=7276323751732793808&g_mp=Cilnb29nbGUubWFwcy5wbGFjZXMudjEuUGxhY2VzLlNlYXJjaE5lYXJieRACGAQgAA">official / current listing</a>]]></description>
      <styleUrl>#businessBackup</styleUrl>
      <Point><coordinates>-117.2969126,33.0542484,0</coordinates></Point>
    </Placemark>
    <Placemark><name>K Express</name>
      <description><![CDATA[Priority 4: Fast-food or branded-gas backup.<br/>Address: 468 W Manchester Ave, Los Angeles, CA 90003, USA<br/>Approximate runner mile: 15.1.<br/>Nearest runner geometry: approximately 0.01 mi straight-line (not a walking detour).<br/>Verification: Google Places business backup (operational); confirm customer restroom access and hours on race day.<br/>Source: <a href="https://maps.google.com/?cid=12639128298522048878&g_mp=Cilnb29nbGUubWFwcy5wbGFjZXMudjEuUGxhY2VzLlNlYXJjaE5lYXJieRACGAQgAA">official / current listing</a>]]></description>
      <styleUrl>#businessBackup</styleUrl>
      <Point><coordinates>-118.28243069999999,33.959822599999995,0</coordinates></Point>
    </Placemark>
    <Placemark><name>KFC</name>
      <description><![CDATA[Priority 4: Fast-food or branded-gas backup.<br/>Address: 5220 W Centinela Ave, Los Angeles, CA 90045, USA<br/>Approximate runner mile: 9.0.<br/>Nearest runner geometry: approximately 0.85 mi straight-line (not a walking detour).<br/>Verification: Google Places business backup (operational); confirm customer restroom access and hours on race day.<br/>Source: <a href="https://maps.google.com/?cid=3423153032510089532&g_mp=Cilnb29nbGUubWFwcy5wbGFjZXMudjEuUGxhY2VzLlNlYXJjaE5lYXJieRACGAQgAA">official / current listing</a>]]></description>
      <styleUrl>#businessBackup</styleUrl>
      <Point><coordinates>-118.37121769999997,33.9770579,0</coordinates></Point>
    </Placemark>
    <Placemark><name>KFC</name>
      <description><![CDATA[Priority 4: Fast-food or branded-gas backup.<br/>Address: 1148 W Manchester Ave, Los Angeles, CA 90044, USA<br/>Approximate runner mile: 14.4.<br/>Nearest runner geometry: approximately 0.01 mi straight-line (not a walking detour).<br/>Verification: Google Places business backup (operational); confirm customer restroom access and hours on race day.<br/>Source: <a href="https://maps.google.com/?cid=11913039853586848762&g_mp=Cilnb29nbGUubWFwcy5wbGFjZXMudjEuUGxhY2VzLlNlYXJjaE5lYXJieRACGAQgAA">official / current listing</a>]]></description>
      <styleUrl>#businessBackup</styleUrl>
      <Point><coordinates>-118.29546339999999,33.9597684,0</coordinates></Point>
    </Placemark>
    <Placemark><name>KFC</name>
      <description><![CDATA[Priority 4: Fast-food or branded-gas backup.<br/>Address: 8515 S Central Ave, Los Angeles, CA 90001, USA<br/>Approximate runner mile: 16.7.<br/>Nearest runner geometry: approximately 0.03 mi straight-line (not a walking detour).<br/>Verification: Google Places business backup (operational); confirm customer restroom access and hours on race day.<br/>Source: <a href="https://maps.google.com/?cid=7152851221794673785&g_mp=Cilnb29nbGUubWFwcy5wbGFjZXMudjEuUGxhY2VzLlNlYXJjaE5lYXJieRACGAQgAA">official / current listing</a>]]></description>
      <styleUrl>#businessBackup</styleUrl>
      <Point><coordinates>-118.25672340000001,33.9605278,0</coordinates></Point>
    </Placemark>
    <Placemark><name>KFC</name>
      <description><![CDATA[Priority 4: Fast-food or branded-gas backup.<br/>Address: 3420 Firestone Blvd, South Gate, CA 90280, USA<br/>Approximate runner mile: 19.6.<br/>Nearest runner geometry: approximately 0.00 mi straight-line (not a walking detour).<br/>Verification: Google Places business backup (operational); confirm customer restroom access and hours on race day.<br/>Source: <a href="https://maps.google.com/?cid=8501791621688827842&g_mp=Cilnb29nbGUubWFwcy5wbGFjZXMudjEuUGxhY2VzLlNlYXJjaE5lYXJieRACGAQgAA">official / current listing</a>]]></description>
      <styleUrl>#businessBackup</styleUrl>
      <Point><coordinates>-118.2082299,33.9542418,0</coordinates></Point>
    </Placemark>
    <Placemark><name>KFC</name>
      <description><![CDATA[Priority 4: Fast-food or branded-gas backup.<br/>Address: 4339 E Imperial Hwy, Lynwood, CA 90262, USA<br/>Approximate runner mile: 22.6.<br/>Nearest runner geometry: approximately 0.07 mi straight-line (not a walking detour).<br/>Verification: Google Places business backup (operational); confirm customer restroom access and hours on race day.<br/>Source: <a href="https://maps.google.com/?cid=9666192496452819574&g_mp=Cilnb29nbGUubWFwcy5wbGFjZXMudjEuUGxhY2VzLlNlYXJjaE5lYXJieRACGAQgAA">official / current listing</a>]]></description>
      <styleUrl>#businessBackup</styleUrl>
      <Point><coordinates>-118.18489670000001,33.931154899999996,0</coordinates></Point>
    </Placemark>
    <Placemark><name>KFC</name>
      <description><![CDATA[Priority 4: Fast-food or branded-gas backup.<br/>Address: 1601 W Willow St, Long Beach, CA 90810, USA<br/>Approximate runner mile: 32.5.<br/>Nearest runner geometry: approximately 0.57 mi straight-line (not a walking detour).<br/>Verification: Google Places business backup (operational); confirm customer restroom access and hours on race day.<br/>Source: <a href="https://maps.google.com/?cid=17066027231792110933&g_mp=Cilnb29nbGUubWFwcy5wbGFjZXMudjEuUGxhY2VzLlNlYXJjaE5lYXJieRACGAQgAA">official / current listing</a>]]></description>
      <styleUrl>#businessBackup</styleUrl>
      <Point><coordinates>-118.2145185,33.8046222,0</coordinates></Point>
    </Placemark>
    <Placemark><name>KFC</name>
      <description><![CDATA[Priority 4: Fast-food or branded-gas backup.<br/>Address: 209 E Pacific Coast Hwy, Long Beach, CA 90806, USA<br/>Approximate runner mile: 34.3.<br/>Nearest runner geometry: approximately 0.03 mi straight-line (not a walking detour).<br/>Verification: Google Places business backup (operational); confirm customer restroom access and hours on race day.<br/>Source: <a href="https://maps.google.com/?cid=10666461303575748603&g_mp=Cilnb29nbGUubWFwcy5wbGFjZXMudjEuUGxhY2VzLlNlYXJjaE5lYXJieRACGAQgAA">official / current listing</a>]]></description>
      <styleUrl>#businessBackup</styleUrl>
      <Point><coordinates>-118.19074649999999,33.7901375,0</coordinates></Point>
    </Placemark>
    <Placemark><name>KFC</name>
      <description><![CDATA[Priority 4: Fast-food or branded-gas backup.<br/>Address: 4001 E Anaheim St, Long Beach, CA 90804, USA<br/>Approximate runner mile: 37.1.<br/>Nearest runner geometry: approximately 0.47 mi straight-line (not a walking detour).<br/>Verification: Google Places business backup (operational); confirm customer restroom access and hours on race day.<br/>Source: <a href="https://maps.google.com/?cid=9086722007487742336&g_mp=Cilnb29nbGUubWFwcy5wbGFjZXMudjEuUGxhY2VzLlNlYXJjaE5lYXJieRACGAQgAA">official / current listing</a>]]></description>
      <styleUrl>#businessBackup</styleUrl>
      <Point><coordinates>-118.14556689999998,33.7828296,0</coordinates></Point>
    </Placemark>
    <Placemark><name>KFC</name>
      <description><![CDATA[Priority 4: Fast-food or branded-gas backup.<br/>Address: 465 E 17th St, Costa Mesa, CA 92627, USA<br/>Approximate runner mile: 55.8.<br/>Nearest runner geometry: approximately 0.90 mi straight-line (not a walking detour).<br/>Verification: Google Places business backup (operational); confirm customer restroom access and hours on race day.<br/>Source: <a href="https://maps.google.com/?cid=3515578281474648830&g_mp=Cilnb29nbGUubWFwcy5wbGFjZXMudjEuUGxhY2VzLlNlYXJjaE5lYXJieRACGAQgAA">official / current listing</a>]]></description>
      <styleUrl>#businessBackup</styleUrl>
      <Point><coordinates>-117.91035629999999,33.6290883,0</coordinates></Point>
    </Placemark>
    <Placemark><name>KFC</name>
      <description><![CDATA[Priority 4: Fast-food or branded-gas backup.<br/>Address: 745 Carlsbad Village Dr, Carlsbad, CA 92008, USA<br/>Approximate runner mile: 85.5.<br/>Nearest runner geometry: approximately 0.34 mi straight-line (not a walking detour).<br/>Verification: Google Places business backup (operational); confirm customer restroom access and hours on race day.<br/>Source: <a href="https://maps.google.com/?cid=13734366318235869635&g_mp=Cilnb29nbGUubWFwcy5wbGFjZXMudjEuUGxhY2VzLlNlYXJjaE5lYXJieRACGAQgAA">official / current listing</a>]]></description>
      <styleUrl>#businessBackup</styleUrl>
      <Point><coordinates>-117.3460671,33.1607014,0</coordinates></Point>
    </Placemark>
    <Placemark><name>Kayo Oil Co</name>
      <description><![CDATA[Priority 4: Fast-food or branded-gas backup.<br/>Address: 5630 E 7th St, Long Beach, CA 90804, USA<br/>Approximate runner mile: 38.6.<br/>Nearest runner geometry: approximately 0.03 mi straight-line (not a walking detour).<br/>Verification: Google Places business backup (closed temporarily); confirm customer restroom access and hours on race day.<br/>Source: <a href="https://maps.google.com/?cid=2568368686043142342&g_mp=Cilnb29nbGUubWFwcy5wbGFjZXMudjEuUGxhY2VzLlNlYXJjaE5lYXJieRACGAQgAA">official / current listing</a>]]></description>
      <styleUrl>#businessBackup</styleUrl>
      <Point><coordinates>-118.1218307,33.774987599999996,0</coordinates></Point>
    </Placemark>
    <Placemark><name>King Taco # 26</name>
      <description><![CDATA[Priority 4: Fast-food or branded-gas backup.<br/>Address: 7623 Pacific Blvd, Walnut Park, CA 90255, USA<br/>Approximate runner mile: 18.0.<br/>Nearest runner geometry: approximately 0.85 mi straight-line (not a walking detour).<br/>Verification: Google Places business backup (operational); confirm customer restroom access and hours on race day.<br/>Source: <a href="https://maps.google.com/?cid=16860655961212594678&g_mp=Cilnb29nbGUubWFwcy5wbGFjZXMudjEuUGxhY2VzLlNlYXJjaE5lYXJieRACGAQgAA">official / current listing</a>]]></description>
      <styleUrl>#businessBackup</styleUrl>
      <Point><coordinates>-118.225504,33.970197999999996,0</coordinates></Point>
    </Placemark>
    <Placemark><name>King Taco # 27</name>
      <description><![CDATA[Priority 4: Fast-food or branded-gas backup.<br/>Address: 1841 Long Beach Blvd, Long Beach, CA 90806, USA<br/>Approximate runner mile: 34.4.<br/>Nearest runner geometry: approximately 0.06 mi straight-line (not a walking detour).<br/>Verification: Google Places business backup (operational); confirm customer restroom access and hours on race day.<br/>Source: <a href="https://maps.google.com/?cid=9515705471174147969&g_mp=Cilnb29nbGUubWFwcy5wbGFjZXMudjEuUGxhY2VzLlNlYXJjaE5lYXJieRACGAQgAA">official / current listing</a>]]></description>
      <styleUrl>#businessBackup</styleUrl>
      <Point><coordinates>-118.18981699999999,33.790621,0</coordinates></Point>
    </Placemark>
    <Placemark><name>Kotija Jr. Taco Shop</name>
      <description><![CDATA[Priority 4: Fast-food or branded-gas backup.<br/>Address: 852 N Coast Hwy 101, Encinitas, CA 92024, USA<br/>Approximate runner mile: 92.7.<br/>Nearest runner geometry: approximately 0.02 mi straight-line (not a walking detour).<br/>Verification: Google Places business backup (operational); confirm customer restroom access and hours on race day.<br/>Source: <a href="https://maps.google.com/?cid=16278721317378921594&g_mp=Cilnb29nbGUubWFwcy5wbGFjZXMudjEuUGxhY2VzLlNlYXJjaE5lYXJieRACGAQgAA">official / current listing</a>]]></description>
      <styleUrl>#businessBackup</styleUrl>
      <Point><coordinates>-117.30231920000001,33.0640079,0</coordinates></Point>
    </Placemark>
    <Placemark><name>Kwik Serv</name>
      <description><![CDATA[Priority 4: Fast-food or branded-gas backup.<br/>Address: 145 E Manchester Blvd, Inglewood, CA 90301, USA<br/>Approximate runner mile: 10.9.<br/>Nearest runner geometry: approximately 0.01 mi straight-line (not a walking detour).<br/>Verification: Google Places business backup (operational); confirm customer restroom access and hours on race day.<br/>Source: <a href="https://maps.google.com/?cid=2310063573196022733&g_mp=Cilnb29nbGUubWFwcy5wbGFjZXMudjEuUGxhY2VzLlNlYXJjaE5lYXJieRACGAQgAA">official / current listing</a>]]></description>
      <styleUrl>#businessBackup</styleUrl>
      <Point><coordinates>-118.3537368,33.961978699999996,0</coordinates></Point>
    </Placemark>
    <Placemark><name>Kwik Serv</name>
      <description><![CDATA[Priority 4: Fast-food or branded-gas backup.<br/>Address: 3225 Firestone Blvd, South Gate, CA 90280, USA<br/>Approximate runner mile: 19.4.<br/>Nearest runner geometry: approximately 0.03 mi straight-line (not a walking detour).<br/>Verification: Google Places business backup (operational); confirm customer restroom access and hours on race day.<br/>Source: <a href="https://maps.google.com/?cid=5952315892074085979&g_mp=Cilnb29nbGUubWFwcy5wbGFjZXMudjEuUGxhY2VzLlNlYXJjaE5lYXJieRACGAQgAA">official / current listing</a>]]></description>
      <styleUrl>#businessBackup</styleUrl>
      <Point><coordinates>-118.21254249999998,33.9551073,0</coordinates></Point>
    </Placemark>
    <Placemark><name>L&amp;L Hawaiian Barbecue</name>
      <description><![CDATA[Priority 4: Fast-food or branded-gas backup.<br/>Address: 141-T E Willow St, Long Beach, CA 90806, USA<br/>Approximate runner mile: 32.5.<br/>Nearest runner geometry: approximately 0.80 mi straight-line (not a walking detour).<br/>Verification: Google Places business backup (operational); confirm customer restroom access and hours on race day.<br/>Source: <a href="https://maps.google.com/?cid=2921775483231168800&g_mp=Cilnb29nbGUubWFwcy5wbGFjZXMudjEuUGxhY2VzLlNlYXJjaE5lYXJieRACGAQgAA">official / current listing</a>]]></description>
      <styleUrl>#businessBackup</styleUrl>
      <Point><coordinates>-118.19064949999999,33.8055206,0</coordinates></Point>
    </Placemark>
    <Placemark><name>LAX AM PM</name>
      <description><![CDATA[Priority 4: Fast-food or branded-gas backup.<br/>Address: 7370 S La Tijera Blvd, Los Angeles, CA 90045, USA<br/>Approximate runner mile: 9.0.<br/>Nearest runner geometry: approximately 0.22 mi straight-line (not a walking detour).<br/>Verification: Google Places business backup (closed temporarily); confirm customer restroom access and hours on race day.<br/>Source: <a href="https://maps.google.com/?cid=1823865250997299416&g_mp=Cilnb29nbGUubWFwcy5wbGFjZXMudjEuUGxhY2VzLlNlYXJjaE5lYXJieRACGAQgAA">official / current listing</a>]]></description>
      <styleUrl>#businessBackup</styleUrl>
      <Point><coordinates>-118.3790142,33.9705455,0</coordinates></Point>
    </Placemark>
    <Placemark><name>LAX Gas</name>
      <description><![CDATA[Priority 4: Fast-food or branded-gas backup.<br/>Address: 5800 W Manchester Ave, Los Angeles, CA 90045, USA<br/>Approximate runner mile: 9.3.<br/>Nearest runner geometry: approximately 0.50 mi straight-line (not a walking detour).<br/>Verification: Google Places business backup (operational); confirm customer restroom access and hours on race day.<br/>Source: <a href="https://maps.google.com/?cid=7437891973755230681&g_mp=Cilnb29nbGUubWFwcy5wbGFjZXMudjEuUGxhY2VzLlNlYXJjaE5lYXJieRACGAQgAA">official / current listing</a>]]></description>
      <styleUrl>#businessBackup</styleUrl>
      <Point><coordinates>-118.3828989,33.9596161,0</coordinates></Point>
    </Placemark>
    <Placemark><name>LB FUEL</name>
      <description><![CDATA[Priority 4: Fast-food or branded-gas backup.<br/>Address: 6605 Long Beach Blvd, Long Beach, CA 90805, USA<br/>Approximate runner mile: 27.9.<br/>Nearest runner geometry: approximately 0.74 mi straight-line (not a walking detour).<br/>Verification: Google Places business backup (operational); confirm customer restroom access and hours on race day.<br/>Source: <a href="https://maps.google.com/?cid=15706175467179474191&g_mp=Cilnb29nbGUubWFwcy5wbGFjZXMudjEuUGxhY2VzLlNlYXJjaE5lYXJieRACGAQgAA">official / current listing</a>]]></description>
      <styleUrl>#businessBackup</styleUrl>
      <Point><coordinates>-118.20318710000001,33.8745414,0</coordinates></Point>
    </Placemark>
    <Placemark><name>La Playa Taco Shop</name>
      <description><![CDATA[Priority 4: Fast-food or branded-gas backup.<br/>Address: 3973 Mission Blvd, San Diego, CA 92109, USA<br/>Approximate runner mile: 114.3.<br/>Nearest runner geometry: approximately 0.51 mi straight-line (not a walking detour).<br/>Verification: Google Places business backup (operational); confirm customer restroom access and hours on race day.<br/>Source: <a href="https://maps.google.com/?cid=5659549980826612167&g_mp=Cilnb29nbGUubWFwcy5wbGFjZXMudjEuUGxhY2VzLlNlYXJjaE5lYXJieRACGAQgAA">official / current listing</a>]]></description>
      <styleUrl>#businessBackup</styleUrl>
      <Point><coordinates>-117.25314329999999,32.7894396,0</coordinates></Point>
    </Placemark>
    <Placemark><name>La Playa car wash</name>
      <description><![CDATA[Priority 4: Fast-food or branded-gas backup.<br/>Address: 6900 S Centinela Ave, Culver City, CA 90230, USA<br/>Approximate runner mile: 7.0.<br/>Nearest runner geometry: approximately 0.05 mi straight-line (not a walking detour).<br/>Verification: Google Places business backup (closed temporarily); confirm customer restroom access and hours on race day.<br/>Source: <a href="https://maps.google.com/?cid=6504840246045014974&g_mp=Cilnb29nbGUubWFwcy5wbGFjZXMudjEuUGxhY2VzLlNlYXJjaE5lYXJieRACGAQgAA">official / current listing</a>]]></description>
      <styleUrl>#businessBackup</styleUrl>
      <Point><coordinates>-118.40036599999999,33.984284099999996,0</coordinates></Point>
    </Placemark>
    <Placemark><name>Lax Station</name>
      <description><![CDATA[Priority 4: Fast-food or branded-gas backup.<br/>Address: 916 W Spruce Ave, Inglewood, CA 90301, USA<br/>Approximate runner mile: 10.0.<br/>Nearest runner geometry: approximately 0.49 mi straight-line (not a walking detour).<br/>Verification: Google Places business backup (operational); confirm customer restroom access and hours on race day.<br/>Source: <a href="https://maps.google.com/?cid=11045585170343233146&g_mp=Cilnb29nbGUubWFwcy5wbGFjZXMudjEuUGxhY2VzLlNlYXJjaE5lYXJieRACGAQgAA">official / current listing</a>]]></description>
      <styleUrl>#businessBackup</styleUrl>
      <Point><coordinates>-118.37294480000001,33.9551751,0</coordinates></Point>
    </Placemark>
    <Placemark><name>Lax Tacos</name>
      <description><![CDATA[Priority 4: Fast-food or branded-gas backup.<br/>Address: 543 W Arbor Vitae St, Inglewood, CA 90301, USA<br/>Approximate runner mile: 10.3.<br/>Nearest runner geometry: approximately 0.61 mi straight-line (not a walking detour).<br/>Verification: Google Places business backup (operational); confirm customer restroom access and hours on race day.<br/>Source: <a href="https://maps.google.com/?cid=17815710014856664923&g_mp=Cilnb29nbGUubWFwcy5wbGFjZXMudjEuUGxhY2VzLlNlYXJjaE5lYXJieRACGAQgAA">official / current listing</a>]]></description>
      <styleUrl>#businessBackup</styleUrl>
      <Point><coordinates>-118.3648597,33.9528852,0</coordinates></Point>
    </Placemark>
    <Placemark><name>Lax Tacos</name>
      <description><![CDATA[Priority 4: Fast-food or branded-gas backup.<br/>Address: 2701 Firestone Blvd # B, South Gate, CA 90280, USA<br/>Approximate runner mile: 18.7.<br/>Nearest runner geometry: approximately 0.05 mi straight-line (not a walking detour).<br/>Verification: Google Places business backup (operational); confirm customer restroom access and hours on race day.<br/>Source: <a href="https://maps.google.com/?cid=7990696897643541390&g_mp=Cilnb29nbGUubWFwcy5wbGFjZXMudjEuUGxhY2VzLlNlYXJjaE5lYXJieRACGAQgAA">official / current listing</a>]]></description>
      <styleUrl>#businessBackup</styleUrl>
      <Point><coordinates>-118.22402829999999,33.956638399999996,0</coordinates></Point>
    </Placemark>
    <Placemark><name>Lee's Sandwiches</name>
      <description><![CDATA[Priority 4: Fast-food or branded-gas backup.<br/>Address: 4748E Pacific Coast Hwy, Long Beach, CA 90804, USA<br/>Approximate runner mile: 37.4.<br/>Nearest runner geometry: approximately 0.04 mi straight-line (not a walking detour).<br/>Verification: Google Places business backup (operational); confirm customer restroom access and hours on race day.<br/>Source: <a href="https://maps.google.com/?cid=11132203800269471030&g_mp=Cilnb29nbGUubWFwcy5wbGFjZXMudjEuUGxhY2VzLlNlYXJjaE5lYXJieRACGAQgAA">official / current listing</a>]]></description>
      <styleUrl>#businessBackup</styleUrl>
      <Point><coordinates>-118.13896129999999,33.7865067,0</coordinates></Point>
    </Placemark>
    <Placemark><name>Lenzini's Pizza</name>
      <description><![CDATA[Priority 4: Fast-food or branded-gas backup.<br/>Address: 12740 Culver Blvd Ste B, Los Angeles, CA 90066, USA<br/>Approximate runner mile: 5.7.<br/>Nearest runner geometry: approximately 0.76 mi straight-line (not a walking detour).<br/>Verification: Google Places business backup (operational); confirm customer restroom access and hours on race day.<br/>Source: <a href="https://maps.google.com/?cid=17524193566845792518&g_mp=Cilnb29nbGUubWFwcy5wbGFjZXMudjEuUGxhY2VzLlNlYXJjaE5lYXJieRACGAQgAA">official / current listing</a>]]></description>
      <styleUrl>#businessBackup</styleUrl>
      <Point><coordinates>-118.4246634,33.9855006,0</coordinates></Point>
    </Placemark>
    <Placemark><name>Liberty</name>
      <description><![CDATA[Priority 4: Fast-food or branded-gas backup.<br/>Address: 1632 Alamitos Ave, Long Beach, CA 90813, USA<br/>Approximate runner mile: 35.1.<br/>Nearest runner geometry: approximately 0.13 mi straight-line (not a walking detour).<br/>Verification: Google Places business backup (operational); confirm customer restroom access and hours on race day.<br/>Source: <a href="https://maps.google.com/?cid=10975027925635636405&g_mp=Cilnb29nbGUubWFwcy5wbGFjZXMudjEuUGxhY2VzLlNlYXJjaE5lYXJieRACGAQgAA">official / current listing</a>]]></description>
      <styleUrl>#businessBackup</styleUrl>
      <Point><coordinates>-118.1762338,33.7878234,0</coordinates></Point>
    </Placemark>
    <Placemark><name>Liberty Oil Inc</name>
      <description><![CDATA[Priority 4: Fast-food or branded-gas backup.<br/>Address: 1943 S Coast Hwy, Oceanside, CA 92054, USA<br/>Approximate runner mile: 84.4.<br/>Nearest runner geometry: approximately 0.01 mi straight-line (not a walking detour).<br/>Verification: Google Places business backup (operational); confirm customer restroom access and hours on race day.<br/>Source: <a href="https://maps.google.com/?cid=10412866717353098683&g_mp=Cilnb29nbGUubWFwcy5wbGFjZXMudjEuUGxhY2VzLlNlYXJjaE5lYXJieRACGAQgAA">official / current listing</a>]]></description>
      <styleUrl>#businessBackup</styleUrl>
      <Point><coordinates>-117.35988019999998,33.172157299999995,0</coordinates></Point>
    </Placemark>
    <Placemark><name>Little Caesars Pizza</name>
      <description><![CDATA[Priority 4: Fast-food or branded-gas backup.<br/>Address: 4042 S Centinela Ave, Los Angeles, CA 90066, USA<br/>Approximate runner mile: 4.9.<br/>Nearest runner geometry: approximately 0.12 mi straight-line (not a walking detour).<br/>Verification: Google Places business backup (operational); confirm customer restroom access and hours on race day.<br/>Source: <a href="https://maps.google.com/?cid=3055206820053754882&g_mp=Cilnb29nbGUubWFwcy5wbGFjZXMudjEuUGxhY2VzLlNlYXJjaE5lYXJieRACGAQgAA">official / current listing</a>]]></description>
      <styleUrl>#businessBackup</styleUrl>
      <Point><coordinates>-118.428598,33.998627,0</coordinates></Point>
    </Placemark>
    <Placemark><name>Little Caesars Pizza</name>
      <description><![CDATA[Priority 4: Fast-food or branded-gas backup.<br/>Address: 257 N La Brea Ave, Inglewood, CA 90301, USA<br/>Approximate runner mile: 10.9.<br/>Nearest runner geometry: approximately 0.30 mi straight-line (not a walking detour).<br/>Verification: Google Places business backup (operational); confirm customer restroom access and hours on race day.<br/>Source: <a href="https://maps.google.com/?cid=5522718359661644733&g_mp=Cilnb29nbGUubWFwcy5wbGFjZXMudjEuUGxhY2VzLlNlYXJjaE5lYXJieRACGAQgAA">official / current listing</a>]]></description>
      <styleUrl>#businessBackup</styleUrl>
      <Point><coordinates>-118.353494,33.966187999999995,0</coordinates></Point>
    </Placemark>
    <Placemark><name>Little Caesars Pizza</name>
      <description><![CDATA[Priority 4: Fast-food or branded-gas backup.<br/>Address: 183 W Manchester Ave, Los Angeles, CA 90003, USA<br/>Approximate runner mile: 15.4.<br/>Nearest runner geometry: approximately 0.01 mi straight-line (not a walking detour).<br/>Verification: Google Places business backup (operational); confirm customer restroom access and hours on race day.<br/>Source: <a href="https://maps.google.com/?cid=15322662333214406413&g_mp=Cilnb29nbGUubWFwcy5wbGFjZXMudjEuUGxhY2VzLlNlYXJjaE5lYXJieRACGAQgAA">official / current listing</a>]]></description>
      <styleUrl>#businessBackup</styleUrl>
      <Point><coordinates>-118.277451,33.960149,0</coordinates></Point>
    </Placemark>
    <Placemark><name>Little Caesars Pizza</name>
      <description><![CDATA[Priority 4: Fast-food or branded-gas backup.<br/>Address: 7907 Atlantic Ave, Cudahy, CA 90201, USA<br/>Approximate runner mile: 20.8.<br/>Nearest runner geometry: approximately 0.75 mi straight-line (not a walking detour).<br/>Verification: Google Places business backup (operational); confirm customer restroom access and hours on race day.<br/>Source: <a href="https://maps.google.com/?cid=5833138826426096214&g_mp=Cilnb29nbGUubWFwcy5wbGFjZXMudjEuUGxhY2VzLlNlYXJjaE5lYXJieRACGAQgAA">official / current listing</a>]]></description>
      <styleUrl>#businessBackup</styleUrl>
      <Point><coordinates>-118.18668600000001,33.963055,0</coordinates></Point>
    </Placemark>
    <Placemark><name>Little Caesars Pizza</name>
      <description><![CDATA[Priority 4: Fast-food or branded-gas backup.<br/>Address: 4149 Tweedy Blvd, South Gate, CA 90280, USA<br/>Approximate runner mile: 20.3.<br/>Nearest runner geometry: approximately 0.65 mi straight-line (not a walking detour).<br/>Verification: Google Places business backup (operational); confirm customer restroom access and hours on race day.<br/>Source: <a href="https://maps.google.com/?cid=18425125254134396326&g_mp=Cilnb29nbGUubWFwcy5wbGFjZXMudjEuUGxhY2VzLlNlYXJjaE5lYXJieRACGAQgAA">official / current listing</a>]]></description>
      <styleUrl>#businessBackup</styleUrl>
      <Point><coordinates>-118.19881799999999,33.943827,0</coordinates></Point>
    </Placemark>
    <Placemark><name>Little Caesars Pizza</name>
      <description><![CDATA[Priority 4: Fast-food or branded-gas backup.<br/>Address: 6624 Somerset Blvd, Paramount, CA 90723, USA<br/>Approximate runner mile: 25.9.<br/>Nearest runner geometry: approximately 0.27 mi straight-line (not a walking detour).<br/>Verification: Google Places business backup (operational); confirm customer restroom access and hours on race day.<br/>Source: <a href="https://maps.google.com/?cid=11854570112224997873&g_mp=Cilnb29nbGUubWFwcy5wbGFjZXMudjEuUGxhY2VzLlNlYXJjaE5lYXJieRACGAQgAA">official / current listing</a>]]></description>
      <styleUrl>#businessBackup</styleUrl>
      <Point><coordinates>-118.18095629999999,33.8960989,0</coordinates></Point>
    </Placemark>
    <Placemark><name>Little Caesars Pizza</name>
      <description><![CDATA[Priority 4: Fast-food or branded-gas backup.<br/>Address: 1516 W Willow St, Long Beach, CA 90810, USA<br/>Approximate runner mile: 32.5.<br/>Nearest runner geometry: approximately 0.49 mi straight-line (not a walking detour).<br/>Verification: Google Places business backup (operational); confirm customer restroom access and hours on race day.<br/>Source: <a href="https://maps.google.com/?cid=16148824934880891425&g_mp=Cilnb29nbGUubWFwcy5wbGFjZXMudjEuUGxhY2VzLlNlYXJjaE5lYXJieRACGAQgAA">official / current listing</a>]]></description>
      <styleUrl>#businessBackup</styleUrl>
      <Point><coordinates>-118.21316399999999,33.804213,0</coordinates></Point>
    </Placemark>
    <Placemark><name>Little Caesars Pizza</name>
      <description><![CDATA[Priority 4: Fast-food or branded-gas backup.<br/>Address: 1075 E Pacific Coast Hwy, Long Beach, CA 90806, USA<br/>Approximate runner mile: 35.0.<br/>Nearest runner geometry: approximately 0.01 mi straight-line (not a walking detour).<br/>Verification: Google Places business backup (operational); confirm customer restroom access and hours on race day.<br/>Source: <a href="https://maps.google.com/?cid=11355494805630377330&g_mp=Cilnb29nbGUubWFwcy5wbGFjZXMudjEuUGxhY2VzLlNlYXJjaE5lYXJieRACGAQgAA">official / current listing</a>]]></description>
      <styleUrl>#businessBackup</styleUrl>
      <Point><coordinates>-118.17880699999999,33.789901,0</coordinates></Point>
    </Placemark>
    <Placemark><name>Little Caesars Pizza</name>
      <description><![CDATA[Priority 4: Fast-food or branded-gas backup.<br/>Address: 1228 Obispo Ave, Long Beach, CA 90804, USA<br/>Approximate runner mile: 36.4.<br/>Nearest runner geometry: approximately 0.53 mi straight-line (not a walking detour).<br/>Verification: Google Places business backup (operational); confirm customer restroom access and hours on race day.<br/>Source: <a href="https://maps.google.com/?cid=11047106922408909046&g_mp=Cilnb29nbGUubWFwcy5wbGFjZXMudjEuUGxhY2VzLlNlYXJjaE5lYXJieRACGAQgAA">official / current listing</a>]]></description>
      <styleUrl>#businessBackup</styleUrl>
      <Point><coordinates>-118.15439799999999,33.782088,0</coordinates></Point>
    </Placemark>
    <Placemark><name>Little Caesars Pizza</name>
      <description><![CDATA[Priority 4: Fast-food or branded-gas backup.<br/>Address: 518 Oceanside Blvd, Oceanside, CA 92054, USA<br/>Approximate runner mile: 83.3.<br/>Nearest runner geometry: approximately 0.04 mi straight-line (not a walking detour).<br/>Verification: Google Places business backup (operational); confirm customer restroom access and hours on race day.<br/>Source: <a href="https://maps.google.com/?cid=3657066283659582811&g_mp=Cilnb29nbGUubWFwcy5wbGFjZXMudjEuUGxhY2VzLlNlYXJjaE5lYXJieRACGAQgAA">official / current listing</a>]]></description>
      <styleUrl>#businessBackup</styleUrl>
      <Point><coordinates>-117.369207,33.184522,0</coordinates></Point>
    </Placemark>
    <Placemark><name>Little Liberty</name>
      <description><![CDATA[Priority 4: Fast-food or branded-gas backup.<br/>Address: 2633 Lincoln Blvd #913, Santa Monica, CA 90405, USA<br/>Approximate runner mile: 1.2.<br/>Nearest runner geometry: approximately 0.60 mi straight-line (not a walking detour).<br/>Verification: Google Places business backup (operational); confirm customer restroom access and hours on race day.<br/>Source: <a href="https://maps.google.com/?cid=3791475134581611801&g_mp=Cilnb29nbGUubWFwcy5wbGFjZXMudjEuUGxhY2VzLlNlYXJjaE5lYXJieRACGAQgAA">official / current listing</a>]]></description>
      <styleUrl>#businessBackup</styleUrl>
      <Point><coordinates>-118.4746643,34.0065585,0</coordinates></Point>
    </Placemark>
    <Placemark><name>Lokal Sandwich + Burger Bar</name>
      <description><![CDATA[Priority 4: Fast-food or branded-gas backup.<br/>Address: 701 Lincoln Blvd, Venice, CA 90291, USA<br/>Approximate runner mile: 2.3.<br/>Nearest runner geometry: approximately 0.59 mi straight-line (not a walking detour).<br/>Verification: Google Places business backup (operational); confirm customer restroom access and hours on race day.<br/>Source: <a href="https://maps.google.com/?cid=4424169565492692605&g_mp=Cilnb29nbGUubWFwcy5wbGFjZXMudjEuUGxhY2VzLlNlYXJjaE5lYXJieRACGAQgAA">official / current listing</a>]]></description>
      <styleUrl>#businessBackup</styleUrl>
      <Point><coordinates>-118.4648833,33.9994285,0</coordinates></Point>
    </Placemark>
    <Placemark><name>Long Beach Truck Stop</name>
      <description><![CDATA[Priority 4: Fast-food or branded-gas backup.<br/>Address: 1603 W Pacific Coast Hwy, Long Beach, CA 90810, USA<br/>Approximate runner mile: 33.5.<br/>Nearest runner geometry: approximately 0.57 mi straight-line (not a walking detour).<br/>Verification: Google Places business backup (operational); confirm customer restroom access and hours on race day.<br/>Source: <a href="https://maps.google.com/?cid=14762598804814079461&g_mp=Cilnb29nbGUubWFwcy5wbGFjZXMudjEuUGxhY2VzLlNlYXJjaE5lYXJieRACGAQgAA">official / current listing</a>]]></description>
      <styleUrl>#businessBackup</styleUrl>
      <Point><coordinates>-118.21421600000001,33.7900734,0</coordinates></Point>
    </Placemark>
    <Placemark><name>Los Alberts Fresh Mexican Food</name>
      <description><![CDATA[Priority 4: Fast-food or branded-gas backup.<br/>Address: 4800 Firestone Blvd, South Gate, CA 90280, USA<br/>Approximate runner mile: 21.0.<br/>Nearest runner geometry: approximately 0.01 mi straight-line (not a walking detour).<br/>Verification: Google Places business backup (operational); confirm customer restroom access and hours on race day.<br/>Source: <a href="https://maps.google.com/?cid=8484535661319158036&g_mp=Cilnb29nbGUubWFwcy5wbGFjZXMudjEuUGxhY2VzLlNlYXJjaE5lYXJieRACGAQgAA">official / current listing</a>]]></description>
      <styleUrl>#businessBackup</styleUrl>
      <Point><coordinates>-118.1848488,33.9518862,0</coordinates></Point>
    </Placemark>
    <Placemark><name>Los Piratas</name>
      <description><![CDATA[Priority 4: Fast-food or branded-gas backup.<br/>Address: 8511 S Broadway, Los Angeles, CA 90003, USA<br/>Approximate runner mile: 15.4.<br/>Nearest runner geometry: approximately 0.08 mi straight-line (not a walking detour).<br/>Verification: Google Places business backup (operational); confirm customer restroom access and hours on race day.<br/>Source: <a href="https://maps.google.com/?cid=4225159162708837940&g_mp=Cilnb29nbGUubWFwcy5wbGFjZXMudjEuUGxhY2VzLlNlYXJjaE5lYXJieRACGAQgAA">official / current listing</a>]]></description>
      <styleUrl>#businessBackup</styleUrl>
      <Point><coordinates>-118.27853959999999,33.9611458,0</coordinates></Point>
    </Placemark>
    <Placemark><name>Los Primos Teriyaki</name>
      <description><![CDATA[Priority 4: Fast-food or branded-gas backup.<br/>Address: 4901 Patata St, Cudahy, CA 90201, USA<br/>Approximate runner mile: 21.1.<br/>Nearest runner geometry: approximately 0.27 mi straight-line (not a walking detour).<br/>Verification: Google Places business backup (operational); confirm customer restroom access and hours on race day.<br/>Source: <a href="https://maps.google.com/?cid=3348410358426252972&g_mp=Cilnb29nbGUubWFwcy5wbGFjZXMudjEuUGxhY2VzLlNlYXJjaE5lYXJieRACGAQgAA">official / current listing</a>]]></description>
      <styleUrl>#businessBackup</styleUrl>
      <Point><coordinates>-118.18170289999999,33.955471599999996,0</coordinates></Point>
    </Placemark>
    <Placemark><name>Los del pastor estilo poblano</name>
      <description><![CDATA[Priority 4: Fast-food or branded-gas backup.<br/>Address: 15298 Atlantic Ave, East Compton, CA 90221, USA<br/>Approximate runner mile: 26.2.<br/>Nearest runner geometry: approximately 0.41 mi straight-line (not a walking detour).<br/>Verification: Google Places business backup (operational); confirm customer restroom access and hours on race day.<br/>Source: <a href="https://maps.google.com/?cid=16805087097030108472&g_mp=Cilnb29nbGUubWFwcy5wbGFjZXMudjEuUGxhY2VzLlNlYXJjaE5lYXJieRACGAQgAA">official / current listing</a>]]></description>
      <styleUrl>#businessBackup</styleUrl>
      <Point><coordinates>-118.19319719999999,33.894179199999996,0</coordinates></Point>
    </Placemark>
    <Placemark><name>Los dogos LA</name>
      <description><![CDATA[Priority 4: Fast-food or branded-gas backup.<br/>Address: 15215 Atlantic Ave, Compton, CA 90221, USA<br/>Approximate runner mile: 26.1.<br/>Nearest runner geometry: approximately 0.45 mi straight-line (not a walking detour).<br/>Verification: Google Places business backup (operational); confirm customer restroom access and hours on race day.<br/>Source: <a href="https://maps.google.com/?cid=13096529312025371667&g_mp=Cilnb29nbGUubWFwcy5wbGFjZXMudjEuUGxhY2VzLlNlYXJjaE5lYXJieRACGAQgAA">official / current listing</a>]]></description>
      <styleUrl>#businessBackup</styleUrl>
      <Point><coordinates>-118.193848,33.894788,0</coordinates></Point>
    </Placemark>
    <Placemark><name>Louis Place Burgers</name>
      <description><![CDATA[Priority 4: Fast-food or branded-gas backup.<br/>Address: 5990 Atlantic Ave, Long Beach, CA 90805, USA<br/>Approximate runner mile: 28.0.<br/>Nearest runner geometry: approximately 0.55 mi straight-line (not a walking detour).<br/>Verification: Google Places business backup (operational); confirm customer restroom access and hours on race day.<br/>Source: <a href="https://maps.google.com/?cid=5304083174299762296&g_mp=Cilnb29nbGUubWFwcy5wbGFjZXMudjEuUGxhY2VzLlNlYXJjaE5lYXJieRACGAQgAA">official / current listing</a>]]></description>
      <styleUrl>#businessBackup</styleUrl>
      <Point><coordinates>-118.1847993,33.8635339,0</coordinates></Point>
    </Placemark>
    <Placemark><name>Louisiana Famous Fried Chicken</name>
      <description><![CDATA[Priority 4: Fast-food or branded-gas backup.<br/>Address: 8409 8th Ave A, Inglewood, CA 90305, USA<br/>Approximate runner mile: 12.5.<br/>Nearest runner geometry: approximately 0.15 mi straight-line (not a walking detour).<br/>Verification: Google Places business backup (operational); confirm customer restroom access and hours on race day.<br/>Source: <a href="https://maps.google.com/?cid=11023594670737742565&g_mp=Cilnb29nbGUubWFwcy5wbGFjZXMudjEuUGxhY2VzLlNlYXJjaE5lYXJieRACGAQgAA">official / current listing</a>]]></description>
      <styleUrl>#businessBackup</styleUrl>
      <Point><coordinates>-118.3269034,33.962334999999996,0</coordinates></Point>
    </Placemark>
    <Placemark><name>Louisiana Fried Chicken</name>
      <description><![CDATA[Priority 4: Fast-food or branded-gas backup.<br/>Address: 1401 W Manchester Ave, Los Angeles, CA 90047, USA<br/>Approximate runner mile: 14.1.<br/>Nearest runner geometry: approximately 0.03 mi straight-line (not a walking detour).<br/>Verification: Google Places business backup (operational); confirm customer restroom access and hours on race day.<br/>Source: <a href="https://maps.google.com/?cid=1651158678911396672&g_mp=Cilnb29nbGUubWFwcy5wbGFjZXMudjEuUGxhY2VzLlNlYXJjaE5lYXJieRACGAQgAA">official / current listing</a>]]></description>
      <styleUrl>#businessBackup</styleUrl>
      <Point><coordinates>-118.30047030000001,33.9602548,0</coordinates></Point>
    </Placemark>
    <Placemark><name>Louisiana Fried Chicken</name>
      <description><![CDATA[Priority 4: Fast-food or branded-gas backup.<br/>Address: 15100 Garfield Ave, Paramount, CA 90723, USA<br/>Approximate runner mile: 25.4.<br/>Nearest runner geometry: approximately 0.89 mi straight-line (not a walking detour).<br/>Verification: Google Places business backup (operational); confirm customer restroom access and hours on race day.<br/>Source: <a href="https://maps.google.com/?cid=6267459718671648433&g_mp=Cilnb29nbGUubWFwcy5wbGFjZXMudjEuUGxhY2VzLlNlYXJjaE5lYXJieRACGAQgAA">official / current listing</a>]]></description>
      <styleUrl>#businessBackup</styleUrl>
      <Point><coordinates>-118.1685627,33.8961711,0</coordinates></Point>
    </Placemark>
    <Placemark><name>Lynwood Petroleum Inc</name>
      <description><![CDATA[Priority 4: Fast-food or branded-gas backup.<br/>Address: 11401 Atlantic Ave, Lynwood, CA 90262, USA<br/>Approximate runner mile: 23.4.<br/>Nearest runner geometry: approximately 0.00 mi straight-line (not a walking detour).<br/>Verification: Google Places business backup (operational); confirm customer restroom access and hours on race day.<br/>Source: <a href="https://maps.google.com/?cid=16361889027258694342&g_mp=Cilnb29nbGUubWFwcy5wbGFjZXMudjEuUGxhY2VzLlNlYXJjaE5lYXJieRACGAQgAA">official / current listing</a>]]></description>
      <styleUrl>#businessBackup</styleUrl>
      <Point><coordinates>-118.18771000000001,33.920822,0</coordinates></Point>
    </Placemark>
    <Placemark><name>MV Grab &amp; Go</name>
      <description><![CDATA[Priority 4: Fast-food or branded-gas backup.<br/>Address: 12226 Venice Blvd., Los Angeles, CA 90066, USA<br/>Approximate runner mile: 4.7.<br/>Nearest runner geometry: approximately 0.52 mi straight-line (not a walking detour).<br/>Verification: Google Places business backup (operational); confirm customer restroom access and hours on race day.<br/>Source: <a href="https://maps.google.com/?cid=8710734228728779565&g_mp=Cilnb29nbGUubWFwcy5wbGFjZXMudjEuUGxhY2VzLlNlYXJjaE5lYXJieRACGAQgAA">official / current listing</a>]]></description>
      <styleUrl>#businessBackup</styleUrl>
      <Point><coordinates>-118.43191610000001,34.004252699999995,0</coordinates></Point>
    </Placemark>
    <Placemark><name>Mama Frans BBQ</name>
      <description><![CDATA[Priority 4: Fast-food or branded-gas backup.<br/>Address: 2336 Pacific Ave, Long Beach, CA 90806, USA<br/>Approximate runner mile: 32.8.<br/>Nearest runner geometry: approximately 0.63 mi straight-line (not a walking detour).<br/>Verification: Google Places business backup (operational); confirm customer restroom access and hours on race day.<br/>Source: <a href="https://maps.google.com/?cid=5390978908451083268&g_mp=Cilnb29nbGUubWFwcy5wbGFjZXMudjEuUGxhY2VzLlNlYXJjaE5lYXJieRACGAQgAA">official / current listing</a>]]></description>
      <styleUrl>#businessBackup</styleUrl>
      <Point><coordinates>-118.19354460000001,33.7997332,0</coordinates></Point>
    </Placemark>
    <Placemark><name>Manuel's Burgers</name>
      <description><![CDATA[Priority 4: Fast-food or branded-gas backup.<br/>Address: 254 E Manchester Ave, Los Angeles, CA 90003, USA<br/>Approximate runner mile: 15.8.<br/>Nearest runner geometry: approximately 0.01 mi straight-line (not a walking detour).<br/>Verification: Google Places business backup (operational); confirm customer restroom access and hours on race day.<br/>Source: <a href="https://maps.google.com/?cid=14889846086862015700&g_mp=Cilnb29nbGUubWFwcy5wbGFjZXMudjEuUGxhY2VzLlNlYXJjaE5lYXJieRACGAQgAA">official / current listing</a>]]></description>
      <styleUrl>#businessBackup</styleUrl>
      <Point><coordinates>-118.27021579999999,33.9598589,0</coordinates></Point>
    </Placemark>
    <Placemark><name>Market Cocina</name>
      <description><![CDATA[Priority 4: Fast-food or branded-gas backup.<br/>Address: 6400 Pacific Coast Hwy Ste A-100, Long Beach, CA 90803, USA<br/>Approximate runner mile: 40.1.<br/>Nearest runner geometry: approximately 0.02 mi straight-line (not a walking detour).<br/>Verification: Google Places business backup (operational); confirm customer restroom access and hours on race day.<br/>Source: <a href="https://maps.google.com/?cid=7439110641144193897&g_mp=Cilnb29nbGUubWFwcy5wbGFjZXMudjEuUGxhY2VzLlNlYXJjaE5lYXJieRACGAQgAA">official / current listing</a>]]></description>
      <styleUrl>#businessBackup</styleUrl>
      <Point><coordinates>-118.10992549999997,33.755957699999996,0</coordinates></Point>
    </Placemark>
    <Placemark><name>Market Cocina</name>
      <description><![CDATA[Priority 4: Fast-food or branded-gas backup.<br/>Address: 415 Newport Center Dr, Newport Beach, CA 92660, USA<br/>Approximate runner mile: 57.5.<br/>Nearest runner geometry: approximately 0.67 mi straight-line (not a walking detour).<br/>Verification: Google Places business backup (operational); confirm customer restroom access and hours on race day.<br/>Source: <a href="https://maps.google.com/?cid=16529888663425005959&g_mp=Cilnb29nbGUubWFwcy5wbGFjZXMudjEuUGxhY2VzLlNlYXJjaE5lYXJieRACGAQgAA">official / current listing</a>]]></description>
      <styleUrl>#businessBackup</styleUrl>
      <Point><coordinates>-117.87376560000001,33.616589999999995,0</coordinates></Point>
    </Placemark>
    <Placemark><name>Marty’s V Twin Motorcycle Repair</name>
      <description><![CDATA[Priority 4: Fast-food or branded-gas backup.<br/>Address: 956 W Hyde Park Blvd, Inglewood, CA 90302, USA<br/>Approximate runner mile: 9.9.<br/>Nearest runner geometry: approximately 0.16 mi straight-line (not a walking detour).<br/>Verification: Google Places business backup (operational); confirm customer restroom access and hours on race day.<br/>Source: <a href="https://maps.google.com/?cid=4166069391903242576&g_mp=Cilnb29nbGUubWFwcy5wbGFjZXMudjEuUGxhY2VzLlNlYXJjaE5lYXJieRACGAQgAA">official / current listing</a>]]></description>
      <styleUrl>#businessBackup</styleUrl>
      <Point><coordinates>-118.36853539999998,33.9649296,0</coordinates></Point>
    </Placemark>
    <Placemark><name>McDonald's</name>
      <description><![CDATA[Priority 4: Fast-food or branded-gas backup.<br/>Address: 4680 Lincoln Blvd, Marina Del Rey, CA 90292, USA<br/>Approximate runner mile: 3.7.<br/>Nearest runner geometry: approximately 0.79 mi straight-line (not a walking detour).<br/>Verification: Google Places business backup (operational); confirm customer restroom access and hours on race day.<br/>Source: <a href="https://maps.google.com/?cid=3616644860499175035&g_mp=Cilnb29nbGUubWFwcy5wbGFjZXMudjEuUGxhY2VzLlNlYXJjaE5lYXJieRACGAQgAA">official / current listing</a>]]></description>
      <styleUrl>#businessBackup</styleUrl>
      <Point><coordinates>-118.4393401,33.981223299999996,0</coordinates></Point>
    </Placemark>
    <Placemark><name>Mobil</name>
      <description><![CDATA[Priority 4: Fast-food or branded-gas backup.<br/>Address: 731 Santa Monica Blvd, Santa Monica, CA 90401, USA<br/>Approximate runner mile: 0.1.<br/>Nearest runner geometry: approximately 0.59 mi straight-line (not a walking detour).<br/>Verification: Google Places business backup (operational); confirm customer restroom access and hours on race day.<br/>Source: <a href="https://maps.google.com/?cid=16763503374285957542&g_mp=Cilnb29nbGUubWFwcy5wbGFjZXMudjEuUGxhY2VzLlNlYXJjaE5lYXJieRACGAQgAA">official / current listing</a>]]></description>
      <styleUrl>#businessBackup</styleUrl>
      <Point><coordinates>-118.49179149999998,34.0194574,0</coordinates></Point>
    </Placemark>
    <Placemark><name>Mobil</name>
      <description><![CDATA[Priority 4: Fast-food or branded-gas backup.<br/>Address: 6100 Sepulveda Blvd, Culver City, CA 90230, USA<br/>Approximate runner mile: 7.4.<br/>Nearest runner geometry: approximately 0.14 mi straight-line (not a walking detour).<br/>Verification: Google Places business backup (operational); confirm customer restroom access and hours on race day.<br/>Source: <a href="https://maps.google.com/?cid=8815592827565593060&g_mp=Cilnb29nbGUubWFwcy5wbGFjZXMudjEuUGxhY2VzLlNlYXJjaE5lYXJieRACGAQgAA">official / current listing</a>]]></description>
      <styleUrl>#businessBackup</styleUrl>
      <Point><coordinates>-118.39420840000001,33.9832745,0</coordinates></Point>
    </Placemark>
    <Placemark><name>Mobil</name>
      <description><![CDATA[Priority 4: Fast-food or branded-gas backup.<br/>Address: 7601 S Sepulveda Blvd, Los Angeles, CA 90045, USA<br/>Approximate runner mile: 8.1.<br/>Nearest runner geometry: approximately 0.02 mi straight-line (not a walking detour).<br/>Verification: Google Places business backup (operational); confirm customer restroom access and hours on race day.<br/>Source: <a href="https://maps.google.com/?cid=14730145179438744524&g_mp=Cilnb29nbGUubWFwcy5wbGFjZXMudjEuUGxhY2VzLlNlYXJjaE5lYXJieRACGAQgAA">official / current listing</a>]]></description>
      <styleUrl>#businessBackup</styleUrl>
      <Point><coordinates>-118.395409,33.971436,0</coordinates></Point>
    </Placemark>
    <Placemark><name>Mobil</name>
      <description><![CDATA[Priority 4: Fast-food or branded-gas backup.<br/>Address: 8307 S La Cienega Blvd, Inglewood, CA 90301, USA<br/>Approximate runner mile: 9.8.<br/>Nearest runner geometry: approximately 0.03 mi straight-line (not a walking detour).<br/>Verification: Google Places business backup (operational); confirm customer restroom access and hours on race day.<br/>Source: <a href="https://maps.google.com/?cid=4453014641739745789&g_mp=Cilnb29nbGUubWFwcy5wbGFjZXMudjEuUGxhY2VzLlNlYXJjaE5lYXJieRACGAQgAA">official / current listing</a>]]></description>
      <styleUrl>#businessBackup</styleUrl>
      <Point><coordinates>-118.3709623,33.962854799999995,0</coordinates></Point>
    </Placemark>
    <Placemark><name>Mobil</name>
      <description><![CDATA[Priority 4: Fast-food or branded-gas backup.<br/>Address: 5215 W Centinela Ave, Los Angeles, CA 90045, USA<br/>Approximate runner mile: 9.0.<br/>Nearest runner geometry: approximately 0.89 mi straight-line (not a walking detour).<br/>Verification: Google Places business backup (operational); confirm customer restroom access and hours on race day.<br/>Source: <a href="https://maps.google.com/?cid=18297071040265074424&g_mp=Cilnb29nbGUubWFwcy5wbGFjZXMudjEuUGxhY2VzLlNlYXJjaE5lYXJieRACGAQgAA">official / current listing</a>]]></description>
      <styleUrl>#businessBackup</styleUrl>
      <Point><coordinates>-118.37084279999999,33.977578,0</coordinates></Point>
    </Placemark>
    <Placemark><name>Mobil</name>
      <description><![CDATA[Priority 4: Fast-food or branded-gas backup.<br/>Address: 1803 W Manchester Ave, Los Angeles, CA 90047, USA<br/>Approximate runner mile: 13.5.<br/>Nearest runner geometry: approximately 0.01 mi straight-line (not a walking detour).<br/>Verification: Google Places business backup (operational); confirm customer restroom access and hours on race day.<br/>Source: <a href="https://maps.google.com/?cid=15904060084112038190&g_mp=Cilnb29nbGUubWFwcy5wbGFjZXMudjEuUGxhY2VzLlNlYXJjaE5lYXJieRACGAQgAA">official / current listing</a>]]></description>
      <styleUrl>#businessBackup</styleUrl>
      <Point><coordinates>-118.30939079999999,33.9601998,0</coordinates></Point>
    </Placemark>
    <Placemark><name>Mobil</name>
      <description><![CDATA[Priority 4: Fast-food or branded-gas backup.<br/>Address: 1502 Firestone Blvd, Los Angeles, CA 90001, USA<br/>Approximate runner mile: 17.2.<br/>Nearest runner geometry: approximately 0.03 mi straight-line (not a walking detour).<br/>Verification: Google Places business backup (operational); confirm customer restroom access and hours on race day.<br/>Source: <a href="https://maps.google.com/?cid=892476657349818963&g_mp=Cilnb29nbGUubWFwcy5wbGFjZXMudjEuUGxhY2VzLlNlYXJjaE5lYXJieRACGAQgAA">official / current listing</a>]]></description>
      <styleUrl>#businessBackup</styleUrl>
      <Point><coordinates>-118.2470565,33.9598003,0</coordinates></Point>
    </Placemark>
    <Placemark><name>Mobil</name>
      <description><![CDATA[Priority 4: Fast-food or branded-gas backup.<br/>Address: 6685 Atlantic Ave, Long Beach, CA 90805, USA<br/>Approximate runner mile: 27.3.<br/>Nearest runner geometry: approximately 0.14 mi straight-line (not a walking detour).<br/>Verification: Google Places business backup (operational); confirm customer restroom access and hours on race day.<br/>Source: <a href="https://maps.google.com/?cid=11579967220169553092&g_mp=Cilnb29nbGUubWFwcy5wbGFjZXMudjEuUGxhY2VzLlNlYXJjaE5lYXJieRACGAQgAA">official / current listing</a>]]></description>
      <styleUrl>#businessBackup</styleUrl>
      <Point><coordinates>-118.18643519999999,33.876075199999995,0</coordinates></Point>
    </Placemark>
    <Placemark><name>Mobil</name>
      <description><![CDATA[Priority 4: Fast-food or branded-gas backup.<br/>Address: 3400 E Anaheim St, Long Beach, CA 90804, USA<br/>Approximate runner mile: 36.5.<br/>Nearest runner geometry: approximately 0.51 mi straight-line (not a walking detour).<br/>Verification: Google Places business backup (operational); confirm customer restroom access and hours on race day.<br/>Source: <a href="https://maps.google.com/?cid=7392016534268730099&g_mp=Cilnb29nbGUubWFwcy5wbGFjZXMudjEuUGxhY2VzLlNlYXJjaE5lYXJieRACGAQgAA">official / current listing</a>]]></description>
      <styleUrl>#businessBackup</styleUrl>
      <Point><coordinates>-118.15197339999999,33.7823722,0</coordinates></Point>
    </Placemark>
    <Placemark><name>Mobil</name>
      <description><![CDATA[Priority 4: Fast-food or branded-gas backup.<br/>Address: 6401 E Pacific Coast Hwy, Long Beach, CA 90803, USA<br/>Approximate runner mile: 40.0.<br/>Nearest runner geometry: approximately 0.03 mi straight-line (not a walking detour).<br/>Verification: Google Places business backup (operational); confirm customer restroom access and hours on race day.<br/>Source: <a href="https://maps.google.com/?cid=646585260764098259&g_mp=Cilnb29nbGUubWFwcy5wbGFjZXMudjEuUGxhY2VzLlNlYXJjaE5lYXJieRACGAQgAA">official / current listing</a>]]></description>
      <styleUrl>#businessBackup</styleUrl>
      <Point><coordinates>-118.1105336,33.7578086,0</coordinates></Point>
    </Placemark>
    <Placemark><name>Mobil</name>
      <description><![CDATA[Priority 4: Fast-food or branded-gas backup.<br/>Address: 17222 Pacific Coast Hwy, Huntington Beach, CA 92649, USA<br/>Approximate runner mile: 44.4.<br/>Nearest runner geometry: approximately 0.03 mi straight-line (not a walking detour).<br/>Verification: Google Places business backup (operational); confirm customer restroom access and hours on race day.<br/>Source: <a href="https://maps.google.com/?cid=220474845482154030&g_mp=Cilnb29nbGUubWFwcy5wbGFjZXMudjEuUGxhY2VzLlNlYXJjaE5lYXJieRACGAQgAA">official / current listing</a>]]></description>
      <styleUrl>#businessBackup</styleUrl>
      <Point><coordinates>-118.06311219999999,33.7120357,0</coordinates></Point>
    </Placemark>
    <Placemark><name>Mobil</name>
      <description><![CDATA[Priority 4: Fast-food or branded-gas backup.<br/>Address: 2201 East Coast Hwy, Corona Del Mar, CA 92625, USA<br/>Approximate runner mile: 58.0.<br/>Nearest runner geometry: approximately 0.02 mi straight-line (not a walking detour).<br/>Verification: Google Places business backup (operational); confirm customer restroom access and hours on race day.<br/>Source: <a href="https://maps.google.com/?cid=8656744535302763076&g_mp=Cilnb29nbGUubWFwcy5wbGFjZXMudjEuUGxhY2VzLlNlYXJjaE5lYXJieRACGAQgAA">official / current listing</a>]]></description>
      <styleUrl>#businessBackup</styleUrl>
      <Point><coordinates>-117.87585299999998,33.605076499999996,0</coordinates></Point>
    </Placemark>
    <Placemark><name>Mobil</name>
      <description><![CDATA[Priority 4: Fast-food or branded-gas backup.<br/>Address: 2500 San Joaquin Hills Rd, Corona Del Mar, CA 92625, USA<br/>Approximate runner mile: 58.1.<br/>Nearest runner geometry: approximately 0.75 mi straight-line (not a walking detour).<br/>Verification: Google Places business backup (operational); confirm customer restroom access and hours on race day.<br/>Source: <a href="https://maps.google.com/?cid=12126799254993117543&g_mp=Cilnb29nbGUubWFwcy5wbGFjZXMudjEuUGxhY2VzLlNlYXJjaE5lYXJieRACGAQgAA">official / current listing</a>]]></description>
      <styleUrl>#businessBackup</styleUrl>
      <Point><coordinates>-117.86480540000001,33.6117044,0</coordinates></Point>
    </Placemark>
    <Placemark><name>Mobil</name>
      <description><![CDATA[Priority 4: Fast-food or branded-gas backup.<br/>Address: 104 N Coast Hwy, Laguna Beach, CA 92651, USA<br/>Approximate runner mile: 64.9.<br/>Nearest runner geometry: approximately 0.03 mi straight-line (not a walking detour).<br/>Verification: Google Places business backup (operational); confirm customer restroom access and hours on race day.<br/>Source: <a href="https://maps.google.com/?cid=10440954868825440664&g_mp=Cilnb29nbGUubWFwcy5wbGFjZXMudjEuUGxhY2VzLlNlYXJjaE5lYXJieRACGAQgAA">official / current listing</a>]]></description>
      <styleUrl>#businessBackup</styleUrl>
      <Point><coordinates>-117.7855046,33.543171199999996,0</coordinates></Point>
    </Placemark>
    <Placemark><name>Mobil</name>
      <description><![CDATA[Priority 4: Fast-food or branded-gas backup.<br/>Address: 33571 Del Obispo St, Dana Point, CA 92629, USA<br/>Approximate runner mile: 73.6.<br/>Nearest runner geometry: approximately 0.75 mi straight-line (not a walking detour).<br/>Verification: Google Places business backup (operational); confirm customer restroom access and hours on race day.<br/>Source: <a href="https://maps.google.com/?cid=13576798724777281017&g_mp=Cilnb29nbGUubWFwcy5wbGFjZXMudjEuUGxhY2VzLlNlYXJjaE5lYXJieRACGAQgAA">official / current listing</a>]]></description>
      <styleUrl>#businessBackup</styleUrl>
      <Point><coordinates>-117.6851544,33.475204399999996,0</coordinates></Point>
    </Placemark>
    <Placemark><name>Mobil</name>
      <description><![CDATA[Priority 4: Fast-food or branded-gas backup.<br/>Address: 33589 Del Obispo St, Dana Point, CA 92629, USA<br/>Approximate runner mile: 73.6.<br/>Nearest runner geometry: approximately 0.76 mi straight-line (not a walking detour).<br/>Verification: Google Places business backup (operational); confirm customer restroom access and hours on race day.<br/>Source: <a href="https://maps.google.com/?cid=17639298749154041824&g_mp=Cilnb29nbGUubWFwcy5wbGFjZXMudjEuUGxhY2VzLlNlYXJjaE5lYXJieRACGAQgAA">official / current listing</a>]]></description>
      <styleUrl>#businessBackup</styleUrl>
      <Point><coordinates>-117.68527069999999,33.4753095,0</coordinates></Point>
    </Placemark>
    <Placemark><name>Mobil</name>
      <description><![CDATA[Priority 4: Fast-food or branded-gas backup.<br/>Address: 600 Avenida Pico, San Clemente, CA 92673, USA<br/>Approximate runner mile: 78.0.<br/>Nearest runner geometry: approximately 0.51 mi straight-line (not a walking detour).<br/>Verification: Google Places business backup (operational); confirm customer restroom access and hours on race day.<br/>Source: <a href="https://maps.google.com/?cid=6898344231877602670&g_mp=Cilnb29nbGUubWFwcy5wbGFjZXMudjEuUGxhY2VzLlNlYXJjaE5lYXJieRACGAQgAA">official / current listing</a>]]></description>
      <styleUrl>#businessBackup</styleUrl>
      <Point><coordinates>-117.62063459999999,33.4393524,0</coordinates></Point>
    </Placemark>
    <Placemark><name>Mobil</name>
      <description><![CDATA[Priority 4: Fast-food or branded-gas backup.<br/>Address: 477 Harbor Dr, Oceanside, CA 92054, USA<br/>Approximate runner mile: 81.3.<br/>Nearest runner geometry: approximately 0.05 mi straight-line (not a walking detour).<br/>Verification: Google Places business backup (operational); confirm customer restroom access and hours on race day.<br/>Source: <a href="https://maps.google.com/?cid=4841430779507378059&g_mp=Cilnb29nbGUubWFwcy5wbGFjZXMudjEuUGxhY2VzLlNlYXJjaE5lYXJieRACGAQgAA">official / current listing</a>]]></description>
      <styleUrl>#businessBackup</styleUrl>
      <Point><coordinates>-117.38821109999999,33.2087249,0</coordinates></Point>
    </Placemark>
    <Placemark><name>Mobil</name>
      <description><![CDATA[Priority 4: Fast-food or branded-gas backup.<br/>Address: 1407 Mission Ave, Oceanside, CA 92054, USA<br/>Approximate runner mile: 82.4.<br/>Nearest runner geometry: approximately 0.67 mi straight-line (not a walking detour).<br/>Verification: Google Places business backup (operational); confirm customer restroom access and hours on race day.<br/>Source: <a href="https://maps.google.com/?cid=2836938395822226455&g_mp=Cilnb29nbGUubWFwcy5wbGFjZXMudjEuUGxhY2VzLlNlYXJjaE5lYXJieRACGAQgAA">official / current listing</a>]]></description>
      <styleUrl>#businessBackup</styleUrl>
      <Point><coordinates>-117.3698381,33.2009542,0</coordinates></Point>
    </Placemark>
    <Placemark><name>Mobil</name>
      <description><![CDATA[Priority 4: Fast-food or branded-gas backup.<br/>Address: 1742 S Coast Hwy, Oceanside, CA 92054, USA<br/>Approximate runner mile: 84.1.<br/>Nearest runner geometry: approximately 0.02 mi straight-line (not a walking detour).<br/>Verification: Google Places business backup (operational); confirm customer restroom access and hours on race day.<br/>Source: <a href="https://maps.google.com/?cid=15180874057747482445&g_mp=Cilnb29nbGUubWFwcy5wbGFjZXMudjEuUGxhY2VzLlNlYXJjaE5lYXJieRACGAQgAA">official / current listing</a>]]></description>
      <styleUrl>#businessBackup</styleUrl>
      <Point><coordinates>-117.3622121,33.175599999999996,0</coordinates></Point>
    </Placemark>
    <Placemark><name>Mobil</name>
      <description><![CDATA[Priority 4: Fast-food or branded-gas backup.<br/>Address: 945 Tamarack Ave, Carlsbad, CA 92008, USA<br/>Approximate runner mile: 86.4.<br/>Nearest runner geometry: approximately 0.69 mi straight-line (not a walking detour).<br/>Verification: Google Places business backup (operational); confirm customer restroom access and hours on race day.<br/>Source: <a href="https://maps.google.com/?cid=3832989902050911786&g_mp=Cilnb29nbGUubWFwcy5wbGFjZXMudjEuUGxhY2VzLlNlYXJjaE5lYXJieRACGAQgAA">official / current listing</a>]]></description>
      <styleUrl>#businessBackup</styleUrl>
      <Point><coordinates>-117.3352,33.15249000000001,0</coordinates></Point>
    </Placemark>
    <Placemark><name>Mobil</name>
      <description><![CDATA[Priority 4: Fast-food or branded-gas backup.<br/>Address: 899 Palomar Airport Rd, Carlsbad, CA 92009, USA<br/>Approximate runner mile: 88.6.<br/>Nearest runner geometry: approximately 0.41 mi straight-line (not a walking detour).<br/>Verification: Google Places business backup (operational); confirm customer restroom access and hours on race day.<br/>Source: <a href="https://maps.google.com/?cid=7511862207810636893&g_mp=Cilnb29nbGUubWFwcy5wbGFjZXMudjEuUGxhY2VzLlNlYXJjaE5lYXJieRACGAQgAA">official / current listing</a>]]></description>
      <styleUrl>#businessBackup</styleUrl>
      <Point><coordinates>-117.31958279999999,33.1217366,0</coordinates></Point>
    </Placemark>
    <Placemark><name>Mobil</name>
      <description><![CDATA[Priority 4: Fast-food or branded-gas backup.<br/>Address: 310 Encinitas Blvd, Encinitas, CA 92024, USA<br/>Approximate runner mile: 94.0.<br/>Nearest runner geometry: approximately 0.53 mi straight-line (not a walking detour).<br/>Verification: Google Places business backup (operational); confirm customer restroom access and hours on race day.<br/>Source: <a href="https://maps.google.com/?cid=167806461923582589&g_mp=Cilnb29nbGUubWFwcy5wbGFjZXMudjEuUGxhY2VzLlNlYXJjaE5lYXJieRACGAQgAA">official / current listing</a>]]></description>
      <styleUrl>#businessBackup</styleUrl>
      <Point><coordinates>-117.2848901,33.048541,0</coordinates></Point>
    </Placemark>
    <Placemark><name>Mobil</name>
      <description><![CDATA[Priority 4: Fast-food or branded-gas backup.<br/>Address: 705 Lomas Santa Fe Dr, Solana Beach, CA 92075, USA<br/>Approximate runner mile: 98.1.<br/>Nearest runner geometry: approximately 0.78 mi straight-line (not a walking detour).<br/>Verification: Google Places business backup (operational); confirm customer restroom access and hours on race day.<br/>Source: <a href="https://maps.google.com/?cid=9904826468694230443&g_mp=Cilnb29nbGUubWFwcy5wbGFjZXMudjEuUGxhY2VzLlNlYXJjaE5lYXJieRACGAQgAA">official / current listing</a>]]></description>
      <styleUrl>#businessBackup</styleUrl>
      <Point><coordinates>-117.25871310000001,32.9956812,0</coordinates></Point>
    </Placemark>
    <Placemark><name>Mobil</name>
      <description><![CDATA[Priority 4: Fast-food or branded-gas backup.<br/>Address: 3233 La Jolla Village Dr, La Jolla, CA 92037, USA<br/>Approximate runner mile: 106.8.<br/>Nearest runner geometry: approximately 0.68 mi straight-line (not a walking detour).<br/>Verification: Google Places business backup (operational); confirm customer restroom access and hours on race day.<br/>Source: <a href="https://maps.google.com/?cid=7514470316054742665&g_mp=Cilnb29nbGUubWFwcy5wbGFjZXMudjEuUGxhY2VzLlNlYXJjaE5lYXJieRACGAQgAA">official / current listing</a>]]></description>
      <styleUrl>#businessBackup</styleUrl>
      <Point><coordinates>-117.2333302,32.8712842,0</coordinates></Point>
    </Placemark>
    <Placemark><name>Mobil Service</name>
      <description><![CDATA[Priority 4: Fast-food or branded-gas backup.<br/>Address: 3416 E Anaheim St, Long Beach, CA 90804, USA<br/>Approximate runner mile: 36.6.<br/>Nearest runner geometry: approximately 0.51 mi straight-line (not a walking detour).<br/>Verification: Google Places business backup (operational); confirm customer restroom access and hours on race day.<br/>Source: <a href="https://maps.google.com/?cid=14776392567970190048&g_mp=Cilnb29nbGUubWFwcy5wbGFjZXMudjEuUGxhY2VzLlNlYXJjaE5lYXJieRACGAQgAA">official / current listing</a>]]></description>
      <styleUrl>#businessBackup</styleUrl>
      <Point><coordinates>-118.15172840000001,33.782486299999995,0</coordinates></Point>
    </Placemark>
    <Placemark><name>Mohsen</name>
      <description><![CDATA[Priority 4: Fast-food or branded-gas backup.<br/>Address: 628 S Coast Hwy, Oceanside, CA 92054, USA<br/>Approximate runner mile: 82.9.<br/>Nearest runner geometry: approximately 0.02 mi straight-line (not a walking detour).<br/>Verification: Google Places business backup (operational); confirm customer restroom access and hours on race day.<br/>Source: <a href="https://maps.google.com/?cid=942337651203564470&g_mp=Cilnb29nbGUubWFwcy5wbGFjZXMudjEuUGxhY2VzLlNlYXJjaE5lYXJieRACGAQgAA">official / current listing</a>]]></description>
      <styleUrl>#businessBackup</styleUrl>
      <Point><coordinates>-117.3733414,33.188843,0</coordinates></Point>
    </Placemark>
    <Placemark><name>Monarca Mexican Taqueria</name>
      <description><![CDATA[Priority 4: Fast-food or branded-gas backup.<br/>Address: 907 S Coast Hwy, Oceanside, CA 92054, USA<br/>Approximate runner mile: 83.1.<br/>Nearest runner geometry: approximately 0.01 mi straight-line (not a walking detour).<br/>Verification: Google Places business backup (closed temporarily); confirm customer restroom access and hours on race day.<br/>Source: <a href="https://maps.google.com/?cid=1411456855091572317&g_mp=Cilnb29nbGUubWFwcy5wbGFjZXMudjEuUGxhY2VzLlNlYXJjaE5lYXJieRACGAQgAA">official / current listing</a>]]></description>
      <styleUrl>#businessBackup</styleUrl>
      <Point><coordinates>-117.372618,33.187159799999996,0</coordinates></Point>
    </Placemark>
    <Placemark><name>Monster Burger</name>
      <description><![CDATA[Priority 4: Fast-food or branded-gas backup.<br/>Address: 8901 S Vermont Ave, Los Angeles, CA 90044, USA<br/>Approximate runner mile: 14.6.<br/>Nearest runner geometry: approximately 0.22 mi straight-line (not a walking detour).<br/>Verification: Google Places business backup (operational); confirm customer restroom access and hours on race day.<br/>Source: <a href="https://maps.google.com/?cid=14742894144383790569&g_mp=Cilnb29nbGUubWFwcy5wbGFjZXMudjEuUGxhY2VzLlNlYXJjaE5lYXJieRACGAQgAA">official / current listing</a>]]></description>
      <styleUrl>#businessBackup</styleUrl>
      <Point><coordinates>-118.29209689999999,33.956747899999996,0</coordinates></Point>
    </Placemark>
    <Placemark><name>Monster Burger #3</name>
      <description><![CDATA[Priority 4: Fast-food or branded-gas backup.<br/>Address: 8025 S Avalon Blvd, Los Angeles, CA 90003, USA<br/>Approximate runner mile: 16.1.<br/>Nearest runner geometry: approximately 0.39 mi straight-line (not a walking detour).<br/>Verification: Google Places business backup (operational); confirm customer restroom access and hours on race day.<br/>Source: <a href="https://maps.google.com/?cid=16177558560130319349&g_mp=Cilnb29nbGUubWFwcy5wbGFjZXMudjEuUGxhY2VzLlNlYXJjaE5lYXJieRACGAQgAA">official / current listing</a>]]></description>
      <styleUrl>#businessBackup</styleUrl>
      <Point><coordinates>-118.2653384,33.9657243,0</coordinates></Point>
    </Placemark>
    <Placemark><name>Mr. Pete’s Burgers</name>
      <description><![CDATA[Priority 4: Fast-food or branded-gas backup.<br/>Address: 4154 Tweedy Blvd, South Gate, CA 90280, USA<br/>Approximate runner mile: 20.3.<br/>Nearest runner geometry: approximately 0.69 mi straight-line (not a walking detour).<br/>Verification: Google Places business backup (operational); confirm customer restroom access and hours on race day.<br/>Source: <a href="https://maps.google.com/?cid=12792188105047687466&g_mp=Cilnb29nbGUubWFwcy5wbGFjZXMudjEuUGxhY2VzLlNlYXJjaE5lYXJieRACGAQgAA">official / current listing</a>]]></description>
      <styleUrl>#businessBackup</styleUrl>
      <Point><coordinates>-118.1986113,33.9433217,0</coordinates></Point>
    </Placemark>
    <Placemark><name>My Goods</name>
      <description><![CDATA[Priority 4: Fast-food or branded-gas backup.<br/>Address: 400 W Arbor Vitae St, Inglewood, CA 90301, USA<br/>Approximate runner mile: 10.4.<br/>Nearest runner geometry: approximately 0.66 mi straight-line (not a walking detour).<br/>Verification: Google Places business backup (operational); confirm customer restroom access and hours on race day.<br/>Source: <a href="https://maps.google.com/?cid=9862468248606541648&g_mp=Cilnb29nbGUubWFwcy5wbGFjZXMudjEuUGxhY2VzLlNlYXJjaE5lYXJieRACGAQgAA">official / current listing</a>]]></description>
      <styleUrl>#businessBackup</styleUrl>
      <Point><coordinates>-118.36190239999999,33.9522562,0</coordinates></Point>
    </Placemark>
    <Placemark><name>New York Chicken &amp; Gyro- Venice</name>
      <description><![CDATA[Priority 4: Fast-food or branded-gas backup.<br/>Address: 324 Lincoln Blvd, Venice, CA 90291, USA<br/>Approximate runner mile: 2.2.<br/>Nearest runner geometry: approximately 0.67 mi straight-line (not a walking detour).<br/>Verification: Google Places business backup (operational); confirm customer restroom access and hours on race day.<br/>Source: <a href="https://maps.google.com/?cid=6629189598072655790&g_mp=Cilnb29nbGUubWFwcy5wbGFjZXMudjEuUGxhY2VzLlNlYXJjaE5lYXJieRACGAQgAA">official / current listing</a>]]></description>
      <styleUrl>#businessBackup</styleUrl>
      <Point><coordinates>-118.46685640000001,34.0010585,0</coordinates></Point>
    </Placemark>
    <Placemark><name>Nick The Greek</name>
      <description><![CDATA[Priority 4: Fast-food or branded-gas backup.<br/>Address: 219 Arizona Ave, Santa Monica, CA 90401, USA<br/>Approximate runner mile: 0.1.<br/>Nearest runner geometry: approximately 0.42 mi straight-line (not a walking detour).<br/>Verification: Google Places business backup (operational); confirm customer restroom access and hours on race day.<br/>Source: <a href="https://maps.google.com/?cid=14607824098357067504&g_mp=Cilnb29nbGUubWFwcy5wbGFjZXMudjEuUGxhY2VzLlNlYXJjaE5lYXJieRACGAQgAA">official / current listing</a>]]></description>
      <styleUrl>#businessBackup</styleUrl>
      <Point><coordinates>-118.4981544,34.016762199999995,0</coordinates></Point>
    </Placemark>
    <Placemark><name>Noil Usa</name>
      <description><![CDATA[Priority 4: Fast-food or branded-gas backup.<br/>Address: 6597 Long Beach Blvd, Long Beach, CA 90805, USA<br/>Approximate runner mile: 27.9.<br/>Nearest runner geometry: approximately 0.71 mi straight-line (not a walking detour).<br/>Verification: Google Places business backup (operational); confirm customer restroom access and hours on race day.<br/>Source: <a href="https://maps.google.com/?cid=9138756606953592104&g_mp=Cilnb29nbGUubWFwcy5wbGFjZXMudjEuUGxhY2VzLlNlYXJjaE5lYXJieRACGAQgAA">official / current listing</a>]]></description>
      <styleUrl>#businessBackup</styleUrl>
      <Point><coordinates>-118.20288850000001,33.8739083,0</coordinates></Point>
    </Placemark>
    <Placemark><name>Noil Usa</name>
      <description><![CDATA[Priority 4: Fast-food or branded-gas backup.<br/>Address: 1234 W Cowles St, Long Beach, CA 90813, USA<br/>Approximate runner mile: 33.5.<br/>Nearest runner geometry: approximately 0.45 mi straight-line (not a walking detour).<br/>Verification: Google Places business backup (operational); confirm customer restroom access and hours on race day.<br/>Source: <a href="https://maps.google.com/?cid=12472352595361165661&g_mp=Cilnb29nbGUubWFwcy5wbGFjZXMudjEuUGxhY2VzLlNlYXJjaE5lYXJieRACGAQgAA">official / current listing</a>]]></description>
      <styleUrl>#businessBackup</styleUrl>
      <Point><coordinates>-118.2086861,33.7844748,0</coordinates></Point>
    </Placemark>
    <Placemark><name>Norigiri</name>
      <description><![CDATA[Priority 4: Fast-food or branded-gas backup.<br/>Address: Miramar Food Hall, 1720 N El Camino Real Kiosk 14, San Clemente, CA 92672, USA<br/>Approximate runner mile: 77.5.<br/>Nearest runner geometry: approximately 0.02 mi straight-line (not a walking detour).<br/>Verification: Google Places business backup (operational); confirm customer restroom access and hours on race day.<br/>Source: <a href="https://maps.google.com/?cid=18024305300196031345&g_mp=Cilnb29nbGUubWFwcy5wbGFjZXMudjEuUGxhY2VzLlNlYXJjaE5lYXJieRACGAQgAA">official / current listing</a>]]></description>
      <styleUrl>#businessBackup</styleUrl>
      <Point><coordinates>-117.630631,33.4325483,0</coordinates></Point>
    </Placemark>
    <Placemark><name>North Laguna Shell</name>
      <description><![CDATA[Priority 4: Fast-food or branded-gas backup.<br/>Address: 1342 N Coast Hwy, Laguna Beach, CA 92651, USA<br/>Approximate runner mile: 64.0.<br/>Nearest runner geometry: approximately 0.01 mi straight-line (not a walking detour).<br/>Verification: Google Places business backup (operational); confirm customer restroom access and hours on race day.<br/>Source: <a href="https://maps.google.com/?cid=5450670192963928798&g_mp=Cilnb29nbGUubWFwcy5wbGFjZXMudjEuUGxhY2VzLlNlYXJjaE5lYXJieRACGAQgAA">official / current listing</a>]]></description>
      <styleUrl>#businessBackup</styleUrl>
      <Point><coordinates>-117.8004241,33.5486854,0</coordinates></Point>
    </Placemark>
    <Placemark><name>Oasis Fuels Inc.</name>
      <description><![CDATA[Priority 4: Fast-food or branded-gas backup.<br/>Address: 1777 W Wardlow Rd, Long Beach, CA 90810, USA<br/>Approximate runner mile: 31.1.<br/>Nearest runner geometry: approximately 0.70 mi straight-line (not a walking detour).<br/>Verification: Google Places business backup (operational); confirm customer restroom access and hours on race day.<br/>Source: <a href="https://maps.google.com/?cid=9834205045284112959&g_mp=Cilnb29nbGUubWFwcy5wbGFjZXMudjEuUGxhY2VzLlNlYXJjaE5lYXJieRACGAQgAA">official / current listing</a>]]></description>
      <styleUrl>#businessBackup</styleUrl>
      <Point><coordinates>-118.2169263,33.8245062,0</coordinates></Point>
    </Placemark>
    <Placemark><name>Oceanside Harbor Fuel Dock</name>
      <description><![CDATA[Priority 4: Fast-food or branded-gas backup.<br/>Address: 1380 N Pacific St, Oceanside, CA 92054, USA<br/>Approximate runner mile: 81.2.<br/>Nearest runner geometry: approximately 0.44 mi straight-line (not a walking detour).<br/>Verification: Google Places business backup (operational); confirm customer restroom access and hours on race day.<br/>Source: <a href="https://maps.google.com/?cid=4557481965687107123&g_mp=Cilnb29nbGUubWFwcy5wbGFjZXMudjEuUGxhY2VzLlNlYXJjaE5lYXJieRACGAQgAA">official / current listing</a>]]></description>
      <styleUrl>#businessBackup</styleUrl>
      <Point><coordinates>-117.3947988,33.2073059,0</coordinates></Point>
    </Placemark>
    <Placemark><name>Okwakpam Emenike Anthony</name>
      <description><![CDATA[Priority 4: Fast-food or branded-gas backup.<br/>Address: 2800 Ocean Blvd, Corona Del Mar, CA 92625, USA<br/>Approximate runner mile: 58.6.<br/>Nearest runner geometry: approximately 0.34 mi straight-line (not a walking detour).<br/>Verification: Google Places business backup (operational); confirm customer restroom access and hours on race day.<br/>Source: <a href="https://maps.google.com/?cid=4307128992539061407&g_mp=Cilnb29nbGUubWFwcy5wbGFjZXMudjEuUGxhY2VzLlNlYXJjaE5lYXJieRACGAQgAA">official / current listing</a>]]></description>
      <styleUrl>#businessBackup</styleUrl>
      <Point><coordinates>-117.87726060000001,33.596133,0</coordinates></Point>
    </Placemark>
    <Placemark><name>Om fast food</name>
      <description><![CDATA[Priority 4: Fast-food or branded-gas backup.<br/>Address: 2nd floor hinaliya mall opp maxus gamezone, Huntington Beach, CA 92648, USA<br/>Approximate runner mile: 49.6.<br/>Nearest runner geometry: approximately 0.08 mi straight-line (not a walking detour).<br/>Verification: Google Places business backup (operational); confirm customer restroom access and hours on race day.<br/>Source: <a href="https://maps.google.com/?cid=7528242338175437026&g_mp=Cilnb29nbGUubWFwcy5wbGFjZXMudjEuUGxhY2VzLlNlYXJjaE5lYXJieRACGAQgAA">official / current listing</a>]]></description>
      <styleUrl>#businessBackup</styleUrl>
      <Point><coordinates>-118.00094720000001,33.6577917,0</coordinates></Point>
    </Placemark>
    <Placemark><name>Omega Drive-In</name>
      <description><![CDATA[Priority 4: Fast-food or branded-gas backup.<br/>Address: 2641 E Anaheim St, Long Beach, CA 90804, USA<br/>Approximate runner mile: 36.1.<br/>Nearest runner geometry: approximately 0.47 mi straight-line (not a walking detour).<br/>Verification: Google Places business backup (operational); confirm customer restroom access and hours on race day.<br/>Source: <a href="https://maps.google.com/?cid=12828163707002422443&g_mp=Cilnb29nbGUubWFwcy5wbGFjZXMudjEuUGxhY2VzLlNlYXJjaE5lYXJieRACGAQgAA">official / current listing</a>]]></description>
      <styleUrl>#businessBackup</styleUrl>
      <Point><coordinates>-118.16039169999998,33.7829707,0</coordinates></Point>
    </Placemark>
    <Placemark><name>Original Tommy's</name>
      <description><![CDATA[Priority 4: Fast-food or branded-gas backup.<br/>Address: 4315 E Anaheim St, Long Beach, CA 90804, USA<br/>Approximate runner mile: 37.4.<br/>Nearest runner geometry: approximately 0.35 mi straight-line (not a walking detour).<br/>Verification: Google Places business backup (operational); confirm customer restroom access and hours on race day.<br/>Source: <a href="https://maps.google.com/?cid=8916325400517354223&g_mp=Cilnb29nbGUubWFwcy5wbGFjZXMudjEuUGxhY2VzLlNlYXJjaE5lYXJieRACGAQgAA">official / current listing</a>]]></description>
      <styleUrl>#businessBackup</styleUrl>
      <Point><coordinates>-118.1423752,33.782857299999996,0</coordinates></Point>
    </Placemark>
    <Placemark><name>Os Oils</name>
      <description><![CDATA[Priority 4: Fast-food or branded-gas backup.<br/>Address: 4502 Rosecrans Ave, Compton, CA 90221, USA<br/>Approximate runner mile: 24.7.<br/>Nearest runner geometry: approximately 0.02 mi straight-line (not a walking detour).<br/>Verification: Google Places business backup (operational); confirm customer restroom access and hours on race day.<br/>Source: <a href="https://maps.google.com/?cid=6691295408652698839&g_mp=Cilnb29nbGUubWFwcy5wbGFjZXMudjEuUGxhY2VzLlNlYXJjaE5lYXJieRACGAQgAA">official / current listing</a>]]></description>
      <styleUrl>#businessBackup</styleUrl>
      <Point><coordinates>-118.19350670000001,33.9032401,0</coordinates></Point>
    </Placemark>
    <Placemark><name>Osko's G &amp; S Center</name>
      <description><![CDATA[Priority 4: Fast-food or branded-gas backup.<br/>Address: 731 Santa Monica Blvd, Santa Monica, CA 90401, USA<br/>Approximate runner mile: 0.1.<br/>Nearest runner geometry: approximately 0.59 mi straight-line (not a walking detour).<br/>Verification: Google Places business backup (operational); confirm customer restroom access and hours on race day.<br/>Source: <a href="https://maps.google.com/?cid=12449053096051917025&g_mp=Cilnb29nbGUubWFwcy5wbGFjZXMudjEuUGxhY2VzLlNlYXJjaE5lYXJieRACGAQgAA">official / current listing</a>]]></description>
      <styleUrl>#businessBackup</styleUrl>
      <Point><coordinates>-118.49190979999999,34.0195548,0</coordinates></Point>
    </Placemark>
    <Placemark><name>PACIFIC PRIDE</name>
      <description><![CDATA[Priority 4: Fast-food or branded-gas backup.<br/>Address: 8330 Atlantic Ave, Bell, CA 90201, USA<br/>Approximate runner mile: 21.0.<br/>Nearest runner geometry: approximately 0.38 mi straight-line (not a walking detour).<br/>Verification: Google Places business backup (operational); confirm customer restroom access and hours on race day.<br/>Source: <a href="https://maps.google.com/?cid=8386080802694871412&g_mp=Cilnb29nbGUubWFwcy5wbGFjZXMudjEuUGxhY2VzLlNlYXJjaE5lYXJieRACGAQgAA">official / current listing</a>]]></description>
      <styleUrl>#businessBackup</styleUrl>
      <Point><coordinates>-118.18417330000001,33.9573584,0</coordinates></Point>
    </Placemark>
    <Placemark><name>PCH Oil</name>
      <description><![CDATA[Priority 4: Fast-food or branded-gas backup.<br/>Address: 590 S Coast Hwy, Laguna Beach, CA 92651, USA<br/>Approximate runner mile: 65.2.<br/>Nearest runner geometry: approximately 0.03 mi straight-line (not a walking detour).<br/>Verification: Google Places business backup (operational); confirm customer restroom access and hours on race day.<br/>Source: <a href="https://maps.google.com/?cid=2477205015477673504&g_mp=Cilnb29nbGUubWFwcy5wbGFjZXMudjEuUGxhY2VzLlNlYXJjaE5lYXJieRACGAQgAA">official / current listing</a>]]></description>
      <styleUrl>#businessBackup</styleUrl>
      <Point><coordinates>-117.781254,33.540200299999995,0</coordinates></Point>
    </Placemark>
    <Placemark><name>PEMEX</name>
      <description><![CDATA[Priority 4: Fast-food or branded-gas backup.<br/>Address: Florence-Graham, CA 90001, USA<br/>Approximate runner mile: 17.1.<br/>Nearest runner geometry: approximately 0.02 mi straight-line (not a walking detour).<br/>Verification: Google Places business backup (operational); confirm customer restroom access and hours on race day.<br/>Source: <a href="https://maps.google.com/?cid=3517308429107259912&g_mp=Cilnb29nbGUubWFwcy5wbGFjZXMudjEuUGxhY2VzLlNlYXJjaE5lYXJieRACGAQgAA">official / current listing</a>]]></description>
      <styleUrl>#businessBackup</styleUrl>
      <Point><coordinates>-118.25009770000001,33.9599782,0</coordinates></Point>
    </Placemark>
    <Placemark><name>PS fast food 168 restaurant</name>
      <description><![CDATA[Priority 4: Fast-food or branded-gas backup.<br/>Address: 2232 E Anaheim St, Long Beach, CA 90804, USA<br/>Approximate runner mile: 35.8.<br/>Nearest runner geometry: approximately 0.51 mi straight-line (not a walking detour).<br/>Verification: Google Places business backup (operational); confirm customer restroom access and hours on race day.<br/>Source: <a href="https://maps.google.com/?cid=12384092034806923873&g_mp=Cilnb29nbGUubWFwcy5wbGFjZXMudjEuUGxhY2VzLlNlYXJjaE5lYXJieRACGAQgAA">official / current listing</a>]]></description>
      <styleUrl>#businessBackup</styleUrl>
      <Point><coordinates>-118.16454060000001,33.782423699999995,0</coordinates></Point>
    </Placemark>
    <Placemark><name>Paco Tacos</name>
      <description><![CDATA[Priority 4: Fast-food or branded-gas backup.<br/>Address: 1432 4th St, Santa Monica, CA 90401, USA<br/>Approximate runner mile: 0.1.<br/>Nearest runner geometry: approximately 0.29 mi straight-line (not a walking detour).<br/>Verification: Google Places business backup (operational); confirm customer restroom access and hours on race day.<br/>Source: <a href="https://maps.google.com/?cid=12973914731809431373&g_mp=Cilnb29nbGUubWFwcy5wbGFjZXMudjEuUGxhY2VzLlNlYXJjaE5lYXJieRACGAQgAA">official / current listing</a>]]></description>
      <styleUrl>#businessBackup</styleUrl>
      <Point><coordinates>-118.49459369999998,34.0155957,0</coordinates></Point>
    </Placemark>
    <Placemark><name>Palm Springs Oil</name>
      <description><![CDATA[Priority 4: Fast-food or branded-gas backup.<br/>Address: 7511 Rosecrans Ave, Paramount, CA 90723, USA<br/>Approximate runner mile: 25.4.<br/>Nearest runner geometry: approximately 0.74 mi straight-line (not a walking detour).<br/>Verification: Google Places business backup (closed temporarily); confirm customer restroom access and hours on race day.<br/>Source: <a href="https://maps.google.com/?cid=3727315113189166751&g_mp=Cilnb29nbGUubWFwcy5wbGFjZXMudjEuUGxhY2VzLlNlYXJjaE5lYXJieRACGAQgAA">official / current listing</a>]]></description>
      <styleUrl>#businessBackup</styleUrl>
      <Point><coordinates>-118.1684185,33.9040156,0</coordinates></Point>
    </Placemark>
    <Placemark><name>Panda Express</name>
      <description><![CDATA[Priority 4: Fast-food or branded-gas backup.<br/>Address: 2560 Lincoln Blvd, Venice, CA 90291, USA<br/>Approximate runner mile: 3.6.<br/>Nearest runner geometry: approximately 0.05 mi straight-line (not a walking detour).<br/>Verification: Google Places business backup (operational); confirm customer restroom access and hours on race day.<br/>Source: <a href="https://maps.google.com/?cid=16522537556918877007&g_mp=Cilnb29nbGUubWFwcy5wbGFjZXMudjEuUGxhY2VzLlNlYXJjaE5lYXJieRACGAQgAA">official / current listing</a>]]></description>
      <styleUrl>#businessBackup</styleUrl>
      <Point><coordinates>-118.4480032,33.9910001,0</coordinates></Point>
    </Placemark>
    <Placemark><name>Panda Express</name>
      <description><![CDATA[Priority 4: Fast-food or branded-gas backup.<br/>Address: 4325 Glencoe Ave C4, Marina Del Rey, CA 90292, USA<br/>Approximate runner mile: 3.8.<br/>Nearest runner geometry: approximately 0.50 mi straight-line (not a walking detour).<br/>Verification: Google Places business backup (operational); confirm customer restroom access and hours on race day.<br/>Source: <a href="https://maps.google.com/?cid=1941804618133316053&g_mp=Cilnb29nbGUubWFwcy5wbGFjZXMudjEuUGxhY2VzLlNlYXJjaE5lYXJieRACGAQgAA">official / current listing</a>]]></description>
      <styleUrl>#businessBackup</styleUrl>
      <Point><coordinates>-118.43977819999999,33.985853899999995,0</coordinates></Point>
    </Placemark>
    <Placemark><name>Panda Express</name>
      <description><![CDATA[Priority 4: Fast-food or branded-gas backup.<br/>Address: 6000 Sepulveda Blvd SUITE 3272, Culver City, CA 90230, USA<br/>Approximate runner mile: 7.2.<br/>Nearest runner geometry: approximately 0.33 mi straight-line (not a walking detour).<br/>Verification: Google Places business backup (operational); confirm customer restroom access and hours on race day.<br/>Source: <a href="https://maps.google.com/?cid=9589178259702208025&g_mp=Cilnb29nbGUubWFwcy5wbGFjZXMudjEuUGxhY2VzLlNlYXJjaE5lYXJieRACGAQgAA">official / current listing</a>]]></description>
      <styleUrl>#businessBackup</styleUrl>
      <Point><coordinates>-118.39409899999998,33.986503500000005,0</coordinates></Point>
    </Placemark>
    <Placemark><name>Panda Express</name>
      <description><![CDATA[Priority 4: Fast-food or branded-gas backup.<br/>Address: 3351 W Century Blvd Spc 101, Inglewood, CA 90303, USA<br/>Approximate runner mile: 12.3.<br/>Nearest runner geometry: approximately 0.98 mi straight-line (not a walking detour).<br/>Verification: Google Places business backup (operational); confirm customer restroom access and hours on race day.<br/>Source: <a href="https://maps.google.com/?cid=10142084761475994222&g_mp=Cilnb29nbGUubWFwcy5wbGFjZXMudjEuUGxhY2VzLlNlYXJjaE5lYXJieRACGAQgAA">official / current listing</a>]]></description>
      <styleUrl>#businessBackup</styleUrl>
      <Point><coordinates>-118.33138669999998,33.9458815,0</coordinates></Point>
    </Placemark>
    <Placemark><name>Panda Express</name>
      <description><![CDATA[Priority 4: Fast-food or branded-gas backup.<br/>Address: 8492 S Vermont Ave Unit 4, Los Angeles, CA 90044, USA<br/>Approximate runner mile: 14.6.<br/>Nearest runner geometry: approximately 0.10 mi straight-line (not a walking detour).<br/>Verification: Google Places business backup (operational); confirm customer restroom access and hours on race day.<br/>Source: <a href="https://maps.google.com/?cid=11427538045661081924&g_mp=Cilnb29nbGUubWFwcy5wbGFjZXMudjEuUGxhY2VzLlNlYXJjaE5lYXJieRACGAQgAA">official / current listing</a>]]></description>
      <styleUrl>#businessBackup</styleUrl>
      <Point><coordinates>-118.2913275,33.961317099999995,0</coordinates></Point>
    </Placemark>
    <Placemark><name>Panda Express</name>
      <description><![CDATA[Priority 4: Fast-food or branded-gas backup.<br/>Address: 2120 E Florence Ave, Walnut Park, CA 90255, USA<br/>Approximate runner mile: 18.0.<br/>Nearest runner geometry: approximately 0.95 mi straight-line (not a walking detour).<br/>Verification: Google Places business backup (operational); confirm customer restroom access and hours on race day.<br/>Source: <a href="https://maps.google.com/?cid=15214388481345296257&g_mp=Cilnb29nbGUubWFwcy5wbGFjZXMudjEuUGxhY2VzLlNlYXJjaE5lYXJieRACGAQgAA">official / current listing</a>]]></description>
      <styleUrl>#businessBackup</styleUrl>
      <Point><coordinates>-118.2334004,33.9740493,0</coordinates></Point>
    </Placemark>
    <Placemark><name>Panda Express</name>
      <description><![CDATA[Priority 4: Fast-food or branded-gas backup.<br/>Address: 4801 Firestone Blvd, South Gate, CA 90280, USA<br/>Approximate runner mile: 21.1.<br/>Nearest runner geometry: approximately 0.05 mi straight-line (not a walking detour).<br/>Verification: Google Places business backup (operational); confirm customer restroom access and hours on race day.<br/>Source: <a href="https://maps.google.com/?cid=1394971799761713407&g_mp=Cilnb29nbGUubWFwcy5wbGFjZXMudjEuUGxhY2VzLlNlYXJjaE5lYXJieRACGAQgAA">official / current listing</a>]]></description>
      <styleUrl>#businessBackup</styleUrl>
      <Point><coordinates>-118.18372819999998,33.9525335,0</coordinates></Point>
    </Placemark>
    <Placemark><name>Panda Express</name>
      <description><![CDATA[Priority 4: Fast-food or branded-gas backup.<br/>Address: 10923 Atlantic Ave, Lynwood, CA 90262, USA<br/>Approximate runner mile: 22.6.<br/>Nearest runner geometry: approximately 0.04 mi straight-line (not a walking detour).<br/>Verification: Google Places business backup (operational); confirm customer restroom access and hours on race day.<br/>Source: <a href="https://maps.google.com/?cid=9080166483707831667&g_mp=Cilnb29nbGUubWFwcy5wbGFjZXMudjEuUGxhY2VzLlNlYXJjaE5lYXJieRACGAQgAA">official / current listing</a>]]></description>
      <styleUrl>#businessBackup</styleUrl>
      <Point><coordinates>-118.18399509999999,33.9317024,0</coordinates></Point>
    </Placemark>
    <Placemark><name>Panda Express</name>
      <description><![CDATA[Priority 4: Fast-food or branded-gas backup.<br/>Address: 1994 Ximeno Ave, Long Beach, CA 90815, USA<br/>Approximate runner mile: 37.2.<br/>Nearest runner geometry: approximately 0.28 mi straight-line (not a walking detour).<br/>Verification: Google Places business backup (operational); confirm customer restroom access and hours on race day.<br/>Source: <a href="https://maps.google.com/?cid=7206790332995791376&g_mp=Cilnb29nbGUubWFwcy5wbGFjZXMudjEuUGxhY2VzLlNlYXJjaE5lYXJieRACGAQgAA">official / current listing</a>]]></description>
      <styleUrl>#businessBackup</styleUrl>
      <Point><coordinates>-118.1379957,33.791903399999995,0</coordinates></Point>
    </Placemark>
    <Placemark><name>Panda Express</name>
      <description><![CDATA[Priority 4: Fast-food or branded-gas backup.<br/>Address: 401 Newport Center Dr, Newport Beach, CA 92660, USA<br/>Approximate runner mile: 57.5.<br/>Nearest runner geometry: approximately 0.59 mi straight-line (not a walking detour).<br/>Verification: Google Places business backup (operational); confirm customer restroom access and hours on race day.<br/>Source: <a href="https://maps.google.com/?cid=17918605261191536889&g_mp=Cilnb29nbGUubWFwcy5wbGFjZXMudjEuUGxhY2VzLlNlYXJjaE5lYXJieRACGAQgAA">official / current listing</a>]]></description>
      <styleUrl>#businessBackup</styleUrl>
      <Point><coordinates>-117.87488809999998,33.6159402,0</coordinates></Point>
    </Placemark>
    <Placemark><name>Panda Express</name>
      <description><![CDATA[Priority 4: Fast-food or branded-gas backup.<br/>Address: 806 Avenida Pico A, San Clemente, CA 92672, USA<br/>Approximate runner mile: 78.0.<br/>Nearest runner geometry: approximately 0.94 mi straight-line (not a walking detour).<br/>Verification: Google Places business backup (operational); confirm customer restroom access and hours on race day.<br/>Source: <a href="https://maps.google.com/?cid=9272447400953574595&g_mp=Cilnb29nbGUubWFwcy5wbGFjZXMudjEuUGxhY2VzLlNlYXJjaE5lYXJieRACGAQgAA">official / current listing</a>]]></description>
      <styleUrl>#businessBackup</styleUrl>
      <Point><coordinates>-117.6136848,33.4435479,0</coordinates></Point>
    </Placemark>
    <Placemark><name>Panda Express</name>
      <description><![CDATA[Priority 4: Fast-food or branded-gas backup.<br/>Address: 1068 Mission Ave, Oceanside, CA 92054, USA<br/>Approximate runner mile: 82.3.<br/>Nearest runner geometry: approximately 0.40 mi straight-line (not a walking detour).<br/>Verification: Google Places business backup (operational); confirm customer restroom access and hours on race day.<br/>Source: <a href="https://maps.google.com/?cid=9354617617131787375&g_mp=Cilnb29nbGUubWFwcy5wbGFjZXMudjEuUGxhY2VzLlNlYXJjaE5lYXJieRACGAQgAA">official / current listing</a>]]></description>
      <styleUrl>#businessBackup</styleUrl>
      <Point><coordinates>-117.3741728,33.1994384,0</coordinates></Point>
    </Placemark>
    <Placemark><name>Panda Express</name>
      <description><![CDATA[Priority 4: Fast-food or branded-gas backup.<br/>Address: 5630 Paseo Del Norte #141, Carlsbad, CA 92008, USA<br/>Approximate runner mile: 88.3.<br/>Nearest runner geometry: approximately 0.40 mi straight-line (not a walking detour).<br/>Verification: Google Places business backup (operational); confirm customer restroom access and hours on race day.<br/>Source: <a href="https://maps.google.com/?cid=9241829918397411801&g_mp=Cilnb29nbGUubWFwcy5wbGFjZXMudjEuUGxhY2VzLlNlYXJjaE5lYXJieRACGAQgAA">official / current listing</a>]]></description>
      <styleUrl>#businessBackup</styleUrl>
      <Point><coordinates>-117.32143140000001,33.12558,0</coordinates></Point>
    </Placemark>
    <Placemark><name>Panda Express</name>
      <description><![CDATA[Priority 4: Fast-food or branded-gas backup.<br/>Address: 689 Lomas Santa Fe Dr SUITE# A & B, Solana Beach, CA 92075, USA<br/>Approximate runner mile: 98.1.<br/>Nearest runner geometry: approximately 0.77 mi straight-line (not a walking detour).<br/>Verification: Google Places business backup (operational); confirm customer restroom access and hours on race day.<br/>Source: <a href="https://maps.google.com/?cid=4323080900410362142&g_mp=Cilnb29nbGUubWFwcy5wbGFjZXMudjEuUGxhY2VzLlNlYXJjaE5lYXJieRACGAQgAA">official / current listing</a>]]></description>
      <styleUrl>#businessBackup</styleUrl>
      <Point><coordinates>-117.2587246,32.9946452,0</coordinates></Point>
    </Placemark>
    <Placemark><name>Panda Express</name>
      <description><![CDATA[Priority 4: Fast-food or branded-gas backup.<br/>Address: 9500 Gilman Dr, La Jolla, CA 92093, USA<br/>Approximate runner mile: 106.5.<br/>Nearest runner geometry: approximately 0.45 mi straight-line (not a walking detour).<br/>Verification: Google Places business backup (operational); confirm customer restroom access and hours on race day.<br/>Source: <a href="https://maps.google.com/?cid=2504476010417671973&g_mp=Cilnb29nbGUubWFwcy5wbGFjZXMudjEuUGxhY2VzLlNlYXJjaE5lYXJieRACGAQgAA">official / current listing</a>]]></description>
      <styleUrl>#businessBackup</styleUrl>
      <Point><coordinates>-117.2363977,32.8797279,0</coordinates></Point>
    </Placemark>
    <Placemark><name>Panda Express</name>
      <description><![CDATA[Priority 4: Fast-food or branded-gas backup.<br/>Address: 1656 Garnet Ave, San Diego, CA 92109, USA<br/>Approximate runner mile: 115.2.<br/>Nearest runner geometry: approximately 0.07 mi straight-line (not a walking detour).<br/>Verification: Google Places business backup (operational); confirm customer restroom access and hours on race day.<br/>Source: <a href="https://maps.google.com/?cid=9528270816340535625&g_mp=Cilnb29nbGUubWFwcy5wbGFjZXMudjEuUGxhY2VzLlNlYXJjaE5lYXJieRACGAQgAA">official / current listing</a>]]></description>
      <styleUrl>#businessBackup</styleUrl>
      <Point><coordinates>-117.24029909999999,32.8008643,0</coordinates></Point>
    </Placemark>
    <Placemark><name>Panini's</name>
      <description><![CDATA[Priority 4: Fast-food or branded-gas backup.<br/>Address: 1825 Redondo Ave, Signal Hill, CA 90755, USA<br/>Approximate runner mile: 36.5.<br/>Nearest runner geometry: approximately 0.06 mi straight-line (not a walking detour).<br/>Verification: Google Places business backup (operational); confirm customer restroom access and hours on race day.<br/>Source: <a href="https://maps.google.com/?cid=8506201886631128798&g_mp=Cilnb29nbGUubWFwcy5wbGFjZXMudjEuUGxhY2VzLlNlYXJjaE5lYXJieRACGAQgAA">official / current listing</a>]]></description>
      <styleUrl>#businessBackup</styleUrl>
      <Point><coordinates>-118.15204039999999,33.790675199999995,0</coordinates></Point>
    </Placemark>
    <Placemark><name>Pch Oil</name>
      <description><![CDATA[Priority 4: Fast-food or branded-gas backup.<br/>Address: 3100 W Manchester Blvd, Inglewood, CA 90305, USA<br/>Approximate runner mile: 12.5.<br/>Nearest runner geometry: approximately 0.03 mi straight-line (not a walking detour).<br/>Verification: Google Places business backup (closed temporarily); confirm customer restroom access and hours on race day.<br/>Source: <a href="https://maps.google.com/?cid=4098919847743013786&g_mp=Cilnb29nbGUubWFwcy5wbGFjZXMudjEuUGxhY2VzLlNlYXJjaE5lYXJieRACGAQgAA">official / current listing</a>]]></description>
      <styleUrl>#businessBackup</styleUrl>
      <Point><coordinates>-118.3268847,33.9596502,0</coordinates></Point>
    </Placemark>
    <Placemark><name>Pearson Fuels</name>
      <description><![CDATA[Priority 4: Fast-food or branded-gas backup.<br/>Address: 9830 Crenshaw Blvd, Inglewood, CA 90305, USA<br/>Approximate runner mile: 12.6.<br/>Nearest runner geometry: approximately 0.99 mi straight-line (not a walking detour).<br/>Verification: Google Places business backup (closed temporarily); confirm customer restroom access and hours on race day.<br/>Source: <a href="https://maps.google.com/?cid=7526129059106842514&g_mp=Cilnb29nbGUubWFwcy5wbGFjZXMudjEuUGxhY2VzLlNlYXJjaE5lYXJieRACGAQgAA">official / current listing</a>]]></description>
      <styleUrl>#businessBackup</styleUrl>
      <Point><coordinates>-118.3261397,33.9458039,0</coordinates></Point>
    </Placemark>
    <Placemark><name>Pedro's Tacos</name>
      <description><![CDATA[Priority 4: Fast-food or branded-gas backup.<br/>Address: 550 N El Camino Real, San Clemente, CA 92672, USA<br/>Approximate runner mile: 78.3.<br/>Nearest runner geometry: approximately 0.02 mi straight-line (not a walking detour).<br/>Verification: Google Places business backup (operational); confirm customer restroom access and hours on race day.<br/>Source: <a href="https://maps.google.com/?cid=9381302414345138925&g_mp=Cilnb29nbGUubWFwcy5wbGFjZXMudjEuUGxhY2VzLlNlYXJjaE5lYXJieRACGAQgAA">official / current listing</a>]]></description>
      <styleUrl>#businessBackup</styleUrl>
      <Point><coordinates>-117.61724819999999,33.4298421,0</coordinates></Point>
    </Placemark>
    <Placemark><name>Pedro's Tacos</name>
      <description><![CDATA[Priority 4: Fast-food or branded-gas backup.<br/>Address: 2313 S El Camino Real, San Clemente, CA 92672, USA<br/>Approximate runner mile: 79.8.<br/>Nearest runner geometry: approximately 0.17 mi straight-line (not a walking detour).<br/>Verification: Google Places business backup (operational); confirm customer restroom access and hours on race day.<br/>Source: <a href="https://maps.google.com/?cid=13570796857827267788&g_mp=Cilnb29nbGUubWFwcy5wbGFjZXMudjEuUGxhY2VzLlNlYXJjaE5lYXJieRACGAQgAA">official / current listing</a>]]></description>
      <styleUrl>#businessBackup</styleUrl>
      <Point><coordinates>-117.60014459999998,33.4144788,0</coordinates></Point>
    </Placemark>
    <Placemark><name>Pepe's Pollo</name>
      <description><![CDATA[Priority 4: Fast-food or branded-gas backup.<br/>Address: 11190 Atlantic Ave, Lynwood, CA 90262, USA<br/>Approximate runner mile: 23.0.<br/>Nearest runner geometry: approximately 0.02 mi straight-line (not a walking detour).<br/>Verification: Google Places business backup (operational); confirm customer restroom access and hours on race day.<br/>Source: <a href="https://maps.google.com/?cid=8621055404154545856&g_mp=Cilnb29nbGUubWFwcy5wbGFjZXMudjEuUGxhY2VzLlNlYXJjaE5lYXJieRACGAQgAA">official / current listing</a>]]></description>
      <styleUrl>#businessBackup</styleUrl>
      <Point><coordinates>-118.185405,33.925573,0</coordinates></Point>
    </Placemark>
    <Placemark><name>Philly's Best</name>
      <description><![CDATA[Priority 4: Fast-food or branded-gas backup.<br/>Address: 1998 Ximeno Ave B, Long Beach, CA 90815, USA<br/>Approximate runner mile: 37.2.<br/>Nearest runner geometry: approximately 0.25 mi straight-line (not a walking detour).<br/>Verification: Google Places business backup (operational); confirm customer restroom access and hours on race day.<br/>Source: <a href="https://maps.google.com/?cid=11417479510306356940&g_mp=Cilnb29nbGUubWFwcy5wbGFjZXMudjEuUGxhY2VzLlNlYXJjaE5lYXJieRACGAQgAA">official / current listing</a>]]></description>
      <styleUrl>#businessBackup</styleUrl>
      <Point><coordinates>-118.1387125,33.791813499999996,0</coordinates></Point>
    </Placemark>
    <Placemark><name>Pier Burger</name>
      <description><![CDATA[Priority 4: Fast-food or branded-gas backup.<br/>Address: 330 Santa Monica Pier, Santa Monica, CA 90401, USA<br/>Approximate runner mile: 0.0.<br/>Nearest runner geometry: approximately 0.07 mi straight-line (not a walking detour).<br/>Verification: Google Places business backup (operational); confirm customer restroom access and hours on race day.<br/>Source: <a href="https://maps.google.com/?cid=9377245914325676882&g_mp=Cilnb29nbGUubWFwcy5wbGFjZXMudjEuUGxhY2VzLlNlYXJjaE5lYXJieRACGAQgAA">official / current listing</a>]]></description>
      <styleUrl>#businessBackup</styleUrl>
      <Point><coordinates>-118.49733319999999,34.009200899999996,0</coordinates></Point>
    </Placemark>
    <Placemark><name>Pinky Promise</name>
      <description><![CDATA[Priority 4: Fast-food or branded-gas backup.<br/>Address: 2007 Ocean Front Walk, Venice, CA 90291, USA<br/>Approximate runner mile: 2.3.<br/>Nearest runner geometry: approximately 0.50 mi straight-line (not a walking detour).<br/>Verification: Google Places business backup (operational); confirm customer restroom access and hours on race day.<br/>Source: <a href="https://maps.google.com/?cid=15793635888664453010&g_mp=Cilnb29nbGUubWFwcy5wbGFjZXMudjEuUGxhY2VzLlNlYXJjaE5lYXJieRACGAQgAA">official / current listing</a>]]></description>
      <styleUrl>#businessBackup</styleUrl>
      <Point><coordinates>-118.47159219999999,33.9846329,0</coordinates></Point>
    </Placemark>
    <Placemark><name>Popeyes Louisiana Kitchen</name>
      <description><![CDATA[Priority 4: Fast-food or branded-gas backup.<br/>Address: 6000 Sepulveda Blvd Fc1, Mall Location, Floor 3, Culver City, CA 90230, USA<br/>Approximate runner mile: 7.2.<br/>Nearest runner geometry: approximately 0.33 mi straight-line (not a walking detour).<br/>Verification: Google Places business backup (operational); confirm customer restroom access and hours on race day.<br/>Source: <a href="https://maps.google.com/?cid=496462341956107441&g_mp=Cilnb29nbGUubWFwcy5wbGFjZXMudjEuUGxhY2VzLlNlYXJjaE5lYXJieRACGAQgAA">official / current listing</a>]]></description>
      <styleUrl>#businessBackup</styleUrl>
      <Point><coordinates>-118.39367200000001,33.9862835,0</coordinates></Point>
    </Placemark>
    <Placemark><name>Popeyes Louisiana Kitchen</name>
      <description><![CDATA[Priority 4: Fast-food or branded-gas backup.<br/>Address: 2934 W Manchester Blvd, Inglewood, CA 90305, USA<br/>Approximate runner mile: 12.6.<br/>Nearest runner geometry: approximately 0.03 mi straight-line (not a walking detour).<br/>Verification: Google Places business backup (operational); confirm customer restroom access and hours on race day.<br/>Source: <a href="https://maps.google.com/?cid=15576232944835888897&g_mp=Cilnb29nbGUubWFwcy5wbGFjZXMudjEuUGxhY2VzLlNlYXJjaE5lYXJieRACGAQgAA">official / current listing</a>]]></description>
      <styleUrl>#businessBackup</styleUrl>
      <Point><coordinates>-118.3252269,33.9597372,0</coordinates></Point>
    </Placemark>
    <Placemark><name>Popeyes Louisiana Kitchen</name>
      <description><![CDATA[Priority 4: Fast-food or branded-gas backup.<br/>Address: 8530 S Figueroa St, Los Angeles, CA 90003, USA<br/>Approximate runner mile: 15.1.<br/>Nearest runner geometry: approximately 0.03 mi straight-line (not a walking detour).<br/>Verification: Google Places business backup (operational); confirm customer restroom access and hours on race day.<br/>Source: <a href="https://maps.google.com/?cid=16705183063542572427&g_mp=Cilnb29nbGUubWFwcy5wbGFjZXMudjEuUGxhY2VzLlNlYXJjaE5lYXJieRACGAQgAA">official / current listing</a>]]></description>
      <styleUrl>#businessBackup</styleUrl>
      <Point><coordinates>-118.28242499999999,33.9604011,0</coordinates></Point>
    </Placemark>
    <Placemark><name>Popeyes Louisiana Kitchen</name>
      <description><![CDATA[Priority 4: Fast-food or branded-gas backup.<br/>Address: 12622 Long Beach Blvd, Lynwood, CA 90262, USA<br/>Approximate runner mile: 24.3.<br/>Nearest runner geometry: approximately 0.94 mi straight-line (not a walking detour).<br/>Verification: Google Places business backup (operational); confirm customer restroom access and hours on race day.<br/>Source: <a href="https://maps.google.com/?cid=7584655701012184383&g_mp=Cilnb29nbGUubWFwcy5wbGFjZXMudjEuUGxhY2VzLlNlYXJjaE5lYXJieRACGAQgAA">official / current listing</a>]]></description>
      <styleUrl>#businessBackup</styleUrl>
      <Point><coordinates>-118.20871410000001,33.9121711,0</coordinates></Point>
    </Placemark>
    <Placemark><name>Popeyes Louisiana Kitchen</name>
      <description><![CDATA[Priority 4: Fast-food or branded-gas backup.<br/>Address: 5401 Atlantic Ave, Long Beach, CA 90805, USA<br/>Approximate runner mile: 28.7.<br/>Nearest runner geometry: approximately 0.80 mi straight-line (not a walking detour).<br/>Verification: Google Places business backup (operational); confirm customer restroom access and hours on race day.<br/>Source: <a href="https://maps.google.com/?cid=1979042758094349319&g_mp=Cilnb29nbGUubWFwcy5wbGFjZXMudjEuUGxhY2VzLlNlYXJjaE5lYXJieRACGAQgAA">official / current listing</a>]]></description>
      <styleUrl>#businessBackup</styleUrl>
      <Point><coordinates>-118.185301,33.8545704,0</coordinates></Point>
    </Placemark>
    <Placemark><name>Popeyes Louisiana Kitchen</name>
      <description><![CDATA[Priority 4: Fast-food or branded-gas backup.<br/>Address: 1700 W Willow St, Long Beach, CA 90810, USA<br/>Approximate runner mile: 32.5.<br/>Nearest runner geometry: approximately 0.64 mi straight-line (not a walking detour).<br/>Verification: Google Places business backup (operational); confirm customer restroom access and hours on race day.<br/>Source: <a href="https://maps.google.com/?cid=9313819154932530402&g_mp=Cilnb29nbGUubWFwcy5wbGFjZXMudjEuUGxhY2VzLlNlYXJjaE5lYXJieRACGAQgAA">official / current listing</a>]]></description>
      <styleUrl>#businessBackup</styleUrl>
      <Point><coordinates>-118.2157496,33.804184,0</coordinates></Point>
    </Placemark>
    <Placemark><name>Popeyes Louisiana Kitchen</name>
      <description><![CDATA[Priority 4: Fast-food or branded-gas backup.<br/>Address: 1008 Long Beach Blvd, Long Beach, CA 90813, USA<br/>Approximate runner mile: 34.4.<br/>Nearest runner geometry: approximately 0.72 mi straight-line (not a walking detour).<br/>Verification: Google Places business backup (operational); confirm customer restroom access and hours on race day.<br/>Source: <a href="https://maps.google.com/?cid=8466376880580238988&g_mp=Cilnb29nbGUubWFwcy5wbGFjZXMudjEuUGxhY2VzLlNlYXJjaE5lYXJieRACGAQgAA">official / current listing</a>]]></description>
      <styleUrl>#businessBackup</styleUrl>
      <Point><coordinates>-118.18909459999999,33.779298,0</coordinates></Point>
    </Placemark>
    <Placemark><name>Popeyes Louisiana Kitchen</name>
      <description><![CDATA[Priority 4: Fast-food or branded-gas backup.<br/>Address: 1715 S Oceanside Blvd, Oceanside, CA 92054, USA<br/>Approximate runner mile: 83.3.<br/>Nearest runner geometry: approximately 0.67 mi straight-line (not a walking detour).<br/>Verification: Google Places business backup (operational); confirm customer restroom access and hours on race day.<br/>Source: <a href="https://maps.google.com/?cid=15904230521939954399&g_mp=Cilnb29nbGUubWFwcy5wbGFjZXMudjEuUGxhY2VzLlNlYXJjaE5lYXJieRACGAQgAA">official / current listing</a>]]></description>
      <styleUrl>#businessBackup</styleUrl>
      <Point><coordinates>-117.360823,33.1902476,0</coordinates></Point>
    </Placemark>
    <Placemark><name>Popilandia Inc.</name>
      <description><![CDATA[Priority 4: Fast-food or branded-gas backup.<br/>Address: 1854 Pacific Ave, Long Beach, CA 90806, USA<br/>Approximate runner mile: 34.1.<br/>Nearest runner geometry: approximately 0.10 mi straight-line (not a walking detour).<br/>Verification: Google Places business backup (operational); confirm customer restroom access and hours on race day.<br/>Source: <a href="https://maps.google.com/?cid=4298715622922161181&g_mp=Cilnb29nbGUubWFwcy5wbGFjZXMudjEuUGxhY2VzLlNlYXJjaE5lYXJieRACGAQgAA">official / current listing</a>]]></description>
      <styleUrl>#businessBackup</styleUrl>
      <Point><coordinates>-118.1935286,33.7911523,0</coordinates></Point>
    </Placemark>
    <Placemark><name>Power Market</name>
      <description><![CDATA[Priority 4: Fast-food or branded-gas backup.<br/>Address: 432 Wilshire Blvd, Santa Monica, CA 90401, USA<br/>Approximate runner mile: 0.1.<br/>Nearest runner geometry: approximately 0.57 mi straight-line (not a walking detour).<br/>Verification: Google Places business backup (operational); confirm customer restroom access and hours on race day.<br/>Source: <a href="https://maps.google.com/?cid=178793338375640562&g_mp=Cilnb29nbGUubWFwcy5wbGFjZXMudjEuUGxhY2VzLlNlYXJjaE5lYXJieRACGAQgAA">official / current listing</a>]]></description>
      <styleUrl>#businessBackup</styleUrl>
      <Point><coordinates>-118.4973674,34.0194172,0</coordinates></Point>
    </Placemark>
    <Placemark><name>Power Market</name>
      <description><![CDATA[Priority 4: Fast-food or branded-gas backup.<br/>Address: 1732 Lincoln Blvd, Santa Monica, CA 90404, USA<br/>Approximate runner mile: 0.6.<br/>Nearest runner geometry: approximately 0.49 mi straight-line (not a walking detour).<br/>Verification: Google Places business backup (operational); confirm customer restroom access and hours on race day.<br/>Source: <a href="https://maps.google.com/?cid=16792731512949048000&g_mp=Cilnb29nbGUubWFwcy5wbGFjZXMudjEuUGxhY2VzLlNlYXJjaE5lYXJieRACGAQgAA">official / current listing</a>]]></description>
      <styleUrl>#businessBackup</styleUrl>
      <Point><coordinates>-118.4856043,34.0141162,0</coordinates></Point>
    </Placemark>
    <Placemark><name>Power Market</name>
      <description><![CDATA[Priority 4: Fast-food or branded-gas backup.<br/>Address: 251 Lincoln Blvd, Venice, CA 90291, USA<br/>Approximate runner mile: 1.7.<br/>Nearest runner geometry: approximately 0.64 mi straight-line (not a walking detour).<br/>Verification: Google Places business backup (operational); confirm customer restroom access and hours on race day.<br/>Source: <a href="https://maps.google.com/?cid=15784631796345249845&g_mp=Cilnb29nbGUubWFwcy5wbGFjZXMudjEuUGxhY2VzLlNlYXJjaE5lYXJieRACGAQgAA">official / current listing</a>]]></description>
      <styleUrl>#businessBackup</styleUrl>
      <Point><coordinates>-118.46843129999998,34.001382899999996,0</coordinates></Point>
    </Placemark>
    <Placemark><name>Power Market</name>
      <description><![CDATA[Priority 4: Fast-food or branded-gas backup.<br/>Address: 11305 Culver Blvd, Los Angeles, CA 90066, USA<br/>Approximate runner mile: 5.5.<br/>Nearest runner geometry: approximately 0.59 mi straight-line (not a walking detour).<br/>Verification: Google Places business backup (operational); confirm customer restroom access and hours on race day.<br/>Source: <a href="https://maps.google.com/?cid=4929729023962093474&g_mp=Cilnb29nbGUubWFwcy5wbGFjZXMudjEuUGxhY2VzLlNlYXJjaE5lYXJieRACGAQgAA">official / current listing</a>]]></description>
      <styleUrl>#businessBackup</styleUrl>
      <Point><coordinates>-118.4124538,34.0023615,0</coordinates></Point>
    </Placemark>
    <Placemark><name>Power Market</name>
      <description><![CDATA[Priority 4: Fast-food or branded-gas backup.<br/>Address: 2546 East Coast Hwy, Corona Del Mar, CA 92625, USA<br/>Approximate runner mile: 58.1.<br/>Nearest runner geometry: approximately 0.04 mi straight-line (not a walking detour).<br/>Verification: Google Places business backup (operational); confirm customer restroom access and hours on race day.<br/>Source: <a href="https://maps.google.com/?cid=1678336396051090467&g_mp=Cilnb29nbGUubWFwcy5wbGFjZXMudjEuUGxhY2VzLlNlYXJjaE5lYXJieRACGAQgAA">official / current listing</a>]]></description>
      <styleUrl>#businessBackup</styleUrl>
      <Point><coordinates>-117.87295689999999,33.6036356,0</coordinates></Point>
    </Placemark>
    <Placemark><name>Power Market</name>
      <description><![CDATA[Priority 4: Fast-food or branded-gas backup.<br/>Address: 604 S Coast Hwy, Laguna Beach, CA 92651, USA<br/>Approximate runner mile: 65.3.<br/>Nearest runner geometry: approximately 0.02 mi straight-line (not a walking detour).<br/>Verification: Google Places business backup (operational); confirm customer restroom access and hours on race day.<br/>Source: <a href="https://maps.google.com/?cid=8994344101261374769&g_mp=Cilnb29nbGUubWFwcy5wbGFjZXMudjEuUGxhY2VzLlNlYXJjaE5lYXJieRACGAQgAA">official / current listing</a>]]></description>
      <styleUrl>#businessBackup</styleUrl>
      <Point><coordinates>-117.7809913,33.5397199,0</coordinates></Point>
    </Placemark>
    <Placemark><name>Primestar</name>
      <description><![CDATA[Priority 4: Fast-food or branded-gas backup.<br/>Address: Los Angeles, CA 90047, USA<br/>Approximate runner mile: 13.5.<br/>Nearest runner geometry: approximately 0.75 mi straight-line (not a walking detour).<br/>Verification: Google Places business backup (operational); confirm customer restroom access and hours on race day.<br/>Source: <a href="https://maps.google.com/?cid=1423846992436631135&g_mp=Cilnb29nbGUubWFwcy5wbGFjZXMudjEuUGxhY2VzLlNlYXJjaE5lYXJieRACGAQgAA">official / current listing</a>]]></description>
      <styleUrl>#businessBackup</styleUrl>
      <Point><coordinates>-118.3095462,33.9709825,0</coordinates></Point>
    </Placemark>
    <Placemark><name>Primos Burgers</name>
      <description><![CDATA[Priority 4: Fast-food or branded-gas backup.<br/>Address: 4500-4532 Blount Pl, Lynwood, CA 90262, USA<br/>Approximate runner mile: 24.3.<br/>Nearest runner geometry: approximately 0.03 mi straight-line (not a walking detour).<br/>Verification: Google Places business backup (operational); confirm customer restroom access and hours on race day.<br/>Source: <a href="https://maps.google.com/?cid=5810579264278634576&g_mp=Cilnb29nbGUubWFwcy5wbGFjZXMudjEuUGxhY2VzLlNlYXJjaE5lYXJieRACGAQgAA">official / current listing</a>]]></description>
      <styleUrl>#businessBackup</styleUrl>
      <Point><coordinates>-118.19239689999999,33.9083113,0</coordinates></Point>
    </Placemark>
    <Placemark><name>Pure Burger Bar</name>
      <description><![CDATA[Priority 4: Fast-food or branded-gas backup.<br/>Address: 1925 S El Camino Real, San Clemente, CA 92672, USA<br/>Approximate runner mile: 79.6.<br/>Nearest runner geometry: approximately 0.14 mi straight-line (not a walking detour).<br/>Verification: Google Places business backup (closed temporarily); confirm customer restroom access and hours on race day.<br/>Source: <a href="https://maps.google.com/?cid=6992070000414137249&g_mp=Cilnb29nbGUubWFwcy5wbGFjZXMudjEuUGxhY2VzLlNlYXJjaE5lYXJieRACGAQgAA">official / current listing</a>]]></description>
      <styleUrl>#businessBackup</styleUrl>
      <Point><coordinates>-117.6022574,33.417539999999995,0</coordinates></Point>
    </Placemark>
    <Placemark><name>Que Vida Tacos Costa Mesa</name>
      <description><![CDATA[Priority 4: Fast-food or branded-gas backup.<br/>Address: 271 E 17th St, Costa Mesa, CA 92627, USA<br/>Approximate runner mile: 54.8.<br/>Nearest runner geometry: approximately 1.00 mi straight-line (not a walking detour).<br/>Verification: Google Places business backup (operational); confirm customer restroom access and hours on race day.<br/>Source: <a href="https://maps.google.com/?cid=7665450555887426602&g_mp=Cilnb29nbGUubWFwcy5wbGFjZXMudjEuUGxhY2VzLlNlYXJjaE5lYXJieRACGAQgAA">official / current listing</a>]]></description>
      <styleUrl>#businessBackup</styleUrl>
      <Point><coordinates>-117.916855,33.633364,0</coordinates></Point>
    </Placemark>
    <Placemark><name>Raising Cane's Chicken Fingers</name>
      <description><![CDATA[Priority 4: Fast-food or branded-gas backup.<br/>Address: 1401 3rd St, Santa Monica, CA 90401, USA<br/>Approximate runner mile: 0.1.<br/>Nearest runner geometry: approximately 0.30 mi straight-line (not a walking detour).<br/>Verification: Google Places business backup (operational); confirm customer restroom access and hours on race day.<br/>Source: <a href="https://maps.google.com/?cid=2538567190926033176&g_mp=Cilnb29nbGUubWFwcy5wbGFjZXMudjEuUGxhY2VzLlNlYXJjaE5lYXJieRACGAQgAA">official / current listing</a>]]></description>
      <styleUrl>#businessBackup</styleUrl>
      <Point><coordinates>-118.4958092,34.0156723,0</coordinates></Point>
    </Placemark>
    <Placemark><name>Raising Cane's Chicken Fingers</name>
      <description><![CDATA[Priority 4: Fast-food or branded-gas backup.<br/>Address: 3895 W Century Blvd, Inglewood, CA 90303, USA<br/>Approximate runner mile: 11.8.<br/>Nearest runner geometry: approximately 0.99 mi straight-line (not a walking detour).<br/>Verification: Google Places business backup (operational); confirm customer restroom access and hours on race day.<br/>Source: <a href="https://maps.google.com/?cid=17263951479674602561&g_mp=Cilnb29nbGUubWFwcy5wbGFjZXMudjEuUGxhY2VzLlNlYXJjaE5lYXJieRACGAQgAA">official / current listing</a>]]></description>
      <styleUrl>#businessBackup</styleUrl>
      <Point><coordinates>-118.3401004,33.9457722,0</coordinates></Point>
    </Placemark>
    <Placemark><name>Raising Cane's Chicken Fingers</name>
      <description><![CDATA[Priority 4: Fast-food or branded-gas backup.<br/>Address: 4500 E Atherton St, Long Beach, CA 90815, USA<br/>Approximate runner mile: 37.2.<br/>Nearest runner geometry: approximately 0.07 mi straight-line (not a walking detour).<br/>Verification: Google Places business backup (operational); confirm customer restroom access and hours on race day.<br/>Source: <a href="https://maps.google.com/?cid=14457737021410299417&g_mp=Cilnb29nbGUubWFwcy5wbGFjZXMudjEuUGxhY2VzLlNlYXJjaE5lYXJieRACGAQgAA">official / current listing</a>]]></description>
      <styleUrl>#businessBackup</styleUrl>
      <Point><coordinates>-118.1403438,33.78948520000001,0</coordinates></Point>
    </Placemark>
    <Placemark><name>Raising Cane's Chicken Fingers</name>
      <description><![CDATA[Priority 4: Fast-food or branded-gas backup.<br/>Address: 1595 Newport Blvd, Costa Mesa, CA 92627, USA<br/>Approximate runner mile: 54.7.<br/>Nearest runner geometry: approximately 0.86 mi straight-line (not a walking detour).<br/>Verification: Google Places business backup (operational); confirm customer restroom access and hours on race day.<br/>Source: <a href="https://maps.google.com/?cid=15555800768070942657&g_mp=Cilnb29nbGUubWFwcy5wbGFjZXMudjEuUGxhY2VzLlNlYXJjaE5lYXJieRACGAQgAA">official / current listing</a>]]></description>
      <styleUrl>#businessBackup</styleUrl>
      <Point><coordinates>-117.92352009999999,33.63330080000001,0</coordinates></Point>
    </Placemark>
    <Placemark><name>Rally's</name>
      <description><![CDATA[Priority 4: Fast-food or branded-gas backup.<br/>Address: 8500 Crenshaw Dr, Inglewood, CA 90305, USA<br/>Approximate runner mile: 12.6.<br/>Nearest runner geometry: approximately 0.03 mi straight-line (not a walking detour).<br/>Verification: Google Places business backup (operational); confirm customer restroom access and hours on race day.<br/>Source: <a href="https://maps.google.com/?cid=15055891899567677533&g_mp=Cilnb29nbGUubWFwcy5wbGFjZXMudjEuUGxhY2VzLlNlYXJjaE5lYXJieRACGAQgAA">official / current listing</a>]]></description>
      <styleUrl>#businessBackup</styleUrl>
      <Point><coordinates>-118.32629220000001,33.9605163,0</coordinates></Point>
    </Placemark>
    <Placemark><name>Rally's</name>
      <description><![CDATA[Priority 4: Fast-food or branded-gas backup.<br/>Address: 7207 S Avalon Blvd, Los Angeles, CA 90003, USA<br/>Approximate runner mile: 16.1.<br/>Nearest runner geometry: approximately 0.99 mi straight-line (not a walking detour).<br/>Verification: Google Places business backup (operational); confirm customer restroom access and hours on race day.<br/>Source: <a href="https://maps.google.com/?cid=2533924490637307271&g_mp=Cilnb29nbGUubWFwcy5wbGFjZXMudjEuUGxhY2VzLlNlYXJjaE5lYXJieRACGAQgAA">official / current listing</a>]]></description>
      <styleUrl>#businessBackup</styleUrl>
      <Point><coordinates>-118.26563890000001,33.9743615,0</coordinates></Point>
    </Placemark>
    <Placemark><name>Rally's</name>
      <description><![CDATA[Priority 4: Fast-food or branded-gas backup.<br/>Address: 2001 E Pacific Coast Hwy, Long Beach, CA 90804, USA<br/>Approximate runner mile: 35.6.<br/>Nearest runner geometry: approximately 0.03 mi straight-line (not a walking detour).<br/>Verification: Google Places business backup (operational); confirm customer restroom access and hours on race day.<br/>Source: <a href="https://maps.google.com/?cid=11961159138724290733&g_mp=Cilnb29nbGUubWFwcy5wbGFjZXMudjEuUGxhY2VzLlNlYXJjaE5lYXJieRACGAQgAA">official / current listing</a>]]></description>
      <styleUrl>#businessBackup</styleUrl>
      <Point><coordinates>-118.1674178,33.7901644,0</coordinates></Point>
    </Placemark>
    <Placemark><name>Ralph's Gas station</name>
      <description><![CDATA[Priority 4: Fast-food or branded-gas backup.<br/>Address: 8611 S Western Ave, Los Angeles, CA 90047, USA<br/>Approximate runner mile: 13.6.<br/>Nearest runner geometry: approximately 0.03 mi straight-line (not a walking detour).<br/>Verification: Google Places business backup (operational); confirm customer restroom access and hours on race day.<br/>Source: <a href="https://maps.google.com/?cid=1982376559061883032&g_mp=Cilnb29nbGUubWFwcy5wbGFjZXMudjEuUGxhY2VzLlNlYXJjaE5lYXJieRACGAQgAA">official / current listing</a>]]></description>
      <styleUrl>#businessBackup</styleUrl>
      <Point><coordinates>-118.30937039999999,33.959514,0</coordinates></Point>
    </Placemark>
    <Placemark><name>Ralphs</name>
      <description><![CDATA[Priority 4: Fast-food or branded-gas backup.<br/>Address: 1730 W Manchester Ave, Los Angeles, CA 90047, USA<br/>Approximate runner mile: 13.7.<br/>Nearest runner geometry: approximately 0.02 mi straight-line (not a walking detour).<br/>Verification: Google Places business backup (operational); confirm customer restroom access and hours on race day.<br/>Source: <a href="https://maps.google.com/?cid=17362413286045618699&g_mp=Cilnb29nbGUubWFwcy5wbGFjZXMudjEuUGxhY2VzLlNlYXJjaE5lYXJieRACGAQgAA">official / current listing</a>]]></description>
      <styleUrl>#businessBackup</styleUrl>
      <Point><coordinates>-118.307924,33.9595009,0</coordinates></Point>
    </Placemark>
    <Placemark><name>Rasta Taco</name>
      <description><![CDATA[Priority 4: Fast-food or branded-gas backup.<br/>Address: 170 Beach St, Laguna Beach, CA 92651, USA<br/>Approximate runner mile: 65.1.<br/>Nearest runner geometry: approximately 0.15 mi straight-line (not a walking detour).<br/>Verification: Google Places business backup (operational); confirm customer restroom access and hours on race day.<br/>Source: <a href="https://maps.google.com/?cid=9489643933604324169&g_mp=Cilnb29nbGUubWFwcy5wbGFjZXMudjEuUGxhY2VzLlNlYXJjaE5lYXJieRACGAQgAA">official / current listing</a>]]></description>
      <styleUrl>#businessBackup</styleUrl>
      <Point><coordinates>-117.78319660000001,33.5441903,0</coordinates></Point>
    </Placemark>
    <Placemark><name>Restaurante Managua</name>
      <description><![CDATA[Priority 4: Fast-food or branded-gas backup.<br/>Address: 2709 Santa Ana St, South Gate, CA 90280, USA<br/>Approximate runner mile: 18.7.<br/>Nearest runner geometry: approximately 0.63 mi straight-line (not a walking detour).<br/>Verification: Google Places business backup (operational); confirm customer restroom access and hours on race day.<br/>Source: <a href="https://maps.google.com/?cid=7480766670824778136&g_mp=Cilnb29nbGUubWFwcy5wbGFjZXMudjEuUGxhY2VzLlNlYXJjaE5lYXJieRACGAQgAA">official / current listing</a>]]></description>
      <styleUrl>#businessBackup</styleUrl>
      <Point><coordinates>-118.22208089999998,33.964895399999996,0</coordinates></Point>
    </Placemark>
    <Placemark><name>Roberto's Mexican Food - Del Mar</name>
      <description><![CDATA[Priority 4: Fast-food or branded-gas backup.<br/>Address: 2206 Carmel Valley Rd #3704, Del Mar, CA 92014, USA<br/>Approximate runner mile: 102.3.<br/>Nearest runner geometry: approximately 0.31 mi straight-line (not a walking detour).<br/>Verification: Google Places business backup (operational); confirm customer restroom access and hours on race day.<br/>Source: <a href="https://maps.google.com/?cid=10050106537947702032&g_mp=Cilnb29nbGUubWFwcy5wbGFjZXMudjEuUGxhY2VzLlNlYXJjaE5lYXJieRACGAQgAA">official / current listing</a>]]></description>
      <styleUrl>#businessBackup</styleUrl>
      <Point><coordinates>-117.2551568,32.934238799999996,0</coordinates></Point>
    </Placemark>
    <Placemark><name>Roberto's Mexican Food - Leucadia</name>
      <description><![CDATA[Priority 4: Fast-food or branded-gas backup.<br/>Address: 1900 N Coast Hwy 101, Encinitas, CA 92024, USA<br/>Approximate runner mile: 91.5.<br/>Nearest runner geometry: approximately 0.03 mi straight-line (not a walking detour).<br/>Verification: Google Places business backup (operational); confirm customer restroom access and hours on race day.<br/>Source: <a href="https://maps.google.com/?cid=15365814989795904790&g_mp=Cilnb29nbGUubWFwcy5wbGFjZXMudjEuUGxhY2VzLlNlYXJjaE5lYXJieRACGAQgAA">official / current listing</a>]]></description>
      <styleUrl>#businessBackup</styleUrl>
      <Point><coordinates>-117.30805579999998,33.080781,0</coordinates></Point>
    </Placemark>
    <Placemark><name>Roberto's Taco Shop</name>
      <description><![CDATA[Priority 4: Fast-food or branded-gas backup.<br/>Address: 518 Oceanside Blvd #111, Oceanside, CA 92054, USA<br/>Approximate runner mile: 83.4.<br/>Nearest runner geometry: approximately 0.05 mi straight-line (not a walking detour).<br/>Verification: Google Places business backup (operational); confirm customer restroom access and hours on race day.<br/>Source: <a href="https://maps.google.com/?cid=4639478895995555140&g_mp=Cilnb29nbGUubWFwcy5wbGFjZXMudjEuUGxhY2VzLlNlYXJjaE5lYXJieRACGAQgAA">official / current listing</a>]]></description>
      <styleUrl>#businessBackup</styleUrl>
      <Point><coordinates>-117.36895859999998,33.1842484,0</coordinates></Point>
    </Placemark>
    <Placemark><name>Roberto's Taco Shop - Encinitas Blvd.</name>
      <description><![CDATA[Priority 4: Fast-food or branded-gas backup.<br/>Address: 471 Encinitas Blvd, Encinitas, CA 92024, USA<br/>Approximate runner mile: 94.2.<br/>Nearest runner geometry: approximately 0.65 mi straight-line (not a walking detour).<br/>Verification: Google Places business backup (operational); confirm customer restroom access and hours on race day.<br/>Source: <a href="https://maps.google.com/?cid=18060058905584836562&g_mp=Cilnb29nbGUubWFwcy5wbGFjZXMudjEuUGxhY2VzLlNlYXJjaE5lYXJieRACGAQgAA">official / current listing</a>]]></description>
      <styleUrl>#businessBackup</styleUrl>
      <Point><coordinates>-117.28251589999998,33.046227099999996,0</coordinates></Point>
    </Placemark>
    <Placemark><name>Roberto's Taco Shop - Solana Beach</name>
      <description><![CDATA[Priority 4: Fast-food or branded-gas backup.<br/>Address: 445 N Hwy 101, Solana Beach, CA 92075, USA<br/>Approximate runner mile: 97.7.<br/>Nearest runner geometry: approximately 0.03 mi straight-line (not a walking detour).<br/>Verification: Google Places business backup (operational); confirm customer restroom access and hours on race day.<br/>Source: <a href="https://maps.google.com/?cid=12164448789667271583&g_mp=Cilnb29nbGUubWFwcy5wbGFjZXMudjEuUGxhY2VzLlNlYXJjaE5lYXJieRACGAQgAA">official / current listing</a>]]></description>
      <styleUrl>#businessBackup</styleUrl>
      <Point><coordinates>-117.2741849,32.9978359,0</coordinates></Point>
    </Placemark>
    <Placemark><name>Roberto’s Taco Shop - Pacific Beach</name>
      <description><![CDATA[Priority 4: Fast-food or branded-gas backup.<br/>Address: 1858 Garnet Ave, San Diego, CA 92109, USA<br/>Approximate runner mile: 115.4.<br/>Nearest runner geometry: approximately 0.07 mi straight-line (not a walking detour).<br/>Verification: Google Places business backup (operational); confirm customer restroom access and hours on race day.<br/>Source: <a href="https://maps.google.com/?cid=5177343803149248339&g_mp=Cilnb29nbGUubWFwcy5wbGFjZXMudjEuUGxhY2VzLlNlYXJjaE5lYXJieRACGAQgAA">official / current listing</a>]]></description>
      <styleUrl>#businessBackup</styleUrl>
      <Point><coordinates>-117.23635639999999,32.801735199999996,0</coordinates></Point>
    </Placemark>
    <Placemark><name>Roche Commercial Fueling Ent</name>
      <description><![CDATA[Priority 4: Fast-food or branded-gas backup.<br/>Address: 8445 Atlantic Ave, Cudahy, CA 90201, USA<br/>Approximate runner mile: 21.0.<br/>Nearest runner geometry: approximately 0.27 mi straight-line (not a walking detour).<br/>Verification: Google Places business backup (operational); confirm customer restroom access and hours on race day.<br/>Source: <a href="https://maps.google.com/?cid=10221754471057453940&g_mp=Cilnb29nbGUubWFwcy5wbGFjZXMudjEuUGxhY2VzLlNlYXJjaE5lYXJieRACGAQgAA">official / current listing</a>]]></description>
      <styleUrl>#businessBackup</styleUrl>
      <Point><coordinates>-118.18464340000001,33.9559303,0</coordinates></Point>
    </Placemark>
    <Placemark><name>Rocket</name>
      <description><![CDATA[Priority 4: Fast-food or branded-gas backup.<br/>Address: 811 Washington Blvd, Venice, CA 90292, USA<br/>Approximate runner mile: 3.3.<br/>Nearest runner geometry: approximately 0.02 mi straight-line (not a walking detour).<br/>Verification: Google Places business backup (operational); confirm customer restroom access and hours on race day.<br/>Source: <a href="https://maps.google.com/?cid=15971734521177183996&g_mp=Cilnb29nbGUubWFwcy5wbGFjZXMudjEuUGxhY2VzLlNlYXJjaE5lYXJieRACGAQgAA">official / current listing</a>]]></description>
      <styleUrl>#businessBackup</styleUrl>
      <Point><coordinates>-118.4527436,33.9881944,0</coordinates></Point>
    </Placemark>
    <Placemark><name>Rocket</name>
      <description><![CDATA[Priority 4: Fast-food or branded-gas backup.<br/>Address: 4680 Lincoln Blvd, Marina Del Rey, CA 90292, USA<br/>Approximate runner mile: 3.7.<br/>Nearest runner geometry: approximately 0.79 mi straight-line (not a walking detour).<br/>Verification: Google Places business backup (operational); confirm customer restroom access and hours on race day.<br/>Source: <a href="https://maps.google.com/?cid=12906645636659703832&g_mp=Cilnb29nbGUubWFwcy5wbGFjZXMudjEuUGxhY2VzLlNlYXJjaE5lYXJieRACGAQgAA">official / current listing</a>]]></description>
      <styleUrl>#businessBackup</styleUrl>
      <Point><coordinates>-118.4393343,33.9812283,0</coordinates></Point>
    </Placemark>
    <Placemark><name>Rocket</name>
      <description><![CDATA[Priority 4: Fast-food or branded-gas backup.<br/>Address: 3500 S Centinela Ave, Los Angeles, CA 90066, USA<br/>Approximate runner mile: 4.5.<br/>Nearest runner geometry: approximately 0.97 mi straight-line (not a walking detour).<br/>Verification: Google Places business backup (operational); confirm customer restroom access and hours on race day.<br/>Source: <a href="https://maps.google.com/?cid=8122530047561977909&g_mp=Cilnb29nbGUubWFwcy5wbGFjZXMudjEuUGxhY2VzLlNlYXJjaE5lYXJieRACGAQgAA">official / current listing</a>]]></description>
      <styleUrl>#businessBackup</styleUrl>
      <Point><coordinates>-118.438235,34.0105128,0</coordinates></Point>
    </Placemark>
    <Placemark><name>Rocket</name>
      <description><![CDATA[Priority 4: Fast-food or branded-gas backup.<br/>Address: Los Angeles, CA 90066, USA<br/>Approximate runner mile: 5.6.<br/>Nearest runner geometry: approximately 0.02 mi straight-line (not a walking detour).<br/>Verification: Google Places business backup (operational); confirm customer restroom access and hours on race day.<br/>Source: <a href="https://maps.google.com/?cid=13862589739189319519&g_mp=Cilnb29nbGUubWFwcy5wbGFjZXMudjEuUGxhY2VzLlNlYXJjaE5lYXJieRACGAQgAA">official / current listing</a>]]></description>
      <styleUrl>#businessBackup</styleUrl>
      <Point><coordinates>-118.41769589999998,33.9945337,0</coordinates></Point>
    </Placemark>
    <Placemark><name>Rocket</name>
      <description><![CDATA[Priority 4: Fast-food or branded-gas backup.<br/>Address: 12000 Culver Blvd, Los Angeles, CA 90066, USA<br/>Approximate runner mile: 5.6.<br/>Nearest runner geometry: approximately 0.02 mi straight-line (not a walking detour).<br/>Verification: Google Places business backup (operational); confirm customer restroom access and hours on race day.<br/>Source: <a href="https://maps.google.com/?cid=3549750662422447725&g_mp=Cilnb29nbGUubWFwcy5wbGFjZXMudjEuUGxhY2VzLlNlYXJjaE5lYXJieRACGAQgAA">official / current listing</a>]]></description>
      <styleUrl>#businessBackup</styleUrl>
      <Point><coordinates>-118.4176859,33.9945237,0</coordinates></Point>
    </Placemark>
    <Placemark><name>Rocket</name>
      <description><![CDATA[Priority 4: Fast-food or branded-gas backup.<br/>Address: 12401 W Jefferson Blvd, Los Angeles, CA 90066, USA<br/>Approximate runner mile: 6.7.<br/>Nearest runner geometry: approximately 0.57 mi straight-line (not a walking detour).<br/>Verification: Google Places business backup (operational); confirm customer restroom access and hours on race day.<br/>Source: <a href="https://maps.google.com/?cid=12023649807211093188&g_mp=Cilnb29nbGUubWFwcy5wbGFjZXMudjEuUGxhY2VzLlNlYXJjaE5lYXJieRACGAQgAA">official / current listing</a>]]></description>
      <styleUrl>#businessBackup</styleUrl>
      <Point><coordinates>-118.4098467,33.9814252,0</coordinates></Point>
    </Placemark>
    <Placemark><name>Rocket</name>
      <description><![CDATA[Priority 4: Fast-food or branded-gas backup.<br/>Address: 7400 S La Tijera Blvd, Los Angeles, CA 90045, USA<br/>Approximate runner mile: 9.0.<br/>Nearest runner geometry: approximately 0.18 mi straight-line (not a walking detour).<br/>Verification: Google Places business backup (operational); confirm customer restroom access and hours on race day.<br/>Source: <a href="https://maps.google.com/?cid=13215013640478926658&g_mp=Cilnb29nbGUubWFwcy5wbGFjZXMudjEuUGxhY2VzLlNlYXJjaE5lYXJieRACGAQgAA">official / current listing</a>]]></description>
      <styleUrl>#businessBackup</styleUrl>
      <Point><coordinates>-118.3793564,33.970072,0</coordinates></Point>
    </Placemark>
    <Placemark><name>Rocket</name>
      <description><![CDATA[Priority 4: Fast-food or branded-gas backup.<br/>Address: 8600 Aviation Blvd, Inglewood, CA 90301, USA<br/>Approximate runner mile: 9.6.<br/>Nearest runner geometry: approximately 0.29 mi straight-line (not a walking detour).<br/>Verification: Google Places business backup (operational); confirm customer restroom access and hours on race day.<br/>Source: <a href="https://maps.google.com/?cid=4388513196885465820&g_mp=Cilnb29nbGUubWFwcy5wbGFjZXMudjEuUGxhY2VzLlNlYXJjaE5lYXJieRACGAQgAA">official / current listing</a>]]></description>
      <styleUrl>#businessBackup</styleUrl>
      <Point><coordinates>-118.37669720000001,33.9595925,0</coordinates></Point>
    </Placemark>
    <Placemark><name>Rocket</name>
      <description><![CDATA[Priority 4: Fast-food or branded-gas backup.<br/>Address: 400 W Arbor Vitae St, Inglewood, CA 90301, USA<br/>Approximate runner mile: 10.4.<br/>Nearest runner geometry: approximately 0.66 mi straight-line (not a walking detour).<br/>Verification: Google Places business backup (operational); confirm customer restroom access and hours on race day.<br/>Source: <a href="https://maps.google.com/?cid=14372357713850251264&g_mp=Cilnb29nbGUubWFwcy5wbGFjZXMudjEuUGxhY2VzLlNlYXJjaE5lYXJieRACGAQgAA">official / current listing</a>]]></description>
      <styleUrl>#businessBackup</styleUrl>
      <Point><coordinates>-118.36192310000001,33.9522686,0</coordinates></Point>
    </Placemark>
    <Placemark><name>Rocket</name>
      <description><![CDATA[Priority 4: Fast-food or branded-gas backup.<br/>Address: 1350 W Florence Ave, Los Angeles, CA 90044, USA<br/>Approximate runner mile: 14.1.<br/>Nearest runner geometry: approximately 1.00 mi straight-line (not a walking detour).<br/>Verification: Google Places business backup (operational); confirm customer restroom access and hours on race day.<br/>Source: <a href="https://maps.google.com/?cid=6433178834946115426&g_mp=Cilnb29nbGUubWFwcy5wbGFjZXMudjEuUGxhY2VzLlNlYXJjaE5lYXJieRACGAQgAA">official / current listing</a>]]></description>
      <styleUrl>#businessBackup</styleUrl>
      <Point><coordinates>-118.2999357,33.9743327,0</coordinates></Point>
    </Placemark>
    <Placemark><name>Rocket</name>
      <description><![CDATA[Priority 4: Fast-food or branded-gas backup.<br/>Address: 11515 Atlantic Ave, Lynwood, CA 90262, USA<br/>Approximate runner mile: 23.4.<br/>Nearest runner geometry: approximately 0.02 mi straight-line (not a walking detour).<br/>Verification: Google Places business backup (operational); confirm customer restroom access and hours on race day.<br/>Source: <a href="https://maps.google.com/?cid=16293593971026874354&g_mp=Cilnb29nbGUubWFwcy5wbGFjZXMudjEuUGxhY2VzLlNlYXJjaE5lYXJieRACGAQgAA">official / current listing</a>]]></description>
      <styleUrl>#businessBackup</styleUrl>
      <Point><coordinates>-118.1885157,33.9198306,0</coordinates></Point>
    </Placemark>
    <Placemark><name>Rocket</name>
      <description><![CDATA[Priority 4: Fast-food or branded-gas backup.<br/>Address: 7511 Rosecrans Ave, Paramount, CA 90723, USA<br/>Approximate runner mile: 25.4.<br/>Nearest runner geometry: approximately 0.74 mi straight-line (not a walking detour).<br/>Verification: Google Places business backup (operational); confirm customer restroom access and hours on race day.<br/>Source: <a href="https://maps.google.com/?cid=7067772086498787791&g_mp=Cilnb29nbGUubWFwcy5wbGFjZXMudjEuUGxhY2VzLlNlYXJjaE5lYXJieRACGAQgAA">official / current listing</a>]]></description>
      <styleUrl>#businessBackup</styleUrl>
      <Point><coordinates>-118.16840349999998,33.903993199999995,0</coordinates></Point>
    </Placemark>
    <Placemark><name>Rocket</name>
      <description><![CDATA[Priority 4: Fast-food or branded-gas backup.<br/>Address: 14949 Garfield Ave, Paramount, CA 90723, USA<br/>Approximate runner mile: 25.4.<br/>Nearest runner geometry: approximately 0.83 mi straight-line (not a walking detour).<br/>Verification: Google Places business backup (operational); confirm customer restroom access and hours on race day.<br/>Source: <a href="https://maps.google.com/?cid=8358149833283273932&g_mp=Cilnb29nbGUubWFwcy5wbGFjZXMudjEuUGxhY2VzLlNlYXJjaE5lYXJieRACGAQgAA">official / current listing</a>]]></description>
      <styleUrl>#businessBackup</styleUrl>
      <Point><coordinates>-118.1692779,33.896865700000006,0</coordinates></Point>
    </Placemark>
    <Placemark><name>Rocket</name>
      <description><![CDATA[Priority 4: Fast-food or branded-gas backup.<br/>Address: 5170 Long Beach Blvd, Long Beach, CA 90805, USA<br/>Approximate runner mile: 29.3.<br/>Nearest runner geometry: approximately 0.44 mi straight-line (not a walking detour).<br/>Verification: Google Places business backup (operational); confirm customer restroom access and hours on race day.<br/>Source: <a href="https://maps.google.com/?cid=13383227473074362260&g_mp=Cilnb29nbGUubWFwcy5wbGFjZXMudjEuUGxhY2VzLlNlYXJjaE5lYXJieRACGAQgAA">official / current listing</a>]]></description>
      <styleUrl>#businessBackup</styleUrl>
      <Point><coordinates>-118.19457580000001,33.8501158,0</coordinates></Point>
    </Placemark>
    <Placemark><name>Rocket</name>
      <description><![CDATA[Priority 4: Fast-food or branded-gas backup.<br/>Address: 5170 Long Beach Blvd, Long Beach, CA 90805, USA<br/>Approximate runner mile: 29.3.<br/>Nearest runner geometry: approximately 0.43 mi straight-line (not a walking detour).<br/>Verification: Google Places business backup (operational); confirm customer restroom access and hours on race day.<br/>Source: <a href="https://maps.google.com/?cid=14942747555741326060&g_mp=Cilnb29nbGUubWFwcy5wbGFjZXMudjEuUGxhY2VzLlNlYXJjaE5lYXJieRACGAQgAA">official / current listing</a>]]></description>
      <styleUrl>#businessBackup</styleUrl>
      <Point><coordinates>-118.19476259999999,33.8500577,0</coordinates></Point>
    </Placemark>
    <Placemark><name>Rocket</name>
      <description><![CDATA[Priority 4: Fast-food or branded-gas backup.<br/>Address: 3631 Santa Fe Ave, Long Beach, CA 90810, USA<br/>Approximate runner mile: 31.2.<br/>Nearest runner geometry: approximately 0.64 mi straight-line (not a walking detour).<br/>Verification: Google Places business backup (operational); confirm customer restroom access and hours on race day.<br/>Source: <a href="https://maps.google.com/?cid=2016805500193141288&g_mp=Cilnb29nbGUubWFwcy5wbGFjZXMudjEuUGxhY2VzLlNlYXJjaE5lYXJieRACGAQgAA">official / current listing</a>]]></description>
      <styleUrl>#businessBackup</styleUrl>
      <Point><coordinates>-118.21589700000001,33.8229347,0</coordinates></Point>
    </Placemark>
    <Placemark><name>Rocket</name>
      <description><![CDATA[Priority 4: Fast-food or branded-gas backup.<br/>Address: 2995 Long Beach Blvd, Long Beach, CA 90806, USA<br/>Approximate runner mile: 32.0.<br/>Nearest runner geometry: approximately 0.86 mi straight-line (not a walking detour).<br/>Verification: Google Places business backup (operational); confirm customer restroom access and hours on race day.<br/>Source: <a href="https://maps.google.com/?cid=8302926314588575790&g_mp=Cilnb29nbGUubWFwcy5wbGFjZXMudjEuUGxhY2VzLlNlYXJjaE5lYXJieRACGAQgAA">official / current listing</a>]]></description>
      <styleUrl>#businessBackup</styleUrl>
      <Point><coordinates>-118.1898177,33.8112606,0</coordinates></Point>
    </Placemark>
    <Placemark><name>Rocket</name>
      <description><![CDATA[Priority 4: Fast-food or branded-gas backup.<br/>Address: 1504 W Willow St, Long Beach, CA 90810, USA<br/>Approximate runner mile: 32.5.<br/>Nearest runner geometry: approximately 0.48 mi straight-line (not a walking detour).<br/>Verification: Google Places business backup (operational); confirm customer restroom access and hours on race day.<br/>Source: <a href="https://maps.google.com/?cid=8502792283064813788&g_mp=Cilnb29nbGUubWFwcy5wbGFjZXMudjEuUGxhY2VzLlNlYXJjaE5lYXJieRACGAQgAA">official / current listing</a>]]></description>
      <styleUrl>#businessBackup</styleUrl>
      <Point><coordinates>-118.21289910000002,33.8041675,0</coordinates></Point>
    </Placemark>
    <Placemark><name>Rocket</name>
      <description><![CDATA[Priority 4: Fast-food or branded-gas backup.<br/>Address: 465 W Pacific Coast Hwy, Long Beach, CA 90806, USA<br/>Approximate runner mile: 33.9.<br/>Nearest runner geometry: approximately 0.04 mi straight-line (not a walking detour).<br/>Verification: Google Places business backup (operational); confirm customer restroom access and hours on race day.<br/>Source: <a href="https://maps.google.com/?cid=8670821429111488303&g_mp=Cilnb29nbGUubWFwcy5wbGFjZXMudjEuUGxhY2VzLlNlYXJjaE5lYXJieRACGAQgAA">official / current listing</a>]]></description>
      <styleUrl>#businessBackup</styleUrl>
      <Point><coordinates>-118.19788349999999,33.7902884,0</coordinates></Point>
    </Placemark>
    <Placemark><name>Rocket</name>
      <description><![CDATA[Priority 4: Fast-food or branded-gas backup.<br/>Address: 501 W 7th St, Long Beach, CA 90813, USA<br/>Approximate runner mile: 33.9.<br/>Nearest runner geometry: approximately 0.97 mi straight-line (not a walking detour).<br/>Verification: Google Places business backup (operational); confirm customer restroom access and hours on race day.<br/>Source: <a href="https://maps.google.com/?cid=6553545329275865147&g_mp=Cilnb29nbGUubWFwcy5wbGFjZXMudjEuUGxhY2VzLlNlYXJjaE5lYXJieRACGAQgAA">official / current listing</a>]]></description>
      <styleUrl>#businessBackup</styleUrl>
      <Point><coordinates>-118.198398,33.7756772,0</coordinates></Point>
    </Placemark>
    <Placemark><name>Rocket</name>
      <description><![CDATA[Priority 4: Fast-food or branded-gas backup.<br/>Address: 2440 E Anaheim St, Long Beach, CA 90804, USA<br/>Approximate runner mile: 35.9.<br/>Nearest runner geometry: approximately 0.52 mi straight-line (not a walking detour).<br/>Verification: Google Places business backup (operational); confirm customer restroom access and hours on race day.<br/>Source: <a href="https://maps.google.com/?cid=4704920116944187355&g_mp=Cilnb29nbGUubWFwcy5wbGFjZXMudjEuUGxhY2VzLlNlYXJjaE5lYXJieRACGAQgAA">official / current listing</a>]]></description>
      <styleUrl>#businessBackup</styleUrl>
      <Point><coordinates>-118.16253700000001,33.7822929,0</coordinates></Point>
    </Placemark>
    <Placemark><name>Rocket</name>
      <description><![CDATA[Priority 4: Fast-food or branded-gas backup.<br/>Address: 2103 N Bellflower Blvd, Long Beach, CA 90815, USA<br/>Approximate runner mile: 37.6.<br/>Nearest runner geometry: approximately 0.86 mi straight-line (not a walking detour).<br/>Verification: Google Places business backup (operational); confirm customer restroom access and hours on race day.<br/>Source: <a href="https://maps.google.com/?cid=4428544266311054856&g_mp=Cilnb29nbGUubWFwcy5wbGFjZXMudjEuUGxhY2VzLlNlYXJjaE5lYXJieRACGAQgAA">official / current listing</a>]]></description>
      <styleUrl>#businessBackup</styleUrl>
      <Point><coordinates>-118.12580609999999,33.794156699999995,0</coordinates></Point>
    </Placemark>
    <Placemark><name>Rocket</name>
      <description><![CDATA[Priority 4: Fast-food or branded-gas backup.<br/>Address: 3400 Coast Highway Pacific, Newport Beach, CA 92625, USA<br/>Approximate runner mile: 58.7.<br/>Nearest runner geometry: approximately 0.02 mi straight-line (not a walking detour).<br/>Verification: Google Places business backup (operational); confirm customer restroom access and hours on race day.<br/>Source: <a href="https://maps.google.com/?cid=1004063890782590239&g_mp=Cilnb29nbGUubWFwcy5wbGFjZXMudjEuUGxhY2VzLlNlYXJjaE5lYXJieRACGAQgAA">official / current listing</a>]]></description>
      <styleUrl>#businessBackup</styleUrl>
      <Point><coordinates>-117.86980949999999,33.5957624,0</coordinates></Point>
    </Placemark>
    <Placemark><name>Rocket</name>
      <description><![CDATA[Priority 4: Fast-food or branded-gas backup.<br/>Address: 32611 Niguel Rd, Dana Point, CA 92629, USA<br/>Approximate runner mile: 70.6.<br/>Nearest runner geometry: approximately 0.79 mi straight-line (not a walking detour).<br/>Verification: Google Places business backup (operational); confirm customer restroom access and hours on race day.<br/>Source: <a href="https://maps.google.com/?cid=3079888813657925395&g_mp=Cilnb29nbGUubWFwcy5wbGFjZXMudjEuUGxhY2VzLlNlYXJjaE5lYXJieRACGAQgAA">official / current listing</a>]]></description>
      <styleUrl>#businessBackup</styleUrl>
      <Point><coordinates>-117.71163360000001,33.4896599,0</coordinates></Point>
    </Placemark>
    <Placemark><name>Rocket</name>
      <description><![CDATA[Priority 4: Fast-food or branded-gas backup.<br/>Address: 606 Camino De Los Mares, San Clemente, CA 92672, USA<br/>Approximate runner mile: 75.3.<br/>Nearest runner geometry: approximately 0.66 mi straight-line (not a walking detour).<br/>Verification: Google Places business backup (operational); confirm customer restroom access and hours on race day.<br/>Source: <a href="https://maps.google.com/?cid=12927990910401861528&g_mp=Cilnb29nbGUubWFwcy5wbGFjZXMudjEuUGxhY2VzLlNlYXJjaE5lYXJieRACGAQgAA">official / current listing</a>]]></description>
      <styleUrl>#businessBackup</styleUrl>
      <Point><coordinates>-117.654413,33.4596842,0</coordinates></Point>
    </Placemark>
    <Placemark><name>Rocket</name>
      <description><![CDATA[Priority 4: Fast-food or branded-gas backup.<br/>Address: 795 S El Camino Real, San Clemente, CA 92672, USA<br/>Approximate runner mile: 79.0.<br/>Nearest runner geometry: approximately 0.01 mi straight-line (not a walking detour).<br/>Verification: Google Places business backup (operational); confirm customer restroom access and hours on race day.<br/>Source: <a href="https://maps.google.com/?cid=8264198668571941600&g_mp=Cilnb29nbGUubWFwcy5wbGFjZXMudjEuUGxhY2VzLlNlYXJjaE5lYXJieRACGAQgAA">official / current listing</a>]]></description>
      <styleUrl>#businessBackup</styleUrl>
      <Point><coordinates>-117.60914880000001,33.4235071,0</coordinates></Point>
    </Placemark>
    <Placemark><name>Rocket</name>
      <description><![CDATA[Priority 4: Fast-food or branded-gas backup.<br/>Address: 2360 S El Camino Real, San Clemente, CA 92672, USA<br/>Approximate runner mile: 79.9.<br/>Nearest runner geometry: approximately 0.09 mi straight-line (not a walking detour).<br/>Verification: Google Places business backup (operational); confirm customer restroom access and hours on race day.<br/>Source: <a href="https://maps.google.com/?cid=6095751858635215659&g_mp=Cilnb29nbGUubWFwcy5wbGFjZXMudjEuUGxhY2VzLlNlYXJjaE5lYXJieRACGAQgAA">official / current listing</a>]]></description>
      <styleUrl>#businessBackup</styleUrl>
      <Point><coordinates>-117.6008638,33.413226,0</coordinates></Point>
    </Placemark>
    <Placemark><name>RollerGirl's Kitchen</name>
      <description><![CDATA[Priority 4: Fast-food or branded-gas backup.<br/>Address: 6201 E Bay Shore Walk, Long Beach, CA 90803, USA<br/>Approximate runner mile: 40.1.<br/>Nearest runner geometry: approximately 0.83 mi straight-line (not a walking detour).<br/>Verification: Google Places business backup (operational); confirm customer restroom access and hours on race day.<br/>Source: <a href="https://maps.google.com/?cid=1706493776327561654&g_mp=Cilnb29nbGUubWFwcy5wbGFjZXMudjEuUGxhY2VzLlNlYXJjaE5lYXJieRACGAQgAA">official / current listing</a>]]></description>
      <styleUrl>#businessBackup</styleUrl>
      <Point><coordinates>-118.1218116,33.7495104,0</coordinates></Point>
    </Placemark>
    <Placemark><name>Royal Ice cream and cakes</name>
      <description><![CDATA[Priority 4: Fast-food or branded-gas backup.<br/>Address: 110 E Anaheim St Ste F, Long Beach, CA 90813, USA<br/>Approximate runner mile: 34.2.<br/>Nearest runner geometry: approximately 0.51 mi straight-line (not a walking detour).<br/>Verification: Google Places business backup (operational); confirm customer restroom access and hours on race day.<br/>Source: <a href="https://maps.google.com/?cid=5870551686244734249&g_mp=Cilnb29nbGUubWFwcy5wbGFjZXMudjEuUGxhY2VzLlNlYXJjaE5lYXJieRACGAQgAA">official / current listing</a>]]></description>
      <styleUrl>#businessBackup</styleUrl>
      <Point><coordinates>-118.19206679999999,33.7824508,0</coordinates></Point>
    </Placemark>
    <Placemark><name>Russell Fischer Car Wash</name>
      <description><![CDATA[Priority 4: Fast-food or branded-gas backup.<br/>Address: 1731 N El Camino Real, San Clemente, CA 92672, USA<br/>Approximate runner mile: 77.5.<br/>Nearest runner geometry: approximately 0.01 mi straight-line (not a walking detour).<br/>Verification: Google Places business backup (operational); confirm customer restroom access and hours on race day.<br/>Source: <a href="https://maps.google.com/?cid=18106406150039127441&g_mp=Cilnb29nbGUubWFwcy5wbGFjZXMudjEuUGxhY2VzLlNlYXJjaE5lYXJieRACGAQgAA">official / current listing</a>]]></description>
      <styleUrl>#businessBackup</styleUrl>
      <Point><coordinates>-117.63088339999999,33.4329854,0</coordinates></Point>
    </Placemark>
    <Placemark><name>Russell Fischer Car Wash - Huntington Harbour</name>
      <description><![CDATA[Priority 4: Fast-food or branded-gas backup.<br/>Address: 16921 Algonquin St, Huntington Beach, CA 92649, USA<br/>Approximate runner mile: 44.6.<br/>Nearest runner geometry: approximately 0.79 mi straight-line (not a walking detour).<br/>Verification: Google Places business backup (operational); confirm customer restroom access and hours on race day.<br/>Source: <a href="https://maps.google.com/?cid=10091164894136561674&g_mp=Cilnb29nbGUubWFwcy5wbGFjZXMudjEuUGxhY2VzLlNlYXJjaE5lYXJieRACGAQgAA">official / current listing</a>]]></description>
      <styleUrl>#businessBackup</styleUrl>
      <Point><coordinates>-118.0505111,33.716251,0</coordinates></Point>
    </Placemark>
    <Placemark><name>S&amp;S Petroleum</name>
      <description><![CDATA[Priority 4: Fast-food or branded-gas backup.<br/>Address: 998 E Anaheim St, Long Beach, CA 90813, USA<br/>Approximate runner mile: 34.9.<br/>Nearest runner geometry: approximately 0.51 mi straight-line (not a walking detour).<br/>Verification: Google Places business backup (operational); confirm customer restroom access and hours on race day.<br/>Source: <a href="https://maps.google.com/?cid=18366033923266100888&g_mp=Cilnb29nbGUubWFwcy5wbGFjZXMudjEuUGxhY2VzLlNlYXJjaE5lYXJieRACGAQgAA">official / current listing</a>]]></description>
      <styleUrl>#businessBackup</styleUrl>
      <Point><coordinates>-118.1809483,33.782418199999995,0</coordinates></Point>
    </Placemark>
    <Placemark><name>SC Fuels</name>
      <description><![CDATA[Priority 4: Fast-food or branded-gas backup.<br/>Address: 916 W Spruce Ave, Inglewood, CA 90301, USA<br/>Approximate runner mile: 10.0.<br/>Nearest runner geometry: approximately 0.49 mi straight-line (not a walking detour).<br/>Verification: Google Places business backup (operational); confirm customer restroom access and hours on race day.<br/>Source: <a href="https://maps.google.com/?cid=13440795171999278263&g_mp=Cilnb29nbGUubWFwcy5wbGFjZXMudjEuUGxhY2VzLlNlYXJjaE5lYXJieRACGAQgAA">official / current listing</a>]]></description>
      <styleUrl>#businessBackup</styleUrl>
      <Point><coordinates>-118.3730292,33.9551703,0</coordinates></Point>
    </Placemark>
    <Placemark><name>SC Fuels</name>
      <description><![CDATA[Priority 4: Fast-food or branded-gas backup.<br/>Address: 6825 Rosecrans Ave, Paramount, CA 90723, USA<br/>Approximate runner mile: 25.4.<br/>Nearest runner geometry: approximately 0.11 mi straight-line (not a walking detour).<br/>Verification: Google Places business backup (operational); confirm customer restroom access and hours on race day.<br/>Source: <a href="https://maps.google.com/?cid=12202151355018592572&g_mp=Cilnb29nbGUubWFwcy5wbGFjZXMudjEuUGxhY2VzLlNlYXJjaE5lYXJieRACGAQgAA">official / current listing</a>]]></description>
      <styleUrl>#businessBackup</styleUrl>
      <Point><coordinates>-118.17983410000001,33.9045062,0</coordinates></Point>
    </Placemark>
    <Placemark><name>SC Fuels</name>
      <description><![CDATA[Priority 4: Fast-food or branded-gas backup.<br/>Address: 2720 Carson St, Carson, CA 90810, USA<br/>Approximate runner mile: 30.7.<br/>Nearest runner geometry: approximately 0.76 mi straight-line (not a walking detour).<br/>Verification: Google Places business backup (operational); confirm customer restroom access and hours on race day.<br/>Source: <a href="https://maps.google.com/?cid=4289501551260675990&g_mp=Cilnb29nbGUubWFwcy5wbGFjZXMudjEuUGxhY2VzLlNlYXJjaE5lYXJieRACGAQgAA">official / current listing</a>]]></description>
      <styleUrl>#businessBackup</styleUrl>
      <Point><coordinates>-118.21731910000001,33.8313847,0</coordinates></Point>
    </Placemark>
    <Placemark><name>SDGE CNG Fueling Station</name>
      <description><![CDATA[Priority 4: Fast-food or branded-gas backup.<br/>Address: 5016 Carlsbad Blvd, Carlsbad, CA 92008, USA<br/>Approximate runner mile: 87.5.<br/>Nearest runner geometry: approximately 0.21 mi straight-line (not a walking detour).<br/>Verification: Google Places business backup (operational); confirm customer restroom access and hours on race day.<br/>Source: <a href="https://maps.google.com/?cid=14877289002883095403&g_mp=Cilnb29nbGUubWFwcy5wbGFjZXMudjEuUGxhY2VzLlNlYXJjaE5lYXJieRACGAQgAA">official / current listing</a>]]></description>
      <styleUrl>#businessBackup</styleUrl>
      <Point><coordinates>-117.3323766,33.1340478,0</coordinates></Point>
    </Placemark>
    <Placemark><name>SNL OIL CHEVRON</name>
      <description><![CDATA[Priority 4: Fast-food or branded-gas backup.<br/>Address: 865 Orpheus Ave, Encinitas, CA 92024, USA<br/>Approximate runner mile: 92.8.<br/>Nearest runner geometry: approximately 0.49 mi straight-line (not a walking detour).<br/>Verification: Google Places business backup (operational); confirm customer restroom access and hours on race day.<br/>Source: <a href="https://maps.google.com/?cid=14418542589376278282&g_mp=Cilnb29nbGUubWFwcy5wbGFjZXMudjEuUGxhY2VzLlNlYXJjaE5lYXJieRACGAQgAA">official / current listing</a>]]></description>
      <styleUrl>#businessBackup</styleUrl>
      <Point><coordinates>-117.29357519999999,33.0649005,0</coordinates></Point>
    </Placemark>
    <Placemark><name>SPRINT SHOP</name>
      <description><![CDATA[Priority 4: Fast-food or branded-gas backup.<br/>Address: 2585 Maine Ave, Long Beach, CA 90806, USA<br/>Approximate runner mile: 32.6.<br/>Nearest runner geometry: approximately 0.24 mi straight-line (not a walking detour).<br/>Verification: Google Places business backup (operational); confirm customer restroom access and hours on race day.<br/>Source: <a href="https://maps.google.com/?cid=11815154913194787789&g_mp=Cilnb29nbGUubWFwcy5wbGFjZXMudjEuUGxhY2VzLlNlYXJjaE5lYXJieRACGAQgAA">official / current listing</a>]]></description>
      <styleUrl>#businessBackup</styleUrl>
      <Point><coordinates>-118.20035339999998,33.8041108,0</coordinates></Point>
    </Placemark>
    <Placemark><name>Sabroso taco savor a mi tierra</name>
      <description><![CDATA[Priority 4: Fast-food or branded-gas backup.<br/>Address: 405 San Diego St, Oceanside, CA 92058, USA<br/>Approximate runner mile: 82.3.<br/>Nearest runner geometry: approximately 0.73 mi straight-line (not a walking detour).<br/>Verification: Google Places business backup (operational); confirm customer restroom access and hours on race day.<br/>Source: <a href="https://maps.google.com/?cid=7859634803034244893&g_mp=Cilnb29nbGUubWFwcy5wbGFjZXMudjEuUGxhY2VzLlNlYXJjaE5lYXJieRACGAQgAA">official / current listing</a>]]></description>
      <styleUrl>#businessBackup</styleUrl>
      <Point><coordinates>-117.370071,33.202904499999995,0</coordinates></Point>
    </Placemark>
    <Placemark><name>Samosa House</name>
      <description><![CDATA[Priority 4: Fast-food or branded-gas backup.<br/>Address: 2301 Main St, Santa Monica, CA 90405, USA<br/>Approximate runner mile: 0.8.<br/>Nearest runner geometry: approximately 0.01 mi straight-line (not a walking detour).<br/>Verification: Google Places business backup (operational); confirm customer restroom access and hours on race day.<br/>Source: <a href="https://maps.google.com/?cid=6581145711982375614&g_mp=Cilnb29nbGUubWFwcy5wbGFjZXMudjEuUGxhY2VzLlNlYXJjaE5lYXJieRACGAQgAA">official / current listing</a>]]></description>
      <styleUrl>#businessBackup</styleUrl>
      <Point><coordinates>-118.4863896,34.0049188,0</coordinates></Point>
    </Placemark>
    <Placemark><name>San Clemente ARCO Smog Check</name>
      <description><![CDATA[Priority 4: Fast-food or branded-gas backup.<br/>Address: 2749 N El Camino Real, San Clemente, CA 92672, USA<br/>Approximate runner mile: 76.4.<br/>Nearest runner geometry: approximately 0.04 mi straight-line (not a walking detour).<br/>Verification: Google Places business backup (operational); confirm customer restroom access and hours on race day.<br/>Source: <a href="https://maps.google.com/?cid=4108999285437519377&g_mp=Cilnb29nbGUubWFwcy5wbGFjZXMudjEuUGxhY2VzLlNlYXJjaE5lYXJieRACGAQgAA">official / current listing</a>]]></description>
      <styleUrl>#businessBackup</styleUrl>
      <Point><coordinates>-117.6445764,33.4417062,0</coordinates></Point>
    </Placemark>
    <Placemark><name>San Clemente Valero</name>
      <description><![CDATA[Priority 4: Fast-food or branded-gas backup.<br/>Address: 504 Avenida de la Estrella, San Clemente, CA 92672, USA<br/>Approximate runner mile: 78.4.<br/>Nearest runner geometry: approximately 0.06 mi straight-line (not a walking detour).<br/>Verification: Google Places business backup (operational); confirm customer restroom access and hours on race day.<br/>Source: <a href="https://maps.google.com/?cid=18440366333380243834&g_mp=Cilnb29nbGUubWFwcy5wbGFjZXMudjEuUGxhY2VzLlNlYXJjaE5lYXJieRACGAQgAA">official / current listing</a>]]></description>
      <styleUrl>#businessBackup</styleUrl>
      <Point><coordinates>-117.61529510000001,33.430709199999995,0</coordinates></Point>
    </Placemark>
    <Placemark><name>San Diego Gasoline</name>
      <description><![CDATA[Priority 4: Fast-food or branded-gas backup.<br/>Address: 1574 Grand Ave, San Diego, CA 92109, USA<br/>Approximate runner mile: 115.1.<br/>Nearest runner geometry: approximately 0.11 mi straight-line (not a walking detour).<br/>Verification: Google Places business backup (operational); confirm customer restroom access and hours on race day.<br/>Source: <a href="https://maps.google.com/?cid=9685137520182519567&g_mp=Cilnb29nbGUubWFwcy5wbGFjZXMudjEuUGxhY2VzLlNlYXJjaE5lYXJieRACGAQgAA">official / current listing</a>]]></description>
      <styleUrl>#businessBackup</styleUrl>
      <Point><coordinates>-117.2405794,32.7981372,0</coordinates></Point>
    </Placemark>
    <Placemark><name>Sancho's Tacos</name>
      <description><![CDATA[Priority 4: Fast-food or branded-gas backup.<br/>Address: 1101 S El Camino Real, San Clemente, CA 92672, USA<br/>Approximate runner mile: 79.2.<br/>Nearest runner geometry: approximately 0.01 mi straight-line (not a walking detour).<br/>Verification: Google Places business backup (operational); confirm customer restroom access and hours on race day.<br/>Source: <a href="https://maps.google.com/?cid=10580243192388189198&g_mp=Cilnb29nbGUubWFwcy5wbGFjZXMudjEuUGxhY2VzLlNlYXJjaE5lYXJieRACGAQgAA">official / current listing</a>]]></description>
      <styleUrl>#businessBackup</styleUrl>
      <Point><coordinates>-117.6077925,33.4210478,0</coordinates></Point>
    </Placemark>
    <Placemark><name>Sancho's Tacos</name>
      <description><![CDATA[Priority 4: Fast-food or branded-gas backup.<br/>Address: 400 Mission Ave, Oceanside, CA 92054, USA<br/>Approximate runner mile: 82.3.<br/>Nearest runner geometry: approximately 0.04 mi straight-line (not a walking detour).<br/>Verification: Google Places business backup (operational); confirm customer restroom access and hours on race day.<br/>Source: <a href="https://maps.google.com/?cid=2489086101015579778&g_mp=Cilnb29nbGUubWFwcy5wbGFjZXMudjEuUGxhY2VzLlNlYXJjaE5lYXJieRACGAQgAA">official / current listing</a>]]></description>
      <styleUrl>#businessBackup</styleUrl>
      <Point><coordinates>-117.38036430000001,33.1957351,0</coordinates></Point>
    </Placemark>
    <Placemark><name>Sarku Japan</name>
      <description><![CDATA[Priority 4: Fast-food or branded-gas backup.<br/>Address: 6000 Sepulveda Blvd Ste 3248, Culver City, CA 90230, USA<br/>Approximate runner mile: 7.3.<br/>Nearest runner geometry: approximately 0.31 mi straight-line (not a walking detour).<br/>Verification: Google Places business backup (operational); confirm customer restroom access and hours on race day.<br/>Source: <a href="https://maps.google.com/?cid=15539482996853298564&g_mp=Cilnb29nbGUubWFwcy5wbGFjZXMudjEuUGxhY2VzLlNlYXJjaE5lYXJieRACGAQgAA">official / current listing</a>]]></description>
      <styleUrl>#businessBackup</styleUrl>
      <Point><coordinates>-118.3930901,33.985639,0</coordinates></Point>
    </Placemark>
    <Placemark><name>Savory Burger</name>
      <description><![CDATA[Priority 4: Fast-food or branded-gas backup.<br/>Address: 2290 Atlantic Ave, Long Beach, CA 90806, USA<br/>Approximate runner mile: 34.7.<br/>Nearest runner geometry: approximately 0.62 mi straight-line (not a walking detour).<br/>Verification: Google Places business backup (operational); confirm customer restroom access and hours on race day.<br/>Source: <a href="https://maps.google.com/?cid=2045112668937350026&g_mp=Cilnb29nbGUubWFwcy5wbGFjZXMudjEuUGxhY2VzLlNlYXJjaE5lYXJieRACGAQgAA">official / current listing</a>]]></description>
      <styleUrl>#businessBackup</styleUrl>
      <Point><coordinates>-118.18471679999998,33.7987432,0</coordinates></Point>
    </Placemark>
    <Placemark><name>Sbarro</name>
      <description><![CDATA[Priority 4: Fast-food or branded-gas backup.<br/>Address: 395 Santa Monica Pl, Santa Monica, CA 90401, USA<br/>Approximate runner mile: 0.1.<br/>Nearest runner geometry: approximately 0.21 mi straight-line (not a walking detour).<br/>Verification: Google Places business backup (operational); confirm customer restroom access and hours on race day.<br/>Source: <a href="https://maps.google.com/?cid=1796244891199546991&g_mp=Cilnb29nbGUubWFwcy5wbGFjZXMudjEuUGxhY2VzLlNlYXJjaE5lYXJieRACGAQgAA">official / current listing</a>]]></description>
      <styleUrl>#businessBackup</styleUrl>
      <Point><coordinates>-118.49351279999999,34.0141707,0</coordinates></Point>
    </Placemark>
    <Placemark><name>Sbarro</name>
      <description><![CDATA[Priority 4: Fast-food or branded-gas backup.<br/>Address: 6000 Sepulveda Blvd, Culver City, CA 90230, USA<br/>Approximate runner mile: 7.3.<br/>Nearest runner geometry: approximately 0.30 mi straight-line (not a walking detour).<br/>Verification: Google Places business backup (operational); confirm customer restroom access and hours on race day.<br/>Source: <a href="https://maps.google.com/?cid=1764626766975531463&g_mp=Cilnb29nbGUubWFwcy5wbGFjZXMudjEuUGxhY2VzLlNlYXJjaE5lYXJieRACGAQgAA">official / current listing</a>]]></description>
      <styleUrl>#businessBackup</styleUrl>
      <Point><coordinates>-118.39331759999999,33.9854311,0</coordinates></Point>
    </Placemark>
    <Placemark><name>Seal Beach Teriyaki</name>
      <description><![CDATA[Priority 4: Fast-food or branded-gas backup.<br/>Address: 456 Pacific Coast Hwy, Seal Beach, CA 90740, USA<br/>Approximate runner mile: 40.8.<br/>Nearest runner geometry: approximately 0.01 mi straight-line (not a walking detour).<br/>Verification: Google Places business backup (operational); confirm customer restroom access and hours on race day.<br/>Source: <a href="https://maps.google.com/?cid=5066531930710665593&g_mp=Cilnb29nbGUubWFwcy5wbGFjZXMudjEuUGxhY2VzLlNlYXJjaE5lYXJieRACGAQgAA">official / current listing</a>]]></description>
      <styleUrl>#businessBackup</styleUrl>
      <Point><coordinates>-118.1061262,33.747295099999995,0</coordinates></Point>
    </Placemark>
    <Placemark><name>Seaside Burgers</name>
      <description><![CDATA[Priority 4: Fast-food or branded-gas backup.<br/>Address: Ocean Front Walk, 2007 1/2, Venice, CA 90291, USA<br/>Approximate runner mile: 2.1.<br/>Nearest runner geometry: approximately 0.43 mi straight-line (not a walking detour).<br/>Verification: Google Places business backup (operational); confirm customer restroom access and hours on race day.<br/>Source: <a href="https://maps.google.com/?cid=10392694051795779567&g_mp=Cilnb29nbGUubWFwcy5wbGFjZXMudjEuUGxhY2VzLlNlYXJjaE5lYXJieRACGAQgAA">official / current listing</a>]]></description>
      <styleUrl>#businessBackup</styleUrl>
      <Point><coordinates>-118.47286650000001,33.9860103,0</coordinates></Point>
    </Placemark>
    <Placemark><name>Señor Pancho Mexican Grill</name>
      <description><![CDATA[Priority 4: Fast-food or branded-gas backup.<br/>Address: 202 S Coast Hwy, Oceanside, CA 92054, USA<br/>Approximate runner mile: 82.5.<br/>Nearest runner geometry: approximately 0.03 mi straight-line (not a walking detour).<br/>Verification: Google Places business backup (operational); confirm customer restroom access and hours on race day.<br/>Source: <a href="https://maps.google.com/?cid=15484319836546295254&g_mp=Cilnb29nbGUubWFwcy5wbGFjZXMudjEuUGxhY2VzLlNlYXJjaE5lYXJieRACGAQgAA">official / current listing</a>]]></description>
      <styleUrl>#businessBackup</styleUrl>
      <Point><coordinates>-117.3776678,33.194229199999995,0</coordinates></Point>
    </Placemark>
    <Placemark><name>Shake Shack Costa Mesa</name>
      <description><![CDATA[Priority 4: Fast-food or branded-gas backup.<br/>Address: 329 E 17th St, Costa Mesa, CA 92627, USA<br/>Approximate runner mile: 55.0.<br/>Nearest runner geometry: approximately 0.98 mi straight-line (not a walking detour).<br/>Verification: Google Places business backup (operational); confirm customer restroom access and hours on race day.<br/>Source: <a href="https://maps.google.com/?cid=1432292612503819596&g_mp=Cilnb29nbGUubWFwcy5wbGFjZXMudjEuUGxhY2VzLlNlYXJjaE5lYXJieRACGAQgAA">official / current listing</a>]]></description>
      <styleUrl>#businessBackup</styleUrl>
      <Point><coordinates>-117.9144304,33.6320537,0</coordinates></Point>
    </Placemark>
    <Placemark><name>Shake Shack Long Beach</name>
      <description><![CDATA[Priority 4: Fast-food or branded-gas backup.<br/>Address: 6440 E Pacific Coast Hwy, Long Beach, CA 90803, USA<br/>Approximate runner mile: 40.1.<br/>Nearest runner geometry: approximately 0.01 mi straight-line (not a walking detour).<br/>Verification: Google Places business backup (operational); confirm customer restroom access and hours on race day.<br/>Source: <a href="https://maps.google.com/?cid=17764355398792354844&g_mp=Cilnb29nbGUubWFwcy5wbGFjZXMudjEuUGxhY2VzLlNlYXJjaE5lYXJieRACGAQgAA">official / current listing</a>]]></description>
      <styleUrl>#businessBackup</styleUrl>
      <Point><coordinates>-118.11050890000001,33.7568536,0</coordinates></Point>
    </Placemark>
    <Placemark><name>Shake Shack Santa Monica</name>
      <description><![CDATA[Priority 4: Fast-food or branded-gas backup.<br/>Address: 501 Wilshire Blvd, Santa Monica, CA 90401, USA<br/>Approximate runner mile: 0.1.<br/>Nearest runner geometry: approximately 0.63 mi straight-line (not a walking detour).<br/>Verification: Google Places business backup (operational); confirm customer restroom access and hours on race day.<br/>Source: <a href="https://maps.google.com/?cid=1525273290802957804&g_mp=Cilnb29nbGUubWFwcy5wbGFjZXMudjEuUGxhY2VzLlNlYXJjaE5lYXJieRACGAQgAA">official / current listing</a>]]></description>
      <styleUrl>#businessBackup</styleUrl>
      <Point><coordinates>-118.49743399999998,34.020198,0</coordinates></Point>
    </Placemark>
    <Placemark><name>Shake Shack Westfield Culver City (Food Court)</name>
      <description><![CDATA[Priority 4: Fast-food or branded-gas backup.<br/>Address: 6000 Sepulveda Blvd, Culver City, CA 90230, USA<br/>Approximate runner mile: 7.3.<br/>Nearest runner geometry: approximately 0.31 mi straight-line (not a walking detour).<br/>Verification: Google Places business backup (operational); confirm customer restroom access and hours on race day.<br/>Source: <a href="https://maps.google.com/?cid=9922939971588583842&g_mp=Cilnb29nbGUubWFwcy5wbGFjZXMudjEuUGxhY2VzLlNlYXJjaE5lYXJieRACGAQgAA">official / current listing</a>]]></description>
      <styleUrl>#businessBackup</styleUrl>
      <Point><coordinates>-118.3933812,33.9857763,0</coordinates></Point>
    </Placemark>
    <Placemark><name>Shell</name>
      <description><![CDATA[Priority 4: Fast-food or branded-gas backup.<br/>Address: 1866 Lincoln Blvd, Santa Monica, CA 90404, USA<br/>Approximate runner mile: 0.6.<br/>Nearest runner geometry: approximately 0.48 mi straight-line (not a walking detour).<br/>Verification: Google Places business backup (operational); confirm customer restroom access and hours on race day.<br/>Source: <a href="https://maps.google.com/?cid=6340932891293661952&g_mp=Cilnb29nbGUubWFwcy5wbGFjZXMudjEuUGxhY2VzLlNlYXJjaE5lYXJieRACGAQgAA">official / current listing</a>]]></description>
      <styleUrl>#businessBackup</styleUrl>
      <Point><coordinates>-118.483461,34.012343,0</coordinates></Point>
    </Placemark>
    <Placemark><name>Shell</name>
      <description><![CDATA[Priority 4: Fast-food or branded-gas backup.<br/>Address: 804 W Manchester Blvd, Inglewood, CA 90301, USA<br/>Approximate runner mile: 10.0.<br/>Nearest runner geometry: approximately 0.05 mi straight-line (not a walking detour).<br/>Verification: Google Places business backup (operational); confirm customer restroom access and hours on race day.<br/>Source: <a href="https://maps.google.com/?cid=5456972314375412643&g_mp=Cilnb29nbGUubWFwcy5wbGFjZXMudjEuUGxhY2VzLlNlYXJjaE5lYXJieRACGAQgAA">official / current listing</a>]]></description>
      <styleUrl>#businessBackup</styleUrl>
      <Point><coordinates>-118.3705583,33.9613067,0</coordinates></Point>
    </Placemark>
    <Placemark><name>Shell</name>
      <description><![CDATA[Priority 4: Fast-food or branded-gas backup.<br/>Address: 9915 S Broadway, Los Angeles, CA 90003, USA<br/>Approximate runner mile: 15.3.<br/>Nearest runner geometry: approximately 0.98 mi straight-line (not a walking detour).<br/>Verification: Google Places business backup (operational); confirm customer restroom access and hours on race day.<br/>Source: <a href="https://maps.google.com/?cid=14668494473198216099&g_mp=Cilnb29nbGUubWFwcy5wbGFjZXMudjEuUGxhY2VzLlNlYXJjaE5lYXJieRACGAQgAA">official / current listing</a>]]></description>
      <styleUrl>#businessBackup</styleUrl>
      <Point><coordinates>-118.27876659999998,33.945836799999995,0</coordinates></Point>
    </Placemark>
    <Placemark><name>Shell</name>
      <description><![CDATA[Priority 4: Fast-food or branded-gas backup.<br/>Address: 1454 Firestone Blvd, Los Angeles, CA 90001, USA<br/>Approximate runner mile: 17.2.<br/>Nearest runner geometry: approximately 0.02 mi straight-line (not a walking detour).<br/>Verification: Google Places business backup (operational); confirm customer restroom access and hours on race day.<br/>Source: <a href="https://maps.google.com/?cid=5109653735186460918&g_mp=Cilnb29nbGUubWFwcy5wbGFjZXMudjEuUGxhY2VzLlNlYXJjaE5lYXJieRACGAQgAA">official / current listing</a>]]></description>
      <styleUrl>#businessBackup</styleUrl>
      <Point><coordinates>-118.2477141,33.9599445,0</coordinates></Point>
    </Placemark>
    <Placemark><name>Shell</name>
      <description><![CDATA[Priority 4: Fast-food or branded-gas backup.<br/>Address: 8901 Atlantic Ave, South Gate, CA 90280, USA<br/>Approximate runner mile: 21.1.<br/>Nearest runner geometry: approximately 0.01 mi straight-line (not a walking detour).<br/>Verification: Google Places business backup (operational); confirm customer restroom access and hours on race day.<br/>Source: <a href="https://maps.google.com/?cid=7343959516765138522&g_mp=Cilnb29nbGUubWFwcy5wbGFjZXMudjEuUGxhY2VzLlNlYXJjaE5lYXJieRACGAQgAA">official / current listing</a>]]></description>
      <styleUrl>#businessBackup</styleUrl>
      <Point><coordinates>-118.18340099999999,33.951662,0</coordinates></Point>
    </Placemark>
    <Placemark><name>Shell</name>
      <description><![CDATA[Priority 4: Fast-food or branded-gas backup.<br/>Address: 5400 Atlantic Ave, Long Beach, CA 90805, USA<br/>Approximate runner mile: 28.7.<br/>Nearest runner geometry: approximately 0.83 mi straight-line (not a walking detour).<br/>Verification: Google Places business backup (closed temporarily); confirm customer restroom access and hours on race day.<br/>Source: <a href="https://maps.google.com/?cid=16120383184493129418&g_mp=Cilnb29nbGUubWFwcy5wbGFjZXMudjEuUGxhY2VzLlNlYXJjaE5lYXJieRACGAQgAA">official / current listing</a>]]></description>
      <styleUrl>#businessBackup</styleUrl>
      <Point><coordinates>-118.184749,33.854600999999995,0</coordinates></Point>
    </Placemark>
    <Placemark><name>Shell</name>
      <description><![CDATA[Priority 4: Fast-food or branded-gas backup.<br/>Address: 598 E Anaheim St, Long Beach, CA 90813, USA<br/>Approximate runner mile: 34.6.<br/>Nearest runner geometry: approximately 0.52 mi straight-line (not a walking detour).<br/>Verification: Google Places business backup (operational); confirm customer restroom access and hours on race day.<br/>Source: <a href="https://maps.google.com/?cid=14050566270927291250&g_mp=Cilnb29nbGUubWFwcy5wbGFjZXMudjEuUGxhY2VzLlNlYXJjaE5lYXJieRACGAQgAA">official / current listing</a>]]></description>
      <styleUrl>#businessBackup</styleUrl>
      <Point><coordinates>-118.18545800000001,33.782274,0</coordinates></Point>
    </Placemark>
    <Placemark><name>Shell</name>
      <description><![CDATA[Priority 4: Fast-food or branded-gas backup.<br/>Address: 500 W Anaheim St, Long Beach, CA 90813, USA<br/>Approximate runner mile: 33.9.<br/>Nearest runner geometry: approximately 0.51 mi straight-line (not a walking detour).<br/>Verification: Google Places business backup (operational); confirm customer restroom access and hours on race day.<br/>Source: <a href="https://maps.google.com/?cid=7879118065952967388&g_mp=Cilnb29nbGUubWFwcy5wbGFjZXMudjEuUGxhY2VzLlNlYXJjaE5lYXJieRACGAQgAA">official / current listing</a>]]></description>
      <styleUrl>#businessBackup</styleUrl>
      <Point><coordinates>-118.198431,33.782362,0</coordinates></Point>
    </Placemark>
    <Placemark><name>Shell</name>
      <description><![CDATA[Priority 4: Fast-food or branded-gas backup.<br/>Address: 2589 N Lakewood Blvd, Long Beach, CA 90815, USA<br/>Approximate runner mile: 37.0.<br/>Nearest runner geometry: approximately 0.92 mi straight-line (not a walking detour).<br/>Verification: Google Places business backup (operational); confirm customer restroom access and hours on race day.<br/>Source: <a href="https://maps.google.com/?cid=3763560675001684742&g_mp=Cilnb29nbGUubWFwcy5wbGFjZXMudjEuUGxhY2VzLlNlYXJjaE5lYXJieRACGAQgAA">official / current listing</a>]]></description>
      <styleUrl>#businessBackup</styleUrl>
      <Point><coordinates>-118.14307899999999,33.803014,0</coordinates></Point>
    </Placemark>
    <Placemark><name>Shell</name>
      <description><![CDATA[Priority 4: Fast-food or branded-gas backup.<br/>Address: 590 S Coast Hwy, Laguna Beach, CA 92651, USA<br/>Approximate runner mile: 65.2.<br/>Nearest runner geometry: approximately 0.02 mi straight-line (not a walking detour).<br/>Verification: Google Places business backup (operational); confirm customer restroom access and hours on race day.<br/>Source: <a href="https://maps.google.com/?cid=1376775610879597402&g_mp=Cilnb29nbGUubWFwcy5wbGFjZXMudjEuUGxhY2VzLlNlYXJjaE5lYXJieRACGAQgAA">official / current listing</a>]]></description>
      <styleUrl>#businessBackup</styleUrl>
      <Point><coordinates>-117.78136699999999,33.540088,0</coordinates></Point>
    </Placemark>
    <Placemark><name>Shell</name>
      <description><![CDATA[Priority 4: Fast-food or branded-gas backup.<br/>Address: 2400 S El Camino Real, San Clemente, CA 92672, USA<br/>Approximate runner mile: 80.0.<br/>Nearest runner geometry: approximately 0.06 mi straight-line (not a walking detour).<br/>Verification: Google Places business backup (operational); confirm customer restroom access and hours on race day.<br/>Source: <a href="https://maps.google.com/?cid=8880773982151528300&g_mp=Cilnb29nbGUubWFwcy5wbGFjZXMudjEuUGxhY2VzLlNlYXJjaE5lYXJieRACGAQgAA">official / current listing</a>]]></description>
      <styleUrl>#businessBackup</styleUrl>
      <Point><coordinates>-117.600988,33.412065999999996,0</coordinates></Point>
    </Placemark>
    <Placemark><name>Shell</name>
      <description><![CDATA[Priority 4: Fast-food or branded-gas backup.<br/>Address: 1145 Carlsbad Village Dr, Carlsbad, CA 92008, USA<br/>Approximate runner mile: 85.5.<br/>Nearest runner geometry: approximately 0.68 mi straight-line (not a walking detour).<br/>Verification: Google Places business backup (operational); confirm customer restroom access and hours on race day.<br/>Source: <a href="https://maps.google.com/?cid=13927383572321482176&g_mp=Cilnb29nbGUubWFwcy5wbGFjZXMudjEuUGxhY2VzLlNlYXJjaE5lYXJieRACGAQgAA">official / current listing</a>]]></description>
      <styleUrl>#businessBackup</styleUrl>
      <Point><coordinates>-117.3412895,33.1636172,0</coordinates></Point>
    </Placemark>
    <Placemark><name>Shell</name>
      <description><![CDATA[Priority 4: Fast-food or branded-gas backup.<br/>Address: 665 Palomar Airport Rd, Carlsbad, CA 92011, USA<br/>Approximate runner mile: 88.5.<br/>Nearest runner geometry: approximately 0.14 mi straight-line (not a walking detour).<br/>Verification: Google Places business backup (operational); confirm customer restroom access and hours on race day.<br/>Source: <a href="https://maps.google.com/?cid=4428594496639761728&g_mp=Cilnb29nbGUubWFwcy5wbGFjZXMudjEuUGxhY2VzLlNlYXJjaE5lYXJieRACGAQgAA">official / current listing</a>]]></description>
      <styleUrl>#businessBackup</styleUrl>
      <Point><coordinates>-117.32466600000001,33.121941,0</coordinates></Point>
    </Placemark>
    <Placemark><name>Shell</name>
      <description><![CDATA[Priority 4: Fast-food or branded-gas backup.<br/>Address: 7170 Avenida Encinas, Carlsbad, CA 92011, USA<br/>Approximate runner mile: 90.2.<br/>Nearest runner geometry: approximately 0.34 mi straight-line (not a walking detour).<br/>Verification: Google Places business backup (operational); confirm customer restroom access and hours on race day.<br/>Source: <a href="https://maps.google.com/?cid=4596925374719288321&g_mp=Cilnb29nbGUubWFwcy5wbGFjZXMudjEuUGxhY2VzLlNlYXJjaE5lYXJieRACGAQgAA">official / current listing</a>]]></description>
      <styleUrl>#businessBackup</styleUrl>
      <Point><coordinates>-117.31119299999999,33.100046999999996,0</coordinates></Point>
    </Placemark>
    <Placemark><name>Shell</name>
      <description><![CDATA[Priority 4: Fast-food or branded-gas backup.<br/>Address: 160 Encinitas Blvd, Encinitas, CA 92024, USA<br/>Approximate runner mile: 93.9.<br/>Nearest runner geometry: approximately 0.30 mi straight-line (not a walking detour).<br/>Verification: Google Places business backup (operational); confirm customer restroom access and hours on race day.<br/>Source: <a href="https://maps.google.com/?cid=12549108014297070394&g_mp=Cilnb29nbGUubWFwcy5wbGFjZXMudjEuUGxhY2VzLlNlYXJjaE5lYXJieRACGAQgAA">official / current listing</a>]]></description>
      <styleUrl>#businessBackup</styleUrl>
      <Point><coordinates>-117.28888800000001,33.04905,0</coordinates></Point>
    </Placemark>
    <Placemark><name>Shell</name>
      <description><![CDATA[Priority 4: Fast-food or branded-gas backup.<br/>Address: 510 Santa Fe Dr, Encinitas, CA 92024, USA<br/>Approximate runner mile: 95.1.<br/>Nearest runner geometry: approximately 0.63 mi straight-line (not a walking detour).<br/>Verification: Google Places business backup (operational); confirm customer restroom access and hours on race day.<br/>Source: <a href="https://maps.google.com/?cid=11047088807980667114&g_mp=Cilnb29nbGUubWFwcy5wbGFjZXMudjEuUGxhY2VzLlNlYXJjaE5lYXJieRACGAQgAA">official / current listing</a>]]></description>
      <styleUrl>#businessBackup</styleUrl>
      <Point><coordinates>-117.2801808,33.036540099999996,0</coordinates></Point>
    </Placemark>
    <Placemark><name>Shell</name>
      <description><![CDATA[Priority 4: Fast-food or branded-gas backup.<br/>Address: 633 Birmingham Dr, Cardiff, CA 92007, USA<br/>Approximate runner mile: 95.9.<br/>Nearest runner geometry: approximately 0.52 mi straight-line (not a walking detour).<br/>Verification: Google Places business backup (operational); confirm customer restroom access and hours on race day.<br/>Source: <a href="https://maps.google.com/?cid=4288162609153856885&g_mp=Cilnb29nbGUubWFwcy5wbGFjZXMudjEuUGxhY2VzLlNlYXJjaE5lYXJieRACGAQgAA">official / current listing</a>]]></description>
      <styleUrl>#businessBackup</styleUrl>
      <Point><coordinates>-117.2762519,33.0257988,0</coordinates></Point>
    </Placemark>
    <Placemark><name>Shell</name>
      <description><![CDATA[Priority 4: Fast-food or branded-gas backup.<br/>Address: 2205 Via De La Valle, Del Mar, CA 92014, USA<br/>Approximate runner mile: 99.0.<br/>Nearest runner geometry: approximately 0.79 mi straight-line (not a walking detour).<br/>Verification: Google Places business backup (operational); confirm customer restroom access and hours on race day.<br/>Source: <a href="https://maps.google.com/?cid=1336633994064190111&g_mp=Cilnb29nbGUubWFwcy5wbGFjZXMudjEuUGxhY2VzLlNlYXJjaE5lYXJieRACGAQgAA">official / current listing</a>]]></description>
      <styleUrl>#businessBackup</styleUrl>
      <Point><coordinates>-117.25536600000001,32.979192999999995,0</coordinates></Point>
    </Placemark>
    <Placemark><name>Shell</name>
      <description><![CDATA[Priority 4: Fast-food or branded-gas backup.<br/>Address: 2204 Torrey Pines Rd, La Jolla, CA 92037, USA<br/>Approximate runner mile: 109.0.<br/>Nearest runner geometry: approximately 0.03 mi straight-line (not a walking detour).<br/>Verification: Google Places business backup (operational); confirm customer restroom access and hours on race day.<br/>Source: <a href="https://maps.google.com/?cid=5490088399813101754&g_mp=Cilnb29nbGUubWFwcy5wbGFjZXMudjEuUGxhY2VzLlNlYXJjaE5lYXJieRACGAQgAA">official / current listing</a>]]></description>
      <styleUrl>#businessBackup</styleUrl>
      <Point><coordinates>-117.25404200000001,32.850854999999996,0</coordinates></Point>
    </Placemark>
    <Placemark><name>Shell</name>
      <description><![CDATA[Priority 4: Fast-food or branded-gas backup.<br/>Address: 833 Turquoise St, San Diego, CA 92109, USA<br/>Approximate runner mile: 113.4.<br/>Nearest runner geometry: approximately 0.15 mi straight-line (not a walking detour).<br/>Verification: Google Places business backup (operational); confirm customer restroom access and hours on race day.<br/>Source: <a href="https://maps.google.com/?cid=17419456807442498858&g_mp=Cilnb29nbGUubWFwcy5wbGFjZXMudjEuUGxhY2VzLlNlYXJjaE5lYXJieRACGAQgAA">official / current listing</a>]]></description>
      <styleUrl>#businessBackup</styleUrl>
      <Point><coordinates>-117.258742,32.808568,0</coordinates></Point>
    </Placemark>
    <Placemark><name>Shell</name>
      <description><![CDATA[Priority 4: Fast-food or branded-gas backup.<br/>Address: 2075 Balboa Ave, San Diego, CA 92109, USA<br/>Approximate runner mile: 115.4.<br/>Nearest runner geometry: approximately 0.25 mi straight-line (not a walking detour).<br/>Verification: Google Places business backup (operational); confirm customer restroom access and hours on race day.<br/>Source: <a href="https://maps.google.com/?cid=16136956158707642753&g_mp=Cilnb29nbGUubWFwcy5wbGFjZXMudjEuUGxhY2VzLlNlYXJjaE5lYXJieRACGAQgAA">official / current listing</a>]]></description>
      <styleUrl>#businessBackup</styleUrl>
      <Point><coordinates>-117.231625,32.800117,0</coordinates></Point>
    </Placemark>
    <Placemark><name>Shell Express</name>
      <description><![CDATA[Priority 4: Fast-food or branded-gas backup.<br/>Address: 590 Camino De Estrella, San Clemente, CA 92672, USA<br/>Approximate runner mile: 75.3.<br/>Nearest runner geometry: approximately 0.49 mi straight-line (not a walking detour).<br/>Verification: Google Places business backup (operational); confirm customer restroom access and hours on race day.<br/>Source: <a href="https://maps.google.com/?cid=16255985972234850758&g_mp=Cilnb29nbGUubWFwcy5wbGFjZXMudjEuUGxhY2VzLlNlYXJjaE5lYXJieRACGAQgAA">official / current listing</a>]]></description>
      <styleUrl>#businessBackup</styleUrl>
      <Point><coordinates>-117.656504,33.457853,0</coordinates></Point>
    </Placemark>
    <Placemark><name>Shell Oil Co</name>
      <description><![CDATA[Priority 4: Fast-food or branded-gas backup.<br/>Address: 2457 Redondo Ave, Signal Hill, CA 90755, USA<br/>Approximate runner mile: 36.6.<br/>Nearest runner geometry: approximately 0.71 mi straight-line (not a walking detour).<br/>Verification: Google Places business backup (operational); confirm customer restroom access and hours on race day.<br/>Source: <a href="https://maps.google.com/?cid=6629702982163585745&g_mp=Cilnb29nbGUubWFwcy5wbGFjZXMudjEuUGxhY2VzLlNlYXJjaE5lYXJieRACGAQgAA">official / current listing</a>]]></description>
      <styleUrl>#businessBackup</styleUrl>
      <Point><coordinates>-118.15169630000001,33.8000082,0</coordinates></Point>
    </Placemark>
    <Placemark><name>Sinclair</name>
      <description><![CDATA[Priority 4: Fast-food or branded-gas backup.<br/>Address: 5588 Long Beach Blvd, Long Beach, CA 90805, USA<br/>Approximate runner mile: 28.8.<br/>Nearest runner geometry: approximately 0.10 mi straight-line (not a walking detour).<br/>Verification: Google Places business backup (operational); confirm customer restroom access and hours on race day.<br/>Source: <a href="https://maps.google.com/?cid=3922978853317072969&g_mp=Cilnb29nbGUubWFwcy5wbGFjZXMudjEuUGxhY2VzLlNlYXJjaE5lYXJieRACGAQgAA">official / current listing</a>]]></description>
      <styleUrl>#businessBackup</styleUrl>
      <Point><coordinates>-118.19734829999999,33.857298,0</coordinates></Point>
    </Placemark>
    <Placemark><name>Sinclair</name>
      <description><![CDATA[Priority 4: Fast-food or branded-gas backup.<br/>Address: 1885 Garnet Ave, San Diego, CA 92109, USA<br/>Approximate runner mile: 115.4.<br/>Nearest runner geometry: approximately 0.02 mi straight-line (not a walking detour).<br/>Verification: Google Places business backup (operational); confirm customer restroom access and hours on race day.<br/>Source: <a href="https://maps.google.com/?cid=12559316933278684667&g_mp=Cilnb29nbGUubWFwcy5wbGFjZXMudjEuUGxhY2VzLlNlYXJjaE5lYXJieRACGAQgAA">official / current listing</a>]]></description>
      <styleUrl>#businessBackup</styleUrl>
      <Point><coordinates>-117.23557509999999,32.8006123,0</coordinates></Point>
    </Placemark>
    <Placemark><name>Sinclair Gas Station</name>
      <description><![CDATA[Priority 4: Fast-food or branded-gas backup.<br/>Address: 7360 S La Tijera Blvd, Los Angeles, CA 90045, USA<br/>Approximate runner mile: 9.0.<br/>Nearest runner geometry: approximately 0.27 mi straight-line (not a walking detour).<br/>Verification: Google Places business backup (operational); confirm customer restroom access and hours on race day.<br/>Source: <a href="https://maps.google.com/?cid=9269198735988276042&g_mp=Cilnb29nbGUubWFwcy5wbGFjZXMudjEuUGxhY2VzLlNlYXJjaE5lYXJieRACGAQgAA">official / current listing</a>]]></description>
      <styleUrl>#businessBackup</styleUrl>
      <Point><coordinates>-118.37836259999999,33.9711482,0</coordinates></Point>
    </Placemark>
    <Placemark><name>Sinclair Gas Station</name>
      <description><![CDATA[Priority 4: Fast-food or branded-gas backup.<br/>Address: 8514 S Hoover St, Los Angeles, CA 90044, USA<br/>Approximate runner mile: 14.9.<br/>Nearest runner geometry: approximately 0.03 mi straight-line (not a walking detour).<br/>Verification: Google Places business backup (operational); confirm customer restroom access and hours on race day.<br/>Source: <a href="https://maps.google.com/?cid=5619743679179739073&g_mp=Cilnb29nbGUubWFwcy5wbGFjZXMudjEuUGxhY2VzLlNlYXJjaE5lYXJieRACGAQgAA">official / current listing</a>]]></description>
      <styleUrl>#businessBackup</styleUrl>
      <Point><coordinates>-118.28676469999998,33.9603178,0</coordinates></Point>
    </Placemark>
    <Placemark><name>Sinclair Gas Station</name>
      <description><![CDATA[Priority 4: Fast-food or branded-gas backup.<br/>Address: 255 E Manchester Ave, Los Angeles, CA 90003, USA<br/>Approximate runner mile: 15.9.<br/>Nearest runner geometry: approximately 0.02 mi straight-line (not a walking detour).<br/>Verification: Google Places business backup (closed temporarily); confirm customer restroom access and hours on race day.<br/>Source: <a href="https://maps.google.com/?cid=7572220902675730653&g_mp=Cilnb29nbGUubWFwcy5wbGFjZXMudjEuUGxhY2VzLlNlYXJjaE5lYXJieRACGAQgAA">official / current listing</a>]]></description>
      <styleUrl>#businessBackup</styleUrl>
      <Point><coordinates>-118.26996439999999,33.960346099999995,0</coordinates></Point>
    </Placemark>
    <Placemark><name>Sinclair Gas Station</name>
      <description><![CDATA[Priority 4: Fast-food or branded-gas backup.<br/>Address: 5001 Clara St, Cudahy, CA 90201, USA<br/>Approximate runner mile: 21.1.<br/>Nearest runner geometry: approximately 0.95 mi straight-line (not a walking detour).<br/>Verification: Google Places business backup (operational); confirm customer restroom access and hours on race day.<br/>Source: <a href="https://maps.google.com/?cid=977829605018270998&g_mp=Cilnb29nbGUubWFwcy5wbGFjZXMudjEuUGxhY2VzLlNlYXJjaE5lYXJieRACGAQgAA">official / current listing</a>]]></description>
      <styleUrl>#businessBackup</styleUrl>
      <Point><coordinates>-118.17831609999999,33.964917299999996,0</coordinates></Point>
    </Placemark>
    <Placemark><name>Sinclair Gas Station</name>
      <description><![CDATA[Priority 4: Fast-food or branded-gas backup.<br/>Address: 127 W PCH, Long Beach, CA 90806, USA<br/>Approximate runner mile: 28.8.<br/>Nearest runner geometry: approximately 0.10 mi straight-line (not a walking detour).<br/>Verification: Google Places business backup (operational); confirm customer restroom access and hours on race day.<br/>Source: <a href="https://maps.google.com/?cid=6248158550275272271&g_mp=Cilnb29nbGUubWFwcy5wbGFjZXMudjEuUGxhY2VzLlNlYXJjaE5lYXJieRACGAQgAA">official / current listing</a>]]></description>
      <styleUrl>#businessBackup</styleUrl>
      <Point><coordinates>-118.19742769999999,33.857300599999995,0</coordinates></Point>
    </Placemark>
    <Placemark><name>Sinclair Gas Station &amp; Car Wash</name>
      <description><![CDATA[Priority 4: Fast-food or branded-gas backup.<br/>Address: 2164 Nadeau St, Los Angeles, CA 90001, USA<br/>Approximate runner mile: 18.0.<br/>Nearest runner geometry: approximately 0.49 mi straight-line (not a walking detour).<br/>Verification: Google Places business backup (operational); confirm customer restroom access and hours on race day.<br/>Source: <a href="https://maps.google.com/?cid=12506685049728663798&g_mp=Cilnb29nbGUubWFwcy5wbGFjZXMudjEuUGxhY2VzLlNlYXJjaE5lYXJieRACGAQgAA">official / current listing</a>]]></description>
      <styleUrl>#businessBackup</styleUrl>
      <Point><coordinates>-118.23353819999998,33.9672969,0</coordinates></Point>
    </Placemark>
    <Placemark><name>Sinclair Oil</name>
      <description><![CDATA[Priority 4: Fast-food or branded-gas backup.<br/>Address: 127 W Pacific Coast Hwy, Long Beach, CA 90806, USA<br/>Approximate runner mile: 34.2.<br/>Nearest runner geometry: approximately 0.03 mi straight-line (not a walking detour).<br/>Verification: Google Places business backup (operational); confirm customer restroom access and hours on race day.<br/>Source: <a href="https://maps.google.com/?cid=9093932448009831660&g_mp=Cilnb29nbGUubWFwcy5wbGFjZXMudjEuUGxhY2VzLlNlYXJjaE5lYXJieRACGAQgAA">official / current listing</a>]]></description>
      <styleUrl>#businessBackup</styleUrl>
      <Point><coordinates>-118.19334450000001,33.7901585,0</coordinates></Point>
    </Placemark>
    <Placemark><name>Sinclair the Dino(Gas station)</name>
      <description><![CDATA[Priority 4: Fast-food or branded-gas backup.<br/>Address: 7925 S Alameda St, Los Angeles, CA 90001, USA<br/>Approximate runner mile: 18.0.<br/>Nearest runner geometry: approximately 0.49 mi straight-line (not a walking detour).<br/>Verification: Google Places business backup (operational); confirm customer restroom access and hours on race day.<br/>Source: <a href="https://maps.google.com/?cid=8068872172011498522&g_mp=Cilnb29nbGUubWFwcy5wbGFjZXMudjEuUGxhY2VzLlNlYXJjaE5lYXJieRACGAQgAA">official / current listing</a>]]></description>
      <styleUrl>#businessBackup</styleUrl>
      <Point><coordinates>-118.2334174,33.9672811,0</coordinates></Point>
    </Placemark>
    <Placemark><name>Snack Shack &amp; Tackle Box</name>
      <description><![CDATA[Priority 4: Fast-food or branded-gas backup.<br/>Address: C99G+5M, San Clemente, CA 92672, USA<br/>Approximate runner mile: 79.0.<br/>Nearest runner geometry: approximately 0.89 mi straight-line (not a walking detour).<br/>Verification: Google Places business backup (operational); confirm customer restroom access and hours on race day.<br/>Source: <a href="https://maps.google.com/?cid=6311497623707506689&g_mp=Cilnb29nbGUubWFwcy5wbGFjZXMudjEuUGxhY2VzLlNlYXJjaE5lYXJieRACGAQgAA">official / current listing</a>]]></description>
      <styleUrl>#businessBackup</styleUrl>
      <Point><coordinates>-117.62331859999999,33.4179367,0</coordinates></Point>
    </Placemark>
    <Placemark><name>South Bay Petro</name>
      <description><![CDATA[Priority 4: Fast-food or branded-gas backup.<br/>Address: 800 W Manchester Ave, Los Angeles, CA 90044, USA<br/>Approximate runner mile: 14.8.<br/>Nearest runner geometry: approximately 0.01 mi straight-line (not a walking detour).<br/>Verification: Google Places business backup (operational); confirm customer restroom access and hours on race day.<br/>Source: <a href="https://maps.google.com/?cid=10001080358347246307&g_mp=Cilnb29nbGUubWFwcy5wbGFjZXMudjEuUGxhY2VzLlNlYXJjaE5lYXJieRACGAQgAA">official / current listing</a>]]></description>
      <styleUrl>#businessBackup</styleUrl>
      <Point><coordinates>-118.28726350000001,33.9598521,0</coordinates></Point>
    </Placemark>
    <Placemark><name>Speedway</name>
      <description><![CDATA[Priority 4: Fast-food or branded-gas backup.<br/>Address: 1403 W Century Blvd, Los Angeles, CA 90047, USA<br/>Approximate runner mile: 14.1.<br/>Nearest runner geometry: approximately 0.98 mi straight-line (not a walking detour).<br/>Verification: Google Places business backup (operational); confirm customer restroom access and hours on race day.<br/>Source: <a href="https://maps.google.com/?cid=4170177489957002112&g_mp=Cilnb29nbGUubWFwcy5wbGFjZXMudjEuUGxhY2VzLlNlYXJjaE5lYXJieRACGAQgAA">official / current listing</a>]]></description>
      <styleUrl>#businessBackup</styleUrl>
      <Point><coordinates>-118.30061479999999,33.945675,0</coordinates></Point>
    </Placemark>
    <Placemark><name>Speedway Express</name>
      <description><![CDATA[Priority 4: Fast-food or branded-gas backup.<br/>Address: 2555 Lincoln Blvd, Santa Monica, CA 90405, USA<br/>Approximate runner mile: 1.1.<br/>Nearest runner geometry: approximately 0.56 mi straight-line (not a walking detour).<br/>Verification: Google Places business backup (operational); confirm customer restroom access and hours on race day.<br/>Source: <a href="https://maps.google.com/?cid=7033886833576419631&g_mp=Cilnb29nbGUubWFwcy5wbGFjZXMudjEuUGxhY2VzLlNlYXJjaE5lYXJieRACGAQgAA">official / current listing</a>]]></description>
      <styleUrl>#businessBackup</styleUrl>
      <Point><coordinates>-118.4763813,34.0072602,0</coordinates></Point>
    </Placemark>
    <Placemark><name>Speedway Express</name>
      <description><![CDATA[Priority 4: Fast-food or branded-gas backup.<br/>Address: Mindanao Way & Glencoe Ave (Southbound, Marina Del Rey, CA 90292, USA<br/>Approximate runner mile: 3.9.<br/>Nearest runner geometry: approximately 0.60 mi straight-line (not a walking detour).<br/>Verification: Google Places business backup (operational); confirm customer restroom access and hours on race day.<br/>Source: <a href="https://maps.google.com/?cid=1673113828902371329&g_mp=Cilnb29nbGUubWFwcy5wbGFjZXMudjEuUGxhY2VzLlNlYXJjaE5lYXJieRACGAQgAA">official / current listing</a>]]></description>
      <styleUrl>#businessBackup</styleUrl>
      <Point><coordinates>-118.4377167,33.9852548,0</coordinates></Point>
    </Placemark>
    <Placemark><name>Speedway Express</name>
      <description><![CDATA[Priority 4: Fast-food or branded-gas backup.<br/>Address: 7352 Rosecrans Ave, Paramount, CA 90723, USA<br/>Approximate runner mile: 25.4.<br/>Nearest runner geometry: approximately 0.69 mi straight-line (not a walking detour).<br/>Verification: Google Places business backup (operational); confirm customer restroom access and hours on race day.<br/>Source: <a href="https://maps.google.com/?cid=16317082274191138934&g_mp=Cilnb29nbGUubWFwcy5wbGFjZXMudjEuUGxhY2VzLlNlYXJjaE5lYXJieRACGAQgAA">official / current listing</a>]]></description>
      <styleUrl>#businessBackup</styleUrl>
      <Point><coordinates>-118.16927829999999,33.9034481,0</coordinates></Point>
    </Placemark>
    <Placemark><name>Speedway Express</name>
      <description><![CDATA[Priority 4: Fast-food or branded-gas backup.<br/>Address: 907 E 7th St, Long Beach, CA 90813, USA<br/>Approximate runner mile: 34.9.<br/>Nearest runner geometry: approximately 0.98 mi straight-line (not a walking detour).<br/>Verification: Google Places business backup (operational); confirm customer restroom access and hours on race day.<br/>Source: <a href="https://maps.google.com/?cid=12349488199981064&g_mp=Cilnb29nbGUubWFwcy5wbGFjZXMudjEuUGxhY2VzLlNlYXJjaE5lYXJieRACGAQgAA">official / current listing</a>]]></description>
      <styleUrl>#businessBackup</styleUrl>
      <Point><coordinates>-118.1804238,33.775602500000005,0</coordinates></Point>
    </Placemark>
    <Placemark><name>Spirit</name>
      <description><![CDATA[Priority 4: Fast-food or branded-gas backup.<br/>Address: 8330 Atlantic Ave, Bell Gardens, CA 90201, USA<br/>Approximate runner mile: 21.0.<br/>Nearest runner geometry: approximately 0.37 mi straight-line (not a walking detour).<br/>Verification: Google Places business backup (operational); confirm customer restroom access and hours on race day.<br/>Source: <a href="https://maps.google.com/?cid=13727480318718246665&g_mp=Cilnb29nbGUubWFwcy5wbGFjZXMudjEuUGxhY2VzLlNlYXJjaE5lYXJieRACGAQgAA">official / current listing</a>]]></description>
      <styleUrl>#businessBackup</styleUrl>
      <Point><coordinates>-118.18421079999999,33.957352,0</coordinates></Point>
    </Placemark>
    <Placemark><name>Stone Oven</name>
      <description><![CDATA[Priority 4: Fast-food or branded-gas backup.<br/>Address: 6000 Sepulveda Blvd #3218, Culver City, CA 90230, USA<br/>Approximate runner mile: 7.3.<br/>Nearest runner geometry: approximately 0.29 mi straight-line (not a walking detour).<br/>Verification: Google Places business backup (operational); confirm customer restroom access and hours on race day.<br/>Source: <a href="https://maps.google.com/?cid=3618513372267948127&g_mp=Cilnb29nbGUubWFwcy5wbGFjZXMudjEuUGxhY2VzLlNlYXJjaE5lYXJieRACGAQgAA">official / current listing</a>]]></description>
      <styleUrl>#businessBackup</styleUrl>
      <Point><coordinates>-118.3935317,33.9854702,0</coordinates></Point>
    </Placemark>
    <Placemark><name>Subway</name>
      <description><![CDATA[Priority 4: Fast-food or branded-gas backup.<br/>Address: 1551 Ocean Ave Ste 145, Santa Monica, CA 90401, USA<br/>Approximate runner mile: 0.1.<br/>Nearest runner geometry: approximately 0.04 mi straight-line (not a walking detour).<br/>Verification: Google Places business backup (closed temporarily); confirm customer restroom access and hours on race day.<br/>Source: <a href="https://maps.google.com/?cid=6249984919008159510&g_mp=Cilnb29nbGUubWFwcy5wbGFjZXMudjEuUGxhY2VzLlNlYXJjaE5lYXJieRACGAQgAA">official / current listing</a>]]></description>
      <styleUrl>#businessBackup</styleUrl>
      <Point><coordinates>-118.49463269999998,34.0118855,0</coordinates></Point>
    </Placemark>
    <Placemark><name>Subway</name>
      <description><![CDATA[Priority 4: Fast-food or branded-gas backup.<br/>Address: 245 Main St, Venice, CA 90291, USA<br/>Approximate runner mile: 1.6.<br/>Nearest runner geometry: approximately 0.01 mi straight-line (not a walking detour).<br/>Verification: Google Places business backup (closed temporarily); confirm customer restroom access and hours on race day.<br/>Source: <a href="https://maps.google.com/?cid=11621303926910518345&g_mp=Cilnb29nbGUubWFwcy5wbGFjZXMudjEuUGxhY2VzLlNlYXJjaE5lYXJieRACGAQgAA">official / current listing</a>]]></description>
      <styleUrl>#businessBackup</styleUrl>
      <Point><coordinates>-118.4787221,33.9968071,0</coordinates></Point>
    </Placemark>
    <Placemark><name>Subway</name>
      <description><![CDATA[Priority 4: Fast-food or branded-gas backup.<br/>Address: 509 W Washington Blvd, Venice, CA 90292, USA<br/>Approximate runner mile: 2.9.<br/>Nearest runner geometry: approximately 0.35 mi straight-line (not a walking detour).<br/>Verification: Google Places business backup (operational); confirm customer restroom access and hours on race day.<br/>Source: <a href="https://maps.google.com/?cid=3820586660662563908&g_mp=Cilnb29nbGUubWFwcy5wbGFjZXMudjEuUGxhY2VzLlNlYXJjaE5lYXJieRACGAQgAA">official / current listing</a>]]></description>
      <styleUrl>#businessBackup</styleUrl>
      <Point><coordinates>-118.46101309999999,33.9831044,0</coordinates></Point>
    </Placemark>
    <Placemark><name>Subway</name>
      <description><![CDATA[Priority 4: Fast-food or branded-gas backup.<br/>Address: 1411 Lincoln Blvd, Venice, CA 90291, USA<br/>Approximate runner mile: 2.6.<br/>Nearest runner geometry: approximately 0.54 mi straight-line (not a walking detour).<br/>Verification: Google Places business backup (operational); confirm customer restroom access and hours on race day.<br/>Source: <a href="https://maps.google.com/?cid=1915074171424598099&g_mp=Cilnb29nbGUubWFwcy5wbGFjZXMudjEuUGxhY2VzLlNlYXJjaE5lYXJieRACGAQgAA">official / current listing</a>]]></description>
      <styleUrl>#businessBackup</styleUrl>
      <Point><coordinates>-118.4609761,33.9975479,0</coordinates></Point>
    </Placemark>
    <Placemark><name>Subway</name>
      <description><![CDATA[Priority 4: Fast-food or branded-gas backup.<br/>Address: 4730 Inglewood Blvd, Culver City, CA 90230, USA<br/>Approximate runner mile: 5.9.<br/>Nearest runner geometry: approximately 0.02 mi straight-line (not a walking detour).<br/>Verification: Google Places business backup (operational); confirm customer restroom access and hours on race day.<br/>Source: <a href="https://maps.google.com/?cid=17876764659707515223&g_mp=Cilnb29nbGUubWFwcy5wbGFjZXMudjEuUGxhY2VzLlNlYXJjaE5lYXJieRACGAQgAA">official / current listing</a>]]></description>
      <styleUrl>#businessBackup</styleUrl>
      <Point><coordinates>-118.4144617,33.9930972,0</coordinates></Point>
    </Placemark>
    <Placemark><name>Subway</name>
      <description><![CDATA[Priority 4: Fast-food or branded-gas backup.<br/>Address: 5545 W Manchester Ave, Los Angeles, CA 90045, USA<br/>Approximate runner mile: 9.6.<br/>Nearest runner geometry: approximately 0.28 mi straight-line (not a walking detour).<br/>Verification: Google Places business backup (operational); confirm customer restroom access and hours on race day.<br/>Source: <a href="https://maps.google.com/?cid=15758182291302132204&g_mp=Cilnb29nbGUubWFwcy5wbGFjZXMudjEuUGxhY2VzLlNlYXJjaE5lYXJieRACGAQgAA">official / current listing</a>]]></description>
      <styleUrl>#businessBackup</styleUrl>
      <Point><coordinates>-118.3780778,33.9602177,0</coordinates></Point>
    </Placemark>
    <Placemark><name>Subway</name>
      <description><![CDATA[Priority 4: Fast-food or branded-gas backup.<br/>Address: 5339 A W Centinela Ave, Los Angeles, CA 90045, USA<br/>Approximate runner mile: 9.0.<br/>Nearest runner geometry: approximately 0.88 mi straight-line (not a walking detour).<br/>Verification: Google Places business backup (operational); confirm customer restroom access and hours on race day.<br/>Source: <a href="https://maps.google.com/?cid=6240818929786013878&g_mp=Cilnb29nbGUubWFwcy5wbGFjZXMudjEuUGxhY2VzLlNlYXJjaE5lYXJieRACGAQgAA">official / current listing</a>]]></description>
      <styleUrl>#businessBackup</styleUrl>
      <Point><coordinates>-118.37309639999998,33.978951099999996,0</coordinates></Point>
    </Placemark>
    <Placemark><name>Subway</name>
      <description><![CDATA[Priority 4: Fast-food or branded-gas backup.<br/>Address: 300 W Manchester Blvd Ste 101, Inglewood, CA 90301, USA<br/>Approximate runner mile: 10.6.<br/>Nearest runner geometry: approximately 0.03 mi straight-line (not a walking detour).<br/>Verification: Google Places business backup (operational); confirm customer restroom access and hours on race day.<br/>Source: <a href="https://maps.google.com/?cid=8200125375523763179&g_mp=Cilnb29nbGUubWFwcy5wbGFjZXMudjEuUGxhY2VzLlNlYXJjaE5lYXJieRACGAQgAA">official / current listing</a>]]></description>
      <styleUrl>#businessBackup</styleUrl>
      <Point><coordinates>-118.35971989999997,33.961346299999995,0</coordinates></Point>
    </Placemark>
    <Placemark><name>Subway</name>
      <description><![CDATA[Priority 4: Fast-food or branded-gas backup.<br/>Address: 947 N La Brea Ave, Inglewood, CA 90302, USA<br/>Approximate runner mile: 10.6.<br/>Nearest runner geometry: approximately 0.97 mi straight-line (not a walking detour).<br/>Verification: Google Places business backup (operational); confirm customer restroom access and hours on race day.<br/>Source: <a href="https://maps.google.com/?cid=9078028252615792481&g_mp=Cilnb29nbGUubWFwcy5wbGFjZXMudjEuUGxhY2VzLlNlYXJjaE5lYXJieRACGAQgAA">official / current listing</a>]]></description>
      <styleUrl>#businessBackup</styleUrl>
      <Point><coordinates>-118.35842299999999,33.9758983,0</coordinates></Point>
    </Placemark>
    <Placemark><name>Subway</name>
      <description><![CDATA[Priority 4: Fast-food or branded-gas backup.<br/>Address: 3561 W Century Blvd, Inglewood, CA 90303, USA<br/>Approximate runner mile: 12.1.<br/>Nearest runner geometry: approximately 0.99 mi straight-line (not a walking detour).<br/>Verification: Google Places business backup (operational); confirm customer restroom access and hours on race day.<br/>Source: <a href="https://maps.google.com/?cid=2906680112803109366&g_mp=Cilnb29nbGUubWFwcy5wbGFjZXMudjEuUGxhY2VzLlNlYXJjaE5lYXJieRACGAQgAA">official / current listing</a>]]></description>
      <styleUrl>#businessBackup</styleUrl>
      <Point><coordinates>-118.33361619999998,33.9457737,0</coordinates></Point>
    </Placemark>
    <Placemark><name>Subway</name>
      <description><![CDATA[Priority 4: Fast-food or branded-gas backup.<br/>Address: 8310 S Vermont Ave, Los Angeles, CA 90044, USA<br/>Approximate runner mile: 14.6.<br/>Nearest runner geometry: approximately 0.20 mi straight-line (not a walking detour).<br/>Verification: Google Places business backup (operational); confirm customer restroom access and hours on race day.<br/>Source: <a href="https://maps.google.com/?cid=331664677576726791&g_mp=Cilnb29nbGUubWFwcy5wbGFjZXMudjEuUGxhY2VzLlNlYXJjaE5lYXJieRACGAQgAA">official / current listing</a>]]></description>
      <styleUrl>#businessBackup</styleUrl>
      <Point><coordinates>-118.2911919,33.9627906,0</coordinates></Point>
    </Placemark>
    <Placemark><name>Subway</name>
      <description><![CDATA[Priority 4: Fast-food or branded-gas backup.<br/>Address: 8565-2 S Broadway, Los Angeles, CA 90003, USA<br/>Approximate runner mile: 15.4.<br/>Nearest runner geometry: approximately 0.02 mi straight-line (not a walking detour).<br/>Verification: Google Places business backup (operational); confirm customer restroom access and hours on race day.<br/>Source: <a href="https://maps.google.com/?cid=5704061345346281643&g_mp=Cilnb29nbGUubWFwcy5wbGFjZXMudjEuUGxhY2VzLlNlYXJjaE5lYXJieRACGAQgAA">official / current listing</a>]]></description>
      <styleUrl>#businessBackup</styleUrl>
      <Point><coordinates>-118.27863639999998,33.9603347,0</coordinates></Point>
    </Placemark>
    <Placemark><name>Subway</name>
      <description><![CDATA[Priority 4: Fast-food or branded-gas backup.<br/>Address: 8330 Long Beach Blvd, South Gate, CA 90280, USA<br/>Approximate runner mile: 18.5.<br/>Nearest runner geometry: approximately 0.45 mi straight-line (not a walking detour).<br/>Verification: Google Places business backup (operational); confirm customer restroom access and hours on race day.<br/>Source: <a href="https://maps.google.com/?cid=10366849886726465872&g_mp=Cilnb29nbGUubWFwcy5wbGFjZXMudjEuUGxhY2VzLlNlYXJjaE5lYXJieRACGAQgAA">official / current listing</a>]]></description>
      <styleUrl>#businessBackup</styleUrl>
      <Point><coordinates>-118.2243784,33.9627029,0</coordinates></Point>
    </Placemark>
    <Placemark><name>Subway</name>
      <description><![CDATA[Priority 4: Fast-food or branded-gas backup.<br/>Address: 3522 Tweedy Blvd, South Gate, CA 90280, USA<br/>Approximate runner mile: 19.7.<br/>Nearest runner geometry: approximately 0.70 mi straight-line (not a walking detour).<br/>Verification: Google Places business backup (operational); confirm customer restroom access and hours on race day.<br/>Source: <a href="https://maps.google.com/?cid=18377462208756843555&g_mp=Cilnb29nbGUubWFwcy5wbGFjZXMudjEuUGxhY2VzLlNlYXJjaE5lYXJieRACGAQgAA">official / current listing</a>]]></description>
      <styleUrl>#businessBackup</styleUrl>
      <Point><coordinates>-118.20700640000001,33.943950199999996,0</coordinates></Point>
    </Placemark>
    <Placemark><name>Subway</name>
      <description><![CDATA[Priority 4: Fast-food or branded-gas backup.<br/>Address: 4651 Firestone Blvd Suite 101, South Gate, CA 90280, USA<br/>Approximate runner mile: 20.8.<br/>Nearest runner geometry: approximately 0.17 mi straight-line (not a walking detour).<br/>Verification: Google Places business backup (operational); confirm customer restroom access and hours on race day.<br/>Source: <a href="https://maps.google.com/?cid=15186654192783700135&g_mp=Cilnb29nbGUubWFwcy5wbGFjZXMudjEuUGxhY2VzLlNlYXJjaE5lYXJieRACGAQgAA">official / current listing</a>]]></description>
      <styleUrl>#businessBackup</styleUrl>
      <Point><coordinates>-118.18746549999999,33.954747499999996,0</coordinates></Point>
    </Placemark>
    <Placemark><name>Subway</name>
      <description><![CDATA[Priority 4: Fast-food or branded-gas backup.<br/>Address: 10921 Atlantic Ave, Lynwood, CA 90262, USA<br/>Approximate runner mile: 22.6.<br/>Nearest runner geometry: approximately 0.04 mi straight-line (not a walking detour).<br/>Verification: Google Places business backup (operational); confirm customer restroom access and hours on race day.<br/>Source: <a href="https://maps.google.com/?cid=7143113723490294751&g_mp=Cilnb29nbGUubWFwcy5wbGFjZXMudjEuUGxhY2VzLlNlYXJjaE5lYXJieRACGAQgAA">official / current listing</a>]]></description>
      <styleUrl>#businessBackup</styleUrl>
      <Point><coordinates>-118.18406170000002,33.9317862,0</coordinates></Point>
    </Placemark>
    <Placemark><name>Subway</name>
      <description><![CDATA[Priority 4: Fast-food or branded-gas backup.<br/>Address: 7351 Rosecrans Ave Unit E, Paramount, CA 90723, USA<br/>Approximate runner mile: 25.4.<br/>Nearest runner geometry: approximately 0.68 mi straight-line (not a walking detour).<br/>Verification: Google Places business backup (operational); confirm customer restroom access and hours on race day.<br/>Source: <a href="https://maps.google.com/?cid=13895437146991727883&g_mp=Cilnb29nbGUubWFwcy5wbGFjZXMudjEuUGxhY2VzLlNlYXJjaE5lYXJieRACGAQgAA">official / current listing</a>]]></description>
      <styleUrl>#businessBackup</styleUrl>
      <Point><coordinates>-118.16943359999999,33.904270499999996,0</coordinates></Point>
    </Placemark>
    <Placemark><name>Subway</name>
      <description><![CDATA[Priority 4: Fast-food or branded-gas backup.<br/>Address: 6590 Atlantic Ave, Long Beach, CA 90805, USA<br/>Approximate runner mile: 27.5.<br/>Nearest runner geometry: approximately 0.22 mi straight-line (not a walking detour).<br/>Verification: Google Places business backup (operational); confirm customer restroom access and hours on race day.<br/>Source: <a href="https://maps.google.com/?cid=13899028400217396357&g_mp=Cilnb29nbGUubWFwcy5wbGFjZXMudjEuUGxhY2VzLlNlYXJjaE5lYXJieRACGAQgAA">official / current listing</a>]]></description>
      <styleUrl>#businessBackup</styleUrl>
      <Point><coordinates>-118.18566679999999,33.8739476,0</coordinates></Point>
    </Placemark>
    <Placemark><name>Subway</name>
      <description><![CDATA[Priority 4: Fast-food or branded-gas backup.<br/>Address: 6145 Long Beach Blvd, Long Beach, CA 90805, USA<br/>Approximate runner mile: 28.3.<br/>Nearest runner geometry: approximately 0.36 mi straight-line (not a walking detour).<br/>Verification: Google Places business backup (operational); confirm customer restroom access and hours on race day.<br/>Source: <a href="https://maps.google.com/?cid=17308281313990714037&g_mp=Cilnb29nbGUubWFwcy5wbGFjZXMudjEuUGxhY2VzLlNlYXJjaE5lYXJieRACGAQgAA">official / current listing</a>]]></description>
      <styleUrl>#businessBackup</styleUrl>
      <Point><coordinates>-118.20083559999998,33.8663216,0</coordinates></Point>
    </Placemark>
    <Placemark><name>Subway</name>
      <description><![CDATA[Priority 4: Fast-food or branded-gas backup.<br/>Address: 3400 N. Long Beach Blvd, Long Beach, CA 90807, USA<br/>Approximate runner mile: 31.5.<br/>Nearest runner geometry: approximately 0.91 mi straight-line (not a walking detour).<br/>Verification: Google Places business backup (operational); confirm customer restroom access and hours on race day.<br/>Source: <a href="https://maps.google.com/?cid=2115802311038431217&g_mp=Cilnb29nbGUubWFwcy5wbGFjZXMudjEuUGxhY2VzLlNlYXJjaE5lYXJieRACGAQgAA">official / current listing</a>]]></description>
      <styleUrl>#businessBackup</styleUrl>
      <Point><coordinates>-118.18905119999998,33.8191098,0</coordinates></Point>
    </Placemark>
    <Placemark><name>Subway</name>
      <description><![CDATA[Priority 4: Fast-food or branded-gas backup.<br/>Address: 1307 Long Beach Blvd, Long Beach, CA 90813, USA<br/>Approximate runner mile: 34.4.<br/>Nearest runner geometry: approximately 0.48 mi straight-line (not a walking detour).<br/>Verification: Google Places business backup (operational); confirm customer restroom access and hours on race day.<br/>Source: <a href="https://maps.google.com/?cid=14976505559372066792&g_mp=Cilnb29nbGUubWFwcy5wbGFjZXMudjEuUGxhY2VzLlNlYXJjaE5lYXJieRACGAQgAA">official / current listing</a>]]></description>
      <styleUrl>#businessBackup</styleUrl>
      <Point><coordinates>-118.18989789999998,33.7828228,0</coordinates></Point>
    </Placemark>
    <Placemark><name>Subway</name>
      <description><![CDATA[Priority 4: Fast-food or branded-gas backup.<br/>Address: 435 W Anaheim St, Long Beach, CA 90813, USA<br/>Approximate runner mile: 33.9.<br/>Nearest runner geometry: approximately 0.47 mi straight-line (not a walking detour).<br/>Verification: Google Places business backup (operational); confirm customer restroom access and hours on race day.<br/>Source: <a href="https://maps.google.com/?cid=9655803264578219769&g_mp=Cilnb29nbGUubWFwcy5wbGFjZXMudjEuUGxhY2VzLlNlYXJjaE5lYXJieRACGAQgAA">official / current listing</a>]]></description>
      <styleUrl>#businessBackup</styleUrl>
      <Point><coordinates>-118.1969963,33.7829754,0</coordinates></Point>
    </Placemark>
    <Placemark><name>Subway</name>
      <description><![CDATA[Priority 4: Fast-food or branded-gas backup.<br/>Address: 807 E Anaheim St, Long Beach, CA 90813, USA<br/>Approximate runner mile: 34.8.<br/>Nearest runner geometry: approximately 0.46 mi straight-line (not a walking detour).<br/>Verification: Google Places business backup (closed temporarily); confirm customer restroom access and hours on race day.<br/>Source: <a href="https://maps.google.com/?cid=17577032247501189278&g_mp=Cilnb29nbGUubWFwcy5wbGFjZXMudjEuUGxhY2VzLlNlYXJjaE5lYXJieRACGAQgAA">official / current listing</a>]]></description>
      <styleUrl>#businessBackup</styleUrl>
      <Point><coordinates>-118.1827434,33.7830722,0</coordinates></Point>
    </Placemark>
    <Placemark><name>Subway</name>
      <description><![CDATA[Priority 4: Fast-food or branded-gas backup.<br/>Address: 1400 E Pacific Coast Hwy Unit A, Long Beach, CA 90806, USA<br/>Approximate runner mile: 35.3.<br/>Nearest runner geometry: approximately 0.02 mi straight-line (not a walking detour).<br/>Verification: Google Places business backup (operational); confirm customer restroom access and hours on race day.<br/>Source: <a href="https://maps.google.com/?cid=3125119862530067851&g_mp=Cilnb29nbGUubWFwcy5wbGFjZXMudjEuUGxhY2VzLlNlYXJjaE5lYXJieRACGAQgAA">official / current listing</a>]]></description>
      <styleUrl>#businessBackup</styleUrl>
      <Point><coordinates>-118.1738616,33.789518199999996,0</coordinates></Point>
    </Placemark>
    <Placemark><name>Subway</name>
      <description><![CDATA[Priority 4: Fast-food or branded-gas backup.<br/>Address: 4343 E Anaheim St, Long Beach, CA 90804, USA<br/>Approximate runner mile: 37.4.<br/>Nearest runner geometry: approximately 0.32 mi straight-line (not a walking detour).<br/>Verification: Google Places business backup (operational); confirm customer restroom access and hours on race day.<br/>Source: <a href="https://maps.google.com/?cid=647653183652342646&g_mp=Cilnb29nbGUubWFwcy5wbGFjZXMudjEuUGxhY2VzLlNlYXJjaE5lYXJieRACGAQgAA">official / current listing</a>]]></description>
      <styleUrl>#businessBackup</styleUrl>
      <Point><coordinates>-118.1417265,33.7829832,0</coordinates></Point>
    </Placemark>
    <Placemark><name>Subway</name>
      <description><![CDATA[Priority 4: Fast-food or branded-gas backup.<br/>Address: Peterson Hall 1, 1250 N Bellflower Blvd, Long Beach, CA 90840, USA<br/>Approximate runner mile: 38.5.<br/>Nearest runner geometry: approximately 0.55 mi straight-line (not a walking detour).<br/>Verification: Google Places business backup (operational); confirm customer restroom access and hours on race day.<br/>Source: <a href="https://maps.google.com/?cid=10662274470052808783&g_mp=Cilnb29nbGUubWFwcy5wbGFjZXMudjEuUGxhY2VzLlNlYXJjaE5lYXJieRACGAQgAA">official / current listing</a>]]></description>
      <styleUrl>#businessBackup</styleUrl>
      <Point><coordinates>-118.1173508,33.781711099999995,0</coordinates></Point>
    </Placemark>
    <Placemark><name>Subway</name>
      <description><![CDATA[Priority 4: Fast-food or branded-gas backup.<br/>Address: 5353 2nd St, Long Beach, CA 90803, USA<br/>Approximate runner mile: 39.5.<br/>Nearest runner geometry: approximately 0.95 mi straight-line (not a walking detour).<br/>Verification: Google Places business backup (operational); confirm customer restroom access and hours on race day.<br/>Source: <a href="https://maps.google.com/?cid=13412145421684831018&g_mp=Cilnb29nbGUubWFwcy5wbGFjZXMudjEuUGxhY2VzLlNlYXJjaE5lYXJieRACGAQgAA">official / current listing</a>]]></description>
      <styleUrl>#businessBackup</styleUrl>
      <Point><coordinates>-118.13104619999999,33.7588784,0</coordinates></Point>
    </Placemark>
    <Placemark><name>Subway</name>
      <description><![CDATA[Priority 4: Fast-food or branded-gas backup.<br/>Address: 914 Pacific Coast Hwy, Seal Beach, CA 90740, USA<br/>Approximate runner mile: 41.1.<br/>Nearest runner geometry: approximately 0.00 mi straight-line (not a walking detour).<br/>Verification: Google Places business backup (operational); confirm customer restroom access and hours on race day.<br/>Source: <a href="https://maps.google.com/?cid=10461453174017473709&g_mp=Cilnb29nbGUubWFwcy5wbGFjZXMudjEuUGxhY2VzLlNlYXJjaE5lYXJieRACGAQgAA">official / current listing</a>]]></description>
      <styleUrl>#businessBackup</styleUrl>
      <Point><coordinates>-118.10219029999999,33.7439979,0</coordinates></Point>
    </Placemark>
    <Placemark><name>Subway</name>
      <description><![CDATA[Priority 4: Fast-food or branded-gas backup.<br/>Address: 3801 Warner Ave Unit D, Huntington Beach, CA 92649, USA<br/>Approximate runner mile: 44.4.<br/>Nearest runner geometry: approximately 0.06 mi straight-line (not a walking detour).<br/>Verification: Google Places business backup (closed temporarily); confirm customer restroom access and hours on race day.<br/>Source: <a href="https://maps.google.com/?cid=15329765355452488109&g_mp=Cilnb29nbGUubWFwcy5wbGFjZXMudjEuUGxhY2VzLlNlYXJjaE5lYXJieRACGAQgAA">official / current listing</a>]]></description>
      <styleUrl>#businessBackup</styleUrl>
      <Point><coordinates>-118.0624421,33.7120781,0</coordinates></Point>
    </Placemark>
    <Placemark><name>Subway</name>
      <description><![CDATA[Priority 4: Fast-food or branded-gas backup.<br/>Address: 349 Old Newport Blvd, Newport Beach, CA 92663, USA<br/>Approximate runner mile: 54.6.<br/>Nearest runner geometry: approximately 0.27 mi straight-line (not a walking detour).<br/>Verification: Google Places business backup (closed temporarily); confirm customer restroom access and hours on race day.<br/>Source: <a href="https://maps.google.com/?cid=11604706859223256802&g_mp=Cilnb29nbGUubWFwcy5wbGFjZXMudjEuUGxhY2VzLlNlYXJjaE5lYXJieRACGAQgAA">official / current listing</a>]]></description>
      <styleUrl>#businessBackup</styleUrl>
      <Point><coordinates>-117.9277729,33.6250715,0</coordinates></Point>
    </Placemark>
    <Placemark><name>Subway</name>
      <description><![CDATA[Priority 4: Fast-food or branded-gas backup.<br/>Address: 2727 Newport Blvd Ste 301, Newport Beach, CA 92663, USA<br/>Approximate runner mile: 54.5.<br/>Nearest runner geometry: approximately 0.59 mi straight-line (not a walking detour).<br/>Verification: Google Places business backup (operational); confirm customer restroom access and hours on race day.<br/>Source: <a href="https://maps.google.com/?cid=11617464320340319898&g_mp=Cilnb29nbGUubWFwcy5wbGFjZXMudjEuUGxhY2VzLlNlYXJjaE5lYXJieRACGAQgAA">official / current listing</a>]]></description>
      <styleUrl>#businessBackup</styleUrl>
      <Point><coordinates>-117.93003130000001,33.6125081,0</coordinates></Point>
    </Placemark>
    <Placemark><name>Subway</name>
      <description><![CDATA[Priority 4: Fast-food or branded-gas backup.<br/>Address: 301 East Coast Hwy, Newport Beach, CA 92660, USA<br/>Approximate runner mile: 56.3.<br/>Nearest runner geometry: approximately 0.02 mi straight-line (not a walking detour).<br/>Verification: Google Places business backup (operational); confirm customer restroom access and hours on race day.<br/>Source: <a href="https://maps.google.com/?cid=6548423120302112122&g_mp=Cilnb29nbGUubWFwcy5wbGFjZXMudjEuUGxhY2VzLlNlYXJjaE5lYXJieRACGAQgAA">official / current listing</a>]]></description>
      <styleUrl>#businessBackup</styleUrl>
      <Point><coordinates>-117.90020619999999,33.6158395,0</coordinates></Point>
    </Placemark>
    <Placemark><name>Subway</name>
      <description><![CDATA[Priority 4: Fast-food or branded-gas backup.<br/>Address: 401 Newport Center Dr A-110A, Newport Beach, CA 92660, USA<br/>Approximate runner mile: 57.5.<br/>Nearest runner geometry: approximately 0.59 mi straight-line (not a walking detour).<br/>Verification: Google Places business backup (closed temporarily); confirm customer restroom access and hours on race day.<br/>Source: <a href="https://maps.google.com/?cid=337687770629420758&g_mp=Cilnb29nbGUubWFwcy5wbGFjZXMudjEuUGxhY2VzLlNlYXJjaE5lYXJieRACGAQgAA">official / current listing</a>]]></description>
      <styleUrl>#businessBackup</styleUrl>
      <Point><coordinates>-117.87468179999999,33.6158448,0</coordinates></Point>
    </Placemark>
    <Placemark><name>Subway</name>
      <description><![CDATA[Priority 4: Fast-food or branded-gas backup.<br/>Address: 2937 East Coast Hwy, Corona Del Mar, CA 92625, USA<br/>Approximate runner mile: 58.5.<br/>Nearest runner geometry: approximately 0.02 mi straight-line (not a walking detour).<br/>Verification: Google Places business backup (operational); confirm customer restroom access and hours on race day.<br/>Source: <a href="https://maps.google.com/?cid=2924618321541102913&g_mp=Cilnb29nbGUubWFwcy5wbGFjZXMudjEuUGxhY2VzLlNlYXJjaE5lYXJieRACGAQgAA">official / current listing</a>]]></description>
      <styleUrl>#businessBackup</styleUrl>
      <Point><coordinates>-117.8725309,33.5990319,0</coordinates></Point>
    </Placemark>
    <Placemark><name>Subway</name>
      <description><![CDATA[Priority 4: Fast-food or branded-gas backup.<br/>Address: 33489 Del Obispo St, Dana Point, CA 92629, USA<br/>Approximate runner mile: 73.5.<br/>Nearest runner geometry: approximately 0.84 mi straight-line (not a walking detour).<br/>Verification: Google Places business backup (operational); confirm customer restroom access and hours on race day.<br/>Source: <a href="https://maps.google.com/?cid=16835459265238015990&g_mp=Cilnb29nbGUubWFwcy5wbGFjZXMudjEuUGxhY2VzLlNlYXJjaE5lYXJieRACGAQgAA">official / current listing</a>]]></description>
      <styleUrl>#businessBackup</styleUrl>
      <Point><coordinates>-117.685705,33.4765132,0</coordinates></Point>
    </Placemark>
    <Placemark><name>Subway</name>
      <description><![CDATA[Priority 4: Fast-food or branded-gas backup.<br/>Address: 415 E Avenida Pico Ste B, San Clemente, CA 92672, USA<br/>Approximate runner mile: 77.8.<br/>Nearest runner geometry: approximately 0.33 mi straight-line (not a walking detour).<br/>Verification: Google Places business backup (closed temporarily); confirm customer restroom access and hours on race day.<br/>Source: <a href="https://maps.google.com/?cid=8719696210293776197&g_mp=Cilnb29nbGUubWFwcy5wbGFjZXMudjEuUGxhY2VzLlNlYXJjaE5lYXJieRACGAQgAA">official / current listing</a>]]></description>
      <styleUrl>#businessBackup</styleUrl>
      <Point><coordinates>-117.62492299999998,33.4370877,0</coordinates></Point>
    </Placemark>
    <Placemark><name>Subway</name>
      <description><![CDATA[Priority 4: Fast-food or branded-gas backup.<br/>Address: 401 S El Camino Real Ste C, San Clemente, CA 92672, USA<br/>Approximate runner mile: 78.8.<br/>Nearest runner geometry: approximately 0.01 mi straight-line (not a walking detour).<br/>Verification: Google Places business backup (operational); confirm customer restroom access and hours on race day.<br/>Source: <a href="https://maps.google.com/?cid=12779330437488891300&g_mp=Cilnb29nbGUubWFwcy5wbGFjZXMudjEuUGxhY2VzLlNlYXJjaE5lYXJieRACGAQgAA">official / current listing</a>]]></description>
      <styleUrl>#businessBackup</styleUrl>
      <Point><coordinates>-117.61082789999998,33.426096199999996,0</coordinates></Point>
    </Placemark>
    <Placemark><name>Subway</name>
      <description><![CDATA[Priority 4: Fast-food or branded-gas backup.<br/>Address: 1024 Mission Ave, Oceanside, CA 92054, USA<br/>Approximate runner mile: 82.3.<br/>Nearest runner geometry: approximately 0.33 mi straight-line (not a walking detour).<br/>Verification: Google Places business backup (operational); confirm customer restroom access and hours on race day.<br/>Source: <a href="https://maps.google.com/?cid=14483858353010531494&g_mp=Cilnb29nbGUubWFwcy5wbGFjZXMudjEuUGxhY2VzLlNlYXJjaE5lYXJieRACGAQgAA">official / current listing</a>]]></description>
      <styleUrl>#businessBackup</styleUrl>
      <Point><coordinates>-117.37571150000001,33.1994845,0</coordinates></Point>
    </Placemark>
    <Placemark><name>Subway</name>
      <description><![CDATA[Priority 4: Fast-food or branded-gas backup.<br/>Address: 880 Carlsbad Village Dr Ste 4, Carlsbad, CA 92008, USA<br/>Approximate runner mile: 85.5.<br/>Nearest runner geometry: approximately 0.43 mi straight-line (not a walking detour).<br/>Verification: Google Places business backup (closed temporarily); confirm customer restroom access and hours on race day.<br/>Source: <a href="https://maps.google.com/?cid=8451974296980138757&g_mp=Cilnb29nbGUubWFwcy5wbGFjZXMudjEuUGxhY2VzLlNlYXJjaE5lYXJieRACGAQgAA">official / current listing</a>]]></description>
      <styleUrl>#businessBackup</styleUrl>
      <Point><coordinates>-117.34516900000001,33.161778,0</coordinates></Point>
    </Placemark>
    <Placemark><name>Subway</name>
      <description><![CDATA[Priority 4: Fast-food or branded-gas backup.<br/>Address: 6020 Paseo Del Norte A, Carlsbad, CA 92011, USA<br/>Approximate runner mile: 88.7.<br/>Nearest runner geometry: approximately 0.45 mi straight-line (not a walking detour).<br/>Verification: Google Places business backup (operational); confirm customer restroom access and hours on race day.<br/>Source: <a href="https://maps.google.com/?cid=4264603901304132460&g_mp=Cilnb29nbGUubWFwcy5wbGFjZXMudjEuUGxhY2VzLlNlYXJjaE5lYXJieRACGAQgAA">official / current listing</a>]]></description>
      <styleUrl>#businessBackup</styleUrl>
      <Point><coordinates>-117.31869489999998,33.1214113,0</coordinates></Point>
    </Placemark>
    <Placemark><name>Subway</name>
      <description><![CDATA[Priority 4: Fast-food or branded-gas backup.<br/>Address: 417 Santa Fe Dr Ste A, Encinitas, CA 92024, USA<br/>Approximate runner mile: 95.1.<br/>Nearest runner geometry: approximately 0.41 mi straight-line (not a walking detour).<br/>Verification: Google Places business backup (operational); confirm customer restroom access and hours on race day.<br/>Source: <a href="https://maps.google.com/?cid=14288452154384313506&g_mp=Cilnb29nbGUubWFwcy5wbGFjZXMudjEuUGxhY2VzLlNlYXJjaE5lYXJieRACGAQgAA">official / current listing</a>]]></description>
      <styleUrl>#businessBackup</styleUrl>
      <Point><coordinates>-117.28381250000001,33.0354163,0</coordinates></Point>
    </Placemark>
    <Placemark><name>Subway</name>
      <description><![CDATA[Priority 4: Fast-food or branded-gas backup.<br/>Address: 124 Lomas Santa Fe Dr Ste 101, Solana Beach, CA 92075, USA<br/>Approximate runner mile: 98.1.<br/>Nearest runner geometry: approximately 0.07 mi straight-line (not a walking detour).<br/>Verification: Google Places business backup (closed temporarily); confirm customer restroom access and hours on race day.<br/>Source: <a href="https://maps.google.com/?cid=16187623324786282013&g_mp=Cilnb29nbGUubWFwcy5wbGFjZXMudjEuUGxhY2VzLlNlYXJjaE5lYXJieRACGAQgAA">official / current listing</a>]]></description>
      <styleUrl>#businessBackup</styleUrl>
      <Point><coordinates>-117.270422,32.9925071,0</coordinates></Point>
    </Placemark>
    <Placemark><name>Subway</name>
      <description><![CDATA[Priority 4: Fast-food or branded-gas backup.<br/>Address: 9500 Gilman Dr Spc 0076, La Jolla, CA 92093, USA<br/>Approximate runner mile: 106.5.<br/>Nearest runner geometry: approximately 0.44 mi straight-line (not a walking detour).<br/>Verification: Google Places business backup (operational); confirm customer restroom access and hours on race day.<br/>Source: <a href="https://maps.google.com/?cid=4594340854079414802&g_mp=Cilnb29nbGUubWFwcy5wbGFjZXMudjEuUGxhY2VzLlNlYXJjaE5lYXJieRACGAQgAA">official / current listing</a>]]></description>
      <styleUrl>#businessBackup</styleUrl>
      <Point><coordinates>-117.23645150000002,32.879975699999996,0</coordinates></Point>
    </Placemark>
    <Placemark><name>Subway</name>
      <description><![CDATA[Priority 4: Fast-food or branded-gas backup.<br/>Address: 2206 Torrey Pines Rd, La Jolla, CA 92037, USA<br/>Approximate runner mile: 109.0.<br/>Nearest runner geometry: approximately 0.03 mi straight-line (not a walking detour).<br/>Verification: Google Places business backup (operational); confirm customer restroom access and hours on race day.<br/>Source: <a href="https://maps.google.com/?cid=8310567473002289860&g_mp=Cilnb29nbGUubWFwcy5wbGFjZXMudjEuUGxhY2VzLlNlYXJjaE5lYXJieRACGAQgAA">official / current listing</a>]]></description>
      <styleUrl>#businessBackup</styleUrl>
      <Point><coordinates>-117.25385740000002,32.8510328,0</coordinates></Point>
    </Placemark>
    <Placemark><name>Subway</name>
      <description><![CDATA[Priority 4: Fast-food or branded-gas backup.<br/>Address: 2015 Garnet Ave Ste 101B, San Diego, CA 92109, USA<br/>Approximate runner mile: 115.4.<br/>Nearest runner geometry: approximately 0.16 mi straight-line (not a walking detour).<br/>Verification: Google Places business backup (closed temporarily); confirm customer restroom access and hours on race day.<br/>Source: <a href="https://maps.google.com/?cid=13526350463756847743&g_mp=Cilnb29nbGUubWFwcy5wbGFjZXMudjEuUGxhY2VzLlNlYXJjaE5lYXJieRACGAQgAA">official / current listing</a>]]></description>
      <styleUrl>#businessBackup</styleUrl>
      <Point><coordinates>-117.23314799999999,32.801095499999995,0</coordinates></Point>
    </Placemark>
    <Placemark><name>Sunny Blue</name>
      <description><![CDATA[Priority 4: Fast-food or branded-gas backup.<br/>Address: 2728 Main St, Santa Monica, CA 90405, USA<br/>Approximate runner mile: 1.2.<br/>Nearest runner geometry: approximately 0.00 mi straight-line (not a walking detour).<br/>Verification: Google Places business backup (operational); confirm customer restroom access and hours on race day.<br/>Source: <a href="https://maps.google.com/?cid=17163551801940351166&g_mp=Cilnb29nbGUubWFwcy5wbGFjZXMudjEuUGxhY2VzLlNlYXJjaE5lYXJieRACGAQgAA">official / current listing</a>]]></description>
      <styleUrl>#businessBackup</styleUrl>
      <Point><coordinates>-118.4820915,34.000289599999995,0</coordinates></Point>
    </Placemark>
    <Placemark><name>TK Burgers</name>
      <description><![CDATA[Priority 4: Fast-food or branded-gas backup.<br/>Address: 2119 W Balboa Blvd, Newport Beach, CA 92663, USA<br/>Approximate runner mile: 55.0.<br/>Nearest runner geometry: approximately 0.79 mi straight-line (not a walking detour).<br/>Verification: Google Places business backup (operational); confirm customer restroom access and hours on race day.<br/>Source: <a href="https://maps.google.com/?cid=13287347482609199941&g_mp=Cilnb29nbGUubWFwcy5wbGFjZXMudjEuUGxhY2VzLlNlYXJjaE5lYXJieRACGAQgAA">official / current listing</a>]]></description>
      <styleUrl>#businessBackup</styleUrl>
      <Point><coordinates>-117.9287054,33.6093107,0</coordinates></Point>
    </Placemark>
    <Placemark><name>Taco Bell</name>
      <description><![CDATA[Priority 4: Fast-food or branded-gas backup.<br/>Address: 12011 Venice Blvd., Los Angeles, CA 90066, USA<br/>Approximate runner mile: 4.9.<br/>Nearest runner geometry: approximately 0.65 mi straight-line (not a walking detour).<br/>Verification: Google Places business backup (operational); confirm customer restroom access and hours on race day.<br/>Source: <a href="https://maps.google.com/?cid=14326210592613140155&g_mp=Cilnb29nbGUubWFwcy5wbGFjZXMudjEuUGxhY2VzLlNlYXJjaE5lYXJieRACGAQgAA">official / current listing</a>]]></description>
      <styleUrl>#businessBackup</styleUrl>
      <Point><coordinates>-118.4295353,34.0062712,0</coordinates></Point>
    </Placemark>
    <Placemark><name>Taco Bell</name>
      <description><![CDATA[Priority 4: Fast-food or branded-gas backup.<br/>Address: 4416 Sepulveda Blvd, Culver City, CA 90230, USA<br/>Approximate runner mile: 5.8.<br/>Nearest runner geometry: approximately 0.84 mi straight-line (not a walking detour).<br/>Verification: Google Places business backup (operational); confirm customer restroom access and hours on race day.<br/>Source: <a href="https://maps.google.com/?cid=883083786076451520&g_mp=Cilnb29nbGUubWFwcy5wbGFjZXMudjEuUGxhY2VzLlNlYXJjaE5lYXJieRACGAQgAA">official / current listing</a>]]></description>
      <styleUrl>#businessBackup</styleUrl>
      <Point><coordinates>-118.40690550000001,34.0032673,0</coordinates></Point>
    </Placemark>
    <Placemark><name>Taco Bell</name>
      <description><![CDATA[Priority 4: Fast-food or branded-gas backup.<br/>Address: 5220 W Centinela Ave, Los Angeles, CA 90045, USA<br/>Approximate runner mile: 9.0.<br/>Nearest runner geometry: approximately 0.85 mi straight-line (not a walking detour).<br/>Verification: Google Places business backup (operational); confirm customer restroom access and hours on race day.<br/>Source: <a href="https://maps.google.com/?cid=11381176355381339067&g_mp=Cilnb29nbGUubWFwcy5wbGFjZXMudjEuUGxhY2VzLlNlYXJjaE5lYXJieRACGAQgAA">official / current listing</a>]]></description>
      <styleUrl>#businessBackup</styleUrl>
      <Point><coordinates>-118.37122679999999,33.9770615,0</coordinates></Point>
    </Placemark>
    <Placemark><name>Taco Bell</name>
      <description><![CDATA[Priority 4: Fast-food or branded-gas backup.<br/>Address: 2046 W Manchester Blvd, Los Angeles, CA 90047, USA<br/>Approximate runner mile: 13.2.<br/>Nearest runner geometry: approximately 0.03 mi straight-line (not a walking detour).<br/>Verification: Google Places business backup (operational); confirm customer restroom access and hours on race day.<br/>Source: <a href="https://maps.google.com/?cid=14799141214896596491&g_mp=Cilnb29nbGUubWFwcy5wbGFjZXMudjEuUGxhY2VzLlNlYXJjaE5lYXJieRACGAQgAA">official / current listing</a>]]></description>
      <styleUrl>#businessBackup</styleUrl>
      <Point><coordinates>-118.31461230000001,33.959735699999996,0</coordinates></Point>
    </Placemark>
    <Placemark><name>Taco Bell</name>
      <description><![CDATA[Priority 4: Fast-food or branded-gas backup.<br/>Address: 9919 S Avalon Blvd, Los Angeles, CA 90003, USA<br/>Approximate runner mile: 16.1.<br/>Nearest runner geometry: approximately 0.98 mi straight-line (not a walking detour).<br/>Verification: Google Places business backup (operational); confirm customer restroom access and hours on race day.<br/>Source: <a href="https://maps.google.com/?cid=9362936584218032749&g_mp=Cilnb29nbGUubWFwcy5wbGFjZXMudjEuUGxhY2VzLlNlYXJjaE5lYXJieRACGAQgAA">official / current listing</a>]]></description>
      <styleUrl>#businessBackup</styleUrl>
      <Point><coordinates>-118.2656643,33.9458621,0</coordinates></Point>
    </Placemark>
    <Placemark><name>Taco Bell</name>
      <description><![CDATA[Priority 4: Fast-food or branded-gas backup.<br/>Address: 3480 Firestone Blvd, South Gate, CA 90280, USA<br/>Approximate runner mile: 19.7.<br/>Nearest runner geometry: approximately 0.01 mi straight-line (not a walking detour).<br/>Verification: Google Places business backup (operational); confirm customer restroom access and hours on race day.<br/>Source: <a href="https://maps.google.com/?cid=719626271798653231&g_mp=Cilnb29nbGUubWFwcy5wbGFjZXMudjEuUGxhY2VzLlNlYXJjaE5lYXJieRACGAQgAA">official / current listing</a>]]></description>
      <styleUrl>#businessBackup</styleUrl>
      <Point><coordinates>-118.20651499999998,33.9539798,0</coordinates></Point>
    </Placemark>
    <Placemark><name>Taco Bell</name>
      <description><![CDATA[Priority 4: Fast-food or branded-gas backup.<br/>Address: 11001 Atlantic Ave, Lynwood, CA 90262, USA<br/>Approximate runner mile: 22.7.<br/>Nearest runner geometry: approximately 0.01 mi straight-line (not a walking detour).<br/>Verification: Google Places business backup (operational); confirm customer restroom access and hours on race day.<br/>Source: <a href="https://maps.google.com/?cid=5214531196893348953&g_mp=Cilnb29nbGUubWFwcy5wbGFjZXMudjEuUGxhY2VzLlNlYXJjaE5lYXJieRACGAQgAA">official / current listing</a>]]></description>
      <styleUrl>#businessBackup</styleUrl>
      <Point><coordinates>-118.1839668,33.930431299999995,0</coordinates></Point>
    </Placemark>
    <Placemark><name>Taco Bell</name>
      <description><![CDATA[Priority 4: Fast-food or branded-gas backup.<br/>Address: 5395 Atlantic Ave, Long Beach, CA 90805, USA<br/>Approximate runner mile: 28.7.<br/>Nearest runner geometry: approximately 0.82 mi straight-line (not a walking detour).<br/>Verification: Google Places business backup (operational); confirm customer restroom access and hours on race day.<br/>Source: <a href="https://maps.google.com/?cid=11613338319974927744&g_mp=Cilnb29nbGUubWFwcy5wbGFjZXMudjEuUGxhY2VzLlNlYXJjaE5lYXJieRACGAQgAA">official / current listing</a>]]></description>
      <styleUrl>#businessBackup</styleUrl>
      <Point><coordinates>-118.1852236,33.8540542,0</coordinates></Point>
    </Placemark>
    <Placemark><name>Taco Bell</name>
      <description><![CDATA[Priority 4: Fast-food or branded-gas backup.<br/>Address: 2545 Long Beach Blvd, Long Beach, CA 90806, USA<br/>Approximate runner mile: 32.6.<br/>Nearest runner geometry: approximately 0.84 mi straight-line (not a walking detour).<br/>Verification: Google Places business backup (operational); confirm customer restroom access and hours on race day.<br/>Source: <a href="https://maps.google.com/?cid=9781154115603045012&g_mp=Cilnb29nbGUubWFwcy5wbGFjZXMudjEuUGxhY2VzLlNlYXJjaE5lYXJieRACGAQgAA">official / current listing</a>]]></description>
      <styleUrl>#businessBackup</styleUrl>
      <Point><coordinates>-118.1898426,33.803657799999996,0</coordinates></Point>
    </Placemark>
    <Placemark><name>Taco Bell</name>
      <description><![CDATA[Priority 4: Fast-food or branded-gas backup.<br/>Address: 1822 Santa Fe Ave, Long Beach, CA 90810, USA<br/>Approximate runner mile: 33.5.<br/>Nearest runner geometry: approximately 0.63 mi straight-line (not a walking detour).<br/>Verification: Google Places business backup (operational); confirm customer restroom access and hours on race day.<br/>Source: <a href="https://maps.google.com/?cid=13901334709943796585&g_mp=Cilnb29nbGUubWFwcy5wbGFjZXMudjEuUGxhY2VzLlNlYXJjaE5lYXJieRACGAQgAA">official / current listing</a>]]></description>
      <styleUrl>#businessBackup</styleUrl>
      <Point><coordinates>-118.2152617,33.7904018,0</coordinates></Point>
    </Placemark>
    <Placemark><name>Taco Bell</name>
      <description><![CDATA[Priority 4: Fast-food or branded-gas backup.<br/>Address: 2500 E Pacific Coast Hwy, Long Beach, CA 90804, USA<br/>Approximate runner mile: 36.0.<br/>Nearest runner geometry: approximately 0.01 mi straight-line (not a walking detour).<br/>Verification: Google Places business backup (operational); confirm customer restroom access and hours on race day.<br/>Source: <a href="https://maps.google.com/?cid=6342770512386719893&g_mp=Cilnb29nbGUubWFwcy5wbGFjZXMudjEuUGxhY2VzLlNlYXJjaE5lYXJieRACGAQgAA">official / current listing</a>]]></description>
      <styleUrl>#businessBackup</styleUrl>
      <Point><coordinates>-118.16216159999999,33.789645199999995,0</coordinates></Point>
    </Placemark>
    <Placemark><name>Taco Bell</name>
      <description><![CDATA[Priority 4: Fast-food or branded-gas backup.<br/>Address: 1400 West Coast Hwy, Newport Beach, CA 92663, USA<br/>Approximate runner mile: 55.4.<br/>Nearest runner geometry: approximately 0.02 mi straight-line (not a walking detour).<br/>Verification: Google Places business backup (operational); confirm customer restroom access and hours on race day.<br/>Source: <a href="https://maps.google.com/?cid=669046057912662888&g_mp=Cilnb29nbGUubWFwcy5wbGFjZXMudjEuUGxhY2VzLlNlYXJjaE5lYXJieRACGAQgAA">official / current listing</a>]]></description>
      <styleUrl>#businessBackup</styleUrl>
      <Point><coordinates>-117.9153928,33.6166692,0</coordinates></Point>
    </Placemark>
    <Placemark><name>Taco Bell</name>
      <description><![CDATA[Priority 4: Fast-food or branded-gas backup.<br/>Address: 34117 Pacific Coast Hwy, Dana Point, CA 92629, USA<br/>Approximate runner mile: 72.3.<br/>Nearest runner geometry: approximately 0.01 mi straight-line (not a walking detour).<br/>Verification: Google Places business backup (operational); confirm customer restroom access and hours on race day.<br/>Source: <a href="https://maps.google.com/?cid=8494757640735994123&g_mp=Cilnb29nbGUubWFwcy5wbGFjZXMudjEuUGxhY2VzLlNlYXJjaE5lYXJieRACGAQgAA">official / current listing</a>]]></description>
      <styleUrl>#businessBackup</styleUrl>
      <Point><coordinates>-117.7036213,33.465796,0</coordinates></Point>
    </Placemark>
    <Placemark><name>Taco Bell</name>
      <description><![CDATA[Priority 4: Fast-food or branded-gas backup.<br/>Address: 918 S El Camino Real, San Clemente, CA 92672, USA<br/>Approximate runner mile: 79.1.<br/>Nearest runner geometry: approximately 0.02 mi straight-line (not a walking detour).<br/>Verification: Google Places business backup (operational); confirm customer restroom access and hours on race day.<br/>Source: <a href="https://maps.google.com/?cid=15070552184892549486&g_mp=Cilnb29nbGUubWFwcy5wbGFjZXMudjEuUGxhY2VzLlNlYXJjaE5lYXJieRACGAQgAA">official / current listing</a>]]></description>
      <styleUrl>#businessBackup</styleUrl>
      <Point><coordinates>-117.60884109999998,33.4217753,0</coordinates></Point>
    </Placemark>
    <Placemark><name>Taco Bell</name>
      <description><![CDATA[Priority 4: Fast-food or branded-gas backup.<br/>Address: 6017 Paseo Del Norte, Carlsbad, CA 92011, USA<br/>Approximate runner mile: 88.7.<br/>Nearest runner geometry: approximately 0.38 mi straight-line (not a walking detour).<br/>Verification: Google Places business backup (operational); confirm customer restroom access and hours on race day.<br/>Source: <a href="https://maps.google.com/?cid=2686171900996464908&g_mp=Cilnb29nbGUubWFwcy5wbGFjZXMudjEuUGxhY2VzLlNlYXJjaE5lYXJieRACGAQgAA">official / current listing</a>]]></description>
      <styleUrl>#businessBackup</styleUrl>
      <Point><coordinates>-117.31969450000001,33.1210981,0</coordinates></Point>
    </Placemark>
    <Placemark><name>Taco Bell</name>
      <description><![CDATA[Priority 4: Fast-food or branded-gas backup.<br/>Address: 4401 Mission Blvd, San Diego, CA 92109, USA<br/>Approximate runner mile: 114.3.<br/>Nearest runner geometry: approximately 0.10 mi straight-line (not a walking detour).<br/>Verification: Google Places business backup (operational); confirm customer restroom access and hours on race day.<br/>Source: <a href="https://maps.google.com/?cid=1062123695416002648&g_mp=Cilnb29nbGUubWFwcy5wbGFjZXMudjEuUGxhY2VzLlNlYXJjaE5lYXJieRACGAQgAA">official / current listing</a>]]></description>
      <styleUrl>#businessBackup</styleUrl>
      <Point><coordinates>-117.25483910000001,32.7951325,0</coordinates></Point>
    </Placemark>
    <Placemark><name>Taco Bell / KFC</name>
      <description><![CDATA[Priority 4: Fast-food or branded-gas backup.<br/>Address: 745 Carlsbad Village Dr, Carlsbad, CA 92008, USA<br/>Approximate runner mile: 85.5.<br/>Nearest runner geometry: approximately 0.34 mi straight-line (not a walking detour).<br/>Verification: Google Places business backup (operational); confirm customer restroom access and hours on race day.<br/>Source: <a href="https://maps.google.com/?cid=11886593574500345523&g_mp=Cilnb29nbGUubWFwcy5wbGFjZXMudjEuUGxhY2VzLlNlYXJjaE5lYXJieRACGAQgAA">official / current listing</a>]]></description>
      <styleUrl>#businessBackup</styleUrl>
      <Point><coordinates>-117.34605699999999,33.1606862,0</coordinates></Point>
    </Placemark>
    <Placemark><name>Taco Bell / Pizza Hut</name>
      <description><![CDATA[Priority 4: Fast-food or branded-gas backup.<br/>Address: 640 Pacific Coast Hwy, Seal Beach, CA 90740, USA<br/>Approximate runner mile: 41.0.<br/>Nearest runner geometry: approximately 0.02 mi straight-line (not a walking detour).<br/>Verification: Google Places business backup (operational); confirm customer restroom access and hours on race day.<br/>Source: <a href="https://maps.google.com/?cid=12218164174646190875&g_mp=Cilnb29nbGUubWFwcy5wbGFjZXMudjEuUGxhY2VzLlNlYXJjaE5lYXJieRACGAQgAA">official / current listing</a>]]></description>
      <styleUrl>#businessBackup</styleUrl>
      <Point><coordinates>-118.10494670000001,33.745339099999995,0</coordinates></Point>
    </Placemark>
    <Placemark><name>Taco Bell Cantina</name>
      <description><![CDATA[Priority 4: Fast-food or branded-gas backup.<br/>Address: 2121 W Balboa Blvd, Newport Beach, CA 92663, USA<br/>Approximate runner mile: 55.0.<br/>Nearest runner geometry: approximately 0.79 mi straight-line (not a walking detour).<br/>Verification: Google Places business backup (operational); confirm customer restroom access and hours on race day.<br/>Source: <a href="https://maps.google.com/?cid=14237367678076893816&g_mp=Cilnb29nbGUubWFwcy5wbGFjZXMudjEuUGxhY2VzLlNlYXJjaE5lYXJieRACGAQgAA">official / current listing</a>]]></description>
      <styleUrl>#businessBackup</styleUrl>
      <Point><coordinates>-117.92872019999999,33.6093583,0</coordinates></Point>
    </Placemark>
    <Placemark><name>Tacomasa</name>
      <description><![CDATA[Priority 4: Fast-food or branded-gas backup.<br/>Address: 4740 E 7th St #130, Long Beach, CA 90804, USA<br/>Approximate runner mile: 38.0.<br/>Nearest runner geometry: approximately 0.57 mi straight-line (not a walking detour).<br/>Verification: Google Places business backup (operational); confirm customer restroom access and hours on race day.<br/>Source: <a href="https://maps.google.com/?cid=6464917122991938866&g_mp=Cilnb29nbGUubWFwcy5wbGFjZXMudjEuUGxhY2VzLlNlYXJjaE5lYXJieRACGAQgAA">official / current listing</a>]]></description>
      <styleUrl>#businessBackup</styleUrl>
      <Point><coordinates>-118.1376405,33.7750789,0</coordinates></Point>
    </Placemark>
    <Placemark><name>Tacos El Chompiras</name>
      <description><![CDATA[Priority 4: Fast-food or branded-gas backup.<br/>Address: 1930 Nadeau St, Los Angeles, CA 90001, USA<br/>Approximate runner mile: 17.8.<br/>Nearest runner geometry: approximately 0.47 mi straight-line (not a walking detour).<br/>Verification: Google Places business backup (operational); confirm customer restroom access and hours on race day.<br/>Source: <a href="https://maps.google.com/?cid=16396232158347175452&g_mp=Cilnb29nbGUubWFwcy5wbGFjZXMudjEuUGxhY2VzLlNlYXJjaE5lYXJieRACGAQgAA">official / current listing</a>]]></description>
      <styleUrl>#businessBackup</styleUrl>
      <Point><coordinates>-118.23764100000001,33.9671488,0</coordinates></Point>
    </Placemark>
    <Placemark><name>Tacos El Gallazo</name>
      <description><![CDATA[Priority 4: Fast-food or branded-gas backup.<br/>Address: 1340 W Manchester Ave, Los Angeles, CA 90044, USA<br/>Approximate runner mile: 14.1.<br/>Nearest runner geometry: approximately 0.01 mi straight-line (not a walking detour).<br/>Verification: Google Places business backup (operational); confirm customer restroom access and hours on race day.<br/>Source: <a href="https://maps.google.com/?cid=8780615452486684420&g_mp=Cilnb29nbGUubWFwcy5wbGFjZXMudjEuUGxhY2VzLlNlYXJjaE5lYXJieRACGAQgAA">official / current listing</a>]]></description>
      <styleUrl>#businessBackup</styleUrl>
      <Point><coordinates>-118.2998613,33.9597669,0</coordinates></Point>
    </Placemark>
    <Placemark><name>Tacos El Tri</name>
      <description><![CDATA[Priority 4: Fast-food or branded-gas backup.<br/>Address: 311 Lincoln Blvd, Venice, CA 90291, USA<br/>Approximate runner mile: 2.2.<br/>Nearest runner geometry: approximately 0.65 mi straight-line (not a walking detour).<br/>Verification: Google Places business backup (operational); confirm customer restroom access and hours on race day.<br/>Source: <a href="https://maps.google.com/?cid=9579568254753284854&g_mp=Cilnb29nbGUubWFwcy5wbGFjZXMudjEuUGxhY2VzLlNlYXJjaE5lYXJieRACGAQgAA">official / current listing</a>]]></description>
      <styleUrl>#businessBackup</styleUrl>
      <Point><coordinates>-118.46763,34.001,0</coordinates></Point>
    </Placemark>
    <Placemark><name>Tacos El Unico SOUTH GATE</name>
      <description><![CDATA[Priority 4: Fast-food or branded-gas backup.<br/>Address: 2801 Firestone Blvd Ste B, South Gate, CA 90280, USA<br/>Approximate runner mile: 18.8.<br/>Nearest runner geometry: approximately 0.03 mi straight-line (not a walking detour).<br/>Verification: Google Places business backup (operational); confirm customer restroom access and hours on race day.<br/>Source: <a href="https://maps.google.com/?cid=12472015753882050076&g_mp=Cilnb29nbGUubWFwcy5wbGFjZXMudjEuUGxhY2VzLlNlYXJjaE5lYXJieRACGAQgAA">official / current listing</a>]]></description>
      <styleUrl>#businessBackup</styleUrl>
      <Point><coordinates>-118.22141110000001,33.9560387,0</coordinates></Point>
    </Placemark>
    <Placemark><name>Tacos El Único</name>
      <description><![CDATA[Priority 4: Fast-food or branded-gas backup.<br/>Address: 12920 Atlantic Ave, Compton, CA 90221, USA<br/>Approximate runner mile: 24.6.<br/>Nearest runner geometry: approximately 0.03 mi straight-line (not a walking detour).<br/>Verification: Google Places business backup (operational); confirm customer restroom access and hours on race day.<br/>Source: <a href="https://maps.google.com/?cid=12588076386933742895&g_mp=Cilnb29nbGUubWFwcy5wbGFjZXMudjEuUGxhY2VzLlNlYXJjaE5lYXJieRACGAQgAA">official / current listing</a>]]></description>
      <styleUrl>#businessBackup</styleUrl>
      <Point><coordinates>-118.19370780000001,33.9044518,0</coordinates></Point>
    </Placemark>
    <Placemark><name>Tacos Ensenada</name>
      <description><![CDATA[Priority 4: Fast-food or branded-gas backup.<br/>Address: 8912-8900 San Juan Ave, South Gate, CA 90280, USA<br/>Approximate runner mile: 20.0.<br/>Nearest runner geometry: approximately 0.00 mi straight-line (not a walking detour).<br/>Verification: Google Places business backup (operational); confirm customer restroom access and hours on race day.<br/>Source: <a href="https://maps.google.com/?cid=15248215188023724358&g_mp=Cilnb29nbGUubWFwcy5wbGFjZXMudjEuUGxhY2VzLlNlYXJjaE5lYXJieRACGAQgAA">official / current listing</a>]]></description>
      <styleUrl>#businessBackup</styleUrl>
      <Point><coordinates>-118.20133519999999,33.953553299999996,0</coordinates></Point>
    </Placemark>
    <Placemark><name>Tacos Estilo Jalisco</name>
      <description><![CDATA[Priority 4: Fast-food or branded-gas backup.<br/>Address: 8015 Santa Fe Ave #6632, Huntington Park, CA 90255, USA<br/>Approximate runner mile: 18.0.<br/>Nearest runner geometry: approximately 0.45 mi straight-line (not a walking detour).<br/>Verification: Google Places business backup (operational); confirm customer restroom access and hours on race day.<br/>Source: <a href="https://maps.google.com/?cid=5909188561375983468&g_mp=Cilnb29nbGUubWFwcy5wbGFjZXMudjEuUGxhY2VzLlNlYXJjaE5lYXJieRACGAQgAA">official / current listing</a>]]></description>
      <styleUrl>#businessBackup</styleUrl>
      <Point><coordinates>-118.2304426,33.9660776,0</coordinates></Point>
    </Placemark>
    <Placemark><name>Tacos los parados</name>
      <description><![CDATA[Priority 4: Fast-food or branded-gas backup.<br/>Address: 8601 Hooper Ave., Los Angeles, CA 90002, USA<br/>Approximate runner mile: 16.8.<br/>Nearest runner geometry: approximately 0.03 mi straight-line (not a walking detour).<br/>Verification: Google Places business backup (operational); confirm customer restroom access and hours on race day.<br/>Source: <a href="https://maps.google.com/?cid=6117631248272413601&g_mp=Cilnb29nbGUubWFwcy5wbGFjZXMudjEuUGxhY2VzLlNlYXJjaE5lYXJieRACGAQgAA">official / current listing</a>]]></description>
      <styleUrl>#businessBackup</styleUrl>
      <Point><coordinates>-118.25475089999998,33.9598789,0</coordinates></Point>
    </Placemark>
    <Placemark><name>Tahini Authentic Middle Eastern Street Food - UCSD</name>
      <description><![CDATA[Priority 4: Fast-food or branded-gas backup.<br/>Address: 9625 Scholars Dr N #0113, La Jolla, CA 92037, USA<br/>Approximate runner mile: 106.4.<br/>Nearest runner geometry: approximately 0.19 mi straight-line (not a walking detour).<br/>Verification: Google Places business backup (operational); confirm customer restroom access and hours on race day.<br/>Source: <a href="https://maps.google.com/?cid=15989438757181339101&g_mp=Cilnb29nbGUubWFwcy5wbGFjZXMudjEuUGxhY2VzLlNlYXJjaE5lYXJieRACGAQgAA">official / current listing</a>]]></description>
      <styleUrl>#businessBackup</styleUrl>
      <Point><coordinates>-117.2408507,32.8807115,0</coordinates></Point>
    </Placemark>
    <Placemark><name>Tam's Burgers</name>
      <description><![CDATA[Priority 4: Fast-food or branded-gas backup.<br/>Address: 904 E Manchester Ave, Los Angeles, CA 90001, USA<br/>Approximate runner mile: 16.5.<br/>Nearest runner geometry: approximately 0.01 mi straight-line (not a walking detour).<br/>Verification: Google Places business backup (operational); confirm customer restroom access and hours on race day.<br/>Source: <a href="https://maps.google.com/?cid=9651867670657976309&g_mp=Cilnb29nbGUubWFwcy5wbGFjZXMudjEuUGxhY2VzLlNlYXJjaE5lYXJieRACGAQgAA">official / current listing</a>]]></description>
      <styleUrl>#businessBackup</styleUrl>
      <Point><coordinates>-118.2582741,33.9599075,0</coordinates></Point>
    </Placemark>
    <Placemark><name>Tam's Burgers</name>
      <description><![CDATA[Priority 4: Fast-food or branded-gas backup.<br/>Address: 1158 E Anaheim St, Long Beach, CA 90813, USA<br/>Approximate runner mile: 35.1.<br/>Nearest runner geometry: approximately 0.51 mi straight-line (not a walking detour).<br/>Verification: Google Places business backup (operational); confirm customer restroom access and hours on race day.<br/>Source: <a href="https://maps.google.com/?cid=2662442253626317750&g_mp=Cilnb29nbGUubWFwcy5wbGFjZXMudjEuUGxhY2VzLlNlYXJjaE5lYXJieRACGAQgAA">official / current listing</a>]]></description>
      <styleUrl>#businessBackup</styleUrl>
      <Point><coordinates>-118.1776893,33.7823293,0</coordinates></Point>
    </Placemark>
    <Placemark><name>Tam's Burgers #15</name>
      <description><![CDATA[Priority 4: Fast-food or branded-gas backup.<br/>Address: 7219 S Alameda St, Los Angeles, CA 90001, USA<br/>Approximate runner mile: 18.0.<br/>Nearest runner geometry: approximately 0.95 mi straight-line (not a walking detour).<br/>Verification: Google Places business backup (operational); confirm customer restroom access and hours on race day.<br/>Source: <a href="https://maps.google.com/?cid=6987970876536029658&g_mp=Cilnb29nbGUubWFwcy5wbGFjZXMudjEuUGxhY2VzLlNlYXJjaE5lYXJieRACGAQgAA">official / current listing</a>]]></description>
      <styleUrl>#businessBackup</styleUrl>
      <Point><coordinates>-118.2348451,33.974010299999996,0</coordinates></Point>
    </Placemark>
    <Placemark><name>Tam's Burgers#34</name>
      <description><![CDATA[Priority 4: Fast-food or branded-gas backup.<br/>Address: 500 W Manchester Ave, Los Angeles, CA 90044, USA<br/>Approximate runner mile: 15.1.<br/>Nearest runner geometry: approximately 0.01 mi straight-line (not a walking detour).<br/>Verification: Google Places business backup (operational); confirm customer restroom access and hours on race day.<br/>Source: <a href="https://maps.google.com/?cid=10982326314631251483&g_mp=Cilnb29nbGUubWFwcy5wbGFjZXMudjEuUGxhY2VzLlNlYXJjaE5lYXJieRACGAQgAA">official / current listing</a>]]></description>
      <styleUrl>#businessBackup</styleUrl>
      <Point><coordinates>-118.28307129999999,33.959847599999996,0</coordinates></Point>
    </Placemark>
    <Placemark><name>Tapioca Express</name>
      <description><![CDATA[Priority 4: Fast-food or branded-gas backup.<br/>Address: UCSD Price Center, 9500 Gilman Dr, La Jolla, CA 92093, USA<br/>Approximate runner mile: 106.5.<br/>Nearest runner geometry: approximately 0.49 mi straight-line (not a walking detour).<br/>Verification: Google Places business backup (operational); confirm customer restroom access and hours on race day.<br/>Source: <a href="https://maps.google.com/?cid=12377348269963871197&g_mp=Cilnb29nbGUubWFwcy5wbGFjZXMudjEuUGxhY2VzLlNlYXJjaE5lYXJieRACGAQgAA">official / current listing</a>]]></description>
      <styleUrl>#businessBackup</styleUrl>
      <Point><coordinates>-117.23561419999999,32.8796317,0</coordinates></Point>
    </Placemark>
    <Placemark><name>Taqueria</name>
      <description><![CDATA[Priority 4: Fast-food or branded-gas backup.<br/>Address: 12746 W Jefferson Blvd, Playa Vista, CA 90094, USA<br/>Approximate runner mile: 6.2.<br/>Nearest runner geometry: approximately 0.94 mi straight-line (not a walking detour).<br/>Verification: Google Places business backup (operational); confirm customer restroom access and hours on race day.<br/>Source: <a href="https://maps.google.com/?cid=6215022883450095826&g_mp=Cilnb29nbGUubWFwcy5wbGFjZXMudjEuUGxhY2VzLlNlYXJjaE5lYXJieRACGAQgAA">official / current listing</a>]]></description>
      <styleUrl>#businessBackup</styleUrl>
      <Point><coordinates>-118.41758370000001,33.977139099999995,0</coordinates></Point>
    </Placemark>
    <Placemark><name>Tasty Goody</name>
      <description><![CDATA[Priority 4: Fast-food or branded-gas backup.<br/>Address: 2000 Long Beach Blvd B, Long Beach, CA 90806, USA<br/>Approximate runner mile: 34.4.<br/>Nearest runner geometry: approximately 0.27 mi straight-line (not a walking detour).<br/>Verification: Google Places business backup (operational); confirm customer restroom access and hours on race day.<br/>Source: <a href="https://maps.google.com/?cid=9630070690129885397&g_mp=Cilnb29nbGUubWFwcy5wbGFjZXMudjEuUGxhY2VzLlNlYXJjaE5lYXJieRACGAQgAA">official / current listing</a>]]></description>
      <styleUrl>#businessBackup</styleUrl>
      <Point><coordinates>-118.18897289999998,33.7936931,0</coordinates></Point>
    </Placemark>
    <Placemark><name>TenderFix by Noah Schnapp</name>
      <description><![CDATA[Priority 4: Fast-food or branded-gas backup.<br/>Address: 200 Main St, Huntington Beach, CA 92648, USA<br/>Approximate runner mile: 49.6.<br/>Nearest runner geometry: approximately 0.13 mi straight-line (not a walking detour).<br/>Verification: Google Places business backup (operational); confirm customer restroom access and hours on race day.<br/>Source: <a href="https://maps.google.com/?cid=17531590578445308196&g_mp=Cilnb29nbGUubWFwcy5wbGFjZXMudjEuUGxhY2VzLlNlYXJjaE5lYXJieRACGAQgAA">official / current listing</a>]]></description>
      <styleUrl>#businessBackup</styleUrl>
      <Point><coordinates>-118.0002372,33.6582005,0</coordinates></Point>
    </Placemark>
    <Placemark><name>The Best Burger</name>
      <description><![CDATA[Priority 4: Fast-food or branded-gas backup.<br/>Address: 7730 S Western Ave, Los Angeles, CA 90047, USA<br/>Approximate runner mile: 13.6.<br/>Nearest runner geometry: approximately 0.63 mi straight-line (not a walking detour).<br/>Verification: Google Places business backup (operational); confirm customer restroom access and hours on race day.<br/>Source: <a href="https://maps.google.com/?cid=15680555538946818796&g_mp=Cilnb29nbGUubWFwcy5wbGFjZXMudjEuUGxhY2VzLlNlYXJjaE5lYXJieRACGAQgAA">official / current listing</a>]]></description>
      <styleUrl>#businessBackup</styleUrl>
      <Point><coordinates>-118.3087856,33.9691779,0</coordinates></Point>
    </Placemark>
    <Placemark><name>The Buffalo Spot - Long Beach</name>
      <description><![CDATA[Priority 4: Fast-food or branded-gas backup.<br/>Address: 4740 E 7th St #120, Long Beach, CA 90804, USA<br/>Approximate runner mile: 38.0.<br/>Nearest runner geometry: approximately 0.57 mi straight-line (not a walking detour).<br/>Verification: Google Places business backup (operational); confirm customer restroom access and hours on race day.<br/>Source: <a href="https://maps.google.com/?cid=13677440127872097573&g_mp=Cilnb29nbGUubWFwcy5wbGFjZXMudjEuUGxhY2VzLlNlYXJjaE5lYXJieRACGAQgAA">official / current listing</a>]]></description>
      <styleUrl>#businessBackup</styleUrl>
      <Point><coordinates>-118.1376156,33.7751041,0</coordinates></Point>
    </Placemark>
    <Placemark><name>The Burger Palace</name>
      <description><![CDATA[Priority 4: Fast-food or branded-gas backup.<br/>Address: 100 E Manchester Ave, Los Angeles, CA 90003, USA<br/>Approximate runner mile: 15.6.<br/>Nearest runner geometry: approximately 0.00 mi straight-line (not a walking detour).<br/>Verification: Google Places business backup (operational); confirm customer restroom access and hours on race day.<br/>Source: <a href="https://maps.google.com/?cid=4095375908790429987&g_mp=Cilnb29nbGUubWFwcy5wbGFjZXMudjEuUGxhY2VzLlNlYXJjaE5lYXJieRACGAQgAA">official / current listing</a>]]></description>
      <styleUrl>#businessBackup</styleUrl>
      <Point><coordinates>-118.27368269999998,33.9599198,0</coordinates></Point>
    </Placemark>
    <Placemark><name>The Chicken Shack</name>
      <description><![CDATA[Priority 4: Fast-food or branded-gas backup.<br/>Address: 380 Santa Monica Pier #4, Santa Monica, CA 90401, USA<br/>Approximate runner mile: 0.0.<br/>Nearest runner geometry: approximately 0.12 mi straight-line (not a walking detour).<br/>Verification: Google Places business backup (operational); confirm customer restroom access and hours on race day.<br/>Source: <a href="https://maps.google.com/?cid=18160883105793106374&g_mp=Cilnb29nbGUubWFwcy5wbGFjZXMudjEuUGxhY2VzLlNlYXJjaE5lYXJieRACGAQgAA">official / current listing</a>]]></description>
      <styleUrl>#businessBackup</styleUrl>
      <Point><coordinates>-118.4980267,34.0086285,0</coordinates></Point>
    </Placemark>
    <Placemark><name>The DT Window Burgers &amp; Strips</name>
      <description><![CDATA[Priority 4: Fast-food or branded-gas backup.<br/>Address: 2010 Firestone Blvd, Los Angeles, CA 90001, USA<br/>Approximate runner mile: 17.9.<br/>Nearest runner geometry: approximately 0.02 mi straight-line (not a walking detour).<br/>Verification: Google Places business backup (operational); confirm customer restroom access and hours on race day.<br/>Source: <a href="https://maps.google.com/?cid=5646312172541602171&g_mp=Cilnb29nbGUubWFwcy5wbGFjZXMudjEuUGxhY2VzLlNlYXJjaE5lYXJieRACGAQgAA">official / current listing</a>]]></description>
      <styleUrl>#businessBackup</styleUrl>
      <Point><coordinates>-118.23582449999999,33.9599273,0</coordinates></Point>
    </Placemark>
    <Placemark><name>The Great Western Steak &amp; Hoagie Co.</name>
      <description><![CDATA[Priority 4: Fast-food or branded-gas backup.<br/>Address: 1720 Lincoln Blvd, Venice, CA 90291, USA<br/>Approximate runner mile: 3.1.<br/>Nearest runner geometry: approximately 0.58 mi straight-line (not a walking detour).<br/>Verification: Google Places business backup (operational); confirm customer restroom access and hours on race day.<br/>Source: <a href="https://maps.google.com/?cid=4720328319514536806&g_mp=Cilnb29nbGUubWFwcy5wbGFjZXMudjEuUGxhY2VzLlNlYXJjaE5lYXJieRACGAQgAA">official / current listing</a>]]></description>
      <styleUrl>#businessBackup</styleUrl>
      <Point><coordinates>-118.4575128,33.9965841,0</coordinates></Point>
    </Placemark>
    <Placemark><name>The Melt</name>
      <description><![CDATA[Priority 4: Fast-food or branded-gas backup.<br/>Address: 8849 Villa La Jolla Dr, La Jolla, CA 92037, USA<br/>Approximate runner mile: 106.8.<br/>Nearest runner geometry: approximately 0.82 mi straight-line (not a walking detour).<br/>Verification: Google Places business backup (operational); confirm customer restroom access and hours on race day.<br/>Source: <a href="https://maps.google.com/?cid=16410639519203267877&g_mp=Cilnb29nbGUubWFwcy5wbGFjZXMudjEuUGxhY2VzLlNlYXJjaE5lYXJieRACGAQgAA">official / current listing</a>]]></description>
      <styleUrl>#businessBackup</styleUrl>
      <Point><coordinates>-117.2319153,32.8693965,0</coordinates></Point>
    </Placemark>
    <Placemark><name>Tito’s Tacos</name>
      <description><![CDATA[Priority 4: Fast-food or branded-gas backup.<br/>Address: 11222 Washington Pl, Culver City, CA 90230, USA<br/>Approximate runner mile: 5.3.<br/>Nearest runner geometry: approximately 0.84 mi straight-line (not a walking detour).<br/>Verification: Google Places business backup (operational); confirm customer restroom access and hours on race day.<br/>Source: <a href="https://maps.google.com/?cid=8539834130598082403&g_mp=Cilnb29nbGUubWFwcy5wbGFjZXMudjEuUGxhY2VzLlNlYXJjaE5lYXJieRACGAQgAA">official / current listing</a>]]></description>
      <styleUrl>#businessBackup</styleUrl>
      <Point><coordinates>-118.4144858,34.008117299999995,0</coordinates></Point>
    </Placemark>
    <Placemark><name>Tom's Burgers 4</name>
      <description><![CDATA[Priority 4: Fast-food or branded-gas backup.<br/>Address: 8202 Long Beach Blvd, South Gate, CA 90280, USA<br/>Approximate runner mile: 18.5.<br/>Nearest runner geometry: approximately 0.51 mi straight-line (not a walking detour).<br/>Verification: Google Places business backup (operational); confirm customer restroom access and hours on race day.<br/>Source: <a href="https://maps.google.com/?cid=17300609152827564740&g_mp=Cilnb29nbGUubWFwcy5wbGFjZXMudjEuUGxhY2VzLlNlYXJjaE5lYXJieRACGAQgAA">official / current listing</a>]]></description>
      <styleUrl>#businessBackup</styleUrl>
      <Point><coordinates>-118.22489890000001,33.9637789,0</coordinates></Point>
    </Placemark>
    <Placemark><name>Tom's Burgers and Teriyaki</name>
      <description><![CDATA[Priority 4: Fast-food or branded-gas backup.<br/>Address: 3655 Santa Fe Ave, Long Beach, CA 90810, USA<br/>Approximate runner mile: 31.2.<br/>Nearest runner geometry: approximately 0.62 mi straight-line (not a walking detour).<br/>Verification: Google Places business backup (operational); confirm customer restroom access and hours on race day.<br/>Source: <a href="https://maps.google.com/?cid=16400156186760300659&g_mp=Cilnb29nbGUubWFwcy5wbGFjZXMudjEuUGxhY2VzLlNlYXJjaE5lYXJieRACGAQgAA">official / current listing</a>]]></description>
      <styleUrl>#businessBackup</styleUrl>
      <Point><coordinates>-118.21566000000001,33.823167,0</coordinates></Point>
    </Placemark>
    <Placemark><name>Tom's Famous Burgers 11</name>
      <description><![CDATA[Priority 4: Fast-food or branded-gas backup.<br/>Address: 8121 State St, South Gate, CA 90280, USA<br/>Approximate runner mile: 19.4.<br/>Nearest runner geometry: approximately 0.57 mi straight-line (not a walking detour).<br/>Verification: Google Places business backup (operational); confirm customer restroom access and hours on race day.<br/>Source: <a href="https://maps.google.com/?cid=10215677317916108446&g_mp=Cilnb29nbGUubWFwcy5wbGFjZXMudjEuUGxhY2VzLlNlYXJjaE5lYXJieRACGAQgAA">official / current listing</a>]]></description>
      <styleUrl>#businessBackup</styleUrl>
      <Point><coordinates>-118.21119,33.962919,0</coordinates></Point>
    </Placemark>
    <Placemark><name>Tom's Jr</name>
      <description><![CDATA[Priority 4: Fast-food or branded-gas backup.<br/>Address: 1725 N Long Beach Blvd, Compton, CA 90221, USA<br/>Approximate runner mile: 24.5.<br/>Nearest runner geometry: approximately 0.87 mi straight-line (not a walking detour).<br/>Verification: Google Places business backup (operational); confirm customer restroom access and hours on race day.<br/>Source: <a href="https://maps.google.com/?cid=10810195666617141587&g_mp=Cilnb29nbGUubWFwcy5wbGFjZXMudjEuUGxhY2VzLlNlYXJjaE5lYXJieRACGAQgAA">official / current listing</a>]]></description>
      <styleUrl>#businessBackup</styleUrl>
      <Point><coordinates>-118.20899569999997,33.9076399,0</coordinates></Point>
    </Placemark>
    <Placemark><name>Tom's Jr.</name>
      <description><![CDATA[Priority 4: Fast-food or branded-gas backup.<br/>Address: 9901 Long Beach Blvd, Lynwood, CA 90262, USA<br/>Approximate runner mile: 19.2.<br/>Nearest runner geometry: approximately 0.68 mi straight-line (not a walking detour).<br/>Verification: Google Places business backup (operational); confirm customer restroom access and hours on race day.<br/>Source: <a href="https://maps.google.com/?cid=11075082277974820036&g_mp=Cilnb29nbGUubWFwcy5wbGFjZXMudjEuUGxhY2VzLlNlYXJjaE5lYXJieRACGAQgAA">official / current listing</a>]]></description>
      <styleUrl>#businessBackup</styleUrl>
      <Point><coordinates>-118.216378,33.9452424,0</coordinates></Point>
    </Placemark>
    <Placemark><name>Tom's Jr.</name>
      <description><![CDATA[Priority 4: Fast-food or branded-gas backup.<br/>Address: 9856 Atlantic Ave, South Gate, CA 90280, USA<br/>Approximate runner mile: 21.8.<br/>Nearest runner geometry: approximately 0.03 mi straight-line (not a walking detour).<br/>Verification: Google Places business backup (operational); confirm customer restroom access and hours on race day.<br/>Source: <a href="https://maps.google.com/?cid=121196883094362086&g_mp=Cilnb29nbGUubWFwcy5wbGFjZXMudjEuUGxhY2VzLlNlYXJjaE5lYXJieRACGAQgAA">official / current listing</a>]]></description>
      <styleUrl>#businessBackup</styleUrl>
      <Point><coordinates>-118.18113290000001,33.9416733,0</coordinates></Point>
    </Placemark>
    <Placemark><name>Tortuga Bay</name>
      <description><![CDATA[Priority 4: Fast-food or branded-gas backup.<br/>Address: 147 W Manchester Blvd, Inglewood, CA 90301, USA<br/>Approximate runner mile: 10.7.<br/>Nearest runner geometry: approximately 0.01 mi straight-line (not a walking detour).<br/>Verification: Google Places business backup (operational); confirm customer restroom access and hours on race day.<br/>Source: <a href="https://maps.google.com/?cid=1516634351773458968&g_mp=Cilnb29nbGUubWFwcy5wbGFjZXMudjEuUGxhY2VzLlNlYXJjaE5lYXJieRACGAQgAA">official / current listing</a>]]></description>
      <styleUrl>#businessBackup</styleUrl>
      <Point><coordinates>-118.35698800000002,33.962042,0</coordinates></Point>
    </Placemark>
    <Placemark><name>Tumby's Pizza</name>
      <description><![CDATA[Priority 4: Fast-food or branded-gas backup.<br/>Address: 1041 W Manchester Blvd, Inglewood, CA 90301, USA<br/>Approximate runner mile: 9.6.<br/>Nearest runner geometry: approximately 0.25 mi straight-line (not a walking detour).<br/>Verification: Google Places business backup (operational); confirm customer restroom access and hours on race day.<br/>Source: <a href="https://maps.google.com/?cid=16067841353409912413&g_mp=Cilnb29nbGUubWFwcy5wbGFjZXMudjEuUGxhY2VzLlNlYXJjaE5lYXJieRACGAQgAA">official / current listing</a>]]></description>
      <styleUrl>#businessBackup</styleUrl>
      <Point><coordinates>-118.37501889999999,33.960045,0</coordinates></Point>
    </Placemark>
    <Placemark><name>UR Kitchen - Private commercial kitchens for lease</name>
      <description><![CDATA[Priority 4: Fast-food or branded-gas backup.<br/>Address: 222 E 10th St, Long Beach, CA 90813, USA<br/>Approximate runner mile: 34.3.<br/>Nearest runner geometry: approximately 0.77 mi straight-line (not a walking detour).<br/>Verification: Google Places business backup (operational); confirm customer restroom access and hours on race day.<br/>Source: <a href="https://maps.google.com/?cid=8213528150389757622&g_mp=Cilnb29nbGUubWFwcy5wbGFjZXMudjEuUGxhY2VzLlNlYXJjaE5lYXJieRACGAQgAA">official / current listing</a>]]></description>
      <styleUrl>#businessBackup</styleUrl>
      <Point><coordinates>-118.19028720000001,33.7785692,0</coordinates></Point>
    </Placemark>
    <Placemark><name>US GAS</name>
      <description><![CDATA[Priority 4: Fast-food or branded-gas backup.<br/>Address: 9920 S Hoover St, Los Angeles, CA 90044, USA<br/>Approximate runner mile: 14.9.<br/>Nearest runner geometry: approximately 0.98 mi straight-line (not a walking detour).<br/>Verification: Google Places business backup (operational); confirm customer restroom access and hours on race day.<br/>Source: <a href="https://maps.google.com/?cid=779946754594031560&g_mp=Cilnb29nbGUubWFwcy5wbGFjZXMudjEuUGxhY2VzLlNlYXJjaE5lYXJieRACGAQgAA">official / current listing</a>]]></description>
      <styleUrl>#businessBackup</styleUrl>
      <Point><coordinates>-118.28668180000001,33.9458212,0</coordinates></Point>
    </Placemark>
    <Placemark><name>United</name>
      <description><![CDATA[Priority 4: Fast-food or branded-gas backup.<br/>Address: 795 S El Camino Real, San Clemente, CA 92672, USA<br/>Approximate runner mile: 79.0.<br/>Nearest runner geometry: approximately 0.01 mi straight-line (not a walking detour).<br/>Verification: Google Places business backup (operational); confirm customer restroom access and hours on race day.<br/>Source: <a href="https://maps.google.com/?cid=5233195107804964353&g_mp=Cilnb29nbGUubWFwcy5wbGFjZXMudjEuUGxhY2VzLlNlYXJjaE5lYXJieRACGAQgAA">official / current listing</a>]]></description>
      <styleUrl>#businessBackup</styleUrl>
      <Point><coordinates>-117.60916659999998,33.423437899999996,0</coordinates></Point>
    </Placemark>
    <Placemark><name>United Brothers</name>
      <description><![CDATA[Priority 4: Fast-food or branded-gas backup.<br/>Address: 4502 Rosecrans Ave, Compton, CA 90221, USA<br/>Approximate runner mile: 24.7.<br/>Nearest runner geometry: approximately 0.01 mi straight-line (not a walking detour).<br/>Verification: Google Places business backup (operational); confirm customer restroom access and hours on race day.<br/>Source: <a href="https://maps.google.com/?cid=5942311963081247699&g_mp=Cilnb29nbGUubWFwcy5wbGFjZXMudjEuUGxhY2VzLlNlYXJjaE5lYXJieRACGAQgAA">official / current listing</a>]]></description>
      <styleUrl>#businessBackup</styleUrl>
      <Point><coordinates>-118.1935744,33.903324999999995,0</coordinates></Point>
    </Placemark>
    <Placemark><name>United Oil</name>
      <description><![CDATA[Priority 4: Fast-food or branded-gas backup.<br/>Address: 811 Washington Blvd, Venice, CA 90292, USA<br/>Approximate runner mile: 3.3.<br/>Nearest runner geometry: approximately 0.02 mi straight-line (not a walking detour).<br/>Verification: Google Places business backup (operational); confirm customer restroom access and hours on race day.<br/>Source: <a href="https://maps.google.com/?cid=16629761815171119656&g_mp=Cilnb29nbGUubWFwcy5wbGFjZXMudjEuUGxhY2VzLlNlYXJjaE5lYXJieRACGAQgAA">official / current listing</a>]]></description>
      <styleUrl>#businessBackup</styleUrl>
      <Point><coordinates>-118.45261,33.988209999999995,0</coordinates></Point>
    </Placemark>
    <Placemark><name>United Oil</name>
      <description><![CDATA[Priority 4: Fast-food or branded-gas backup.<br/>Address: 12000 Culver Blvd, Los Angeles, CA 90066, USA<br/>Approximate runner mile: 5.6.<br/>Nearest runner geometry: approximately 0.02 mi straight-line (not a walking detour).<br/>Verification: Google Places business backup (operational); confirm customer restroom access and hours on race day.<br/>Source: <a href="https://maps.google.com/?cid=1352840086245659386&g_mp=Cilnb29nbGUubWFwcy5wbGFjZXMudjEuUGxhY2VzLlNlYXJjaE5lYXJieRACGAQgAA">official / current listing</a>]]></description>
      <styleUrl>#businessBackup</styleUrl>
      <Point><coordinates>-118.41781599999997,33.99458,0</coordinates></Point>
    </Placemark>
    <Placemark><name>United Oil</name>
      <description><![CDATA[Priority 4: Fast-food or branded-gas backup.<br/>Address: 11515 Atlantic Ave, Lynwood, CA 90262, USA<br/>Approximate runner mile: 23.4.<br/>Nearest runner geometry: approximately 0.01 mi straight-line (not a walking detour).<br/>Verification: Google Places business backup (operational); confirm customer restroom access and hours on race day.<br/>Source: <a href="https://maps.google.com/?cid=1736084914044110852&g_mp=Cilnb29nbGUubWFwcy5wbGFjZXMudjEuUGxhY2VzLlNlYXJjaE5lYXJieRACGAQgAA">official / current listing</a>]]></description>
      <styleUrl>#businessBackup</styleUrl>
      <Point><coordinates>-118.1883518,33.9197359,0</coordinates></Point>
    </Placemark>
    <Placemark><name>United Oil</name>
      <description><![CDATA[Priority 4: Fast-food or branded-gas backup.<br/>Address: 2995 Long Beach Blvd, Long Beach, CA 90806, USA<br/>Approximate runner mile: 32.0.<br/>Nearest runner geometry: approximately 0.87 mi straight-line (not a walking detour).<br/>Verification: Google Places business backup (operational); confirm customer restroom access and hours on race day.<br/>Source: <a href="https://maps.google.com/?cid=11129337698803151995&g_mp=Cilnb29nbGUubWFwcy5wbGFjZXMudjEuUGxhY2VzLlNlYXJjaE5lYXJieRACGAQgAA">official / current listing</a>]]></description>
      <styleUrl>#businessBackup</styleUrl>
      <Point><coordinates>-118.18965999999998,33.811313999999996,0</coordinates></Point>
    </Placemark>
    <Placemark><name>United Oil</name>
      <description><![CDATA[Priority 4: Fast-food or branded-gas backup.<br/>Address: 1670 W Pacific Coast Hwy, Long Beach, CA 90810, USA<br/>Approximate runner mile: 33.5.<br/>Nearest runner geometry: approximately 0.61 mi straight-line (not a walking detour).<br/>Verification: Google Places business backup (operational); confirm customer restroom access and hours on race day.<br/>Source: <a href="https://maps.google.com/?cid=16797380866511700398&g_mp=Cilnb29nbGUubWFwcy5wbGFjZXMudjEuUGxhY2VzLlNlYXJjaE5lYXJieRACGAQgAA">official / current listing</a>]]></description>
      <styleUrl>#businessBackup</styleUrl>
      <Point><coordinates>-118.21497020000001,33.7895962,0</coordinates></Point>
    </Placemark>
    <Placemark><name>United Pacific Gas Station</name>
      <description><![CDATA[Priority 4: Fast-food or branded-gas backup.<br/>Address: 400 W Arbor Vitae St, Inglewood, CA 90301, USA<br/>Approximate runner mile: 10.4.<br/>Nearest runner geometry: approximately 0.64 mi straight-line (not a walking detour).<br/>Verification: Google Places business backup (operational); confirm customer restroom access and hours on race day.<br/>Source: <a href="https://maps.google.com/?cid=1084487767193869856&g_mp=Cilnb29nbGUubWFwcy5wbGFjZXMudjEuUGxhY2VzLlNlYXJjaE5lYXJieRACGAQgAA">official / current listing</a>]]></description>
      <styleUrl>#businessBackup</styleUrl>
      <Point><coordinates>-118.36177070000001,33.9524934,0</coordinates></Point>
    </Placemark>
    <Placemark><name>Unocal</name>
      <description><![CDATA[Priority 4: Fast-food or branded-gas backup.<br/>Address: Rocket 120, Long Beach, CA 90810, USA<br/>Approximate runner mile: 32.4.<br/>Nearest runner geometry: approximately 0.40 mi straight-line (not a walking detour).<br/>Verification: Google Places business backup (operational); confirm customer restroom access and hours on race day.<br/>Source: <a href="https://maps.google.com/?cid=11784831814841901576&g_mp=Cilnb29nbGUubWFwcy5wbGFjZXMudjEuUGxhY2VzLlNlYXJjaE5lYXJieRACGAQgAA">official / current listing</a>]]></description>
      <styleUrl>#businessBackup</styleUrl>
      <Point><coordinates>-118.21153009999999,33.8056822,0</coordinates></Point>
    </Placemark>
    <Placemark><name>Unocal Fast Break</name>
      <description><![CDATA[Priority 4: Fast-food or branded-gas backup.<br/>Address: 400 W Arbor Vitae St, Inglewood, CA 90301, USA<br/>Approximate runner mile: 10.4.<br/>Nearest runner geometry: approximately 0.66 mi straight-line (not a walking detour).<br/>Verification: Google Places business backup (closed temporarily); confirm customer restroom access and hours on race day.<br/>Source: <a href="https://maps.google.com/?cid=2695295317210916529&g_mp=Cilnb29nbGUubWFwcy5wbGFjZXMudjEuUGxhY2VzLlNlYXJjaE5lYXJieRACGAQgAA">official / current listing</a>]]></description>
      <styleUrl>#businessBackup</styleUrl>
      <Point><coordinates>-118.36190239999999,33.9522562,0</coordinates></Point>
    </Placemark>
    <Placemark><name>VALDRY ONE STOP</name>
      <description><![CDATA[Priority 4: Fast-food or branded-gas backup.<br/>Address: Inglewood, CA 90301, USA<br/>Approximate runner mile: 11.5.<br/>Nearest runner geometry: approximately 0.65 mi straight-line (not a walking detour).<br/>Verification: Google Places business backup (operational); confirm customer restroom access and hours on race day.<br/>Source: <a href="https://maps.google.com/?cid=9770070305821196798&g_mp=Cilnb29nbGUubWFwcy5wbGFjZXMudjEuUGxhY2VzLlNlYXJjaE5lYXJieRACGAQgAA">official / current listing</a>]]></description>
      <styleUrl>#businessBackup</styleUrl>
      <Point><coordinates>-118.34411329999999,33.9504091,0</coordinates></Point>
    </Placemark>
    <Placemark><name>VP Racing Fuels</name>
      <description><![CDATA[Priority 4: Fast-food or branded-gas backup.<br/>Address: 3804 Ingraham St, San Diego, CA 92109, USA<br/>Approximate runner mile: 115.1.<br/>Nearest runner geometry: approximately 0.77 mi straight-line (not a walking detour).<br/>Verification: Google Places business backup (operational); confirm customer restroom access and hours on race day.<br/>Source: <a href="https://maps.google.com/?cid=5861878857070530272&g_mp=Cilnb29nbGUubWFwcy5wbGFjZXMudjEuUGxhY2VzLlNlYXJjaE5lYXJieRACGAQgAA">official / current listing</a>]]></description>
      <styleUrl>#businessBackup</styleUrl>
      <Point><coordinates>-117.23784129999999,32.788914999999996,0</coordinates></Point>
    </Placemark>
    <Placemark><name>Valentino's Pizza PCH</name>
      <description><![CDATA[Priority 4: Fast-food or branded-gas backup.<br/>Address: 4750 E Pacific Coast Hwy, Long Beach, CA 90804, USA<br/>Approximate runner mile: 37.4.<br/>Nearest runner geometry: approximately 0.04 mi straight-line (not a walking detour).<br/>Verification: Google Places business backup (operational); confirm customer restroom access and hours on race day.<br/>Source: <a href="https://maps.google.com/?cid=2688057463318397678&g_mp=Cilnb29nbGUubWFwcy5wbGFjZXMudjEuUGxhY2VzLlNlYXJjaE5lYXJieRACGAQgAA">official / current listing</a>]]></description>
      <styleUrl>#businessBackup</styleUrl>
      <Point><coordinates>-118.13883000000001,33.786378,0</coordinates></Point>
    </Placemark>
    <Placemark><name>Valero</name>
      <description><![CDATA[Priority 4: Fast-food or branded-gas backup.<br/>Address: 325 Encinitas Blvd, Encinitas, CA 92024, USA<br/>Approximate runner mile: 94.0.<br/>Nearest runner geometry: approximately 0.52 mi straight-line (not a walking detour).<br/>Verification: Google Places business backup (operational); confirm customer restroom access and hours on race day.<br/>Source: <a href="https://maps.google.com/?cid=11377098656378691483&g_mp=Cilnb29nbGUubWFwcy5wbGFjZXMudjEuUGxhY2VzLlNlYXJjaE5lYXJieRACGAQgAA">official / current listing</a>]]></description>
      <styleUrl>#businessBackup</styleUrl>
      <Point><coordinates>-117.2850194,33.0480083,0</coordinates></Point>
    </Placemark>
    <Placemark><name>Valero</name>
      <description><![CDATA[Priority 4: Fast-food or branded-gas backup.<br/>Address: 4342 Ingraham St, San Diego, CA 92109, USA<br/>Approximate runner mile: 115.1.<br/>Nearest runner geometry: approximately 0.15 mi straight-line (not a walking detour).<br/>Verification: Google Places business backup (operational); confirm customer restroom access and hours on race day.<br/>Source: <a href="https://maps.google.com/?cid=14856810644421909684&g_mp=Cilnb29nbGUubWFwcy5wbGFjZXMudjEuUGxhY2VzLlNlYXJjaE5lYXJieRACGAQgAA">official / current listing</a>]]></description>
      <styleUrl>#businessBackup</styleUrl>
      <Point><coordinates>-117.2405368,32.7975232,0</coordinates></Point>
    </Placemark>
    <Placemark><name>Valero Corner Store</name>
      <description><![CDATA[Priority 4: Fast-food or branded-gas backup.<br/>Address: 4342 Ingraham St, San Diego, CA 92109, USA<br/>Approximate runner mile: 115.1.<br/>Nearest runner geometry: approximately 0.16 mi straight-line (not a walking detour).<br/>Verification: Google Places business backup (operational); confirm customer restroom access and hours on race day.<br/>Source: <a href="https://maps.google.com/?cid=18410536053178766213&g_mp=Cilnb29nbGUubWFwcy5wbGFjZXMudjEuUGxhY2VzLlNlYXJjaE5lYXJieRACGAQgAA">official / current listing</a>]]></description>
      <styleUrl>#businessBackup</styleUrl>
      <Point><coordinates>-117.2406508,32.7974451,0</coordinates></Point>
    </Placemark>
    <Placemark><name>Vallarta Express Mexican Eatery</name>
      <description><![CDATA[Priority 4: Fast-food or branded-gas backup.<br/>Address: 2952 Harding St, Carlsbad, CA 92008, USA<br/>Approximate runner mile: 85.5.<br/>Nearest runner geometry: approximately 0.47 mi straight-line (not a walking detour).<br/>Verification: Google Places business backup (operational); confirm customer restroom access and hours on race day.<br/>Source: <a href="https://maps.google.com/?cid=5501922788226561892&g_mp=Cilnb29nbGUubWFwcy5wbGFjZXMudjEuUGxhY2VzLlNlYXJjaE5lYXJieRACGAQgAA">official / current listing</a>]]></description>
      <styleUrl>#businessBackup</styleUrl>
      <Point><coordinates>-117.34478569999997,33.1625233,0</coordinates></Point>
    </Placemark>
    <Placemark><name>Vallarta Express Mexican Eatery</name>
      <description><![CDATA[Priority 4: Fast-food or branded-gas backup.<br/>Address: 1375 Garnet Ave, San Diego, CA 92109, USA<br/>Approximate runner mile: 114.9.<br/>Nearest runner geometry: approximately 0.01 mi straight-line (not a walking detour).<br/>Verification: Google Places business backup (operational); confirm customer restroom access and hours on race day.<br/>Source: <a href="https://maps.google.com/?cid=12075422094025048443&g_mp=Cilnb29nbGUubWFwcy5wbGFjZXMudjEuUGxhY2VzLlNlYXJjaE5lYXJieRACGAQgAA">official / current listing</a>]]></description>
      <styleUrl>#businessBackup</styleUrl>
      <Point><coordinates>-117.24468780000001,32.7986988,0</coordinates></Point>
    </Placemark>
    <Placemark><name>VegainzLA</name>
      <description><![CDATA[Priority 4: Fast-food or branded-gas backup.<br/>Address: 701 S La Brea Ave, Inglewood, CA 90301, USA<br/>Approximate runner mile: 11.0.<br/>Nearest runner geometry: approximately 0.53 mi straight-line (not a walking detour).<br/>Verification: Google Places business backup (operational); confirm customer restroom access and hours on race day.<br/>Source: <a href="https://maps.google.com/?cid=958154460860190529&g_mp=Cilnb29nbGUubWFwcy5wbGFjZXMudjEuUGxhY2VzLlNlYXJjaE5lYXJieRACGAQgAA">official / current listing</a>]]></description>
      <styleUrl>#businessBackup</styleUrl>
      <Point><coordinates>-118.35276819999999,33.954270699999995,0</coordinates></Point>
    </Placemark>
    <Placemark><name>Vons Fuel Station</name>
      <description><![CDATA[Priority 4: Fast-food or branded-gas backup.<br/>Address: 510 E Manchester Blvd, Inglewood, CA 90301, USA<br/>Approximate runner mile: 11.3.<br/>Nearest runner geometry: approximately 0.04 mi straight-line (not a walking detour).<br/>Verification: Google Places business backup (operational); confirm customer restroom access and hours on race day.<br/>Source: <a href="https://maps.google.com/?cid=5346412062304030708&g_mp=Cilnb29nbGUubWFwcy5wbGFjZXMudjEuUGxhY2VzLlNlYXJjaE5lYXJieRACGAQgAA">official / current listing</a>]]></description>
      <styleUrl>#businessBackup</styleUrl>
      <Point><coordinates>-118.34808330000001,33.9607814,0</coordinates></Point>
    </Placemark>
    <Placemark><name>Vons Fuel Station</name>
      <description><![CDATA[Priority 4: Fast-food or branded-gas backup.<br/>Address: 1818 Ximeno Ave, Long Beach, CA 90815, USA<br/>Approximate runner mile: 37.2.<br/>Nearest runner geometry: approximately 0.26 mi straight-line (not a walking detour).<br/>Verification: Google Places business backup (operational); confirm customer restroom access and hours on race day.<br/>Source: <a href="https://maps.google.com/?cid=9486834576349325796&g_mp=Cilnb29nbGUubWFwcy5wbGFjZXMudjEuUGxhY2VzLlNlYXJjaE5lYXJieRACGAQgAA">official / current listing</a>]]></description>
      <styleUrl>#businessBackup</styleUrl>
      <Point><coordinates>-118.13893539999998,33.7920849,0</coordinates></Point>
    </Placemark>
    <Placemark><name>Vons Fuel Station</name>
      <description><![CDATA[Priority 4: Fast-food or branded-gas backup.<br/>Address: 1680 Garnet Ave, San Diego, CA 92109, USA<br/>Approximate runner mile: 115.2.<br/>Nearest runner geometry: approximately 0.04 mi straight-line (not a walking detour).<br/>Verification: Google Places business backup (operational); confirm customer restroom access and hours on race day.<br/>Source: <a href="https://maps.google.com/?cid=15757787568568186038&g_mp=Cilnb29nbGUubWFwcy5wbGFjZXMudjEuUGxhY2VzLlNlYXJjaE5lYXJieRACGAQgAA">official / current listing</a>]]></description>
      <styleUrl>#businessBackup</styleUrl>
      <Point><coordinates>-117.2395057,32.8005774,0</coordinates></Point>
    </Placemark>
    <Placemark><name>Vp racing of Long Beach</name>
      <description><![CDATA[Priority 4: Fast-food or branded-gas backup.<br/>Address: 3605 E 7th St, Long Beach, CA 90804, USA<br/>Approximate runner mile: 36.7.<br/>Nearest runner geometry: approximately 0.99 mi straight-line (not a walking detour).<br/>Verification: Google Places business backup (operational); confirm customer restroom access and hours on race day.<br/>Source: <a href="https://maps.google.com/?cid=406657307722546076&g_mp=Cilnb29nbGUubWFwcy5wbGFjZXMudjEuUGxhY2VzLlNlYXJjaE5lYXJieRACGAQgAA">official / current listing</a>]]></description>
      <styleUrl>#businessBackup</styleUrl>
      <Point><coordinates>-118.14992400000001,33.7754871,0</coordinates></Point>
    </Placemark>
    <Placemark><name>WEST CANNON CRT</name>
      <description><![CDATA[Priority 4: Fast-food or branded-gas backup.<br/>Address: 4990 Avenida Encinas, Carlsbad, CA 92008, USA<br/>Approximate runner mile: 87.6.<br/>Nearest runner geometry: approximately 0.31 mi straight-line (not a walking detour).<br/>Verification: Google Places business backup (operational); confirm customer restroom access and hours on race day.<br/>Source: <a href="https://maps.google.com/?cid=10694339080833300702&g_mp=Cilnb29nbGUubWFwcy5wbGFjZXMudjEuUGxhY2VzLlNlYXJjaE5lYXJieRACGAQgAA">official / current listing</a>]]></description>
      <styleUrl>#businessBackup</styleUrl>
      <Point><coordinates>-117.3307584,33.1343619,0</coordinates></Point>
    </Placemark>
    <Placemark><name>WOF042 Newport</name>
      <description><![CDATA[Priority 4: Fast-food or branded-gas backup.<br/>Address: 3401 Newport Blvd, Newport Beach, CA 92663, USA<br/>Approximate runner mile: 54.5.<br/>Nearest runner geometry: approximately 0.25 mi straight-line (not a walking detour).<br/>Verification: Google Places business backup (operational); confirm customer restroom access and hours on race day.<br/>Source: <a href="https://maps.google.com/?cid=11257946235292001659&g_mp=Cilnb29nbGUubWFwcy5wbGFjZXMudjEuUGxhY2VzLlNlYXJjaE5lYXJieRACGAQgAA">official / current listing</a>]]></description>
      <styleUrl>#businessBackup</styleUrl>
      <Point><coordinates>-117.93059819999999,33.6173778,0</coordinates></Point>
    </Placemark>
    <Placemark><name>WS Dodge Oil</name>
      <description><![CDATA[Priority 4: Fast-food or branded-gas backup.<br/>Address: 4539 Cecilia St, Cudahy, CA 90201, USA<br/>Approximate runner mile: 20.8.<br/>Nearest runner geometry: approximately 0.49 mi straight-line (not a walking detour).<br/>Verification: Google Places business backup (operational); confirm customer restroom access and hours on race day.<br/>Source: <a href="https://maps.google.com/?cid=14529933830815901704&g_mp=Cilnb29nbGUubWFwcy5wbGFjZXMudjEuUGxhY2VzLlNlYXJjaE5lYXJieRACGAQgAA">official / current listing</a>]]></description>
      <styleUrl>#businessBackup</styleUrl>
      <Point><coordinates>-118.188172,33.9594125,0</coordinates></Point>
    </Placemark>
    <Placemark><name>WaBa Grill</name>
      <description><![CDATA[Priority 4: Fast-food or branded-gas backup.<br/>Address: 5539 Manchester Ave, Los Angeles, CA 90045, USA<br/>Approximate runner mile: 9.6.<br/>Nearest runner geometry: approximately 0.28 mi straight-line (not a walking detour).<br/>Verification: Google Places business backup (operational); confirm customer restroom access and hours on race day.<br/>Source: <a href="https://maps.google.com/?cid=9457888002966710100&g_mp=Cilnb29nbGUubWFwcy5wbGFjZXMudjEuUGxhY2VzLlNlYXJjaE5lYXJieRACGAQgAA">official / current listing</a>]]></description>
      <styleUrl>#businessBackup</styleUrl>
      <Point><coordinates>-118.3779505,33.960218,0</coordinates></Point>
    </Placemark>
    <Placemark><name>WaBa Grill</name>
      <description><![CDATA[Priority 4: Fast-food or branded-gas backup.<br/>Address: 2647 Santa Ana St, Walnut Park, CA 90255, USA<br/>Approximate runner mile: 18.5.<br/>Nearest runner geometry: approximately 0.60 mi straight-line (not a walking detour).<br/>Verification: Google Places business backup (operational); confirm customer restroom access and hours on race day.<br/>Source: <a href="https://maps.google.com/?cid=15019882397294450830&g_mp=Cilnb29nbGUubWFwcy5wbGFjZXMudjEuUGxhY2VzLlNlYXJjaE5lYXJieRACGAQgAA">official / current listing</a>]]></description>
      <styleUrl>#businessBackup</styleUrl>
      <Point><coordinates>-118.22366009999999,33.9648197,0</coordinates></Point>
    </Placemark>
    <Placemark><name>WaBa Grill</name>
      <description><![CDATA[Priority 4: Fast-food or branded-gas backup.<br/>Address: 4181 Tweedy Blvd Ste 101, South Gate, CA 90280, USA<br/>Approximate runner mile: 20.3.<br/>Nearest runner geometry: approximately 0.66 mi straight-line (not a walking detour).<br/>Verification: Google Places business backup (operational); confirm customer restroom access and hours on race day.<br/>Source: <a href="https://maps.google.com/?cid=17037561079296009178&g_mp=Cilnb29nbGUubWFwcy5wbGFjZXMudjEuUGxhY2VzLlNlYXJjaE5lYXJieRACGAQgAA">official / current listing</a>]]></description>
      <styleUrl>#businessBackup</styleUrl>
      <Point><coordinates>-118.19793000000001,33.943599999999996,0</coordinates></Point>
    </Placemark>
    <Placemark><name>WaBa Grill</name>
      <description><![CDATA[Priority 4: Fast-food or branded-gas backup.<br/>Address: 10840 Garfield Ave #102, South Gate, CA 90280, USA<br/>Approximate runner mile: 22.4.<br/>Nearest runner geometry: approximately 0.89 mi straight-line (not a walking detour).<br/>Verification: Google Places business backup (operational); confirm customer restroom access and hours on race day.<br/>Source: <a href="https://maps.google.com/?cid=2447468049529147076&g_mp=Cilnb29nbGUubWFwcy5wbGFjZXMudjEuUGxhY2VzLlNlYXJjaE5lYXJieRACGAQgAA">official / current listing</a>]]></description>
      <styleUrl>#businessBackup</styleUrl>
      <Point><coordinates>-118.16769000000001,33.93018,0</coordinates></Point>
    </Placemark>
    <Placemark><name>WaBa Grill</name>
      <description><![CDATA[Priority 4: Fast-food or branded-gas backup.<br/>Address: 6191 Atlantic Ave, Long Beach, CA 90805, USA<br/>Approximate runner mile: 27.8.<br/>Nearest runner geometry: approximately 0.39 mi straight-line (not a walking detour).<br/>Verification: Google Places business backup (operational); confirm customer restroom access and hours on race day.<br/>Source: <a href="https://maps.google.com/?cid=922498828421311629&g_mp=Cilnb29nbGUubWFwcy5wbGFjZXMudjEuUGxhY2VzLlNlYXJjaE5lYXJieRACGAQgAA">official / current listing</a>]]></description>
      <styleUrl>#businessBackup</styleUrl>
      <Point><coordinates>-118.18561,33.86711,0</coordinates></Point>
    </Placemark>
    <Placemark><name>WaBa Grill</name>
      <description><![CDATA[Priority 4: Fast-food or branded-gas backup.<br/>Address: 141 E Willow St Ste S, Long Beach, CA 90806, USA<br/>Approximate runner mile: 32.5.<br/>Nearest runner geometry: approximately 0.80 mi straight-line (not a walking detour).<br/>Verification: Google Places business backup (operational); confirm customer restroom access and hours on race day.<br/>Source: <a href="https://maps.google.com/?cid=2686613935587064425&g_mp=Cilnb29nbGUubWFwcy5wbGFjZXMudjEuUGxhY2VzLlNlYXJjaE5lYXJieRACGAQgAA">official / current listing</a>]]></description>
      <styleUrl>#businessBackup</styleUrl>
      <Point><coordinates>-118.19073630000001,33.8055947,0</coordinates></Point>
    </Placemark>
    <Placemark><name>WaBa Grill</name>
      <description><![CDATA[Priority 4: Fast-food or branded-gas backup.<br/>Address: 2162 E Willow St, Signal Hill, CA 90755, USA<br/>Approximate runner mile: 35.7.<br/>Nearest runner geometry: approximately 0.95 mi straight-line (not a walking detour).<br/>Verification: Google Places business backup (operational); confirm customer restroom access and hours on race day.<br/>Source: <a href="https://maps.google.com/?cid=7695472449859724026&g_mp=Cilnb29nbGUubWFwcy5wbGFjZXMudjEuUGxhY2VzLlNlYXJjaE5lYXJieRACGAQgAA">official / current listing</a>]]></description>
      <styleUrl>#businessBackup</styleUrl>
      <Point><coordinates>-118.16630939999997,33.8035156,0</coordinates></Point>
    </Placemark>
    <Placemark><name>Wahoo's Fish Taco</name>
      <description><![CDATA[Priority 4: Fast-food or branded-gas backup.<br/>Address: 120 Main St Unit 201, Huntington Beach, CA 92648, USA<br/>Approximate runner mile: 49.6.<br/>Nearest runner geometry: approximately 0.06 mi straight-line (not a walking detour).<br/>Verification: Google Places business backup (operational); confirm customer restroom access and hours on race day.<br/>Source: <a href="https://maps.google.com/?cid=10883706201112209083&g_mp=Cilnb29nbGUubWFwcy5wbGFjZXMudjEuUGxhY2VzLlNlYXJjaE5lYXJieRACGAQgAA">official / current listing</a>]]></description>
      <styleUrl>#businessBackup</styleUrl>
      <Point><coordinates>-118.00129100000001,33.657689999999995,0</coordinates></Point>
    </Placemark>
    <Placemark><name>Wahoo's Fish Taco</name>
      <description><![CDATA[Priority 4: Fast-food or branded-gas backup.<br/>Address: 401 Newport Center Dr, Newport Beach, CA 92660, USA<br/>Approximate runner mile: 57.5.<br/>Nearest runner geometry: approximately 0.62 mi straight-line (not a walking detour).<br/>Verification: Google Places business backup (operational); confirm customer restroom access and hours on race day.<br/>Source: <a href="https://maps.google.com/?cid=14957038820597318271&g_mp=Cilnb29nbGUubWFwcy5wbGFjZXMudjEuUGxhY2VzLlNlYXJjaE5lYXJieRACGAQgAA">official / current listing</a>]]></description>
      <styleUrl>#businessBackup</styleUrl>
      <Point><coordinates>-117.87464999999999,33.616372999999996,0</coordinates></Point>
    </Placemark>
    <Placemark><name>Wahoo's Fish Taco</name>
      <description><![CDATA[Priority 4: Fast-food or branded-gas backup.<br/>Address: 1133 Pacific Coast Highway, 1133 S Coast Hwy, Laguna Beach, CA 92651, USA<br/>Approximate runner mile: 65.7.<br/>Nearest runner geometry: approximately 0.01 mi straight-line (not a walking detour).<br/>Verification: Google Places business backup (operational); confirm customer restroom access and hours on race day.<br/>Source: <a href="https://maps.google.com/?cid=7193844836989884897&g_mp=Cilnb29nbGUubWFwcy5wbGFjZXMudjEuUGxhY2VzLlNlYXJjaE5lYXJieRACGAQgAA">official / current listing</a>]]></description>
      <styleUrl>#businessBackup</styleUrl>
      <Point><coordinates>-117.7770471,33.533816699999996,0</coordinates></Point>
    </Placemark>
    <Placemark><name>Wahoo's Fish Taco</name>
      <description><![CDATA[Priority 4: Fast-food or branded-gas backup.<br/>Address: 641 Camino De Los Mares a100, San Clemente, CA 92673, USA<br/>Approximate runner mile: 75.4.<br/>Nearest runner geometry: approximately 0.72 mi straight-line (not a walking detour).<br/>Verification: Google Places business backup (operational); confirm customer restroom access and hours on race day.<br/>Source: <a href="https://maps.google.com/?cid=14467571080375005239&g_mp=Cilnb29nbGUubWFwcy5wbGFjZXMudjEuUGxhY2VzLlNlYXJjaE5lYXJieRACGAQgAA">official / current listing</a>]]></description>
      <styleUrl>#businessBackup</styleUrl>
      <Point><coordinates>-117.65084069999999,33.458953799999996,0</coordinates></Point>
    </Placemark>
    <Placemark><name>Wendy's</name>
      <description><![CDATA[Priority 4: Fast-food or branded-gas backup.<br/>Address: 1340 Lincoln Blvd, Santa Monica, CA 90401, USA<br/>Approximate runner mile: 0.1.<br/>Nearest runner geometry: approximately 0.61 mi straight-line (not a walking detour).<br/>Verification: Google Places business backup (operational); confirm customer restroom access and hours on race day.<br/>Source: <a href="https://maps.google.com/?cid=2484559963495373736&g_mp=Cilnb29nbGUubWFwcy5wbGFjZXMudjEuUGxhY2VzLlNlYXJjaE5lYXJieRACGAQgAA">official / current listing</a>]]></description>
      <styleUrl>#businessBackup</styleUrl>
      <Point><coordinates>-118.4921528,34.01986230000001,0</coordinates></Point>
    </Placemark>
    <Placemark><name>Wendy's</name>
      <description><![CDATA[Priority 4: Fast-food or branded-gas backup.<br/>Address: 7360 S La Tijera Blvd, Los Angeles, CA 90045, USA<br/>Approximate runner mile: 9.0.<br/>Nearest runner geometry: approximately 0.28 mi straight-line (not a walking detour).<br/>Verification: Google Places business backup (operational); confirm customer restroom access and hours on race day.<br/>Source: <a href="https://maps.google.com/?cid=4680919410808104360&g_mp=Cilnb29nbGUubWFwcy5wbGFjZXMudjEuUGxhY2VzLlNlYXJjaE5lYXJieRACGAQgAA">official / current listing</a>]]></description>
      <styleUrl>#businessBackup</styleUrl>
      <Point><coordinates>-118.37814709999999,33.9712107,0</coordinates></Point>
    </Placemark>
    <Placemark><name>Wendy's</name>
      <description><![CDATA[Priority 4: Fast-food or branded-gas backup.<br/>Address: 3297 Tweedy Blvd, South Gate, CA 90280, USA<br/>Approximate runner mile: 19.5.<br/>Nearest runner geometry: approximately 0.65 mi straight-line (not a walking detour).<br/>Verification: Google Places business backup (operational); confirm customer restroom access and hours on race day.<br/>Source: <a href="https://maps.google.com/?cid=6950305182501058803&g_mp=Cilnb29nbGUubWFwcy5wbGFjZXMudjEuUGxhY2VzLlNlYXJjaE5lYXJieRACGAQgAA">official / current listing</a>]]></description>
      <styleUrl>#businessBackup</styleUrl>
      <Point><coordinates>-118.21204560000001,33.945139999999995,0</coordinates></Point>
    </Placemark>
    <Placemark><name>Wendy's</name>
      <description><![CDATA[Priority 4: Fast-food or branded-gas backup.<br/>Address: 6620 Atlantic Ave, Long Beach, CA 90805, USA<br/>Approximate runner mile: 27.4.<br/>Nearest runner geometry: approximately 0.20 mi straight-line (not a walking detour).<br/>Verification: Google Places business backup (operational); confirm customer restroom access and hours on race day.<br/>Source: <a href="https://maps.google.com/?cid=1816640067176864963&g_mp=Cilnb29nbGUubWFwcy5wbGFjZXMudjEuUGxhY2VzLlNlYXJjaE5lYXJieRACGAQgAA">official / current listing</a>]]></description>
      <styleUrl>#businessBackup</styleUrl>
      <Point><coordinates>-118.18578339999999,33.875030699999996,0</coordinates></Point>
    </Placemark>
    <Placemark><name>Wendy's</name>
      <description><![CDATA[Priority 4: Fast-food or branded-gas backup.<br/>Address: 1002 Mission Ave, Oceanside, CA 92054, USA<br/>Approximate runner mile: 82.3.<br/>Nearest runner geometry: approximately 0.28 mi straight-line (not a walking detour).<br/>Verification: Google Places business backup (operational); confirm customer restroom access and hours on race day.<br/>Source: <a href="https://maps.google.com/?cid=16854051136449088731&g_mp=Cilnb29nbGUubWFwcy5wbGFjZXMudjEuUGxhY2VzLlNlYXJjaE5lYXJieRACGAQgAA">official / current listing</a>]]></description>
      <styleUrl>#businessBackup</styleUrl>
      <Point><coordinates>-117.37581879999999,33.198506,0</coordinates></Point>
    </Placemark>
    <Placemark><name>Wendy's</name>
      <description><![CDATA[Priority 4: Fast-food or branded-gas backup.<br/>Address: 102 Encinitas Blvd, Encinitas, CA 92024, USA<br/>Approximate runner mile: 93.9.<br/>Nearest runner geometry: approximately 0.26 mi straight-line (not a walking detour).<br/>Verification: Google Places business backup (operational); confirm customer restroom access and hours on race day.<br/>Source: <a href="https://maps.google.com/?cid=6331251992934823429&g_mp=Cilnb29nbGUubWFwcy5wbGFjZXMudjEuUGxhY2VzLlNlYXJjaE5lYXJieRACGAQgAA">official / current listing</a>]]></description>
      <styleUrl>#businessBackup</styleUrl>
      <Point><coordinates>-117.28962250000001,33.0489627,0</coordinates></Point>
    </Placemark>
    <Placemark><name>Wendy's</name>
      <description><![CDATA[Priority 4: Fast-food or branded-gas backup.<br/>Address: 1621 Grand Ave, San Diego, CA 92109, USA<br/>Approximate runner mile: 115.1.<br/>Nearest runner geometry: approximately 0.15 mi straight-line (not a walking detour).<br/>Verification: Google Places business backup (operational); confirm customer restroom access and hours on race day.<br/>Source: <a href="https://maps.google.com/?cid=16036282715421050369&g_mp=Cilnb29nbGUubWFwcy5wbGFjZXMudjEuUGxhY2VzLlNlYXJjaE5lYXJieRACGAQgAA">official / current listing</a>]]></description>
      <styleUrl>#businessBackup</styleUrl>
      <Point><coordinates>-117.2397222,32.7977333,0</coordinates></Point>
    </Placemark>
    <Placemark><name>WestMart</name>
      <description><![CDATA[Priority 4: Fast-food or branded-gas backup.<br/>Address: 4990 Avenida Encinas, Carlsbad, CA 92008, USA<br/>Approximate runner mile: 87.6.<br/>Nearest runner geometry: approximately 0.30 mi straight-line (not a walking detour).<br/>Verification: Google Places business backup (operational); confirm customer restroom access and hours on race day.<br/>Source: <a href="https://maps.google.com/?cid=11161409865671114746&g_mp=Cilnb29nbGUubWFwcy5wbGFjZXMudjEuUGxhY2VzLlNlYXJjaE5lYXJieRACGAQgAA">official / current listing</a>]]></description>
      <styleUrl>#businessBackup</styleUrl>
      <Point><coordinates>-117.3308199,33.1343671,0</coordinates></Point>
    </Placemark>
    <Placemark><name>Wetzel's Pretzels</name>
      <description><![CDATA[Priority 4: Fast-food or branded-gas backup.<br/>Address: 380 Santa Monica Pier Ste 8, Santa Monica, CA 90401, USA<br/>Approximate runner mile: 0.0.<br/>Nearest runner geometry: approximately 0.13 mi straight-line (not a walking detour).<br/>Verification: Google Places business backup (operational); confirm customer restroom access and hours on race day.<br/>Source: <a href="https://maps.google.com/?cid=17577884278815706723&g_mp=Cilnb29nbGUubWFwcy5wbGFjZXMudjEuUGxhY2VzLlNlYXJjaE5lYXJieRACGAQgAA">official / current listing</a>]]></description>
      <styleUrl>#businessBackup</styleUrl>
      <Point><coordinates>-118.49793869999998,34.008523,0</coordinates></Point>
    </Placemark>
    <Placemark><name>Wetzel's Pretzels</name>
      <description><![CDATA[Priority 4: Fast-food or branded-gas backup.<br/>Address: 6000 Sepulveda Blvd #9000, Los Angeles, CA 90066, USA<br/>Approximate runner mile: 7.2.<br/>Nearest runner geometry: approximately 0.33 mi straight-line (not a walking detour).<br/>Verification: Google Places business backup (operational); confirm customer restroom access and hours on race day.<br/>Source: <a href="https://maps.google.com/?cid=8294752930862228752&g_mp=Cilnb29nbGUubWFwcy5wbGFjZXMudjEuUGxhY2VzLlNlYXJjaE5lYXJieRACGAQgAA">official / current listing</a>]]></description>
      <styleUrl>#businessBackup</styleUrl>
      <Point><coordinates>-118.39409899999998,33.986503500000005,0</coordinates></Point>
    </Placemark>
    <Placemark><name>Wetzel's Pretzels</name>
      <description><![CDATA[Priority 4: Fast-food or branded-gas backup.<br/>Address: 6000 Sepulveda Blvd #9014, Culver City, CA 90230, USA<br/>Approximate runner mile: 7.3.<br/>Nearest runner geometry: approximately 0.30 mi straight-line (not a walking detour).<br/>Verification: Google Places business backup (operational); confirm customer restroom access and hours on race day.<br/>Source: <a href="https://maps.google.com/?cid=13868839938521808118&g_mp=Cilnb29nbGUubWFwcy5wbGFjZXMudjEuUGxhY2VzLlNlYXJjaE5lYXJieRACGAQgAA">official / current listing</a>]]></description>
      <styleUrl>#businessBackup</styleUrl>
      <Point><coordinates>-118.39331759999999,33.9854311,0</coordinates></Point>
    </Placemark>
    <Placemark><name>Wetzel's Pretzels</name>
      <description><![CDATA[Priority 4: Fast-food or branded-gas backup.<br/>Address: 4635 Firestone Blvd, South Gate, CA 90280, USA<br/>Approximate runner mile: 21.0.<br/>Nearest runner geometry: approximately 0.04 mi straight-line (not a walking detour).<br/>Verification: Google Places business backup (operational); confirm customer restroom access and hours on race day.<br/>Source: <a href="https://maps.google.com/?cid=3877296126718048575&g_mp=Cilnb29nbGUubWFwcy5wbGFjZXMudjEuUGxhY2VzLlNlYXJjaE5lYXJieRACGAQgAA">official / current listing</a>]]></description>
      <styleUrl>#businessBackup</styleUrl>
      <Point><coordinates>-118.1849018,33.9525718,0</coordinates></Point>
    </Placemark>
    <Placemark><name>Wetzel's Pretzels</name>
      <description><![CDATA[Priority 4: Fast-food or branded-gas backup.<br/>Address: 5620 Paseo Del Norte C122, Carlsbad, CA 92008, USA<br/>Approximate runner mile: 88.3.<br/>Nearest runner geometry: approximately 0.45 mi straight-line (not a walking detour).<br/>Verification: Google Places business backup (operational); confirm customer restroom access and hours on race day.<br/>Source: <a href="https://maps.google.com/?cid=13039707745120779414&g_mp=Cilnb29nbGUubWFwcy5wbGFjZXMudjEuUGxhY2VzLlNlYXJjaE5lYXJieRACGAQgAA">official / current listing</a>]]></description>
      <styleUrl>#businessBackup</styleUrl>
      <Point><coordinates>-117.32031719999998,33.125202,0</coordinates></Point>
    </Placemark>
    <Placemark><name>Wetzel's Pretzels</name>
      <description><![CDATA[Priority 4: Fast-food or branded-gas backup.<br/>Address: 5620 Paseo Del Norte #14, Carlsbad, CA 92008, USA<br/>Approximate runner mile: 88.6.<br/>Nearest runner geometry: approximately 0.55 mi straight-line (not a walking detour).<br/>Verification: Google Places business backup (operational); confirm customer restroom access and hours on race day.<br/>Source: <a href="https://maps.google.com/?cid=8124289439810363439&g_mp=Cilnb29nbGUubWFwcy5wbGFjZXMudjEuUGxhY2VzLlNlYXJjaE5lYXJieRACGAQgAA">official / current listing</a>]]></description>
      <styleUrl>#businessBackup</styleUrl>
      <Point><coordinates>-117.3176502,33.1229721,0</coordinates></Point>
    </Placemark>
    <Placemark><name>Wienerschnitzel</name>
      <description><![CDATA[Priority 4: Fast-food or branded-gas backup.<br/>Address: 3328 Firestone Blvd #4850, South Gate, CA 90280, USA<br/>Approximate runner mile: 19.5.<br/>Nearest runner geometry: approximately 0.01 mi straight-line (not a walking detour).<br/>Verification: Google Places business backup (operational); confirm customer restroom access and hours on race day.<br/>Source: <a href="https://maps.google.com/?cid=6006781778969795496&g_mp=Cilnb29nbGUubWFwcy5wbGFjZXMudjEuUGxhY2VzLlNlYXJjaE5lYXJieRACGAQgAA">official / current listing</a>]]></description>
      <styleUrl>#businessBackup</styleUrl>
      <Point><coordinates>-118.21009199999999,33.954412,0</coordinates></Point>
    </Placemark>
    <Placemark><name>Wienerschnitzel</name>
      <description><![CDATA[Priority 4: Fast-food or branded-gas backup.<br/>Address: 5141 E Imperial Hwy, Lynwood, CA 90262, USA<br/>Approximate runner mile: 22.6.<br/>Nearest runner geometry: approximately 0.08 mi straight-line (not a walking detour).<br/>Verification: Google Places business backup (operational); confirm customer restroom access and hours on race day.<br/>Source: <a href="https://maps.google.com/?cid=1555401699356800480&g_mp=Cilnb29nbGUubWFwcy5wbGFjZXMudjEuUGxhY2VzLlNlYXJjaE5lYXJieRACGAQgAA">official / current listing</a>]]></description>
      <styleUrl>#businessBackup</styleUrl>
      <Point><coordinates>-118.18202090000001,33.9310657,0</coordinates></Point>
    </Placemark>
    <Placemark><name>Wienerschnitzel</name>
      <description><![CDATA[Priority 4: Fast-food or branded-gas backup.<br/>Address: 101 W Willow St, Long Beach, CA 90806, USA<br/>Approximate runner mile: 32.6.<br/>Nearest runner geometry: approximately 0.67 mi straight-line (not a walking detour).<br/>Verification: Google Places business backup (operational); confirm customer restroom access and hours on race day.<br/>Source: <a href="https://maps.google.com/?cid=12121336538381934951&g_mp=Cilnb29nbGUubWFwcy5wbGFjZXMudjEuUGxhY2VzLlNlYXJjaE5lYXJieRACGAQgAA">official / current listing</a>]]></description>
      <styleUrl>#businessBackup</styleUrl>
      <Point><coordinates>-118.19294690000001,33.8045718,0</coordinates></Point>
    </Placemark>
    <Placemark><name>Wienerschnitzel</name>
      <description><![CDATA[Priority 4: Fast-food or branded-gas backup.<br/>Address: 624 N Coast Hwy, Oceanside, CA 92054, USA<br/>Approximate runner mile: 82.0.<br/>Nearest runner geometry: approximately 0.02 mi straight-line (not a walking detour).<br/>Verification: Google Places business backup (operational); confirm customer restroom access and hours on race day.<br/>Source: <a href="https://maps.google.com/?cid=11244892002005016192&g_mp=Cilnb29nbGUubWFwcy5wbGFjZXMudjEuUGxhY2VzLlNlYXJjaE5lYXJieRACGAQgAA">official / current listing</a>]]></description>
      <styleUrl>#businessBackup</styleUrl>
      <Point><coordinates>-117.382875,33.2001694,0</coordinates></Point>
    </Placemark>
    <Placemark><name>World Oil</name>
      <description><![CDATA[Priority 4: Fast-food or branded-gas backup.<br/>Address: 1801 Lincoln Blvd, Santa Monica, CA 90404, USA<br/>Approximate runner mile: 0.6.<br/>Nearest runner geometry: approximately 0.52 mi straight-line (not a walking detour).<br/>Verification: Google Places business backup (closed temporarily); confirm customer restroom access and hours on race day.<br/>Source: <a href="https://maps.google.com/?cid=11281405382028330129&g_mp=Cilnb29nbGUubWFwcy5wbGFjZXMudjEuUGxhY2VzLlNlYXJjaE5lYXJieRACGAQgAA">official / current listing</a>]]></description>
      <styleUrl>#businessBackup</styleUrl>
      <Point><coordinates>-118.4842522,34.0139022,0</coordinates></Point>
    </Placemark>
    <Placemark><name>World Oil</name>
      <description><![CDATA[Priority 4: Fast-food or branded-gas backup.<br/>Address: 3401 Newport Blvd, Newport Beach, CA 92663, USA<br/>Approximate runner mile: 54.5.<br/>Nearest runner geometry: approximately 0.24 mi straight-line (not a walking detour).<br/>Verification: Google Places business backup (operational); confirm customer restroom access and hours on race day.<br/>Source: <a href="https://maps.google.com/?cid=1270084351958405409&g_mp=Cilnb29nbGUubWFwcy5wbGFjZXMudjEuUGxhY2VzLlNlYXJjaE5lYXJieRACGAQgAA">official / current listing</a>]]></description>
      <styleUrl>#businessBackup</styleUrl>
      <Point><coordinates>-117.93056389999998,33.617497,0</coordinates></Point>
    </Placemark>
    <Placemark><name>Xtra Fuel</name>
      <description><![CDATA[Priority 4: Fast-food or branded-gas backup.<br/>Address: 1945 Pacific Coast Hwy, Long Beach, CA 90806, USA<br/>Approximate runner mile: 35.6.<br/>Nearest runner geometry: approximately 0.03 mi straight-line (not a walking detour).<br/>Verification: Google Places business backup (operational); confirm customer restroom access and hours on race day.<br/>Source: <a href="https://maps.google.com/?cid=14254886902940017824&g_mp=Cilnb29nbGUubWFwcy5wbGFjZXMudjEuUGxhY2VzLlNlYXJjaE5lYXJieRACGAQgAA">official / current listing</a>]]></description>
      <styleUrl>#businessBackup</styleUrl>
      <Point><coordinates>-118.16798329999999,33.7901866,0</coordinates></Point>
    </Placemark>
    <Placemark><name>Yoshinoya</name>
      <description><![CDATA[Priority 4: Fast-food or branded-gas backup.<br/>Address: 5495-H Sepulveda Blvd, Culver City, CA 90230, USA<br/>Approximate runner mile: 6.8.<br/>Nearest runner geometry: approximately 0.55 mi straight-line (not a walking detour).<br/>Verification: Google Places business backup (operational); confirm customer restroom access and hours on race day.<br/>Source: <a href="https://maps.google.com/?cid=7325282556700401584&g_mp=Cilnb29nbGUubWFwcy5wbGFjZXMudjEuUGxhY2VzLlNlYXJjaE5lYXJieRACGAQgAA">official / current listing</a>]]></description>
      <styleUrl>#businessBackup</styleUrl>
      <Point><coordinates>-118.3960429,33.9931316,0</coordinates></Point>
    </Placemark>
    <Placemark><name>Yoshinoya</name>
      <description><![CDATA[Priority 4: Fast-food or branded-gas backup.<br/>Address: 5656 W Manchester Ave, Westchester, CA 90045, USA<br/>Approximate runner mile: 9.6.<br/>Nearest runner geometry: approximately 0.40 mi straight-line (not a walking detour).<br/>Verification: Google Places business backup (operational); confirm customer restroom access and hours on race day.<br/>Source: <a href="https://maps.google.com/?cid=15359247859075391373&g_mp=Cilnb29nbGUubWFwcy5wbGFjZXMudjEuUGxhY2VzLlNlYXJjaE5lYXJieRACGAQgAA">official / current listing</a>]]></description>
      <styleUrl>#businessBackup</styleUrl>
      <Point><coordinates>-118.38039189999999,33.9596539,0</coordinates></Point>
    </Placemark>
    <Placemark><name>Yoshinoya</name>
      <description><![CDATA[Priority 4: Fast-food or branded-gas backup.<br/>Address: 3506 Tweedy Blvd, South Gate, CA 90280, USA<br/>Approximate runner mile: 19.7.<br/>Nearest runner geometry: approximately 0.71 mi straight-line (not a walking detour).<br/>Verification: Google Places business backup (operational); confirm customer restroom access and hours on race day.<br/>Source: <a href="https://maps.google.com/?cid=15554590371141627727&g_mp=Cilnb29nbGUubWFwcy5wbGFjZXMudjEuUGxhY2VzLlNlYXJjaE5lYXJieRACGAQgAA">official / current listing</a>]]></description>
      <styleUrl>#businessBackup</styleUrl>
      <Point><coordinates>-118.20734119999999,33.943896,0</coordinates></Point>
    </Placemark>
    <Placemark><name>Yoshinoya</name>
      <description><![CDATA[Priority 4: Fast-food or branded-gas backup.<br/>Address: 1821 N Long Beach Blvd, Compton, CA 90221, USA<br/>Approximate runner mile: 24.5.<br/>Nearest runner geometry: approximately 0.89 mi straight-line (not a walking detour).<br/>Verification: Google Places business backup (operational); confirm customer restroom access and hours on race day.<br/>Source: <a href="https://maps.google.com/?cid=18402067691749103176&g_mp=Cilnb29nbGUubWFwcy5wbGFjZXMudjEuUGxhY2VzLlNlYXJjaE5lYXJieRACGAQgAA">official / current listing</a>]]></description>
      <styleUrl>#businessBackup</styleUrl>
      <Point><coordinates>-118.20913399999999,33.90851970000001,0</coordinates></Point>
    </Placemark>
    <Placemark><name>Zogos Burgers</name>
      <description><![CDATA[Priority 4: Fast-food or branded-gas backup.<br/>Address: 3265 Tweedy Blvd, South Gate, CA 90280, USA<br/>Approximate runner mile: 19.4.<br/>Nearest runner geometry: approximately 0.64 mi straight-line (not a walking detour).<br/>Verification: Google Places business backup (operational); confirm customer restroom access and hours on race day.<br/>Source: <a href="https://maps.google.com/?cid=14522044530240475650&g_mp=Cilnb29nbGUubWFwcy5wbGFjZXMudjEuUGxhY2VzLlNlYXJjaE5lYXJieRACGAQgAA">official / current listing</a>]]></description>
      <styleUrl>#businessBackup</styleUrl>
      <Point><coordinates>-118.21314220000001,33.9454286,0</coordinates></Point>
    </Placemark>
    <Placemark><name>Zzang Hot Dog &amp; Chicken</name>
      <description><![CDATA[Priority 4: Fast-food or branded-gas backup.<br/>Address: 409 Mission Ave, Oceanside, CA 92054, USA<br/>Approximate runner mile: 82.3.<br/>Nearest runner geometry: approximately 0.02 mi straight-line (not a walking detour).<br/>Verification: Google Places business backup (operational); confirm customer restroom access and hours on race day.<br/>Source: <a href="https://maps.google.com/?cid=15025780945075432172&g_mp=Cilnb29nbGUubWFwcy5wbGFjZXMudjEuUGxhY2VzLlNlYXJjaE5lYXJieRACGAQgAA">official / current listing</a>]]></description>
      <styleUrl>#businessBackup</styleUrl>
      <Point><coordinates>-117.37980989999998,33.1954954,0</coordinates></Point>
    </Placemark>
    <Placemark><name>ampm</name>
      <description><![CDATA[Priority 4: Fast-food or branded-gas backup.<br/>Address: 5731 Firestone Blvd, South Gate, CA 90280, USA<br/>Approximate runner mile: 21.5.<br/>Nearest runner geometry: approximately 0.93 mi straight-line (not a walking detour).<br/>Verification: Google Places business backup (operational); confirm customer restroom access and hours on race day.<br/>Source: <a href="https://maps.google.com/?cid=2459636821345385307&g_mp=Cilnb29nbGUubWFwcy5wbGFjZXMudjEuUGxhY2VzLlNlYXJjaE5lYXJieRACGAQgAA">official / current listing</a>]]></description>
      <styleUrl>#businessBackup</styleUrl>
      <Point><coordinates>-118.16557569999999,33.949812099999995,0</coordinates></Point>
    </Placemark>
    <Placemark><name>eegee’s</name>
      <description><![CDATA[Priority 4: Fast-food or branded-gas backup.<br/>Address: 370 Santa Monica Pier Suite 33, Santa Monica, CA 90401, USA<br/>Approximate runner mile: 0.0.<br/>Nearest runner geometry: approximately 0.11 mi straight-line (not a walking detour).<br/>Verification: Google Places business backup (operational); confirm customer restroom access and hours on race day.<br/>Source: <a href="https://maps.google.com/?cid=13018142473402888761&g_mp=Cilnb29nbGUubWFwcy5wbGFjZXMudjEuUGxhY2VzLlNlYXJjaE5lYXJieRACGAQgAA">official / current listing</a>]]></description>
      <styleUrl>#businessBackup</styleUrl>
      <Point><coordinates>-118.49789179999999,34.008839699999996,0</coordinates></Point>
    </Placemark>
    <Placemark><name>mexican tortas, hot dogs, tacos y mas</name>
      <description><![CDATA[Priority 4: Fast-food or branded-gas backup.<br/>Address: 9940 Long Beach Blvd, Lynwood, CA 90262, USA<br/>Approximate runner mile: 19.3.<br/>Nearest runner geometry: approximately 0.68 mi straight-line (not a walking detour).<br/>Verification: Google Places business backup (operational); confirm customer restroom access and hours on race day.<br/>Source: <a href="https://maps.google.com/?cid=16609582903192063767&g_mp=Cilnb29nbGUubWFwcy5wbGFjZXMudjEuUGxhY2VzLlNlYXJjaE5lYXJieRACGAQgAA">official / current listing</a>]]></description>
      <styleUrl>#businessBackup</styleUrl>
      <Point><coordinates>-118.21485869999998,33.9450652,0</coordinates></Point>
    </Placemark>
  </Folder></Document></kml>
